asset_id,asset_type,domain,metric,value,value_text,unit,data_as_of,retrieved_at,source,source_priority,confidence_pct,data_quality_pct,calculation_method,source_url
ADA,crypto,fundamental,fdv_mcap_ratio,1.2,,ratio,2026-09-03,2026-09-03T11:40:58Z,CoinGecko,2,,80,engine/crypto/README.md,
ADA,crypto,fundamental,fdv_mcap_ratio,1.2,,ratio,2026-09-04,2026-09-04T10:11:47Z,CoinGecko,2,,80,engine/crypto/README.md,
ADA,crypto,fundamental,market_cap_percentile_365d,6.7,,%,2026-09-03,2026-09-03T11:40:58Z,CoinGecko,2,,80,engine/crypto/README.md,
ADA,crypto,fundamental,market_cap_percentile_365d,10.0,,%,2026-09-04,2026-09-04T10:11:47Z,CoinGecko,2,,80,engine/crypto/README.md,
ADA,crypto,fundamental,supply_pct_of_max,83.3,,%,2026-09-03,2026-09-03T11:40:58Z,CoinGecko,2,,80,engine/crypto/README.md,
ADA,crypto,fundamental,supply_pct_of_max,83.3,,%,2026-09-04,2026-09-04T10:11:47Z,CoinGecko,2,,80,engine/crypto/README.md,
ADA,crypto,fundamental,tvl_percentile_365d,0.8,,%,2026-01-01,2026-09-04T14:24:27Z,DefiLlama,2,,,engine/crypto/README.md,
ADA,crypto,fundamental,tvl_percentile_365d,2.6,,%,2026-01-02,2026-09-04T14:24:27Z,DefiLlama,2,,,engine/crypto/README.md,
ADA,crypto,fundamental,tvl_percentile_365d,5.5,,%,2026-01-03,2026-09-04T14:24:27Z,DefiLlama,2,,,engine/crypto/README.md,
ADA,crypto,fundamental,tvl_percentile_365d,5.3,,%,2026-01-04,2026-09-04T14:24:27Z,DefiLlama,2,,,engine/crypto/README.md,
ADA,crypto,fundamental,tvl_percentile_365d,6.2,,%,2026-01-05,2026-09-04T14:24:27Z,DefiLlama,2,,,engine/crypto/README.md,
ADA,crypto,fundamental,tvl_percentile_365d,7.3,,%,2026-01-06,2026-09-04T14:24:27Z,DefiLlama,2,,,engine/crypto/README.md,
ADA,crypto,fundamental,tvl_percentile_365d,6.5,,%,2026-01-07,2026-09-04T14:24:27Z,DefiLlama,2,,,engine/crypto/README.md,
ADA,crypto,fundamental,tvl_percentile_365d,4.7,,%,2026-01-08,2026-09-04T14:24:27Z,DefiLlama,2,,,engine/crypto/README.md,
ADA,crypto,fundamental,tvl_percentile_365d,4.0,,%,2026-01-09,2026-09-04T14:24:27Z,DefiLlama,2,,,engine/crypto/README.md,
ADA,crypto,fundamental,tvl_percentile_365d,3.7,,%,2026-01-10,2026-09-04T14:24:27Z,DefiLlama,2,,,engine/crypto/README.md,
ADA,crypto,fundamental,tvl_percentile_365d,3.5,,%,2026-01-11,2026-09-04T14:24:27Z,DefiLlama,2,,,engine/crypto/README.md,
ADA,crypto,fundamental,tvl_percentile_365d,3.7,,%,2026-01-12,2026-09-04T14:24:27Z,DefiLlama,2,,,engine/crypto/README.md,
ADA,crypto,fundamental,tvl_percentile_365d,2.9,,%,2026-01-13,2026-09-04T14:24:27Z,DefiLlama,2,,,engine/crypto/README.md,
ADA,crypto,fundamental,tvl_percentile_365d,5.8,,%,2026-01-14,2026-09-04T14:24:27Z,DefiLlama,2,,,engine/crypto/README.md,
ADA,crypto,fundamental,tvl_percentile_365d,5.4,,%,2026-01-15,2026-09-04T14:24:27Z,DefiLlama,2,,,engine/crypto/README.md,
ADA,crypto,fundamental,tvl_percentile_365d,3.6,,%,2026-01-16,2026-09-04T14:24:27Z,DefiLlama,2,,,engine/crypto/README.md,
ADA,crypto,fundamental,tvl_percentile_365d,3.9,,%,2026-01-17,2026-09-04T14:24:27Z,DefiLlama,2,,,engine/crypto/README.md,
ADA,crypto,fundamental,tvl_percentile_365d,3.9,,%,2026-01-18,2026-09-04T14:24:27Z,DefiLlama,2,,,engine/crypto/README.md,
ADA,crypto,fundamental,tvl_percentile_365d,0.4,,%,2026-01-19,2026-09-04T14:24:27Z,DefiLlama,2,,,engine/crypto/README.md,
ADA,crypto,fundamental,tvl_percentile_365d,1.5,,%,2026-01-20,2026-09-04T14:24:27Z,DefiLlama,2,,,engine/crypto/README.md,
ADA,crypto,fundamental,tvl_percentile_365d,0.0,,%,2026-01-21,2026-09-04T14:24:27Z,DefiLlama,2,,,engine/crypto/README.md,
ADA,crypto,fundamental,tvl_percentile_365d,0.7,,%,2026-01-22,2026-09-04T14:24:27Z,DefiLlama,2,,,engine/crypto/README.md,
ADA,crypto,fundamental,tvl_percentile_365d,0.0,,%,2026-01-23,2026-09-04T14:24:27Z,DefiLlama,2,,,engine/crypto/README.md,
ADA,crypto,fundamental,tvl_percentile_365d,0.0,,%,2026-01-24,2026-09-04T14:24:27Z,DefiLlama,2,,,engine/crypto/README.md,
ADA,crypto,fundamental,tvl_percentile_365d,0.6,,%,2026-01-25,2026-09-04T14:24:27Z,DefiLlama,2,,,engine/crypto/README.md,
ADA,crypto,fundamental,tvl_percentile_365d,0.0,,%,2026-01-26,2026-09-04T14:24:27Z,DefiLlama,2,,,engine/crypto/README.md,
ADA,crypto,fundamental,tvl_percentile_365d,0.8,,%,2026-01-27,2026-09-04T14:24:27Z,DefiLlama,2,,,engine/crypto/README.md,
ADA,crypto,fundamental,tvl_percentile_365d,1.0,,%,2026-01-28,2026-09-04T14:24:27Z,DefiLlama,2,,,engine/crypto/README.md,
ADA,crypto,fundamental,tvl_percentile_365d,0.9,,%,2026-01-29,2026-09-04T14:24:27Z,DefiLlama,2,,,engine/crypto/README.md,
ADA,crypto,fundamental,tvl_percentile_365d,0.0,,%,2026-01-30,2026-09-04T14:24:27Z,DefiLlama,2,,,engine/crypto/README.md,
ADA,crypto,fundamental,tvl_percentile_365d,0.0,,%,2026-01-31,2026-09-04T14:24:27Z,DefiLlama,2,,,engine/crypto/README.md,
ADA,crypto,fundamental,tvl_percentile_365d,0.0,,%,2026-02-01,2026-09-04T14:24:27Z,DefiLlama,2,,,engine/crypto/README.md,
ADA,crypto,fundamental,tvl_percentile_365d,0.0,,%,2026-02-02,2026-09-04T14:24:27Z,DefiLlama,2,,,engine/crypto/README.md,
ADA,crypto,fundamental,tvl_percentile_365d,1.0,,%,2026-02-03,2026-09-04T14:24:27Z,DefiLlama,2,,,engine/crypto/README.md,
ADA,crypto,fundamental,tvl_percentile_365d,0.8,,%,2026-02-04,2026-09-04T14:24:27Z,DefiLlama,2,,,engine/crypto/README.md,
ADA,crypto,fundamental,tvl_percentile_365d,0.2,,%,2026-02-05,2026-09-04T14:24:27Z,DefiLlama,2,,,engine/crypto/README.md,
ADA,crypto,fundamental,tvl_percentile_365d,0.0,,%,2026-02-06,2026-09-04T14:24:27Z,DefiLlama,2,,,engine/crypto/README.md,
ADA,crypto,fundamental,tvl_percentile_365d,3.5,,%,2026-02-07,2026-09-04T14:24:27Z,DefiLlama,2,,,engine/crypto/README.md,
ADA,crypto,fundamental,tvl_percentile_365d,3.2,,%,2026-02-08,2026-09-04T14:24:27Z,DefiLlama,2,,,engine/crypto/README.md,
ADA,crypto,fundamental,tvl_percentile_365d,3.2,,%,2026-02-09,2026-09-04T14:24:27Z,DefiLlama,2,,,engine/crypto/README.md,
ADA,crypto,fundamental,tvl_percentile_365d,3.1,,%,2026-02-10,2026-09-04T14:24:27Z,DefiLlama,2,,,engine/crypto/README.md,
ADA,crypto,fundamental,tvl_percentile_365d,2.3,,%,2026-02-11,2026-09-04T14:24:27Z,DefiLlama,2,,,engine/crypto/README.md,
ADA,crypto,fundamental,tvl_percentile_365d,1.8,,%,2026-02-12,2026-09-04T14:24:27Z,DefiLlama,2,,,engine/crypto/README.md,
ADA,crypto,fundamental,tvl_percentile_365d,2.3,,%,2026-02-13,2026-09-04T14:24:27Z,DefiLlama,2,,,engine/crypto/README.md,
ADA,crypto,fundamental,tvl_percentile_365d,3.4,,%,2026-02-14,2026-09-04T14:24:27Z,DefiLlama,2,,,engine/crypto/README.md,
ADA,crypto,fundamental,tvl_percentile_365d,5.3,,%,2026-02-15,2026-09-04T14:24:27Z,DefiLlama,2,,,engine/crypto/README.md,
ADA,crypto,fundamental,tvl_percentile_365d,4.2,,%,2026-02-16,2026-09-04T14:24:27Z,DefiLlama,2,,,engine/crypto/README.md,
ADA,crypto,fundamental,tvl_percentile_365d,4.4,,%,2026-02-17,2026-09-04T14:24:27Z,DefiLlama,2,,,engine/crypto/README.md,
ADA,crypto,fundamental,tvl_percentile_365d,4.0,,%,2026-02-18,2026-09-04T14:24:27Z,DefiLlama,2,,,engine/crypto/README.md,
ADA,crypto,fundamental,tvl_percentile_365d,3.7,,%,2026-02-19,2026-09-04T14:24:27Z,DefiLlama,2,,,engine/crypto/README.md,
ADA,crypto,fundamental,tvl_percentile_365d,3.9,,%,2026-02-20,2026-09-04T14:24:27Z,DefiLlama,2,,,engine/crypto/README.md,
ADA,crypto,fundamental,tvl_percentile_365d,4.5,,%,2026-02-21,2026-09-04T14:24:27Z,DefiLlama,2,,,engine/crypto/README.md,
ADA,crypto,fundamental,tvl_percentile_365d,4.0,,%,2026-02-22,2026-09-04T14:24:27Z,DefiLlama,2,,,engine/crypto/README.md,
ADA,crypto,fundamental,tvl_percentile_365d,3.2,,%,2026-02-23,2026-09-04T14:24:27Z,DefiLlama,2,,,engine/crypto/README.md,
ADA,crypto,fundamental,tvl_percentile_365d,1.7,,%,2026-02-24,2026-09-04T14:24:27Z,DefiLlama,2,,,engine/crypto/README.md,
ADA,crypto,fundamental,tvl_percentile_365d,1.2,,%,2026-02-25,2026-09-04T14:24:27Z,DefiLlama,2,,,engine/crypto/README.md,
ADA,crypto,fundamental,tvl_percentile_365d,3.9,,%,2026-02-26,2026-09-04T14:24:27Z,DefiLlama,2,,,engine/crypto/README.md,
ADA,crypto,fundamental,tvl_percentile_365d,2.9,,%,2026-02-27,2026-09-04T14:24:27Z,DefiLlama,2,,,engine/crypto/README.md,
ADA,crypto,fundamental,tvl_percentile_365d,5.7,,%,2026-02-28,2026-09-04T14:24:27Z,DefiLlama,2,,,engine/crypto/README.md,
ADA,crypto,fundamental,tvl_percentile_365d,6.2,,%,2026-03-01,2026-09-04T14:24:27Z,DefiLlama,2,,,engine/crypto/README.md,
ADA,crypto,fundamental,tvl_percentile_365d,5.8,,%,2026-03-02,2026-09-04T14:24:27Z,DefiLlama,2,,,engine/crypto/README.md,
ADA,crypto,fundamental,tvl_percentile_365d,7.1,,%,2026-03-03,2026-09-04T14:24:27Z,DefiLlama,2,,,engine/crypto/README.md,
ADA,crypto,fundamental,tvl_percentile_365d,5.9,,%,2026-03-04,2026-09-04T14:24:27Z,DefiLlama,2,,,engine/crypto/README.md,
ADA,crypto,fundamental,tvl_percentile_365d,6.9,,%,2026-03-05,2026-09-04T14:24:27Z,DefiLlama,2,,,engine/crypto/README.md,
ADA,crypto,fundamental,tvl_percentile_365d,7.1,,%,2026-03-06,2026-09-04T14:24:27Z,DefiLlama,2,,,engine/crypto/README.md,
ADA,crypto,fundamental,tvl_percentile_365d,7.3,,%,2026-03-07,2026-09-04T14:24:27Z,DefiLlama,2,,,engine/crypto/README.md,
ADA,crypto,fundamental,tvl_percentile_365d,5.3,,%,2026-03-08,2026-09-04T14:24:27Z,DefiLlama,2,,,engine/crypto/README.md,
ADA,crypto,fundamental,tvl_percentile_365d,4.9,,%,2026-03-09,2026-09-04T14:24:27Z,DefiLlama,2,,,engine/crypto/README.md,
ADA,crypto,fundamental,tvl_percentile_365d,6.4,,%,2026-03-10,2026-09-04T14:24:27Z,DefiLlama,2,,,engine/crypto/README.md,
ADA,crypto,fundamental,tvl_percentile_365d,8.7,,%,2026-03-11,2026-09-04T14:24:27Z,DefiLlama,2,,,engine/crypto/README.md,
ADA,crypto,fundamental,tvl_percentile_365d,8.3,,%,2026-03-12,2026-09-04T14:24:27Z,DefiLlama,2,,,engine/crypto/README.md,
ADA,crypto,fundamental,tvl_percentile_365d,9.0,,%,2026-03-13,2026-09-04T14:24:27Z,DefiLlama,2,,,engine/crypto/README.md,
ADA,crypto,fundamental,tvl_percentile_365d,8.3,,%,2026-03-14,2026-09-04T14:24:27Z,DefiLlama,2,,,engine/crypto/README.md,
ADA,crypto,fundamental,tvl_percentile_365d,6.9,,%,2026-03-15,2026-09-04T14:24:27Z,DefiLlama,2,,,engine/crypto/README.md,
ADA,crypto,fundamental,tvl_percentile_365d,7.2,,%,2026-03-16,2026-09-04T14:24:27Z,DefiLlama,2,,,engine/crypto/README.md,
ADA,crypto,fundamental,tvl_percentile_365d,9.8,,%,2026-03-17,2026-09-04T14:24:27Z,DefiLlama,2,,,engine/crypto/README.md,
ADA,crypto,fundamental,tvl_percentile_365d,10.4,,%,2026-03-18,2026-09-04T14:24:27Z,DefiLlama,2,,,engine/crypto/README.md,
ADA,crypto,fundamental,tvl_percentile_365d,7.9,,%,2026-03-19,2026-09-04T14:24:27Z,DefiLlama,2,,,engine/crypto/README.md,
ADA,crypto,fundamental,tvl_percentile_365d,7.2,,%,2026-03-20,2026-09-04T14:24:27Z,DefiLlama,2,,,engine/crypto/README.md,
ADA,crypto,fundamental,tvl_percentile_365d,7.0,,%,2026-03-21,2026-09-04T14:24:27Z,DefiLlama,2,,,engine/crypto/README.md,
ADA,crypto,fundamental,tvl_percentile_365d,6.1,,%,2026-03-22,2026-09-04T14:24:27Z,DefiLlama,2,,,engine/crypto/README.md,
ADA,crypto,fundamental,tvl_percentile_365d,5.6,,%,2026-03-23,2026-09-04T14:24:27Z,DefiLlama,2,,,engine/crypto/README.md,
ADA,crypto,fundamental,tvl_percentile_365d,7.0,,%,2026-03-24,2026-09-04T14:24:27Z,DefiLlama,2,,,engine/crypto/README.md,
ADA,crypto,fundamental,tvl_percentile_365d,7.7,,%,2026-03-25,2026-09-04T14:24:27Z,DefiLlama,2,,,engine/crypto/README.md,
ADA,crypto,fundamental,tvl_percentile_365d,8.2,,%,2026-03-26,2026-09-04T14:24:27Z,DefiLlama,2,,,engine/crypto/README.md,
ADA,crypto,fundamental,tvl_percentile_365d,7.0,,%,2026-03-27,2026-09-04T14:24:27Z,DefiLlama,2,,,engine/crypto/README.md,
ADA,crypto,fundamental,tvl_percentile_365d,5.5,,%,2026-03-28,2026-09-04T14:24:27Z,DefiLlama,2,,,engine/crypto/README.md,
ADA,crypto,fundamental,tvl_percentile_365d,6.0,,%,2026-03-29,2026-09-04T14:24:27Z,DefiLlama,2,,,engine/crypto/README.md,
ADA,crypto,fundamental,tvl_percentile_365d,5.5,,%,2026-03-30,2026-09-04T14:24:27Z,DefiLlama,2,,,engine/crypto/README.md,
ADA,crypto,fundamental,tvl_percentile_365d,5.6,,%,2026-03-31,2026-09-04T14:24:27Z,DefiLlama,2,,,engine/crypto/README.md,
ADA,crypto,fundamental,tvl_percentile_365d,6.2,,%,2026-04-01,2026-09-04T14:24:27Z,DefiLlama,2,,,engine/crypto/README.md,
ADA,crypto,fundamental,tvl_percentile_365d,6.8,,%,2026-04-02,2026-09-04T14:24:27Z,DefiLlama,2,,,engine/crypto/README.md,
ADA,crypto,fundamental,tvl_percentile_365d,5.2,,%,2026-04-03,2026-09-04T14:24:27Z,DefiLlama,2,,,engine/crypto/README.md,
ADA,crypto,fundamental,tvl_percentile_365d,5.7,,%,2026-04-04,2026-09-04T14:24:27Z,DefiLlama,2,,,engine/crypto/README.md,
ADA,crypto,fundamental,tvl_percentile_365d,5.7,,%,2026-04-05,2026-09-04T14:24:27Z,DefiLlama,2,,,engine/crypto/README.md,
ADA,crypto,fundamental,tvl_percentile_365d,6.3,,%,2026-04-06,2026-09-04T14:24:27Z,DefiLlama,2,,,engine/crypto/README.md,
ADA,crypto,fundamental,tvl_percentile_365d,5.4,,%,2026-04-07,2026-09-04T14:24:27Z,DefiLlama,2,,,engine/crypto/README.md,
ADA,crypto,fundamental,tvl_percentile_365d,7.2,,%,2026-04-08,2026-09-04T14:24:27Z,DefiLlama,2,,,engine/crypto/README.md,
ADA,crypto,fundamental,tvl_percentile_365d,6.8,,%,2026-04-09,2026-09-04T14:24:27Z,DefiLlama,2,,,engine/crypto/README.md,
ADA,crypto,fundamental,tvl_percentile_365d,6.9,,%,2026-04-10,2026-09-04T14:24:27Z,DefiLlama,2,,,engine/crypto/README.md,
ADA,crypto,fundamental,tvl_percentile_365d,7.0,,%,2026-04-11,2026-09-04T14:24:27Z,DefiLlama,2,,,engine/crypto/README.md,
ADA,crypto,fundamental,tvl_percentile_365d,6.6,,%,2026-04-12,2026-09-04T14:24:27Z,DefiLlama,2,,,engine/crypto/README.md,
ADA,crypto,fundamental,tvl_percentile_365d,5.2,,%,2026-04-13,2026-09-04T14:24:27Z,DefiLlama,2,,,engine/crypto/README.md,
ADA,crypto,fundamental,tvl_percentile_365d,6.4,,%,2026-04-14,2026-09-04T14:24:27Z,DefiLlama,2,,,engine/crypto/README.md,
ADA,crypto,fundamental,tvl_percentile_365d,5.3,,%,2026-04-15,2026-09-04T14:24:27Z,DefiLlama,2,,,engine/crypto/README.md,
ADA,crypto,fundamental,tvl_percentile_365d,5.7,,%,2026-04-16,2026-09-04T14:24:27Z,DefiLlama,2,,,engine/crypto/README.md,
ADA,crypto,fundamental,tvl_percentile_365d,7.2,,%,2026-04-17,2026-09-04T14:24:27Z,DefiLlama,2,,,engine/crypto/README.md,
ADA,crypto,fundamental,tvl_percentile_365d,7.2,,%,2026-04-18,2026-09-04T14:24:27Z,DefiLlama,2,,,engine/crypto/README.md,
ADA,crypto,fundamental,tvl_percentile_365d,6.2,,%,2026-04-19,2026-09-04T14:24:27Z,DefiLlama,2,,,engine/crypto/README.md,
ADA,crypto,fundamental,tvl_percentile_365d,5.6,,%,2026-04-20,2026-09-04T14:24:27Z,DefiLlama,2,,,engine/crypto/README.md,
ADA,crypto,fundamental,tvl_percentile_365d,6.0,,%,2026-04-21,2026-09-04T14:24:27Z,DefiLlama,2,,,engine/crypto/README.md,
ADA,crypto,fundamental,tvl_percentile_365d,6.2,,%,2026-04-22,2026-09-04T14:24:27Z,DefiLlama,2,,,engine/crypto/README.md,
ADA,crypto,fundamental,tvl_percentile_365d,6.1,,%,2026-04-23,2026-09-04T14:24:27Z,DefiLlama,2,,,engine/crypto/README.md,
ADA,crypto,fundamental,tvl_percentile_365d,6.3,,%,2026-04-24,2026-09-04T14:24:27Z,DefiLlama,2,,,engine/crypto/README.md,
ADA,crypto,fundamental,tvl_percentile_365d,6.1,,%,2026-04-25,2026-09-04T14:24:27Z,DefiLlama,2,,,engine/crypto/README.md,
ADA,crypto,fundamental,tvl_percentile_365d,5.9,,%,2026-04-26,2026-09-04T14:24:27Z,DefiLlama,2,,,engine/crypto/README.md,
ADA,crypto,fundamental,tvl_percentile_365d,5.8,,%,2026-04-27,2026-09-04T14:24:27Z,DefiLlama,2,,,engine/crypto/README.md,
ADA,crypto,fundamental,tvl_percentile_365d,5.3,,%,2026-04-28,2026-09-04T14:24:27Z,DefiLlama,2,,,engine/crypto/README.md,
ADA,crypto,fundamental,tvl_percentile_365d,5.0,,%,2026-04-29,2026-09-04T14:24:27Z,DefiLlama,2,,,engine/crypto/README.md,
ADA,crypto,fundamental,tvl_percentile_365d,4.9,,%,2026-04-30,2026-09-04T14:24:27Z,DefiLlama,2,,,engine/crypto/README.md,
ADA,crypto,fundamental,tvl_percentile_365d,4.5,,%,2026-05-01,2026-09-04T14:24:27Z,DefiLlama,2,,,engine/crypto/README.md,
ADA,crypto,fundamental,tvl_percentile_365d,4.4,,%,2026-05-02,2026-09-04T14:24:27Z,DefiLlama,2,,,engine/crypto/README.md,
ADA,crypto,fundamental,tvl_percentile_365d,4.6,,%,2026-05-03,2026-09-04T14:24:27Z,DefiLlama,2,,,engine/crypto/README.md,
ADA,crypto,fundamental,tvl_percentile_365d,4.4,,%,2026-05-04,2026-09-04T14:24:27Z,DefiLlama,2,,,engine/crypto/README.md,
ADA,crypto,fundamental,tvl_percentile_365d,4.3,,%,2026-05-05,2026-09-04T14:24:27Z,DefiLlama,2,,,engine/crypto/README.md,
ADA,crypto,fundamental,tvl_percentile_365d,5.8,,%,2026-05-06,2026-09-04T14:24:27Z,DefiLlama,2,,,engine/crypto/README.md,
ADA,crypto,fundamental,tvl_percentile_365d,6.3,,%,2026-05-07,2026-09-04T14:24:27Z,DefiLlama,2,,,engine/crypto/README.md,
ADA,crypto,fundamental,tvl_percentile_365d,5.7,,%,2026-05-08,2026-09-04T14:24:27Z,DefiLlama,2,,,engine/crypto/README.md,
ADA,crypto,fundamental,tvl_percentile_365d,6.9,,%,2026-05-09,2026-09-04T14:24:27Z,DefiLlama,2,,,engine/crypto/README.md,
ADA,crypto,fundamental,tvl_percentile_365d,6.7,,%,2026-05-10,2026-09-04T14:24:27Z,DefiLlama,2,,,engine/crypto/README.md,
ADA,crypto,fundamental,tvl_percentile_365d,7.8,,%,2026-05-11,2026-09-04T14:24:27Z,DefiLlama,2,,,engine/crypto/README.md,
ADA,crypto,fundamental,tvl_percentile_365d,8.0,,%,2026-05-12,2026-09-04T14:24:27Z,DefiLlama,2,,,engine/crypto/README.md,
ADA,crypto,fundamental,tvl_percentile_365d,7.1,,%,2026-05-13,2026-09-04T14:24:27Z,DefiLlama,2,,,engine/crypto/README.md,
ADA,crypto,fundamental,tvl_percentile_365d,6.2,,%,2026-05-14,2026-09-04T14:24:27Z,DefiLlama,2,,,engine/crypto/README.md,
ADA,crypto,fundamental,tvl_percentile_365d,7.0,,%,2026-05-15,2026-09-04T14:24:27Z,DefiLlama,2,,,engine/crypto/README.md,
ADA,crypto,fundamental,tvl_percentile_365d,8.6,,%,2026-05-16,2026-09-04T14:24:27Z,DefiLlama,2,,,engine/crypto/README.md,
ADA,crypto,fundamental,tvl_percentile_365d,5.2,,%,2026-05-17,2026-09-04T14:24:27Z,DefiLlama,2,,,engine/crypto/README.md,
ADA,crypto,fundamental,tvl_percentile_365d,4.9,,%,2026-05-18,2026-09-04T14:24:27Z,DefiLlama,2,,,engine/crypto/README.md,
ADA,crypto,fundamental,tvl_percentile_365d,4.8,,%,2026-05-19,2026-09-04T14:24:27Z,DefiLlama,2,,,engine/crypto/README.md,
ADA,crypto,fundamental,tvl_percentile_365d,4.1,,%,2026-05-20,2026-09-04T14:24:27Z,DefiLlama,2,,,engine/crypto/README.md,
ADA,crypto,fundamental,tvl_percentile_365d,4.3,,%,2026-05-21,2026-09-04T14:24:27Z,DefiLlama,2,,,engine/crypto/README.md,
ADA,crypto,fundamental,tvl_percentile_365d,4.2,,%,2026-05-22,2026-09-04T14:24:27Z,DefiLlama,2,,,engine/crypto/README.md,
ADA,crypto,fundamental,tvl_percentile_365d,3.8,,%,2026-05-23,2026-09-04T14:24:27Z,DefiLlama,2,,,engine/crypto/README.md,
ADA,crypto,fundamental,tvl_percentile_365d,4.3,,%,2026-05-24,2026-09-04T14:24:27Z,DefiLlama,2,,,engine/crypto/README.md,
ADA,crypto,fundamental,tvl_percentile_365d,3.8,,%,2026-05-25,2026-09-04T14:24:27Z,DefiLlama,2,,,engine/crypto/README.md,
ADA,crypto,fundamental,tvl_percentile_365d,3.9,,%,2026-05-26,2026-09-04T14:24:27Z,DefiLlama,2,,,engine/crypto/README.md,
ADA,crypto,fundamental,tvl_percentile_365d,4.0,,%,2026-05-27,2026-09-04T14:24:27Z,DefiLlama,2,,,engine/crypto/README.md,
ADA,crypto,fundamental,tvl_percentile_365d,4.1,,%,2026-05-28,2026-09-04T14:24:27Z,DefiLlama,2,,,engine/crypto/README.md,
ADA,crypto,fundamental,tvl_percentile_365d,3.9,,%,2026-05-29,2026-09-04T14:24:27Z,DefiLlama,2,,,engine/crypto/README.md,
ADA,crypto,fundamental,tvl_percentile_365d,3.6,,%,2026-05-30,2026-09-04T14:24:27Z,DefiLlama,2,,,engine/crypto/README.md,
ADA,crypto,fundamental,tvl_percentile_365d,4.3,,%,2026-05-31,2026-09-04T14:24:27Z,DefiLlama,2,,,engine/crypto/README.md,
ADA,crypto,fundamental,tvl_percentile_365d,4.3,,%,2026-06-01,2026-09-04T14:24:27Z,DefiLlama,2,,,engine/crypto/README.md,
ADA,crypto,fundamental,tvl_percentile_365d,3.9,,%,2026-06-02,2026-09-04T14:24:27Z,DefiLlama,2,,,engine/crypto/README.md,
ADA,crypto,fundamental,tvl_percentile_365d,2.1,,%,2026-06-03,2026-09-04T14:24:27Z,DefiLlama,2,,,engine/crypto/README.md,
ADA,crypto,fundamental,tvl_percentile_365d,1.3,,%,2026-06-04,2026-09-04T14:24:27Z,DefiLlama,2,,,engine/crypto/README.md,
ADA,crypto,fundamental,tvl_percentile_365d,0.0,,%,2026-06-05,2026-09-04T14:24:27Z,DefiLlama,2,,,engine/crypto/README.md,
ADA,crypto,fundamental,tvl_percentile_365d,0.0,,%,2026-06-06,2026-09-04T14:24:27Z,DefiLlama,2,,,engine/crypto/README.md,
ADA,crypto,fundamental,tvl_percentile_365d,0.0,,%,2026-06-07,2026-09-04T14:24:27Z,DefiLlama,2,,,engine/crypto/README.md,
ADA,crypto,fundamental,tvl_percentile_365d,0.6,,%,2026-06-08,2026-09-04T14:24:27Z,DefiLlama,2,,,engine/crypto/README.md,
ADA,crypto,fundamental,tvl_percentile_365d,0.8,,%,2026-06-09,2026-09-04T14:24:27Z,DefiLlama,2,,,engine/crypto/README.md,
ADA,crypto,fundamental,tvl_percentile_365d,0.5,,%,2026-06-10,2026-09-04T14:24:27Z,DefiLlama,2,,,engine/crypto/README.md,
ADA,crypto,fundamental,tvl_percentile_365d,0.2,,%,2026-06-11,2026-09-04T14:24:27Z,DefiLlama,2,,,engine/crypto/README.md,
ADA,crypto,fundamental,tvl_percentile_365d,1.2,,%,2026-06-12,2026-09-04T14:24:27Z,DefiLlama,2,,,engine/crypto/README.md,
ADA,crypto,fundamental,tvl_percentile_365d,1.4,,%,2026-06-13,2026-09-04T14:24:27Z,DefiLlama,2,,,engine/crypto/README.md,
ADA,crypto,fundamental,tvl_percentile_365d,1.2,,%,2026-06-14,2026-09-04T14:24:27Z,DefiLlama,2,,,engine/crypto/README.md,
ADA,crypto,fundamental,tvl_percentile_365d,2.3,,%,2026-06-15,2026-09-04T14:24:27Z,DefiLlama,2,,,engine/crypto/README.md,
ADA,crypto,fundamental,tvl_percentile_365d,1.5,,%,2026-06-16,2026-09-04T14:24:27Z,DefiLlama,2,,,engine/crypto/README.md,
ADA,crypto,fundamental,tvl_percentile_365d,0.8,,%,2026-06-17,2026-09-04T14:24:27Z,DefiLlama,2,,,engine/crypto/README.md,
ADA,crypto,fundamental,tvl_percentile_365d,0.3,,%,2026-06-18,2026-09-04T14:24:27Z,DefiLlama,2,,,engine/crypto/README.md,
ADA,crypto,fundamental,tvl_percentile_365d,0.0,,%,2026-06-19,2026-09-04T14:24:27Z,DefiLlama,2,,,engine/crypto/README.md,
ADA,crypto,fundamental,tvl_percentile_365d,1.5,,%,2026-06-20,2026-09-04T14:24:27Z,DefiLlama,2,,,engine/crypto/README.md,
ADA,crypto,fundamental,tvl_percentile_365d,1.7,,%,2026-06-21,2026-09-04T14:24:27Z,DefiLlama,2,,,engine/crypto/README.md,
ADA,crypto,fundamental,tvl_percentile_365d,1.5,,%,2026-06-22,2026-09-04T14:24:27Z,DefiLlama,2,,,engine/crypto/README.md,
ADA,crypto,fundamental,tvl_percentile_365d,0.9,,%,2026-06-23,2026-09-04T14:24:27Z,DefiLlama,2,,,engine/crypto/README.md,
ADA,crypto,fundamental,tvl_percentile_365d,0.1,,%,2026-06-24,2026-09-04T14:24:27Z,DefiLlama,2,,,engine/crypto/README.md,
ADA,crypto,fundamental,tvl_percentile_365d,0.0,,%,2026-06-25,2026-09-04T14:24:27Z,DefiLlama,2,,,engine/crypto/README.md,
ADA,crypto,fundamental,tvl_percentile_365d,0.0,,%,2026-06-26,2026-09-04T14:24:27Z,DefiLlama,2,,,engine/crypto/README.md,
ADA,crypto,fundamental,tvl_percentile_365d,0.0,,%,2026-06-27,2026-09-04T14:24:27Z,DefiLlama,2,,,engine/crypto/README.md,
ADA,crypto,fundamental,tvl_percentile_365d,0.0,,%,2026-06-28,2026-09-04T14:24:27Z,DefiLlama,2,,,engine/crypto/README.md,
ADA,crypto,fundamental,tvl_percentile_365d,0.0,,%,2026-06-29,2026-09-04T14:24:27Z,DefiLlama,2,,,engine/crypto/README.md,
ADA,crypto,fundamental,tvl_percentile_365d,0.0,,%,2026-06-30,2026-09-04T14:24:27Z,DefiLlama,2,,,engine/crypto/README.md,
ADA,crypto,fundamental,tvl_percentile_365d,0.0,,%,2026-07-01,2026-09-04T14:24:27Z,DefiLlama,2,,,engine/crypto/README.md,
ADA,crypto,fundamental,tvl_percentile_365d,0.7,,%,2026-07-02,2026-09-04T14:24:27Z,DefiLlama,2,,,engine/crypto/README.md,
ADA,crypto,fundamental,tvl_percentile_365d,1.4,,%,2026-07-03,2026-09-04T14:24:27Z,DefiLlama,2,,,engine/crypto/README.md,
ADA,crypto,fundamental,tvl_percentile_365d,3.4,,%,2026-07-04,2026-09-04T14:24:27Z,DefiLlama,2,,,engine/crypto/README.md,
ADA,crypto,fundamental,tvl_percentile_365d,4.6,,%,2026-07-05,2026-09-04T14:24:27Z,DefiLlama,2,,,engine/crypto/README.md,
ADA,crypto,fundamental,tvl_percentile_365d,4.1,,%,2026-07-06,2026-09-04T14:24:27Z,DefiLlama,2,,,engine/crypto/README.md,
ADA,crypto,fundamental,tvl_percentile_365d,3.8,,%,2026-07-07,2026-09-04T14:24:27Z,DefiLlama,2,,,engine/crypto/README.md,
ADA,crypto,fundamental,tvl_percentile_365d,2.9,,%,2026-07-08,2026-09-04T14:24:27Z,DefiLlama,2,,,engine/crypto/README.md,
ADA,crypto,fundamental,tvl_percentile_365d,1.4,,%,2026-07-09,2026-09-04T14:24:27Z,DefiLlama,2,,,engine/crypto/README.md,
ADA,crypto,fundamental,tvl_percentile_365d,0.0,,%,2026-07-10,2026-09-04T14:24:27Z,DefiLlama,2,,,engine/crypto/README.md,
ADA,crypto,fundamental,tvl_percentile_365d,0.1,,%,2026-07-11,2026-09-04T14:24:27Z,DefiLlama,2,,,engine/crypto/README.md,
ADA,crypto,fundamental,tvl_percentile_365d,0.0,,%,2026-07-12,2026-09-04T14:24:27Z,DefiLlama,2,,,engine/crypto/README.md,
ADA,crypto,fundamental,tvl_percentile_365d,0.0,,%,2026-07-13,2026-09-04T14:24:27Z,DefiLlama,2,,,engine/crypto/README.md,
ADA,crypto,fundamental,tvl_percentile_365d,0.0,,%,2026-07-14,2026-09-04T14:24:27Z,DefiLlama,2,,,engine/crypto/README.md,
ADA,crypto,fundamental,tvl_percentile_365d,0.5,,%,2026-07-15,2026-09-04T14:24:27Z,DefiLlama,2,,,engine/crypto/README.md,
ADA,crypto,fundamental,tvl_percentile_365d,0.5,,%,2026-07-16,2026-09-04T14:24:27Z,DefiLlama,2,,,engine/crypto/README.md,
ADA,crypto,fundamental,tvl_percentile_365d,0.2,,%,2026-07-17,2026-09-04T14:24:27Z,DefiLlama,2,,,engine/crypto/README.md,
ADA,crypto,fundamental,tvl_percentile_365d,0.6,,%,2026-07-18,2026-09-04T14:24:27Z,DefiLlama,2,,,engine/crypto/README.md,
ADA,crypto,fundamental,tvl_percentile_365d,0.2,,%,2026-07-19,2026-09-04T14:24:27Z,DefiLlama,2,,,engine/crypto/README.md,
ADA,crypto,fundamental,tvl_percentile_365d,0.3,,%,2026-07-20,2026-09-04T14:24:27Z,DefiLlama,2,,,engine/crypto/README.md,
ADA,crypto,fundamental,tvl_percentile_365d,0.0,,%,2026-07-21,2026-09-04T14:24:27Z,DefiLlama,2,,,engine/crypto/README.md,
ADA,crypto,fundamental,tvl_percentile_365d,0.2,,%,2026-07-22,2026-09-04T14:24:27Z,DefiLlama,2,,,engine/crypto/README.md,
ADA,crypto,fundamental,tvl_percentile_365d,0.2,,%,2026-07-23,2026-09-04T14:24:27Z,DefiLlama,2,,,engine/crypto/README.md,
ADA,crypto,fundamental,tvl_percentile_365d,0.0,,%,2026-07-24,2026-09-04T14:24:27Z,DefiLlama,2,,,engine/crypto/README.md,
ADA,crypto,fundamental,tvl_percentile_365d,0.0,,%,2026-07-25,2026-09-04T14:24:27Z,DefiLlama,2,,,engine/crypto/README.md,
ADA,crypto,fundamental,tvl_percentile_365d,0.1,,%,2026-07-26,2026-09-04T14:24:27Z,DefiLlama,2,,,engine/crypto/README.md,
ADA,crypto,fundamental,tvl_percentile_365d,0.1,,%,2026-07-27,2026-09-04T14:24:27Z,DefiLlama,2,,,engine/crypto/README.md,
ADA,crypto,fundamental,tvl_percentile_365d,0.0,,%,2026-07-28,2026-09-04T14:24:27Z,DefiLlama,2,,,engine/crypto/README.md,
ADA,crypto,fundamental,tvl_percentile_365d,0.4,,%,2026-07-29,2026-09-04T14:24:27Z,DefiLlama,2,,,engine/crypto/README.md,
ADA,crypto,fundamental,tvl_percentile_365d,0.3,,%,2026-07-30,2026-09-04T14:24:27Z,DefiLlama,2,,,engine/crypto/README.md,
ADA,crypto,fundamental,tvl_percentile_365d,0.9,,%,2026-07-31,2026-09-04T14:24:27Z,DefiLlama,2,,,engine/crypto/README.md,
ADA,crypto,fundamental,tvl_percentile_365d,0.9,,%,2026-08-01,2026-09-04T14:24:27Z,DefiLlama,2,,,engine/crypto/README.md,
ADA,crypto,fundamental,tvl_percentile_365d,1.3,,%,2026-08-02,2026-09-04T14:24:27Z,DefiLlama,2,,,engine/crypto/README.md,
ADA,crypto,fundamental,tvl_percentile_365d,2.2,,%,2026-08-03,2026-09-04T14:24:27Z,DefiLlama,2,,,engine/crypto/README.md,
ADA,crypto,fundamental,tvl_percentile_365d,2.6,,%,2026-08-04,2026-09-04T14:24:27Z,DefiLlama,2,,,engine/crypto/README.md,
ADA,crypto,fundamental,tvl_percentile_365d,2.5,,%,2026-08-05,2026-09-04T14:24:27Z,DefiLlama,2,,,engine/crypto/README.md,
ADA,crypto,fundamental,tvl_percentile_365d,2.3,,%,2026-08-06,2026-09-04T14:24:27Z,DefiLlama,2,,,engine/crypto/README.md,
ADA,crypto,fundamental,tvl_percentile_365d,2.9,,%,2026-08-07,2026-09-04T14:24:27Z,DefiLlama,2,,,engine/crypto/README.md,
ADA,crypto,fundamental,tvl_percentile_365d,2.8,,%,2026-08-08,2026-09-04T14:24:27Z,DefiLlama,2,,,engine/crypto/README.md,
ADA,crypto,fundamental,tvl_percentile_365d,2.8,,%,2026-08-09,2026-09-04T14:24:27Z,DefiLlama,2,,,engine/crypto/README.md,
ADA,crypto,fundamental,tvl_percentile_365d,2.6,,%,2026-08-10,2026-09-04T14:24:27Z,DefiLlama,2,,,engine/crypto/README.md,
ADA,crypto,fundamental,tvl_percentile_365d,2.2,,%,2026-08-11,2026-09-04T14:24:27Z,DefiLlama,2,,,engine/crypto/README.md,
ADA,crypto,fundamental,tvl_percentile_365d,2.0,,%,2026-08-12,2026-09-04T14:24:27Z,DefiLlama,2,,,engine/crypto/README.md,
ADA,crypto,fundamental,tvl_percentile_365d,1.8,,%,2026-08-13,2026-09-04T14:24:27Z,DefiLlama,2,,,engine/crypto/README.md,
ADA,crypto,fundamental,tvl_percentile_365d,1.8,,%,2026-08-14,2026-09-04T14:24:27Z,DefiLlama,2,,,engine/crypto/README.md,
ADA,crypto,fundamental,tvl_percentile_365d,1.6,,%,2026-08-15,2026-09-04T14:24:27Z,DefiLlama,2,,,engine/crypto/README.md,
ADA,crypto,fundamental,tvl_percentile_365d,1.4,,%,2026-08-16,2026-09-04T14:24:27Z,DefiLlama,2,,,engine/crypto/README.md,
ADA,crypto,fundamental,tvl_percentile_365d,1.2,,%,2026-08-17,2026-09-04T14:24:27Z,DefiLlama,2,,,engine/crypto/README.md,
ADA,crypto,fundamental,tvl_percentile_365d,1.3,,%,2026-08-18,2026-09-04T14:24:27Z,DefiLlama,2,,,engine/crypto/README.md,
ADA,crypto,fundamental,tvl_percentile_365d,1.3,,%,2026-08-19,2026-09-04T14:24:27Z,DefiLlama,2,,,engine/crypto/README.md,
ADA,crypto,fundamental,tvl_percentile_365d,0.0,,%,2026-08-20,2026-09-04T14:24:27Z,DefiLlama,2,,,engine/crypto/README.md,
ADA,crypto,fundamental,tvl_percentile_365d,0.8,,%,2026-08-21,2026-09-04T14:24:27Z,DefiLlama,2,,,engine/crypto/README.md,
ADA,crypto,fundamental,tvl_percentile_365d,2.0,,%,2026-08-22,2026-09-04T14:24:27Z,DefiLlama,2,,,engine/crypto/README.md,
ADA,crypto,fundamental,tvl_percentile_365d,1.8,,%,2026-08-23,2026-09-04T14:24:27Z,DefiLlama,2,,,engine/crypto/README.md,
ADA,crypto,fundamental,tvl_percentile_365d,1.8,,%,2026-08-24,2026-09-04T14:24:27Z,DefiLlama,2,,,engine/crypto/README.md,
ADA,crypto,fundamental,tvl_percentile_365d,1.5,,%,2026-08-25,2026-09-04T14:24:27Z,DefiLlama,2,,,engine/crypto/README.md,
ADA,crypto,fundamental,tvl_percentile_365d,0.9,,%,2026-08-26,2026-09-04T14:24:27Z,DefiLlama,2,,,engine/crypto/README.md,
ADA,crypto,fundamental,tvl_percentile_365d,1.1,,%,2026-08-27,2026-09-04T14:24:27Z,DefiLlama,2,,,engine/crypto/README.md,
ADA,crypto,fundamental,tvl_percentile_365d,0.8,,%,2026-08-28,2026-09-04T14:24:27Z,DefiLlama,2,,,engine/crypto/README.md,
ADA,crypto,fundamental,tvl_percentile_365d,1.0,,%,2026-08-29,2026-09-04T14:24:27Z,DefiLlama,2,,,engine/crypto/README.md,
ADA,crypto,fundamental,tvl_percentile_365d,0.9,,%,2026-08-30,2026-09-04T14:24:27Z,DefiLlama,2,,,engine/crypto/README.md,
ADA,crypto,fundamental,tvl_percentile_365d,0.5,,%,2026-08-31,2026-09-04T14:24:27Z,DefiLlama,2,,,engine/crypto/README.md,
ADA,crypto,fundamental,tvl_percentile_365d,2.2,,%,2026-09-01,2026-09-04T14:24:27Z,DefiLlama,2,,,engine/crypto/README.md,
ADA,crypto,fundamental,tvl_percentile_365d,2.0,,%,2026-09-02,2026-09-04T14:24:27Z,DefiLlama,2,,,engine/crypto/README.md,
ADA,crypto,fundamental,tvl_percentile_365d,2.1,,%,2026-09-03,2026-09-03T11:40:58Z,DefiLlama,2,,80,engine/crypto/README.md,
ADA,crypto,fundamental,tvl_percentile_365d,3.2,,%,2026-09-04,2026-09-04T10:11:47Z,DefiLlama,2,,80,engine/crypto/README.md,
ADA,crypto,tecnico,atr14,0.020263,,EUR,2026-01-01,2026-09-04T15:50:41Z,Coinbase,2,,,engine/technical/README.md,
ADA,crypto,tecnico,atr14,0.021402,,EUR,2026-01-02,2026-09-04T15:50:41Z,Coinbase,2,,,engine/technical/README.md,
ADA,crypto,tecnico,atr14,0.020866,,EUR,2026-01-03,2026-09-04T15:50:41Z,Coinbase,2,,,engine/technical/README.md,
ADA,crypto,tecnico,atr14,0.020404,,EUR,2026-01-04,2026-09-04T15:50:41Z,Coinbase,2,,,engine/technical/README.md,
ADA,crypto,tecnico,atr14,0.020739,,EUR,2026-01-05,2026-09-04T15:50:41Z,Coinbase,2,,,engine/technical/README.md,
ADA,crypto,tecnico,atr14,0.021458,,EUR,2026-01-06,2026-09-04T15:50:41Z,Coinbase,2,,,engine/technical/README.md,
ADA,crypto,tecnico,atr14,0.021454,,EUR,2026-01-07,2026-09-04T15:50:41Z,Coinbase,2,,,engine/technical/README.md,
ADA,crypto,tecnico,atr14,0.021093,,EUR,2026-01-08,2026-09-04T15:50:41Z,Coinbase,2,,,engine/technical/README.md,
ADA,crypto,tecnico,atr14,0.020651,,EUR,2026-01-09,2026-09-04T15:50:41Z,Coinbase,2,,,engine/technical/README.md,
ADA,crypto,tecnico,atr14,0.019661,,EUR,2026-01-10,2026-09-04T15:50:41Z,Coinbase,2,,,engine/technical/README.md,
ADA,crypto,tecnico,atr14,0.01905,,EUR,2026-01-11,2026-09-04T15:50:41Z,Coinbase,2,,,engine/technical/README.md,
ADA,crypto,tecnico,atr14,0.019046,,EUR,2026-01-12,2026-09-04T15:50:41Z,Coinbase,2,,,engine/technical/README.md,
ADA,crypto,tecnico,atr14,0.020257,,EUR,2026-01-13,2026-09-04T15:50:41Z,Coinbase,2,,,engine/technical/README.md,
ADA,crypto,tecnico,atr14,0.019839,,EUR,2026-01-14,2026-09-04T15:50:41Z,Coinbase,2,,,engine/technical/README.md,
ADA,crypto,tecnico,atr14,0.019879,,EUR,2026-01-15,2026-09-04T15:50:41Z,Coinbase,2,,,engine/technical/README.md,
ADA,crypto,tecnico,atr14,0.019623,,EUR,2026-01-16,2026-09-04T15:50:41Z,Coinbase,2,,,engine/technical/README.md,
ADA,crypto,tecnico,atr14,0.018886,,EUR,2026-01-17,2026-09-04T15:50:41Z,Coinbase,2,,,engine/technical/README.md,
ADA,crypto,tecnico,atr14,0.019101,,EUR,2026-01-18,2026-09-04T15:50:41Z,Coinbase,2,,,engine/technical/README.md,
ADA,crypto,tecnico,atr14,0.019137,,EUR,2026-01-19,2026-09-04T15:50:41Z,Coinbase,2,,,engine/technical/README.md,
ADA,crypto,tecnico,atr14,0.019341,,EUR,2026-01-20,2026-09-04T15:50:41Z,Coinbase,2,,,engine/technical/README.md,
ADA,crypto,tecnico,atr14,0.01961,,EUR,2026-01-21,2026-09-04T15:50:41Z,Coinbase,2,,,engine/technical/README.md,
ADA,crypto,tecnico,atr14,0.019102,,EUR,2026-01-22,2026-09-04T15:50:41Z,Coinbase,2,,,engine/technical/README.md,
ADA,crypto,tecnico,atr14,0.018759,,EUR,2026-01-23,2026-09-04T15:50:41Z,Coinbase,2,,,engine/technical/README.md,
ADA,crypto,tecnico,atr14,0.017769,,EUR,2026-01-24,2026-09-04T15:50:41Z,Coinbase,2,,,engine/technical/README.md,
ADA,crypto,tecnico,atr14,0.018171,,EUR,2026-01-25,2026-09-04T15:50:41Z,Coinbase,2,,,engine/technical/README.md,
ADA,crypto,tecnico,atr14,0.018023,,EUR,2026-01-26,2026-09-04T15:50:41Z,Coinbase,2,,,engine/technical/README.md,
ADA,crypto,tecnico,atr14,0.017493,,EUR,2026-01-27,2026-09-04T15:50:41Z,Coinbase,2,,,engine/technical/README.md,
ADA,crypto,tecnico,atr14,0.016872,,EUR,2026-01-28,2026-09-04T15:50:41Z,Coinbase,2,,,engine/technical/README.md,
ADA,crypto,tecnico,atr14,0.017538,,EUR,2026-01-29,2026-09-04T15:50:41Z,Coinbase,2,,,engine/technical/README.md,
ADA,crypto,tecnico,atr14,0.0173,,EUR,2026-01-30,2026-09-04T15:50:41Z,Coinbase,2,,,engine/technical/README.md,
ADA,crypto,tecnico,atr14,0.0192,,EUR,2026-01-31,2026-09-04T15:50:41Z,Coinbase,2,,,engine/technical/README.md,
ADA,crypto,tecnico,atr14,0.019036,,EUR,2026-02-01,2026-09-04T15:50:41Z,Coinbase,2,,,engine/technical/README.md,
ADA,crypto,tecnico,atr14,0.019447,,EUR,2026-02-02,2026-09-04T15:50:41Z,Coinbase,2,,,engine/technical/README.md,
ADA,crypto,tecnico,atr14,0.019437,,EUR,2026-02-03,2026-09-04T15:50:41Z,Coinbase,2,,,engine/technical/README.md,
ADA,crypto,tecnico,atr14,0.019391,,EUR,2026-02-04,2026-09-04T15:50:41Z,Coinbase,2,,,engine/technical/README.md,
ADA,crypto,tecnico,atr14,0.020742,,EUR,2026-02-05,2026-09-04T15:50:41Z,Coinbase,2,,,engine/technical/README.md,
ADA,crypto,tecnico,atr14,0.023003,,EUR,2026-02-06,2026-09-04T15:50:41Z,Coinbase,2,,,engine/technical/README.md,
ADA,crypto,tecnico,atr14,0.022189,,EUR,2026-02-07,2026-09-04T15:50:41Z,Coinbase,2,,,engine/technical/README.md,
ADA,crypto,tecnico,atr14,0.021147,,EUR,2026-02-08,2026-09-04T15:50:41Z,Coinbase,2,,,engine/technical/README.md,
ADA,crypto,tecnico,atr14,0.020536,,EUR,2026-02-09,2026-09-04T15:50:41Z,Coinbase,2,,,engine/technical/README.md,
ADA,crypto,tecnico,atr14,0.019684,,EUR,2026-02-10,2026-09-04T15:50:41Z,Coinbase,2,,,engine/technical/README.md,
ADA,crypto,tecnico,atr14,0.019071,,EUR,2026-02-11,2026-09-04T15:50:41Z,Coinbase,2,,,engine/technical/README.md,
ADA,crypto,tecnico,atr14,0.018523,,EUR,2026-02-12,2026-09-04T15:50:41Z,Coinbase,2,,,engine/technical/README.md,
ADA,crypto,tecnico,atr14,0.018164,,EUR,2026-02-13,2026-09-04T15:50:41Z,Coinbase,2,,,engine/technical/README.md,
ADA,crypto,tecnico,atr14,0.018552,,EUR,2026-02-14,2026-09-04T15:50:41Z,Coinbase,2,,,engine/technical/README.md,
ADA,crypto,tecnico,atr14,0.018734,,EUR,2026-02-15,2026-09-04T15:50:41Z,Coinbase,2,,,engine/technical/README.md,
ADA,crypto,tecnico,atr14,0.018139,,EUR,2026-02-16,2026-09-04T15:50:41Z,Coinbase,2,,,engine/technical/README.md,
ADA,crypto,tecnico,atr14,0.017579,,EUR,2026-02-17,2026-09-04T15:50:41Z,Coinbase,2,,,engine/technical/README.md,
ADA,crypto,tecnico,atr14,0.017202,,EUR,2026-02-18,2026-09-04T15:50:41Z,Coinbase,2,,,engine/technical/README.md,
ADA,crypto,tecnico,atr14,0.016545,,EUR,2026-02-19,2026-09-04T15:50:41Z,Coinbase,2,,,engine/technical/README.md,
ADA,crypto,tecnico,atr14,0.016749,,EUR,2026-02-20,2026-09-04T15:50:41Z,Coinbase,2,,,engine/technical/README.md,
ADA,crypto,tecnico,atr14,0.015995,,EUR,2026-02-21,2026-09-04T15:50:41Z,Coinbase,2,,,engine/technical/README.md,
ADA,crypto,tecnico,atr14,0.015524,,EUR,2026-02-22,2026-09-04T15:50:41Z,Coinbase,2,,,engine/technical/README.md,
ADA,crypto,tecnico,atr14,0.015565,,EUR,2026-02-23,2026-09-04T15:50:41Z,Coinbase,2,,,engine/technical/README.md,
ADA,crypto,tecnico,atr14,0.015075,,EUR,2026-02-24,2026-09-04T15:50:41Z,Coinbase,2,,,engine/technical/README.md,
ADA,crypto,tecnico,atr14,0.017312,,EUR,2026-02-25,2026-09-04T15:50:41Z,Coinbase,2,,,engine/technical/README.md,
ADA,crypto,tecnico,atr14,0.017133,,EUR,2026-02-26,2026-09-04T15:50:41Z,Coinbase,2,,,engine/technical/README.md,
ADA,crypto,tecnico,atr14,0.017331,,EUR,2026-02-27,2026-09-04T15:50:41Z,Coinbase,2,,,engine/technical/README.md,
ADA,crypto,tecnico,atr14,0.017593,,EUR,2026-02-28,2026-09-04T15:50:41Z,Coinbase,2,,,engine/technical/README.md,
ADA,crypto,tecnico,atr14,0.0177,,EUR,2026-03-01,2026-09-04T15:50:41Z,Coinbase,2,,,engine/technical/README.md,
ADA,crypto,tecnico,atr14,0.017729,,EUR,2026-03-02,2026-09-04T15:50:41Z,Coinbase,2,,,engine/technical/README.md,
ADA,crypto,tecnico,atr14,0.017348,,EUR,2026-03-03,2026-09-04T15:50:41Z,Coinbase,2,,,engine/technical/README.md,
ADA,crypto,tecnico,atr14,0.01768,,EUR,2026-03-04,2026-09-04T15:50:41Z,Coinbase,2,,,engine/technical/README.md,
ADA,crypto,tecnico,atr14,0.017118,,EUR,2026-03-05,2026-09-04T15:50:41Z,Coinbase,2,,,engine/technical/README.md,
ADA,crypto,tecnico,atr14,0.016881,,EUR,2026-03-06,2026-09-04T15:50:41Z,Coinbase,2,,,engine/technical/README.md,
ADA,crypto,tecnico,atr14,0.016211,,EUR,2026-03-07,2026-09-04T15:50:41Z,Coinbase,2,,,engine/technical/README.md,
ADA,crypto,tecnico,atr14,0.015653,,EUR,2026-03-08,2026-09-04T15:50:41Z,Coinbase,2,,,engine/technical/README.md,
ADA,crypto,tecnico,atr14,0.015242,,EUR,2026-03-09,2026-09-04T15:50:41Z,Coinbase,2,,,engine/technical/README.md,
ADA,crypto,tecnico,atr14,0.015267,,EUR,2026-03-10,2026-09-04T15:50:41Z,Coinbase,2,,,engine/technical/README.md,
ADA,crypto,tecnico,atr14,0.014913,,EUR,2026-03-11,2026-09-04T15:50:41Z,Coinbase,2,,,engine/technical/README.md,
ADA,crypto,tecnico,atr14,0.014355,,EUR,2026-03-12,2026-09-04T15:50:41Z,Coinbase,2,,,engine/technical/README.md,
ADA,crypto,tecnico,atr14,0.014543,,EUR,2026-03-13,2026-09-04T15:50:41Z,Coinbase,2,,,engine/technical/README.md,
ADA,crypto,tecnico,atr14,0.013976,,EUR,2026-03-14,2026-09-04T15:50:41Z,Coinbase,2,,,engine/technical/README.md,
ADA,crypto,tecnico,atr14,0.013606,,EUR,2026-03-15,2026-09-04T15:50:41Z,Coinbase,2,,,engine/technical/README.md,
ADA,crypto,tecnico,atr14,0.014192,,EUR,2026-03-16,2026-09-04T15:50:41Z,Coinbase,2,,,engine/technical/README.md,
ADA,crypto,tecnico,atr14,0.013857,,EUR,2026-03-17,2026-09-04T15:50:41Z,Coinbase,2,,,engine/technical/README.md,
ADA,crypto,tecnico,atr14,0.014395,,EUR,2026-03-18,2026-09-04T15:50:41Z,Coinbase,2,,,engine/technical/README.md,
ADA,crypto,tecnico,atr14,0.014324,,EUR,2026-03-19,2026-09-04T15:50:41Z,Coinbase,2,,,engine/technical/README.md,
ADA,crypto,tecnico,atr14,0.013987,,EUR,2026-03-20,2026-09-04T15:50:41Z,Coinbase,2,,,engine/technical/README.md,
ADA,crypto,tecnico,atr14,0.013702,,EUR,2026-03-21,2026-09-04T15:50:41Z,Coinbase,2,,,engine/technical/README.md,
ADA,crypto,tecnico,atr14,0.013416,,EUR,2026-03-22,2026-09-04T15:50:41Z,Coinbase,2,,,engine/technical/README.md,
ADA,crypto,tecnico,atr14,0.013501,,EUR,2026-03-23,2026-09-04T15:50:41Z,Coinbase,2,,,engine/technical/README.md,
ADA,crypto,tecnico,atr14,0.013122,,EUR,2026-03-24,2026-09-04T15:50:41Z,Coinbase,2,,,engine/technical/README.md,
ADA,crypto,tecnico,atr14,0.012892,,EUR,2026-03-25,2026-09-04T15:50:41Z,Coinbase,2,,,engine/technical/README.md,
ADA,crypto,tecnico,atr14,0.013028,,EUR,2026-03-26,2026-09-04T15:50:41Z,Coinbase,2,,,engine/technical/README.md,
ADA,crypto,tecnico,atr14,0.012755,,EUR,2026-03-27,2026-09-04T15:50:41Z,Coinbase,2,,,engine/technical/README.md,
ADA,crypto,tecnico,atr14,0.012394,,EUR,2026-03-28,2026-09-04T15:50:41Z,Coinbase,2,,,engine/technical/README.md,
ADA,crypto,tecnico,atr14,0.012394,,EUR,2026-03-29,2026-09-04T15:50:41Z,Coinbase,2,,,engine/technical/README.md,
ADA,crypto,tecnico,atr14,0.012316,,EUR,2026-03-30,2026-09-04T15:50:41Z,Coinbase,2,,,engine/technical/README.md,
ADA,crypto,tecnico,atr14,0.012393,,EUR,2026-03-31,2026-09-04T15:50:41Z,Coinbase,2,,,engine/technical/README.md,
ADA,crypto,tecnico,atr14,0.012308,,EUR,2026-04-01,2026-09-04T15:50:41Z,Coinbase,2,,,engine/technical/README.md,
ADA,crypto,tecnico,atr14,0.0123,,EUR,2026-04-02,2026-09-04T15:50:41Z,Coinbase,2,,,engine/technical/README.md,
ADA,crypto,tecnico,atr14,0.012208,,EUR,2026-04-03,2026-09-04T15:50:41Z,Coinbase,2,,,engine/technical/README.md,
ADA,crypto,tecnico,atr14,0.01175,,EUR,2026-04-04,2026-09-04T15:50:41Z,Coinbase,2,,,engine/technical/README.md,
ADA,crypto,tecnico,atr14,0.011632,,EUR,2026-04-05,2026-09-04T15:50:41Z,Coinbase,2,,,engine/technical/README.md,
ADA,crypto,tecnico,atr14,0.01173,,EUR,2026-04-06,2026-09-04T15:50:41Z,Coinbase,2,,,engine/technical/README.md,
ADA,crypto,tecnico,atr14,0.012335,,EUR,2026-04-07,2026-09-04T15:50:41Z,Coinbase,2,,,engine/technical/README.md,
ADA,crypto,tecnico,atr14,0.012304,,EUR,2026-04-08,2026-09-04T15:50:41Z,Coinbase,2,,,engine/technical/README.md,
ADA,crypto,tecnico,atr14,0.012175,,EUR,2026-04-09,2026-09-04T15:50:41Z,Coinbase,2,,,engine/technical/README.md,
ADA,crypto,tecnico,atr14,0.011834,,EUR,2026-04-10,2026-09-04T15:50:41Z,Coinbase,2,,,engine/technical/README.md,
ADA,crypto,tecnico,atr14,0.01151,,EUR,2026-04-11,2026-09-04T15:50:41Z,Coinbase,2,,,engine/technical/README.md,
ADA,crypto,tecnico,atr14,0.011531,,EUR,2026-04-12,2026-09-04T15:50:41Z,Coinbase,2,,,engine/technical/README.md,
ADA,crypto,tecnico,atr14,0.011371,,EUR,2026-04-13,2026-09-04T15:50:41Z,Coinbase,2,,,engine/technical/README.md,
ADA,crypto,tecnico,atr14,0.011231,,EUR,2026-04-14,2026-09-04T15:50:41Z,Coinbase,2,,,engine/technical/README.md,
ADA,crypto,tecnico,atr14,0.011143,,EUR,2026-04-15,2026-09-04T15:50:41Z,Coinbase,2,,,engine/technical/README.md,
ADA,crypto,tecnico,atr14,0.01144,,EUR,2026-04-16,2026-09-04T15:50:41Z,Coinbase,2,,,engine/technical/README.md,
ADA,crypto,tecnico,atr14,0.011522,,EUR,2026-04-17,2026-09-04T15:50:41Z,Coinbase,2,,,engine/technical/README.md,
ADA,crypto,tecnico,atr14,0.011435,,EUR,2026-04-18,2026-09-04T15:50:41Z,Coinbase,2,,,engine/technical/README.md,
ADA,crypto,tecnico,atr14,0.011197,,EUR,2026-04-19,2026-09-04T15:50:41Z,Coinbase,2,,,engine/technical/README.md,
ADA,crypto,tecnico,atr14,0.01089,,EUR,2026-04-20,2026-09-04T15:50:41Z,Coinbase,2,,,engine/technical/README.md,
ADA,crypto,tecnico,atr14,0.010526,,EUR,2026-04-21,2026-09-04T15:50:41Z,Coinbase,2,,,engine/technical/README.md,
ADA,crypto,tecnico,atr14,0.010267,,EUR,2026-04-22,2026-09-04T15:50:41Z,Coinbase,2,,,engine/technical/README.md,
ADA,crypto,tecnico,atr14,0.00987,,EUR,2026-04-23,2026-09-04T15:50:41Z,Coinbase,2,,,engine/technical/README.md,
ADA,crypto,tecnico,atr14,0.009429,,EUR,2026-04-24,2026-09-04T15:50:41Z,Coinbase,2,,,engine/technical/README.md,
ADA,crypto,tecnico,atr14,0.009098,,EUR,2026-04-25,2026-09-04T15:50:41Z,Coinbase,2,,,engine/technical/README.md,
ADA,crypto,tecnico,atr14,0.008791,,EUR,2026-04-26,2026-09-04T15:50:41Z,Coinbase,2,,,engine/technical/README.md,
ADA,crypto,tecnico,atr14,0.008949,,EUR,2026-04-27,2026-09-04T15:50:41Z,Coinbase,2,,,engine/technical/README.md,
ADA,crypto,tecnico,atr14,0.008553,,EUR,2026-04-28,2026-09-04T15:50:41Z,Coinbase,2,,,engine/technical/README.md,
ADA,crypto,tecnico,atr14,0.008828,,EUR,2026-04-29,2026-09-04T15:50:41Z,Coinbase,2,,,engine/technical/README.md,
ADA,crypto,tecnico,atr14,0.008411,,EUR,2026-04-30,2026-09-04T15:50:41Z,Coinbase,2,,,engine/technical/README.md,
ADA,crypto,tecnico,atr14,0.008082,,EUR,2026-05-01,2026-09-04T15:50:41Z,Coinbase,2,,,engine/technical/README.md,
ADA,crypto,tecnico,atr14,0.007833,,EUR,2026-05-02,2026-09-04T15:50:41Z,Coinbase,2,,,engine/technical/README.md,
ADA,crypto,tecnico,atr14,0.007517,,EUR,2026-05-03,2026-09-04T15:50:41Z,Coinbase,2,,,engine/technical/README.md,
ADA,crypto,tecnico,atr14,0.007415,,EUR,2026-05-04,2026-09-04T15:50:41Z,Coinbase,2,,,engine/technical/README.md,
ADA,crypto,tecnico,atr14,0.00785,,EUR,2026-05-05,2026-09-04T15:50:41Z,Coinbase,2,,,engine/technical/README.md,
ADA,crypto,tecnico,atr14,0.008032,,EUR,2026-05-06,2026-09-04T15:50:41Z,Coinbase,2,,,engine/technical/README.md,
ADA,crypto,tecnico,atr14,0.008066,,EUR,2026-05-07,2026-09-04T15:50:41Z,Coinbase,2,,,engine/technical/README.md,
ADA,crypto,tecnico,atr14,0.008468,,EUR,2026-05-08,2026-09-04T15:50:41Z,Coinbase,2,,,engine/technical/README.md,
ADA,crypto,tecnico,atr14,0.008399,,EUR,2026-05-09,2026-09-04T15:50:41Z,Coinbase,2,,,engine/technical/README.md,
ADA,crypto,tecnico,atr14,0.008992,,EUR,2026-05-10,2026-09-04T15:50:41Z,Coinbase,2,,,engine/technical/README.md,
ADA,crypto,tecnico,atr14,0.008878,,EUR,2026-05-11,2026-09-04T15:50:41Z,Coinbase,2,,,engine/technical/README.md,
ADA,crypto,tecnico,atr14,0.009044,,EUR,2026-05-12,2026-09-04T15:50:41Z,Coinbase,2,,,engine/technical/README.md,
ADA,crypto,tecnico,atr14,0.009398,,EUR,2026-05-13,2026-09-04T15:50:41Z,Coinbase,2,,,engine/technical/README.md,
ADA,crypto,tecnico,atr14,0.009877,,EUR,2026-05-14,2026-09-04T15:50:41Z,Coinbase,2,,,engine/technical/README.md,
ADA,crypto,tecnico,atr14,0.010093,,EUR,2026-05-15,2026-09-04T15:50:41Z,Coinbase,2,,,engine/technical/README.md,
ADA,crypto,tecnico,atr14,0.009993,,EUR,2026-05-16,2026-09-04T15:50:41Z,Coinbase,2,,,engine/technical/README.md,
ADA,crypto,tecnico,atr14,0.010037,,EUR,2026-05-17,2026-09-04T15:50:41Z,Coinbase,2,,,engine/technical/README.md,
ADA,crypto,tecnico,atr14,0.00977,,EUR,2026-05-18,2026-09-04T15:50:41Z,Coinbase,2,,,engine/technical/README.md,
ADA,crypto,tecnico,atr14,0.009386,,EUR,2026-05-19,2026-09-04T15:50:41Z,Coinbase,2,,,engine/technical/README.md,
ADA,crypto,tecnico,atr14,0.008958,,EUR,2026-05-20,2026-09-04T15:50:41Z,Coinbase,2,,,engine/technical/README.md,
ADA,crypto,tecnico,atr14,0.008776,,EUR,2026-05-21,2026-09-04T15:50:41Z,Coinbase,2,,,engine/technical/README.md,
ADA,crypto,tecnico,atr14,0.008942,,EUR,2026-05-22,2026-09-04T15:50:41Z,Coinbase,2,,,engine/technical/README.md,
ADA,crypto,tecnico,atr14,0.009182,,EUR,2026-05-23,2026-09-04T15:50:41Z,Coinbase,2,,,engine/technical/README.md,
ADA,crypto,tecnico,atr14,0.009069,,EUR,2026-05-24,2026-09-04T15:50:41Z,Coinbase,2,,,engine/technical/README.md,
ADA,crypto,tecnico,atr14,0.008864,,EUR,2026-05-25,2026-09-04T15:50:41Z,Coinbase,2,,,engine/technical/README.md,
ADA,crypto,tecnico,atr14,0.008788,,EUR,2026-05-26,2026-09-04T15:50:41Z,Coinbase,2,,,engine/technical/README.md,
ADA,crypto,tecnico,atr14,0.00861,,EUR,2026-05-27,2026-09-04T15:50:41Z,Coinbase,2,,,engine/technical/README.md,
ADA,crypto,tecnico,atr14,0.008566,,EUR,2026-05-28,2026-09-04T15:50:41Z,Coinbase,2,,,engine/technical/README.md,
ADA,crypto,tecnico,atr14,0.008405,,EUR,2026-05-29,2026-09-04T15:50:41Z,Coinbase,2,,,engine/technical/README.md,
ADA,crypto,tecnico,atr14,0.008211,,EUR,2026-05-30,2026-09-04T15:50:41Z,Coinbase,2,,,engine/technical/README.md,
ADA,crypto,tecnico,atr14,0.008025,,EUR,2026-05-31,2026-09-04T15:50:41Z,Coinbase,2,,,engine/technical/README.md,
ADA,crypto,tecnico,atr14,0.008166,,EUR,2026-06-01,2026-09-04T15:50:41Z,Coinbase,2,,,engine/technical/README.md,
ADA,crypto,tecnico,atr14,0.008897,,EUR,2026-06-02,2026-09-04T15:50:41Z,Coinbase,2,,,engine/technical/README.md,
ADA,crypto,tecnico,atr14,0.009369,,EUR,2026-06-03,2026-09-04T15:50:41Z,Coinbase,2,,,engine/technical/README.md,
ADA,crypto,tecnico,atr14,0.010099,,EUR,2026-06-04,2026-09-04T15:50:41Z,Coinbase,2,,,engine/technical/README.md,
ADA,crypto,tecnico,atr14,0.010842,,EUR,2026-06-05,2026-09-04T15:50:41Z,Coinbase,2,,,engine/technical/README.md,
ADA,crypto,tecnico,atr14,0.010918,,EUR,2026-06-06,2026-09-04T15:50:41Z,Coinbase,2,,,engine/technical/README.md,
ADA,crypto,tecnico,atr14,0.010852,,EUR,2026-06-07,2026-09-04T15:50:41Z,Coinbase,2,,,engine/technical/README.md,
ADA,crypto,tecnico,atr14,0.010963,,EUR,2026-06-08,2026-09-04T15:50:41Z,Coinbase,2,,,engine/technical/README.md,
ADA,crypto,tecnico,atr14,0.010808,,EUR,2026-06-09,2026-09-04T15:50:41Z,Coinbase,2,,,engine/technical/README.md,
ADA,crypto,tecnico,atr14,0.010551,,EUR,2026-06-10,2026-09-04T15:50:41Z,Coinbase,2,,,engine/technical/README.md,
ADA,crypto,tecnico,atr14,0.010476,,EUR,2026-06-11,2026-09-04T15:50:41Z,Coinbase,2,,,engine/technical/README.md,
ADA,crypto,tecnico,atr14,0.010142,,EUR,2026-06-12,2026-09-04T15:50:41Z,Coinbase,2,,,engine/technical/README.md,
ADA,crypto,tecnico,atr14,0.009824,,EUR,2026-06-13,2026-09-04T15:50:41Z,Coinbase,2,,,engine/technical/README.md,
ADA,crypto,tecnico,atr14,0.010201,,EUR,2026-06-14,2026-09-04T15:50:41Z,Coinbase,2,,,engine/technical/README.md,
ADA,crypto,tecnico,atr14,0.010244,,EUR,2026-06-15,2026-09-04T15:50:41Z,Coinbase,2,,,engine/technical/README.md,
ADA,crypto,tecnico,atr14,0.010105,,EUR,2026-06-16,2026-09-04T15:50:41Z,Coinbase,2,,,engine/technical/README.md,
ADA,crypto,tecnico,atr14,0.009962,,EUR,2026-06-17,2026-09-04T15:50:41Z,Coinbase,2,,,engine/technical/README.md,
ADA,crypto,tecnico,atr14,0.009765,,EUR,2026-06-18,2026-09-04T15:50:41Z,Coinbase,2,,,engine/technical/README.md,
ADA,crypto,tecnico,atr14,0.009453,,EUR,2026-06-19,2026-09-04T15:50:41Z,Coinbase,2,,,engine/technical/README.md,
ADA,crypto,tecnico,atr14,0.009085,,EUR,2026-06-20,2026-09-04T15:50:41Z,Coinbase,2,,,engine/technical/README.md,
ADA,crypto,tecnico,atr14,0.008879,,EUR,2026-06-21,2026-09-04T15:50:41Z,Coinbase,2,,,engine/technical/README.md,
ADA,crypto,tecnico,atr14,0.00868,,EUR,2026-06-22,2026-09-04T15:50:41Z,Coinbase,2,,,engine/technical/README.md,
ADA,crypto,tecnico,atr14,0.008682,,EUR,2026-06-23,2026-09-04T15:50:41Z,Coinbase,2,,,engine/technical/README.md,
ADA,crypto,tecnico,atr14,0.008947,,EUR,2026-06-24,2026-09-04T15:50:41Z,Coinbase,2,,,engine/technical/README.md,
ADA,crypto,tecnico,atr14,0.00908,,EUR,2026-06-25,2026-09-04T15:50:41Z,Coinbase,2,,,engine/technical/README.md,
ADA,crypto,tecnico,atr14,0.009102,,EUR,2026-06-26,2026-09-04T15:50:41Z,Coinbase,2,,,engine/technical/README.md,
ADA,crypto,tecnico,atr14,0.008824,,EUR,2026-06-27,2026-09-04T15:50:41Z,Coinbase,2,,,engine/technical/README.md,
ADA,crypto,tecnico,atr14,0.008522,,EUR,2026-06-28,2026-09-04T15:50:41Z,Coinbase,2,,,engine/technical/README.md,
ADA,crypto,tecnico,atr14,0.008306,,EUR,2026-06-29,2026-09-04T15:50:41Z,Coinbase,2,,,engine/technical/README.md,
ADA,crypto,tecnico,atr14,0.007963,,EUR,2026-06-30,2026-09-04T15:50:41Z,Coinbase,2,,,engine/technical/README.md,
ADA,crypto,tecnico,atr14,0.008416,,EUR,2026-07-01,2026-09-04T15:50:41Z,Coinbase,2,,,engine/technical/README.md,
ADA,crypto,tecnico,atr14,0.008407,,EUR,2026-07-02,2026-09-04T15:50:41Z,Coinbase,2,,,engine/technical/README.md,
ADA,crypto,tecnico,atr14,0.0092,,EUR,2026-07-03,2026-09-04T15:50:41Z,Coinbase,2,,,engine/technical/README.md,
ADA,crypto,tecnico,atr14,0.010107,,EUR,2026-07-04,2026-09-04T15:50:41Z,Coinbase,2,,,engine/technical/README.md,
ADA,crypto,tecnico,atr14,0.009992,,EUR,2026-07-05,2026-09-04T15:50:41Z,Coinbase,2,,,engine/technical/README.md,
ADA,crypto,tecnico,atr14,0.010028,,EUR,2026-07-06,2026-09-04T15:50:41Z,Coinbase,2,,,engine/technical/README.md,
ADA,crypto,tecnico,atr14,0.010005,,EUR,2026-07-07,2026-09-04T15:50:41Z,Coinbase,2,,,engine/technical/README.md,
ADA,crypto,tecnico,atr14,0.009997,,EUR,2026-07-08,2026-09-04T15:50:41Z,Coinbase,2,,,engine/technical/README.md,
ADA,crypto,tecnico,atr14,0.00959,,EUR,2026-07-09,2026-09-04T15:50:41Z,Coinbase,2,,,engine/technical/README.md,
ADA,crypto,tecnico,atr14,0.009177,,EUR,2026-07-10,2026-09-04T15:50:41Z,Coinbase,2,,,engine/technical/README.md,
ADA,crypto,tecnico,atr14,0.009078,,EUR,2026-07-11,2026-09-04T15:50:41Z,Coinbase,2,,,engine/technical/README.md,
ADA,crypto,tecnico,atr14,0.008759,,EUR,2026-07-12,2026-09-04T15:50:41Z,Coinbase,2,,,engine/technical/README.md,
ADA,crypto,tecnico,atr14,0.008683,,EUR,2026-07-13,2026-09-04T15:50:41Z,Coinbase,2,,,engine/technical/README.md,
ADA,crypto,tecnico,atr14,0.008748,,EUR,2026-07-14,2026-09-04T15:50:41Z,Coinbase,2,,,engine/technical/README.md,
ADA,crypto,tecnico,atr14,0.008595,,EUR,2026-07-15,2026-09-04T15:50:41Z,Coinbase,2,,,engine/technical/README.md,
ADA,crypto,tecnico,atr14,0.008374,,EUR,2026-07-16,2026-09-04T15:50:41Z,Coinbase,2,,,engine/technical/README.md,
ADA,crypto,tecnico,atr14,0.008383,,EUR,2026-07-17,2026-09-04T15:50:41Z,Coinbase,2,,,engine/technical/README.md,
ADA,crypto,tecnico,atr14,0.008148,,EUR,2026-07-18,2026-09-04T15:50:41Z,Coinbase,2,,,engine/technical/README.md,
ADA,crypto,tecnico,atr14,0.007859,,EUR,2026-07-19,2026-09-04T15:50:41Z,Coinbase,2,,,engine/technical/README.md,
ADA,crypto,tecnico,atr14,0.008019,,EUR,2026-07-20,2026-09-04T15:50:41Z,Coinbase,2,,,engine/technical/README.md,
ADA,crypto,tecnico,atr14,0.007932,,EUR,2026-07-21,2026-09-04T15:50:41Z,Coinbase,2,,,engine/technical/README.md,
ADA,crypto,tecnico,atr14,0.008001,,EUR,2026-07-22,2026-09-04T15:50:41Z,Coinbase,2,,,engine/technical/README.md,
ADA,crypto,tecnico,atr14,0.00793,,EUR,2026-07-23,2026-09-04T15:50:41Z,Coinbase,2,,,engine/technical/README.md,
ADA,crypto,tecnico,atr14,0.007706,,EUR,2026-07-24,2026-09-04T15:50:41Z,Coinbase,2,,,engine/technical/README.md,
ADA,crypto,tecnico,atr14,0.007499,,EUR,2026-07-25,2026-09-04T15:50:41Z,Coinbase,2,,,engine/technical/README.md,
ADA,crypto,tecnico,atr14,0.007113,,EUR,2026-07-26,2026-09-04T15:50:41Z,Coinbase,2,,,engine/technical/README.md,
ADA,crypto,tecnico,atr14,0.007405,,EUR,2026-07-27,2026-09-04T15:50:41Z,Coinbase,2,,,engine/technical/README.md,
ADA,crypto,tecnico,atr14,0.007476,,EUR,2026-07-28,2026-09-04T15:50:41Z,Coinbase,2,,,engine/technical/README.md,
ADA,crypto,tecnico,atr14,0.007478,,EUR,2026-07-29,2026-09-04T15:50:41Z,Coinbase,2,,,engine/technical/README.md,
ADA,crypto,tecnico,atr14,0.007794,,EUR,2026-07-30,2026-09-04T15:50:41Z,Coinbase,2,,,engine/technical/README.md,
ADA,crypto,tecnico,atr14,0.007544,,EUR,2026-07-31,2026-09-04T15:50:41Z,Coinbase,2,,,engine/technical/README.md,
ADA,crypto,tecnico,atr14,0.007512,,EUR,2026-08-01,2026-09-04T15:50:41Z,Coinbase,2,,,engine/technical/README.md,
ADA,crypto,tecnico,atr14,0.008154,,EUR,2026-08-02,2026-09-04T15:50:41Z,Coinbase,2,,,engine/technical/README.md,
ADA,crypto,tecnico,atr14,0.008493,,EUR,2026-08-03,2026-09-04T15:50:41Z,Coinbase,2,,,engine/technical/README.md,
ADA,crypto,tecnico,atr14,0.008401,,EUR,2026-08-04,2026-09-04T15:50:41Z,Coinbase,2,,,engine/technical/README.md,
ADA,crypto,tecnico,atr14,0.008444,,EUR,2026-08-05,2026-09-04T15:50:41Z,Coinbase,2,,,engine/technical/README.md,
ADA,crypto,tecnico,atr14,0.009426,,EUR,2026-08-06,2026-09-04T15:50:41Z,Coinbase,2,,,engine/technical/README.md,
ADA,crypto,tecnico,atr14,0.009224,,EUR,2026-08-07,2026-09-04T15:50:41Z,Coinbase,2,,,engine/technical/README.md,
ADA,crypto,tecnico,atr14,0.008823,,EUR,2026-08-08,2026-09-04T15:50:41Z,Coinbase,2,,,engine/technical/README.md,
ADA,crypto,tecnico,atr14,0.008578,,EUR,2026-08-09,2026-09-04T15:50:41Z,Coinbase,2,,,engine/technical/README.md,
ADA,crypto,tecnico,atr14,0.008501,,EUR,2026-08-10,2026-09-04T15:50:41Z,Coinbase,2,,,engine/technical/README.md,
ADA,crypto,tecnico,atr14,0.008358,,EUR,2026-08-11,2026-09-04T15:50:41Z,Coinbase,2,,,engine/technical/README.md,
ADA,crypto,tecnico,atr14,0.008218,,EUR,2026-08-12,2026-09-04T15:50:41Z,Coinbase,2,,,engine/technical/README.md,
ADA,crypto,tecnico,atr14,0.008003,,EUR,2026-08-13,2026-09-04T15:50:41Z,Coinbase,2,,,engine/technical/README.md,
ADA,crypto,tecnico,atr14,0.007803,,EUR,2026-08-14,2026-09-04T15:50:41Z,Coinbase,2,,,engine/technical/README.md,
ADA,crypto,tecnico,atr14,0.007595,,EUR,2026-08-15,2026-09-04T15:50:41Z,Coinbase,2,,,engine/technical/README.md,
ADA,crypto,tecnico,atr14,0.007338,,EUR,2026-08-16,2026-09-04T15:50:41Z,Coinbase,2,,,engine/technical/README.md,
ADA,crypto,tecnico,atr14,0.007129,,EUR,2026-08-17,2026-09-04T15:50:41Z,Coinbase,2,,,engine/technical/README.md,
ADA,crypto,tecnico,atr14,0.006969,,EUR,2026-08-18,2026-09-04T15:50:41Z,Coinbase,2,,,engine/technical/README.md,
ADA,crypto,tecnico,atr14,0.007588,,EUR,2026-08-19,2026-09-04T15:50:41Z,Coinbase,2,,,engine/technical/README.md,
ADA,crypto,tecnico,atr14,0.008375,,EUR,2026-08-20,2026-09-04T15:50:41Z,Coinbase,2,,,engine/technical/README.md,
ADA,crypto,tecnico,atr14,0.009879,,EUR,2026-08-21,2026-09-04T15:50:41Z,Coinbase,2,,,engine/technical/README.md,
ADA,crypto,tecnico,atr14,0.012338,,EUR,2026-08-22,2026-09-04T15:50:41Z,Coinbase,2,,,engine/technical/README.md,
ADA,crypto,tecnico,atr14,0.012787,,EUR,2026-08-23,2026-09-04T15:50:41Z,Coinbase,2,,,engine/technical/README.md,
ADA,crypto,tecnico,atr14,0.012805,,EUR,2026-08-24,2026-09-04T15:50:41Z,Coinbase,2,,,engine/technical/README.md,
ADA,crypto,tecnico,atr14,0.013351,,EUR,2026-08-25,2026-09-04T15:50:41Z,Coinbase,2,,,engine/technical/README.md,
ADA,crypto,tecnico,atr14,0.013023,,EUR,2026-08-26,2026-09-04T15:50:41Z,Coinbase,2,,,engine/technical/README.md,
ADA,crypto,tecnico,atr14,0.0127,,EUR,2026-08-27,2026-09-04T15:50:41Z,Coinbase,2,,,engine/technical/README.md,
ADA,crypto,tecnico,atr14,0.012858,,EUR,2026-08-28,2026-09-04T15:50:41Z,Coinbase,2,,,engine/technical/README.md,
ADA,crypto,tecnico,atr14,0.012221,,EUR,2026-08-29,2026-09-04T15:50:41Z,Coinbase,2,,,engine/technical/README.md,
ADA,crypto,tecnico,atr14,0.012368,,EUR,2026-08-30,2026-09-04T15:50:41Z,Coinbase,2,,,engine/technical/README.md,
ADA,crypto,tecnico,atr14,0.012023,,EUR,2026-08-31,2026-09-04T15:50:41Z,Coinbase,2,,,engine/technical/README.md,
ADA,crypto,tecnico,atr14,0.011727,,EUR,2026-09-01,2026-09-04T15:50:41Z,Coinbase,2,,,engine/technical/README.md,
ADA,crypto,tecnico,atr14,0.011436,,EUR,2026-09-02,2026-09-04T15:50:41Z,Coinbase,2,,,engine/technical/README.md,
ADA,crypto,tecnico,atr14,0.010933,,EUR,2026-09-03,2026-09-03T12:15:39Z,Kraken,2,100,,engine/technical/README.md,
ADA,crypto,tecnico,atr14,0.011544,,EUR,2026-09-04,2026-09-04T10:11:47Z,Kraken,2,100,,engine/technical/README.md,
ADA,crypto,tecnico,atr14_pct_precio,6.68,,%,2026-01-01,2026-09-04T15:50:41Z,Coinbase,2,,,engine/technical/README.md,
ADA,crypto,tecnico,atr14_pct_precio,6.34,,%,2026-01-02,2026-09-04T15:50:41Z,Coinbase,2,,,engine/technical/README.md,
ADA,crypto,tecnico,atr14_pct_precio,6.28,,%,2026-01-03,2026-09-04T15:50:41Z,Coinbase,2,,,engine/technical/README.md,
ADA,crypto,tecnico,atr14_pct_precio,5.96,,%,2026-01-04,2026-09-04T15:50:41Z,Coinbase,2,,,engine/technical/README.md,
ADA,crypto,tecnico,atr14_pct_precio,5.77,,%,2026-01-05,2026-09-04T15:50:41Z,Coinbase,2,,,engine/technical/README.md,
ADA,crypto,tecnico,atr14_pct_precio,5.98,,%,2026-01-06,2026-09-04T15:50:41Z,Coinbase,2,,,engine/technical/README.md,
ADA,crypto,tecnico,atr14_pct_precio,6.23,,%,2026-01-07,2026-09-04T15:50:41Z,Coinbase,2,,,engine/technical/README.md,
ADA,crypto,tecnico,atr14_pct_precio,6.21,,%,2026-01-08,2026-09-04T15:50:41Z,Coinbase,2,,,engine/technical/README.md,
ADA,crypto,tecnico,atr14_pct_precio,6.15,,%,2026-01-09,2026-09-04T15:50:41Z,Coinbase,2,,,engine/technical/README.md,
ADA,crypto,tecnico,atr14_pct_precio,5.89,,%,2026-01-10,2026-09-04T15:50:41Z,Coinbase,2,,,engine/technical/README.md,
ADA,crypto,tecnico,atr14_pct_precio,5.67,,%,2026-01-11,2026-09-04T15:50:41Z,Coinbase,2,,,engine/technical/README.md,
ADA,crypto,tecnico,atr14_pct_precio,5.76,,%,2026-01-12,2026-09-04T15:50:41Z,Coinbase,2,,,engine/technical/README.md,
ADA,crypto,tecnico,atr14_pct_precio,5.59,,%,2026-01-13,2026-09-04T15:50:41Z,Coinbase,2,,,engine/technical/README.md,
ADA,crypto,tecnico,atr14_pct_precio,5.58,,%,2026-01-14,2026-09-04T15:50:41Z,Coinbase,2,,,engine/technical/README.md,
ADA,crypto,tecnico,atr14_pct_precio,5.86,,%,2026-01-15,2026-09-04T15:50:41Z,Coinbase,2,,,engine/technical/README.md,
ADA,crypto,tecnico,atr14_pct_precio,5.76,,%,2026-01-16,2026-09-04T15:50:41Z,Coinbase,2,,,engine/technical/README.md,
ADA,crypto,tecnico,atr14_pct_precio,5.51,,%,2026-01-17,2026-09-04T15:50:41Z,Coinbase,2,,,engine/technical/README.md,
ADA,crypto,tecnico,atr14_pct_precio,5.93,,%,2026-01-18,2026-09-04T15:50:41Z,Coinbase,2,,,engine/technical/README.md,
ADA,crypto,tecnico,atr14_pct_precio,6.03,,%,2026-01-19,2026-09-04T15:50:41Z,Coinbase,2,,,engine/technical/README.md,
ADA,crypto,tecnico,atr14_pct_precio,6.45,,%,2026-01-20,2026-09-04T15:50:41Z,Coinbase,2,,,engine/technical/README.md,
ADA,crypto,tecnico,atr14_pct_precio,6.26,,%,2026-01-21,2026-09-04T15:50:41Z,Coinbase,2,,,engine/technical/README.md,
ADA,crypto,tecnico,atr14_pct_precio,6.25,,%,2026-01-22,2026-09-04T15:50:41Z,Coinbase,2,,,engine/technical/README.md,
ADA,crypto,tecnico,atr14_pct_precio,6.16,,%,2026-01-23,2026-09-04T15:50:41Z,Coinbase,2,,,engine/technical/README.md,
ADA,crypto,tecnico,atr14_pct_precio,5.87,,%,2026-01-24,2026-09-04T15:50:41Z,Coinbase,2,,,engine/technical/README.md,
ADA,crypto,tecnico,atr14_pct_precio,6.36,,%,2026-01-25,2026-09-04T15:50:41Z,Coinbase,2,,,engine/technical/README.md,
ADA,crypto,tecnico,atr14_pct_precio,6.09,,%,2026-01-26,2026-09-04T15:50:41Z,Coinbase,2,,,engine/technical/README.md,
ADA,crypto,tecnico,atr14_pct_precio,5.84,,%,2026-01-27,2026-09-04T15:50:41Z,Coinbase,2,,,engine/technical/README.md,
ADA,crypto,tecnico,atr14_pct_precio,5.65,,%,2026-01-28,2026-09-04T15:50:41Z,Coinbase,2,,,engine/technical/README.md,
ADA,crypto,tecnico,atr14_pct_precio,6.27,,%,2026-01-29,2026-09-04T15:50:41Z,Coinbase,2,,,engine/technical/README.md,
ADA,crypto,tecnico,atr14_pct_precio,6.4,,%,2026-01-30,2026-09-04T15:50:41Z,Coinbase,2,,,engine/technical/README.md,
ADA,crypto,tecnico,atr14_pct_precio,7.73,,%,2026-01-31,2026-09-04T15:50:41Z,Coinbase,2,,,engine/technical/README.md,
ADA,crypto,tecnico,atr14_pct_precio,7.89,,%,2026-02-01,2026-09-04T15:50:41Z,Coinbase,2,,,engine/technical/README.md,
ADA,crypto,tecnico,atr14_pct_precio,7.68,,%,2026-02-02,2026-09-04T15:50:41Z,Coinbase,2,,,engine/technical/README.md,
ADA,crypto,tecnico,atr14_pct_precio,7.88,,%,2026-02-03,2026-09-04T15:50:41Z,Coinbase,2,,,engine/technical/README.md,
ADA,crypto,tecnico,atr14_pct_precio,8.01,,%,2026-02-04,2026-09-04T15:50:41Z,Coinbase,2,,,engine/technical/README.md,
ADA,crypto,tecnico,atr14_pct_precio,9.97,,%,2026-02-05,2026-09-04T15:50:41Z,Coinbase,2,,,engine/technical/README.md,
ADA,crypto,tecnico,atr14_pct_precio,9.86,,%,2026-02-06,2026-09-04T15:50:41Z,Coinbase,2,,,engine/technical/README.md,
ADA,crypto,tecnico,atr14_pct_precio,9.61,,%,2026-02-07,2026-09-04T15:50:41Z,Coinbase,2,,,engine/technical/README.md,
ADA,crypto,tecnico,atr14_pct_precio,9.24,,%,2026-02-08,2026-09-04T15:50:41Z,Coinbase,2,,,engine/technical/README.md,
ADA,crypto,tecnico,atr14_pct_precio,9.04,,%,2026-02-09,2026-09-04T15:50:41Z,Coinbase,2,,,engine/technical/README.md,
ADA,crypto,tecnico,atr14_pct_precio,8.93,,%,2026-02-10,2026-09-04T15:50:41Z,Coinbase,2,,,engine/technical/README.md,
ADA,crypto,tecnico,atr14_pct_precio,8.85,,%,2026-02-11,2026-09-04T15:50:41Z,Coinbase,2,,,engine/technical/README.md,
ADA,crypto,tecnico,atr14_pct_precio,8.32,,%,2026-02-12,2026-09-04T15:50:41Z,Coinbase,2,,,engine/technical/README.md,
ADA,crypto,tecnico,atr14_pct_precio,7.9,,%,2026-02-13,2026-09-04T15:50:41Z,Coinbase,2,,,engine/technical/README.md,
ADA,crypto,tecnico,atr14_pct_precio,7.46,,%,2026-02-14,2026-09-04T15:50:41Z,Coinbase,2,,,engine/technical/README.md,
ADA,crypto,tecnico,atr14_pct_precio,7.89,,%,2026-02-15,2026-09-04T15:50:41Z,Coinbase,2,,,engine/technical/README.md,
ADA,crypto,tecnico,atr14_pct_precio,7.52,,%,2026-02-16,2026-09-04T15:50:41Z,Coinbase,2,,,engine/technical/README.md,
ADA,crypto,tecnico,atr14_pct_precio,7.41,,%,2026-02-17,2026-09-04T15:50:41Z,Coinbase,2,,,engine/technical/README.md,
ADA,crypto,tecnico,atr14_pct_precio,7.41,,%,2026-02-18,2026-09-04T15:50:41Z,Coinbase,2,,,engine/technical/README.md,
ADA,crypto,tecnico,atr14_pct_precio,7.14,,%,2026-02-19,2026-09-04T15:50:41Z,Coinbase,2,,,engine/technical/README.md,
ADA,crypto,tecnico,atr14_pct_precio,6.95,,%,2026-02-20,2026-09-04T15:50:41Z,Coinbase,2,,,engine/technical/README.md,
ADA,crypto,tecnico,atr14_pct_precio,6.73,,%,2026-02-21,2026-09-04T15:50:41Z,Coinbase,2,,,engine/technical/README.md,
ADA,crypto,tecnico,atr14_pct_precio,6.77,,%,2026-02-22,2026-09-04T15:50:41Z,Coinbase,2,,,engine/technical/README.md,
ADA,crypto,tecnico,atr14_pct_precio,6.98,,%,2026-02-23,2026-09-04T15:50:41Z,Coinbase,2,,,engine/technical/README.md,
ADA,crypto,tecnico,atr14_pct_precio,6.86,,%,2026-02-24,2026-09-04T15:50:41Z,Coinbase,2,,,engine/technical/README.md,
ADA,crypto,tecnico,atr14_pct_precio,6.88,,%,2026-02-25,2026-09-04T15:50:41Z,Coinbase,2,,,engine/technical/README.md,
ADA,crypto,tecnico,atr14_pct_precio,7.04,,%,2026-02-26,2026-09-04T15:50:41Z,Coinbase,2,,,engine/technical/README.md,
ADA,crypto,tecnico,atr14_pct_precio,7.37,,%,2026-02-27,2026-09-04T15:50:41Z,Coinbase,2,,,engine/technical/README.md,
ADA,crypto,tecnico,atr14_pct_precio,7.36,,%,2026-02-28,2026-09-04T15:50:41Z,Coinbase,2,,,engine/technical/README.md,
ADA,crypto,tecnico,atr14_pct_precio,7.62,,%,2026-03-01,2026-09-04T15:50:41Z,Coinbase,2,,,engine/technical/README.md,
ADA,crypto,tecnico,atr14_pct_precio,7.48,,%,2026-03-02,2026-09-04T15:50:41Z,Coinbase,2,,,engine/technical/README.md,
ADA,crypto,tecnico,atr14_pct_precio,7.68,,%,2026-03-03,2026-09-04T15:50:41Z,Coinbase,2,,,engine/technical/README.md,
ADA,crypto,tecnico,atr14_pct_precio,7.44,,%,2026-03-04,2026-09-04T15:50:41Z,Coinbase,2,,,engine/technical/README.md,
ADA,crypto,tecnico,atr14_pct_precio,7.38,,%,2026-03-05,2026-09-04T15:50:41Z,Coinbase,2,,,engine/technical/README.md,
ADA,crypto,tecnico,atr14_pct_precio,7.56,,%,2026-03-06,2026-09-04T15:50:41Z,Coinbase,2,,,engine/technical/README.md,
ADA,crypto,tecnico,atr14_pct_precio,7.39,,%,2026-03-07,2026-09-04T15:50:41Z,Coinbase,2,,,engine/technical/README.md,
ADA,crypto,tecnico,atr14_pct_precio,7.23,,%,2026-03-08,2026-09-04T15:50:41Z,Coinbase,2,,,engine/technical/README.md,
ADA,crypto,tecnico,atr14_pct_precio,6.93,,%,2026-03-09,2026-09-04T15:50:41Z,Coinbase,2,,,engine/technical/README.md,
ADA,crypto,tecnico,atr14_pct_precio,6.77,,%,2026-03-10,2026-09-04T15:50:41Z,Coinbase,2,,,engine/technical/README.md,
ADA,crypto,tecnico,atr14_pct_precio,6.55,,%,2026-03-11,2026-09-04T15:50:41Z,Coinbase,2,,,engine/technical/README.md,
ADA,crypto,tecnico,atr14_pct_precio,6.27,,%,2026-03-12,2026-09-04T15:50:41Z,Coinbase,2,,,engine/technical/README.md,
ADA,crypto,tecnico,atr14_pct_precio,6.26,,%,2026-03-13,2026-09-04T15:50:41Z,Coinbase,2,,,engine/technical/README.md,
ADA,crypto,tecnico,atr14_pct_precio,6.04,,%,2026-03-14,2026-09-04T15:50:41Z,Coinbase,2,,,engine/technical/README.md,
ADA,crypto,tecnico,atr14_pct_precio,5.74,,%,2026-03-15,2026-09-04T15:50:41Z,Coinbase,2,,,engine/technical/README.md,
ADA,crypto,tecnico,atr14_pct_precio,5.62,,%,2026-03-16,2026-09-04T15:50:41Z,Coinbase,2,,,engine/technical/README.md,
ADA,crypto,tecnico,atr14_pct_precio,5.52,,%,2026-03-17,2026-09-04T15:50:41Z,Coinbase,2,,,engine/technical/README.md,
ADA,crypto,tecnico,atr14_pct_precio,6.02,,%,2026-03-18,2026-09-04T15:50:41Z,Coinbase,2,,,engine/technical/README.md,
ADA,crypto,tecnico,atr14_pct_precio,6.19,,%,2026-03-19,2026-09-04T15:50:41Z,Coinbase,2,,,engine/technical/README.md,
ADA,crypto,tecnico,atr14_pct_precio,6.08,,%,2026-03-20,2026-09-04T15:50:41Z,Coinbase,2,,,engine/technical/README.md,
ADA,crypto,tecnico,atr14_pct_precio,6.2,,%,2026-03-21,2026-09-04T15:50:41Z,Coinbase,2,,,engine/technical/README.md,
ADA,crypto,tecnico,atr14_pct_precio,6.17,,%,2026-03-22,2026-09-04T15:50:41Z,Coinbase,2,,,engine/technical/README.md,
ADA,crypto,tecnico,atr14_pct_precio,5.98,,%,2026-03-23,2026-09-04T15:50:41Z,Coinbase,2,,,engine/technical/README.md,
ADA,crypto,tecnico,atr14_pct_precio,5.71,,%,2026-03-24,2026-09-04T15:50:41Z,Coinbase,2,,,engine/technical/README.md,
ADA,crypto,tecnico,atr14_pct_precio,5.51,,%,2026-03-25,2026-09-04T15:50:41Z,Coinbase,2,,,engine/technical/README.md,
ADA,crypto,tecnico,atr14_pct_precio,5.91,,%,2026-03-26,2026-09-04T15:50:41Z,Coinbase,2,,,engine/technical/README.md,
ADA,crypto,tecnico,atr14_pct_precio,5.97,,%,2026-03-27,2026-09-04T15:50:41Z,Coinbase,2,,,engine/technical/README.md,
ADA,crypto,tecnico,atr14_pct_precio,5.81,,%,2026-03-28,2026-09-04T15:50:41Z,Coinbase,2,,,engine/technical/README.md,
ADA,crypto,tecnico,atr14_pct_precio,5.94,,%,2026-03-29,2026-09-04T15:50:41Z,Coinbase,2,,,engine/technical/README.md,
ADA,crypto,tecnico,atr14_pct_precio,5.8,,%,2026-03-30,2026-09-04T15:50:41Z,Coinbase,2,,,engine/technical/README.md,
ADA,crypto,tecnico,atr14_pct_precio,5.93,,%,2026-03-31,2026-09-04T15:50:41Z,Coinbase,2,,,engine/technical/README.md,
ADA,crypto,tecnico,atr14_pct_precio,5.74,,%,2026-04-01,2026-09-04T15:50:41Z,Coinbase,2,,,engine/technical/README.md,
ADA,crypto,tecnico,atr14_pct_precio,5.93,,%,2026-04-02,2026-09-04T15:50:41Z,Coinbase,2,,,engine/technical/README.md,
ADA,crypto,tecnico,atr14_pct_precio,5.71,,%,2026-04-03,2026-09-04T15:50:41Z,Coinbase,2,,,engine/technical/README.md,
ADA,crypto,tecnico,atr14_pct_precio,5.46,,%,2026-04-04,2026-09-04T15:50:41Z,Coinbase,2,,,engine/technical/README.md,
ADA,crypto,tecnico,atr14_pct_precio,5.32,,%,2026-04-05,2026-09-04T15:50:41Z,Coinbase,2,,,engine/technical/README.md,
ADA,crypto,tecnico,atr14_pct_precio,5.51,,%,2026-04-06,2026-09-04T15:50:41Z,Coinbase,2,,,engine/technical/README.md,
ADA,crypto,tecnico,atr14_pct_precio,5.47,,%,2026-04-07,2026-09-04T15:50:41Z,Coinbase,2,,,engine/technical/README.md,
ADA,crypto,tecnico,atr14_pct_precio,5.72,,%,2026-04-08,2026-09-04T15:50:41Z,Coinbase,2,,,engine/technical/README.md,
ADA,crypto,tecnico,atr14_pct_precio,5.6,,%,2026-04-09,2026-09-04T15:50:41Z,Coinbase,2,,,engine/technical/README.md,
ADA,crypto,tecnico,atr14_pct_precio,5.47,,%,2026-04-10,2026-09-04T15:50:41Z,Coinbase,2,,,engine/technical/README.md,
ADA,crypto,tecnico,atr14_pct_precio,5.41,,%,2026-04-11,2026-09-04T15:50:41Z,Coinbase,2,,,engine/technical/README.md,
ADA,crypto,tecnico,atr14_pct_precio,5.7,,%,2026-04-12,2026-09-04T15:50:41Z,Coinbase,2,,,engine/technical/README.md,
ADA,crypto,tecnico,atr14_pct_precio,5.38,,%,2026-04-13,2026-09-04T15:50:41Z,Coinbase,2,,,engine/technical/README.md,
ADA,crypto,tecnico,atr14_pct_precio,5.53,,%,2026-04-14,2026-09-04T15:50:41Z,Coinbase,2,,,engine/technical/README.md,
ADA,crypto,tecnico,atr14_pct_precio,5.34,,%,2026-04-15,2026-09-04T15:50:41Z,Coinbase,2,,,engine/technical/README.md,
ADA,crypto,tecnico,atr14_pct_precio,5.19,,%,2026-04-16,2026-09-04T15:50:41Z,Coinbase,2,,,engine/technical/README.md,
ADA,crypto,tecnico,atr14_pct_precio,5.24,,%,2026-04-17,2026-09-04T15:50:41Z,Coinbase,2,,,engine/technical/README.md,
ADA,crypto,tecnico,atr14_pct_precio,5.4,,%,2026-04-18,2026-09-04T15:50:41Z,Coinbase,2,,,engine/technical/README.md,
ADA,crypto,tecnico,atr14_pct_precio,5.42,,%,2026-04-19,2026-09-04T15:50:41Z,Coinbase,2,,,engine/technical/README.md,
ADA,crypto,tecnico,atr14_pct_precio,5.16,,%,2026-04-20,2026-09-04T15:50:41Z,Coinbase,2,,,engine/technical/README.md,
ADA,crypto,tecnico,atr14_pct_precio,4.94,,%,2026-04-21,2026-09-04T15:50:41Z,Coinbase,2,,,engine/technical/README.md,
ADA,crypto,tecnico,atr14_pct_precio,4.84,,%,2026-04-22,2026-09-04T15:50:41Z,Coinbase,2,,,engine/technical/README.md,
ADA,crypto,tecnico,atr14_pct_precio,4.61,,%,2026-04-23,2026-09-04T15:50:41Z,Coinbase,2,,,engine/technical/README.md,
ADA,crypto,tecnico,atr14_pct_precio,4.41,,%,2026-04-24,2026-09-04T15:50:41Z,Coinbase,2,,,engine/technical/README.md,
ADA,crypto,tecnico,atr14_pct_precio,4.26,,%,2026-04-25,2026-09-04T15:50:41Z,Coinbase,2,,,engine/technical/README.md,
ADA,crypto,tecnico,atr14_pct_precio,4.08,,%,2026-04-26,2026-09-04T15:50:41Z,Coinbase,2,,,engine/technical/README.md,
ADA,crypto,tecnico,atr14_pct_precio,4.23,,%,2026-04-27,2026-09-04T15:50:41Z,Coinbase,2,,,engine/technical/README.md,
ADA,crypto,tecnico,atr14_pct_precio,4.06,,%,2026-04-28,2026-09-04T15:50:41Z,Coinbase,2,,,engine/technical/README.md,
ADA,crypto,tecnico,atr14_pct_precio,4.22,,%,2026-04-29,2026-09-04T15:50:41Z,Coinbase,2,,,engine/technical/README.md,
ADA,crypto,tecnico,atr14_pct_precio,4.01,,%,2026-04-30,2026-09-04T15:50:41Z,Coinbase,2,,,engine/technical/README.md,
ADA,crypto,tecnico,atr14_pct_precio,3.81,,%,2026-05-01,2026-09-04T15:50:41Z,Coinbase,2,,,engine/technical/README.md,
ADA,crypto,tecnico,atr14_pct_precio,3.67,,%,2026-05-02,2026-09-04T15:50:41Z,Coinbase,2,,,engine/technical/README.md,
ADA,crypto,tecnico,atr14_pct_precio,3.54,,%,2026-05-03,2026-09-04T15:50:41Z,Coinbase,2,,,engine/technical/README.md,
ADA,crypto,tecnico,atr14_pct_precio,3.47,,%,2026-05-04,2026-09-04T15:50:41Z,Coinbase,2,,,engine/technical/README.md,
ADA,crypto,tecnico,atr14_pct_precio,3.5,,%,2026-05-05,2026-09-04T15:50:41Z,Coinbase,2,,,engine/technical/README.md,
ADA,crypto,tecnico,atr14_pct_precio,3.54,,%,2026-05-06,2026-09-04T15:50:41Z,Coinbase,2,,,engine/technical/README.md,
ADA,crypto,tecnico,atr14_pct_precio,3.6,,%,2026-05-07,2026-09-04T15:50:41Z,Coinbase,2,,,engine/technical/README.md,
ADA,crypto,tecnico,atr14_pct_precio,3.65,,%,2026-05-08,2026-09-04T15:50:41Z,Coinbase,2,,,engine/technical/README.md,
ADA,crypto,tecnico,atr14_pct_precio,3.65,,%,2026-05-09,2026-09-04T15:50:41Z,Coinbase,2,,,engine/technical/README.md,
ADA,crypto,tecnico,atr14_pct_precio,3.75,,%,2026-05-10,2026-09-04T15:50:41Z,Coinbase,2,,,engine/technical/README.md,
ADA,crypto,tecnico,atr14_pct_precio,3.73,,%,2026-05-11,2026-09-04T15:50:41Z,Coinbase,2,,,engine/technical/README.md,
ADA,crypto,tecnico,atr14_pct_precio,3.92,,%,2026-05-12,2026-09-04T15:50:41Z,Coinbase,2,,,engine/technical/README.md,
ADA,crypto,tecnico,atr14_pct_precio,4.15,,%,2026-05-13,2026-09-04T15:50:41Z,Coinbase,2,,,engine/technical/README.md,
ADA,crypto,tecnico,atr14_pct_precio,4.26,,%,2026-05-14,2026-09-04T15:50:41Z,Coinbase,2,,,engine/technical/README.md,
ADA,crypto,tecnico,atr14_pct_precio,4.49,,%,2026-05-15,2026-09-04T15:50:41Z,Coinbase,2,,,engine/technical/README.md,
ADA,crypto,tecnico,atr14_pct_precio,4.55,,%,2026-05-16,2026-09-04T15:50:41Z,Coinbase,2,,,engine/technical/README.md,
ADA,crypto,tecnico,atr14_pct_precio,4.63,,%,2026-05-17,2026-09-04T15:50:41Z,Coinbase,2,,,engine/technical/README.md,
ADA,crypto,tecnico,atr14_pct_precio,4.53,,%,2026-05-18,2026-09-04T15:50:41Z,Coinbase,2,,,engine/technical/README.md,
ADA,crypto,tecnico,atr14_pct_precio,4.39,,%,2026-05-19,2026-09-04T15:50:41Z,Coinbase,2,,,engine/technical/README.md,
ADA,crypto,tecnico,atr14_pct_precio,4.18,,%,2026-05-20,2026-09-04T15:50:41Z,Coinbase,2,,,engine/technical/README.md,
ADA,crypto,tecnico,atr14_pct_precio,4.07,,%,2026-05-21,2026-09-04T15:50:41Z,Coinbase,2,,,engine/technical/README.md,
ADA,crypto,tecnico,atr14_pct_precio,4.28,,%,2026-05-22,2026-09-04T15:50:41Z,Coinbase,2,,,engine/technical/README.md,
ADA,crypto,tecnico,atr14_pct_precio,4.34,,%,2026-05-23,2026-09-04T15:50:41Z,Coinbase,2,,,engine/technical/README.md,
ADA,crypto,tecnico,atr14_pct_precio,4.36,,%,2026-05-24,2026-09-04T15:50:41Z,Coinbase,2,,,engine/technical/README.md,
ADA,crypto,tecnico,atr14_pct_precio,4.24,,%,2026-05-25,2026-09-04T15:50:41Z,Coinbase,2,,,engine/technical/README.md,
ADA,crypto,tecnico,atr14_pct_precio,4.26,,%,2026-05-26,2026-09-04T15:50:41Z,Coinbase,2,,,engine/technical/README.md,
ADA,crypto,tecnico,atr14_pct_precio,4.22,,%,2026-05-27,2026-09-04T15:50:41Z,Coinbase,2,,,engine/technical/README.md,
ADA,crypto,tecnico,atr14_pct_precio,4.25,,%,2026-05-28,2026-09-04T15:50:41Z,Coinbase,2,,,engine/technical/README.md,
ADA,crypto,tecnico,atr14_pct_precio,4.21,,%,2026-05-29,2026-09-04T15:50:41Z,Coinbase,2,,,engine/technical/README.md,
ADA,crypto,tecnico,atr14_pct_precio,4.06,,%,2026-05-30,2026-09-04T15:50:41Z,Coinbase,2,,,engine/technical/README.md,
ADA,crypto,tecnico,atr14_pct_precio,3.97,,%,2026-05-31,2026-09-04T15:50:41Z,Coinbase,2,,,engine/technical/README.md,
ADA,crypto,tecnico,atr14_pct_precio,4.12,,%,2026-06-01,2026-09-04T15:50:41Z,Coinbase,2,,,engine/technical/README.md,
ADA,crypto,tecnico,atr14_pct_precio,4.86,,%,2026-06-02,2026-09-04T15:50:41Z,Coinbase,2,,,engine/technical/README.md,
ADA,crypto,tecnico,atr14_pct_precio,5.43,,%,2026-06-03,2026-09-04T15:50:41Z,Coinbase,2,,,engine/technical/README.md,
ADA,crypto,tecnico,atr14_pct_precio,6.55,,%,2026-06-04,2026-09-04T15:50:41Z,Coinbase,2,,,engine/technical/README.md,
ADA,crypto,tecnico,atr14_pct_precio,7.96,,%,2026-06-05,2026-09-04T15:50:41Z,Coinbase,2,,,engine/technical/README.md,
ADA,crypto,tecnico,atr14_pct_precio,7.98,,%,2026-06-06,2026-09-04T15:50:41Z,Coinbase,2,,,engine/technical/README.md,
ADA,crypto,tecnico,atr14_pct_precio,7.57,,%,2026-06-07,2026-09-04T15:50:41Z,Coinbase,2,,,engine/technical/README.md,
ADA,crypto,tecnico,atr14_pct_precio,7.42,,%,2026-06-08,2026-09-04T15:50:41Z,Coinbase,2,,,engine/technical/README.md,
ADA,crypto,tecnico,atr14_pct_precio,7.54,,%,2026-06-09,2026-09-04T15:50:41Z,Coinbase,2,,,engine/technical/README.md,
ADA,crypto,tecnico,atr14_pct_precio,7.58,,%,2026-06-10,2026-09-04T15:50:41Z,Coinbase,2,,,engine/technical/README.md,
ADA,crypto,tecnico,atr14_pct_precio,7.11,,%,2026-06-11,2026-09-04T15:50:41Z,Coinbase,2,,,engine/technical/README.md,
ADA,crypto,tecnico,atr14_pct_precio,6.92,,%,2026-06-12,2026-09-04T15:50:41Z,Coinbase,2,,,engine/technical/README.md,
ADA,crypto,tecnico,atr14_pct_precio,6.62,,%,2026-06-13,2026-09-04T15:50:41Z,Coinbase,2,,,engine/technical/README.md,
ADA,crypto,tecnico,atr14_pct_precio,6.47,,%,2026-06-14,2026-09-04T15:50:41Z,Coinbase,2,,,engine/technical/README.md,
ADA,crypto,tecnico,atr14_pct_precio,6.66,,%,2026-06-15,2026-09-04T15:50:41Z,Coinbase,2,,,engine/technical/README.md,
ADA,crypto,tecnico,atr14_pct_precio,6.8,,%,2026-06-16,2026-09-04T15:50:41Z,Coinbase,2,,,engine/technical/README.md,
ADA,crypto,tecnico,atr14_pct_precio,6.88,,%,2026-06-17,2026-09-04T15:50:41Z,Coinbase,2,,,engine/technical/README.md,
ADA,crypto,tecnico,atr14_pct_precio,6.84,,%,2026-06-18,2026-09-04T15:50:41Z,Coinbase,2,,,engine/technical/README.md,
ADA,crypto,tecnico,atr14_pct_precio,6.69,,%,2026-06-19,2026-09-04T15:50:41Z,Coinbase,2,,,engine/technical/README.md,
ADA,crypto,tecnico,atr14_pct_precio,6.39,,%,2026-06-20,2026-09-04T15:50:41Z,Coinbase,2,,,engine/technical/README.md,
ADA,crypto,tecnico,atr14_pct_precio,6.5,,%,2026-06-21,2026-09-04T15:50:41Z,Coinbase,2,,,engine/technical/README.md,
ADA,crypto,tecnico,atr14_pct_precio,6.26,,%,2026-06-22,2026-09-04T15:50:41Z,Coinbase,2,,,engine/technical/README.md,
ADA,crypto,tecnico,atr14_pct_precio,6.53,,%,2026-06-23,2026-09-04T15:50:41Z,Coinbase,2,,,engine/technical/README.md,
ADA,crypto,tecnico,atr14_pct_precio,6.89,,%,2026-06-24,2026-09-04T15:50:41Z,Coinbase,2,,,engine/technical/README.md,
ADA,crypto,tecnico,atr14_pct_precio,7.17,,%,2026-06-25,2026-09-04T15:50:41Z,Coinbase,2,,,engine/technical/README.md,
ADA,crypto,tecnico,atr14_pct_precio,6.99,,%,2026-06-26,2026-09-04T15:50:41Z,Coinbase,2,,,engine/technical/README.md,
ADA,crypto,tecnico,atr14_pct_precio,6.93,,%,2026-06-27,2026-09-04T15:50:41Z,Coinbase,2,,,engine/technical/README.md,
ADA,crypto,tecnico,atr14_pct_precio,6.76,,%,2026-06-28,2026-09-04T15:50:41Z,Coinbase,2,,,engine/technical/README.md,
ADA,crypto,tecnico,atr14_pct_precio,6.51,,%,2026-06-29,2026-09-04T15:50:41Z,Coinbase,2,,,engine/technical/README.md,
ADA,crypto,tecnico,atr14_pct_precio,6.3,,%,2026-06-30,2026-09-04T15:50:41Z,Coinbase,2,,,engine/technical/README.md,
ADA,crypto,tecnico,atr14_pct_precio,6.22,,%,2026-07-01,2026-09-04T15:50:41Z,Coinbase,2,,,engine/technical/README.md,
ADA,crypto,tecnico,atr14_pct_precio,5.95,,%,2026-07-02,2026-09-04T15:50:41Z,Coinbase,2,,,engine/technical/README.md,
ADA,crypto,tecnico,atr14_pct_precio,5.86,,%,2026-07-03,2026-09-04T15:50:41Z,Coinbase,2,,,engine/technical/README.md,
ADA,crypto,tecnico,atr14_pct_precio,6.02,,%,2026-07-04,2026-09-04T15:50:41Z,Coinbase,2,,,engine/technical/README.md,
ADA,crypto,tecnico,atr14_pct_precio,6.03,,%,2026-07-05,2026-09-04T15:50:41Z,Coinbase,2,,,engine/technical/README.md,
ADA,crypto,tecnico,atr14_pct_precio,6.23,,%,2026-07-06,2026-09-04T15:50:41Z,Coinbase,2,,,engine/technical/README.md,
ADA,crypto,tecnico,atr14_pct_precio,6.53,,%,2026-07-07,2026-09-04T15:50:41Z,Coinbase,2,,,engine/technical/README.md,
ADA,crypto,tecnico,atr14_pct_precio,6.84,,%,2026-07-08,2026-09-04T15:50:41Z,Coinbase,2,,,engine/technical/README.md,
ADA,crypto,tecnico,atr14_pct_precio,6.58,,%,2026-07-09,2026-09-04T15:50:41Z,Coinbase,2,,,engine/technical/README.md,
ADA,crypto,tecnico,atr14_pct_precio,6.29,,%,2026-07-10,2026-09-04T15:50:41Z,Coinbase,2,,,engine/technical/README.md,
ADA,crypto,tecnico,atr14_pct_precio,6.26,,%,2026-07-11,2026-09-04T15:50:41Z,Coinbase,2,,,engine/technical/README.md,
ADA,crypto,tecnico,atr14_pct_precio,6.17,,%,2026-07-12,2026-09-04T15:50:41Z,Coinbase,2,,,engine/technical/README.md,
ADA,crypto,tecnico,atr14_pct_precio,6.29,,%,2026-07-13,2026-09-04T15:50:41Z,Coinbase,2,,,engine/technical/README.md,
ADA,crypto,tecnico,atr14_pct_precio,6.04,,%,2026-07-14,2026-09-04T15:50:41Z,Coinbase,2,,,engine/technical/README.md,
ADA,crypto,tecnico,atr14_pct_precio,5.97,,%,2026-07-15,2026-09-04T15:50:41Z,Coinbase,2,,,engine/technical/README.md,
ADA,crypto,tecnico,atr14_pct_precio,5.96,,%,2026-07-16,2026-09-04T15:50:41Z,Coinbase,2,,,engine/technical/README.md,
ADA,crypto,tecnico,atr14_pct_precio,5.73,,%,2026-07-17,2026-09-04T15:50:41Z,Coinbase,2,,,engine/technical/README.md,
ADA,crypto,tecnico,atr14_pct_precio,5.59,,%,2026-07-18,2026-09-04T15:50:41Z,Coinbase,2,,,engine/technical/README.md,
ADA,crypto,tecnico,atr14_pct_precio,5.42,,%,2026-07-19,2026-09-04T15:50:41Z,Coinbase,2,,,engine/technical/README.md,
ADA,crypto,tecnico,atr14_pct_precio,5.39,,%,2026-07-20,2026-09-04T15:50:41Z,Coinbase,2,,,engine/technical/README.md,
ADA,crypto,tecnico,atr14_pct_precio,5.21,,%,2026-07-21,2026-09-04T15:50:41Z,Coinbase,2,,,engine/technical/README.md,
ADA,crypto,tecnico,atr14_pct_precio,5.24,,%,2026-07-22,2026-09-04T15:50:41Z,Coinbase,2,,,engine/technical/README.md,
ADA,crypto,tecnico,atr14_pct_precio,5.38,,%,2026-07-23,2026-09-04T15:50:41Z,Coinbase,2,,,engine/technical/README.md,
ADA,crypto,tecnico,atr14_pct_precio,5.35,,%,2026-07-24,2026-09-04T15:50:41Z,Coinbase,2,,,engine/technical/README.md,
ADA,crypto,tecnico,atr14_pct_precio,5.17,,%,2026-07-25,2026-09-04T15:50:41Z,Coinbase,2,,,engine/technical/README.md,
ADA,crypto,tecnico,atr14_pct_precio,4.89,,%,2026-07-26,2026-09-04T15:50:41Z,Coinbase,2,,,engine/technical/README.md,
ADA,crypto,tecnico,atr14_pct_precio,5.42,,%,2026-07-27,2026-09-04T15:50:41Z,Coinbase,2,,,engine/technical/README.md,
ADA,crypto,tecnico,atr14_pct_precio,5.27,,%,2026-07-28,2026-09-04T15:50:41Z,Coinbase,2,,,engine/technical/README.md,
ADA,crypto,tecnico,atr14_pct_precio,5.29,,%,2026-07-29,2026-09-04T15:50:41Z,Coinbase,2,,,engine/technical/README.md,
ADA,crypto,tecnico,atr14_pct_precio,5.29,,%,2026-07-30,2026-09-04T15:50:41Z,Coinbase,2,,,engine/technical/README.md,
ADA,crypto,tecnico,atr14_pct_precio,5.17,,%,2026-07-31,2026-09-04T15:50:41Z,Coinbase,2,,,engine/technical/README.md,
ADA,crypto,tecnico,atr14_pct_precio,4.97,,%,2026-08-01,2026-09-04T15:50:41Z,Coinbase,2,,,engine/technical/README.md,
ADA,crypto,tecnico,atr14_pct_precio,4.97,,%,2026-08-02,2026-09-04T15:50:41Z,Coinbase,2,,,engine/technical/README.md,
ADA,crypto,tecnico,atr14_pct_precio,5.05,,%,2026-08-03,2026-09-04T15:50:41Z,Coinbase,2,,,engine/technical/README.md,
ADA,crypto,tecnico,atr14_pct_precio,5.02,,%,2026-08-04,2026-09-04T15:50:41Z,Coinbase,2,,,engine/technical/README.md,
ADA,crypto,tecnico,atr14_pct_precio,5.11,,%,2026-08-05,2026-09-04T15:50:41Z,Coinbase,2,,,engine/technical/README.md,
ADA,crypto,tecnico,atr14_pct_precio,5.41,,%,2026-08-06,2026-09-04T15:50:41Z,Coinbase,2,,,engine/technical/README.md,
ADA,crypto,tecnico,atr14_pct_precio,5.32,,%,2026-08-07,2026-09-04T15:50:41Z,Coinbase,2,,,engine/technical/README.md,
ADA,crypto,tecnico,atr14_pct_precio,5.11,,%,2026-08-08,2026-09-04T15:50:41Z,Coinbase,2,,,engine/technical/README.md,
ADA,crypto,tecnico,atr14_pct_precio,5.11,,%,2026-08-09,2026-09-04T15:50:41Z,Coinbase,2,,,engine/technical/README.md,
ADA,crypto,tecnico,atr14_pct_precio,5.16,,%,2026-08-10,2026-09-04T15:50:41Z,Coinbase,2,,,engine/technical/README.md,
ADA,crypto,tecnico,atr14_pct_precio,5.17,,%,2026-08-11,2026-09-04T15:50:41Z,Coinbase,2,,,engine/technical/README.md,
ADA,crypto,tecnico,atr14_pct_precio,5.2,,%,2026-08-12,2026-09-04T15:50:41Z,Coinbase,2,,,engine/technical/README.md,
ADA,crypto,tecnico,atr14_pct_precio,5.06,,%,2026-08-13,2026-09-04T15:50:41Z,Coinbase,2,,,engine/technical/README.md,
ADA,crypto,tecnico,atr14_pct_precio,5.01,,%,2026-08-14,2026-09-04T15:50:41Z,Coinbase,2,,,engine/technical/README.md,
ADA,crypto,tecnico,atr14_pct_precio,4.99,,%,2026-08-15,2026-09-04T15:50:41Z,Coinbase,2,,,engine/technical/README.md,
ADA,crypto,tecnico,atr14_pct_precio,4.86,,%,2026-08-16,2026-09-04T15:50:41Z,Coinbase,2,,,engine/technical/README.md,
ADA,crypto,tecnico,atr14_pct_precio,4.75,,%,2026-08-17,2026-09-04T15:50:41Z,Coinbase,2,,,engine/technical/README.md,
ADA,crypto,tecnico,atr14_pct_precio,4.63,,%,2026-08-18,2026-09-04T15:50:41Z,Coinbase,2,,,engine/technical/README.md,
ADA,crypto,tecnico,atr14_pct_precio,4.73,,%,2026-08-19,2026-09-04T15:50:41Z,Coinbase,2,,,engine/technical/README.md,
ADA,crypto,tecnico,atr14_pct_precio,4.92,,%,2026-08-20,2026-09-04T15:50:41Z,Coinbase,2,,,engine/technical/README.md,
ADA,crypto,tecnico,atr14_pct_precio,5.04,,%,2026-08-21,2026-09-04T15:50:41Z,Coinbase,2,,,engine/technical/README.md,
ADA,crypto,tecnico,atr14_pct_precio,6.39,,%,2026-08-22,2026-09-04T15:50:41Z,Coinbase,2,,,engine/technical/README.md,
ADA,crypto,tecnico,atr14_pct_precio,6.58,,%,2026-08-23,2026-09-04T15:50:41Z,Coinbase,2,,,engine/technical/README.md,
ADA,crypto,tecnico,atr14_pct_precio,6.75,,%,2026-08-24,2026-09-04T15:50:41Z,Coinbase,2,,,engine/technical/README.md,
ADA,crypto,tecnico,atr14_pct_precio,7.47,,%,2026-08-25,2026-09-04T15:50:41Z,Coinbase,2,,,engine/technical/README.md,
ADA,crypto,tecnico,atr14_pct_precio,7.18,,%,2026-08-26,2026-09-04T15:50:41Z,Coinbase,2,,,engine/technical/README.md,
ADA,crypto,tecnico,atr14_pct_precio,6.92,,%,2026-08-27,2026-09-04T15:50:41Z,Coinbase,2,,,engine/technical/README.md,
ADA,crypto,tecnico,atr14_pct_precio,7.34,,%,2026-08-28,2026-09-04T15:50:41Z,Coinbase,2,,,engine/technical/README.md,
ADA,crypto,tecnico,atr14_pct_precio,7.0,,%,2026-08-29,2026-09-04T15:50:41Z,Coinbase,2,,,engine/technical/README.md,
ADA,crypto,tecnico,atr14_pct_precio,7.44,,%,2026-08-30,2026-09-04T15:50:41Z,Coinbase,2,,,engine/technical/README.md,
ADA,crypto,tecnico,atr14_pct_precio,7.07,,%,2026-08-31,2026-09-04T15:50:41Z,Coinbase,2,,,engine/technical/README.md,
ADA,crypto,tecnico,atr14_pct_precio,6.9,,%,2026-09-01,2026-09-04T15:50:41Z,Coinbase,2,,,engine/technical/README.md,
ADA,crypto,tecnico,atr14_pct_precio,6.59,,%,2026-09-02,2026-09-04T15:50:41Z,Coinbase,2,,,engine/technical/README.md,
ADA,crypto,tecnico,atr14_pct_precio,6.48,,%,2026-09-03,2026-09-03T12:15:39Z,Kraken,2,100,,engine/technical/README.md,
ADA,crypto,tecnico,atr14_pct_precio,6.09,,%,2026-09-04,2026-09-04T10:11:47Z,Kraken,2,100,,engine/technical/README.md,
ADA,crypto,tecnico,confluencia_sesgo,,mixto (1/4 señales alcistas — sin confluencia clara),categorico,2026-09-03,2026-09-03T11:40:58Z,Kraken,2,100,,engine/technical/README.md,
ADA,crypto,tecnico,confluencia_sesgo,,confluencia alcista (todas las señales coinciden),categorico,2026-09-04,2026-09-04T10:11:47Z,Kraken,2,100,,engine/technical/README.md,
ADA,crypto,tecnico,posicion_rango_90d_pct,60.9,,%,2026-09-03,2026-09-03T11:40:58Z,Kraken,2,100,,engine/technical/README.md,
ADA,crypto,tecnico,posicion_rango_90d_pct,90.7,,%,2026-09-04,2026-09-04T10:11:47Z,Kraken,2,100,,engine/technical/README.md,
ADA,crypto,tecnico,precio,0.3035,,EUR,2026-01-01,2026-09-04T15:50:41Z,Coinbase,2,,,engine/technical/README.md,
ADA,crypto,tecnico,precio,0.3374,,EUR,2026-01-02,2026-09-04T15:50:41Z,Coinbase,2,,,engine/technical/README.md,
ADA,crypto,tecnico,precio,0.3325,,EUR,2026-01-03,2026-09-04T15:50:41Z,Coinbase,2,,,engine/technical/README.md,
ADA,crypto,tecnico,precio,0.3423,,EUR,2026-01-04,2026-09-04T15:50:41Z,Coinbase,2,,,engine/technical/README.md,
ADA,crypto,tecnico,precio,0.3597,,EUR,2026-01-05,2026-09-04T15:50:41Z,Coinbase,2,,,engine/technical/README.md,
ADA,crypto,tecnico,precio,0.3587,,EUR,2026-01-06,2026-09-04T15:50:41Z,Coinbase,2,,,engine/technical/README.md,
ADA,crypto,tecnico,precio,0.3442,,EUR,2026-01-07,2026-09-04T15:50:41Z,Coinbase,2,,,engine/technical/README.md,
ADA,crypto,tecnico,precio,0.3395,,EUR,2026-01-08,2026-09-04T15:50:41Z,Coinbase,2,,,engine/technical/README.md,
ADA,crypto,tecnico,precio,0.3359,,EUR,2026-01-09,2026-09-04T15:50:41Z,Coinbase,2,,,engine/technical/README.md,
ADA,crypto,tecnico,precio,0.3336,,EUR,2026-01-10,2026-09-04T15:50:41Z,Coinbase,2,,,engine/technical/README.md,
ADA,crypto,tecnico,precio,0.336,,EUR,2026-01-11,2026-09-04T15:50:41Z,Coinbase,2,,,engine/technical/README.md,
ADA,crypto,tecnico,precio,0.3305,,EUR,2026-01-12,2026-09-04T15:50:41Z,Coinbase,2,,,engine/technical/README.md,
ADA,crypto,tecnico,precio,0.3624,,EUR,2026-01-13,2026-09-04T15:50:41Z,Coinbase,2,,,engine/technical/README.md,
ADA,crypto,tecnico,precio,0.3553,,EUR,2026-01-14,2026-09-04T15:50:41Z,Coinbase,2,,,engine/technical/README.md,
ADA,crypto,tecnico,precio,0.3393,,EUR,2026-01-15,2026-09-04T15:50:41Z,Coinbase,2,,,engine/technical/README.md,
ADA,crypto,tecnico,precio,0.3408,,EUR,2026-01-16,2026-09-04T15:50:41Z,Coinbase,2,,,engine/technical/README.md,
ADA,crypto,tecnico,precio,0.3426,,EUR,2026-01-17,2026-09-04T15:50:41Z,Coinbase,2,,,engine/technical/README.md,
ADA,crypto,tecnico,precio,0.3221,,EUR,2026-01-18,2026-09-04T15:50:41Z,Coinbase,2,,,engine/technical/README.md,
ADA,crypto,tecnico,precio,0.3174,,EUR,2026-01-19,2026-09-04T15:50:41Z,Coinbase,2,,,engine/technical/README.md,
ADA,crypto,tecnico,precio,0.2998,,EUR,2026-01-20,2026-09-04T15:50:41Z,Coinbase,2,,,engine/technical/README.md,
ADA,crypto,tecnico,precio,0.3133,,EUR,2026-01-21,2026-09-04T15:50:41Z,Coinbase,2,,,engine/technical/README.md,
ADA,crypto,tecnico,precio,0.3055,,EUR,2026-01-22,2026-09-04T15:50:41Z,Coinbase,2,,,engine/technical/README.md,
ADA,crypto,tecnico,precio,0.3046,,EUR,2026-01-23,2026-09-04T15:50:41Z,Coinbase,2,,,engine/technical/README.md,
ADA,crypto,tecnico,precio,0.3028,,EUR,2026-01-24,2026-09-04T15:50:41Z,Coinbase,2,,,engine/technical/README.md,
ADA,crypto,tecnico,precio,0.2855,,EUR,2026-01-25,2026-09-04T15:50:41Z,Coinbase,2,,,engine/technical/README.md,
ADA,crypto,tecnico,precio,0.296,,EUR,2026-01-26,2026-09-04T15:50:41Z,Coinbase,2,,,engine/technical/README.md,
ADA,crypto,tecnico,precio,0.2997,,EUR,2026-01-27,2026-09-04T15:50:41Z,Coinbase,2,,,engine/technical/README.md,
ADA,crypto,tecnico,precio,0.2988,,EUR,2026-01-28,2026-09-04T15:50:41Z,Coinbase,2,,,engine/technical/README.md,
ADA,crypto,tecnico,precio,0.2796,,EUR,2026-01-29,2026-09-04T15:50:41Z,Coinbase,2,,,engine/technical/README.md,
ADA,crypto,tecnico,precio,0.2704,,EUR,2026-01-30,2026-09-04T15:50:41Z,Coinbase,2,,,engine/technical/README.md,
ADA,crypto,tecnico,precio,0.2484,,EUR,2026-01-31,2026-09-04T15:50:41Z,Coinbase,2,,,engine/technical/README.md,
ADA,crypto,tecnico,precio,0.2412,,EUR,2026-02-01,2026-09-04T15:50:41Z,Coinbase,2,,,engine/technical/README.md,
ADA,crypto,tecnico,precio,0.2532,,EUR,2026-02-02,2026-09-04T15:50:41Z,Coinbase,2,,,engine/technical/README.md,
ADA,crypto,tecnico,precio,0.2467,,EUR,2026-02-03,2026-09-04T15:50:41Z,Coinbase,2,,,engine/technical/README.md,
ADA,crypto,tecnico,precio,0.2422,,EUR,2026-02-04,2026-09-04T15:50:41Z,Coinbase,2,,,engine/technical/README.md,
ADA,crypto,tecnico,precio,0.2081,,EUR,2026-02-05,2026-09-04T15:50:41Z,Coinbase,2,,,engine/technical/README.md,
ADA,crypto,tecnico,precio,0.2333,,EUR,2026-02-06,2026-09-04T15:50:41Z,Coinbase,2,,,engine/technical/README.md,
ADA,crypto,tecnico,precio,0.2309,,EUR,2026-02-07,2026-09-04T15:50:41Z,Coinbase,2,,,engine/technical/README.md,
ADA,crypto,tecnico,precio,0.2289,,EUR,2026-02-08,2026-09-04T15:50:41Z,Coinbase,2,,,engine/technical/README.md,
ADA,crypto,tecnico,precio,0.2271,,EUR,2026-02-09,2026-09-04T15:50:41Z,Coinbase,2,,,engine/technical/README.md,
ADA,crypto,tecnico,precio,0.2203,,EUR,2026-02-10,2026-09-04T15:50:41Z,Coinbase,2,,,engine/technical/README.md,
ADA,crypto,tecnico,precio,0.2154,,EUR,2026-02-11,2026-09-04T15:50:41Z,Coinbase,2,,,engine/technical/README.md,
ADA,crypto,tecnico,precio,0.2226,,EUR,2026-02-12,2026-09-04T15:50:41Z,Coinbase,2,,,engine/technical/README.md,
ADA,crypto,tecnico,precio,0.23,,EUR,2026-02-13,2026-09-04T15:50:41Z,Coinbase,2,,,engine/technical/README.md,
ADA,crypto,tecnico,precio,0.2488,,EUR,2026-02-14,2026-09-04T15:50:41Z,Coinbase,2,,,engine/technical/README.md,
ADA,crypto,tecnico,precio,0.2375,,EUR,2026-02-15,2026-09-04T15:50:41Z,Coinbase,2,,,engine/technical/README.md,
ADA,crypto,tecnico,precio,0.2413,,EUR,2026-02-16,2026-09-04T15:50:41Z,Coinbase,2,,,engine/technical/README.md,
ADA,crypto,tecnico,precio,0.2372,,EUR,2026-02-17,2026-09-04T15:50:41Z,Coinbase,2,,,engine/technical/README.md,
ADA,crypto,tecnico,precio,0.232,,EUR,2026-02-18,2026-09-04T15:50:41Z,Coinbase,2,,,engine/technical/README.md,
ADA,crypto,tecnico,precio,0.2316,,EUR,2026-02-19,2026-09-04T15:50:41Z,Coinbase,2,,,engine/technical/README.md,
ADA,crypto,tecnico,precio,0.2409,,EUR,2026-02-20,2026-09-04T15:50:41Z,Coinbase,2,,,engine/technical/README.md,
ADA,crypto,tecnico,precio,0.2377,,EUR,2026-02-21,2026-09-04T15:50:41Z,Coinbase,2,,,engine/technical/README.md,
ADA,crypto,tecnico,precio,0.2294,,EUR,2026-02-22,2026-09-04T15:50:41Z,Coinbase,2,,,engine/technical/README.md,
ADA,crypto,tecnico,precio,0.223,,EUR,2026-02-23,2026-09-04T15:50:41Z,Coinbase,2,,,engine/technical/README.md,
ADA,crypto,tecnico,precio,0.2198,,EUR,2026-02-24,2026-09-04T15:50:41Z,Coinbase,2,,,engine/technical/README.md,
ADA,crypto,tecnico,precio,0.2518,,EUR,2026-02-25,2026-09-04T15:50:41Z,Coinbase,2,,,engine/technical/README.md,
ADA,crypto,tecnico,precio,0.2433,,EUR,2026-02-26,2026-09-04T15:50:41Z,Coinbase,2,,,engine/technical/README.md,
ADA,crypto,tecnico,precio,0.2351,,EUR,2026-02-27,2026-09-04T15:50:41Z,Coinbase,2,,,engine/technical/README.md,
ADA,crypto,tecnico,precio,0.2389,,EUR,2026-02-28,2026-09-04T15:50:41Z,Coinbase,2,,,engine/technical/README.md,
ADA,crypto,tecnico,precio,0.2324,,EUR,2026-03-01,2026-09-04T15:50:41Z,Coinbase,2,,,engine/technical/README.md,
ADA,crypto,tecnico,precio,0.2369,,EUR,2026-03-02,2026-09-04T15:50:41Z,Coinbase,2,,,engine/technical/README.md,
ADA,crypto,tecnico,precio,0.226,,EUR,2026-03-03,2026-09-04T15:50:41Z,Coinbase,2,,,engine/technical/README.md,
ADA,crypto,tecnico,precio,0.2378,,EUR,2026-03-04,2026-09-04T15:50:41Z,Coinbase,2,,,engine/technical/README.md,
ADA,crypto,tecnico,precio,0.2318,,EUR,2026-03-05,2026-09-04T15:50:41Z,Coinbase,2,,,engine/technical/README.md,
ADA,crypto,tecnico,precio,0.2232,,EUR,2026-03-06,2026-09-04T15:50:41Z,Coinbase,2,,,engine/technical/README.md,
ADA,crypto,tecnico,precio,0.2195,,EUR,2026-03-07,2026-09-04T15:50:41Z,Coinbase,2,,,engine/technical/README.md,
ADA,crypto,tecnico,precio,0.2164,,EUR,2026-03-08,2026-09-04T15:50:41Z,Coinbase,2,,,engine/technical/README.md,
ADA,crypto,tecnico,precio,0.2199,,EUR,2026-03-09,2026-09-04T15:50:41Z,Coinbase,2,,,engine/technical/README.md,
ADA,crypto,tecnico,precio,0.2256,,EUR,2026-03-10,2026-09-04T15:50:41Z,Coinbase,2,,,engine/technical/README.md,
ADA,crypto,tecnico,precio,0.2275,,EUR,2026-03-11,2026-09-04T15:50:41Z,Coinbase,2,,,engine/technical/README.md,
ADA,crypto,tecnico,precio,0.2288,,EUR,2026-03-12,2026-09-04T15:50:41Z,Coinbase,2,,,engine/technical/README.md,
ADA,crypto,tecnico,precio,0.2323,,EUR,2026-03-13,2026-09-04T15:50:41Z,Coinbase,2,,,engine/technical/README.md,
ADA,crypto,tecnico,precio,0.2314,,EUR,2026-03-14,2026-09-04T15:50:41Z,Coinbase,2,,,engine/technical/README.md,
ADA,crypto,tecnico,precio,0.237,,EUR,2026-03-15,2026-09-04T15:50:41Z,Coinbase,2,,,engine/technical/README.md,
ADA,crypto,tecnico,precio,0.2526,,EUR,2026-03-16,2026-09-04T15:50:41Z,Coinbase,2,,,engine/technical/README.md,
ADA,crypto,tecnico,precio,0.251,,EUR,2026-03-17,2026-09-04T15:50:41Z,Coinbase,2,,,engine/technical/README.md,
ADA,crypto,tecnico,precio,0.2393,,EUR,2026-03-18,2026-09-04T15:50:41Z,Coinbase,2,,,engine/technical/README.md,
ADA,crypto,tecnico,precio,0.2313,,EUR,2026-03-19,2026-09-04T15:50:41Z,Coinbase,2,,,engine/technical/README.md,
ADA,crypto,tecnico,precio,0.2299,,EUR,2026-03-20,2026-09-04T15:50:41Z,Coinbase,2,,,engine/technical/README.md,
ADA,crypto,tecnico,precio,0.221,,EUR,2026-03-21,2026-09-04T15:50:41Z,Coinbase,2,,,engine/technical/README.md,
ADA,crypto,tecnico,precio,0.2175,,EUR,2026-03-22,2026-09-04T15:50:41Z,Coinbase,2,,,engine/technical/README.md,
ADA,crypto,tecnico,precio,0.2257,,EUR,2026-03-23,2026-09-04T15:50:41Z,Coinbase,2,,,engine/technical/README.md,
ADA,crypto,tecnico,precio,0.23,,EUR,2026-03-24,2026-09-04T15:50:41Z,Coinbase,2,,,engine/technical/README.md,
ADA,crypto,tecnico,precio,0.234,,EUR,2026-03-25,2026-09-04T15:50:41Z,Coinbase,2,,,engine/technical/README.md,
ADA,crypto,tecnico,precio,0.2206,,EUR,2026-03-26,2026-09-04T15:50:41Z,Coinbase,2,,,engine/technical/README.md,
ADA,crypto,tecnico,precio,0.2137,,EUR,2026-03-27,2026-09-04T15:50:41Z,Coinbase,2,,,engine/technical/README.md,
ADA,crypto,tecnico,precio,0.2134,,EUR,2026-03-28,2026-09-04T15:50:41Z,Coinbase,2,,,engine/technical/README.md,
ADA,crypto,tecnico,precio,0.2086,,EUR,2026-03-29,2026-09-04T15:50:41Z,Coinbase,2,,,engine/technical/README.md,
ADA,crypto,tecnico,precio,0.2124,,EUR,2026-03-30,2026-09-04T15:50:41Z,Coinbase,2,,,engine/technical/README.md,
ADA,crypto,tecnico,precio,0.2089,,EUR,2026-03-31,2026-09-04T15:50:41Z,Coinbase,2,,,engine/technical/README.md,
ADA,crypto,tecnico,precio,0.2144,,EUR,2026-04-01,2026-09-04T15:50:41Z,Coinbase,2,,,engine/technical/README.md,
ADA,crypto,tecnico,precio,0.2076,,EUR,2026-04-02,2026-09-04T15:50:41Z,Coinbase,2,,,engine/technical/README.md,
ADA,crypto,tecnico,precio,0.2138,,EUR,2026-04-03,2026-09-04T15:50:41Z,Coinbase,2,,,engine/technical/README.md,
ADA,crypto,tecnico,precio,0.2152,,EUR,2026-04-04,2026-09-04T15:50:41Z,Coinbase,2,,,engine/technical/README.md,
ADA,crypto,tecnico,precio,0.2187,,EUR,2026-04-05,2026-09-04T15:50:41Z,Coinbase,2,,,engine/technical/README.md,
ADA,crypto,tecnico,precio,0.213,,EUR,2026-04-06,2026-09-04T15:50:41Z,Coinbase,2,,,engine/technical/README.md,
ADA,crypto,tecnico,precio,0.2256,,EUR,2026-04-07,2026-09-04T15:50:41Z,Coinbase,2,,,engine/technical/README.md,
ADA,crypto,tecnico,precio,0.215,,EUR,2026-04-08,2026-09-04T15:50:41Z,Coinbase,2,,,engine/technical/README.md,
ADA,crypto,tecnico,precio,0.2173,,EUR,2026-04-09,2026-09-04T15:50:41Z,Coinbase,2,,,engine/technical/README.md,
ADA,crypto,tecnico,precio,0.2165,,EUR,2026-04-10,2026-09-04T15:50:41Z,Coinbase,2,,,engine/technical/README.md,
ADA,crypto,tecnico,precio,0.2129,,EUR,2026-04-11,2026-09-04T15:50:41Z,Coinbase,2,,,engine/technical/README.md,
ADA,crypto,tecnico,precio,0.2023,,EUR,2026-04-12,2026-09-04T15:50:41Z,Coinbase,2,,,engine/technical/README.md,
ADA,crypto,tecnico,precio,0.2113,,EUR,2026-04-13,2026-09-04T15:50:41Z,Coinbase,2,,,engine/technical/README.md,
ADA,crypto,tecnico,precio,0.203,,EUR,2026-04-14,2026-09-04T15:50:41Z,Coinbase,2,,,engine/technical/README.md,
ADA,crypto,tecnico,precio,0.2085,,EUR,2026-04-15,2026-09-04T15:50:41Z,Coinbase,2,,,engine/technical/README.md,
ADA,crypto,tecnico,precio,0.2203,,EUR,2026-04-16,2026-09-04T15:50:41Z,Coinbase,2,,,engine/technical/README.md,
ADA,crypto,tecnico,precio,0.22,,EUR,2026-04-17,2026-09-04T15:50:41Z,Coinbase,2,,,engine/technical/README.md,
ADA,crypto,tecnico,precio,0.2118,,EUR,2026-04-18,2026-09-04T15:50:41Z,Coinbase,2,,,engine/technical/README.md,
ADA,crypto,tecnico,precio,0.2066,,EUR,2026-04-19,2026-09-04T15:50:41Z,Coinbase,2,,,engine/technical/README.md,
ADA,crypto,tecnico,precio,0.211,,EUR,2026-04-20,2026-09-04T15:50:41Z,Coinbase,2,,,engine/technical/README.md,
ADA,crypto,tecnico,precio,0.2129,,EUR,2026-04-21,2026-09-04T15:50:41Z,Coinbase,2,,,engine/technical/README.md,
ADA,crypto,tecnico,precio,0.2121,,EUR,2026-04-22,2026-09-04T15:50:41Z,Coinbase,2,,,engine/technical/README.md,
ADA,crypto,tecnico,precio,0.2142,,EUR,2026-04-23,2026-09-04T15:50:41Z,Coinbase,2,,,engine/technical/README.md,
ADA,crypto,tecnico,precio,0.2136,,EUR,2026-04-24,2026-09-04T15:50:41Z,Coinbase,2,,,engine/technical/README.md,
ADA,crypto,tecnico,precio,0.2136,,EUR,2026-04-25,2026-09-04T15:50:41Z,Coinbase,2,,,engine/technical/README.md,
ADA,crypto,tecnico,precio,0.2155,,EUR,2026-04-26,2026-09-04T15:50:41Z,Coinbase,2,,,engine/technical/README.md,
ADA,crypto,tecnico,precio,0.2115,,EUR,2026-04-27,2026-09-04T15:50:41Z,Coinbase,2,,,engine/technical/README.md,
ADA,crypto,tecnico,precio,0.2105,,EUR,2026-04-28,2026-09-04T15:50:41Z,Coinbase,2,,,engine/technical/README.md,
ADA,crypto,tecnico,precio,0.2094,,EUR,2026-04-29,2026-09-04T15:50:41Z,Coinbase,2,,,engine/technical/README.md,
ADA,crypto,tecnico,precio,0.21,,EUR,2026-04-30,2026-09-04T15:50:41Z,Coinbase,2,,,engine/technical/README.md,
ADA,crypto,tecnico,precio,0.2119,,EUR,2026-05-01,2026-09-04T15:50:41Z,Coinbase,2,,,engine/technical/README.md,
ADA,crypto,tecnico,precio,0.2135,,EUR,2026-05-02,2026-09-04T15:50:41Z,Coinbase,2,,,engine/technical/README.md,
ADA,crypto,tecnico,precio,0.2126,,EUR,2026-05-03,2026-09-04T15:50:41Z,Coinbase,2,,,engine/technical/README.md,
ADA,crypto,tecnico,precio,0.2138,,EUR,2026-05-04,2026-09-04T15:50:41Z,Coinbase,2,,,engine/technical/README.md,
ADA,crypto,tecnico,precio,0.224,,EUR,2026-05-05,2026-09-04T15:50:41Z,Coinbase,2,,,engine/technical/README.md,
ADA,crypto,tecnico,precio,0.2272,,EUR,2026-05-06,2026-09-04T15:50:41Z,Coinbase,2,,,engine/technical/README.md,
ADA,crypto,tecnico,precio,0.224,,EUR,2026-05-07,2026-09-04T15:50:41Z,Coinbase,2,,,engine/technical/README.md,
ADA,crypto,tecnico,precio,0.232,,EUR,2026-05-08,2026-09-04T15:50:41Z,Coinbase,2,,,engine/technical/README.md,
ADA,crypto,tecnico,precio,0.2299,,EUR,2026-05-09,2026-09-04T15:50:41Z,Coinbase,2,,,engine/technical/README.md,
ADA,crypto,tecnico,precio,0.2398,,EUR,2026-05-10,2026-09-04T15:50:41Z,Coinbase,2,,,engine/technical/README.md,
ADA,crypto,tecnico,precio,0.2379,,EUR,2026-05-11,2026-09-04T15:50:41Z,Coinbase,2,,,engine/technical/README.md,
ADA,crypto,tecnico,precio,0.231,,EUR,2026-05-12,2026-09-04T15:50:41Z,Coinbase,2,,,engine/technical/README.md,
ADA,crypto,tecnico,precio,0.2263,,EUR,2026-05-13,2026-09-04T15:50:41Z,Coinbase,2,,,engine/technical/README.md,
ADA,crypto,tecnico,precio,0.2319,,EUR,2026-05-14,2026-09-04T15:50:41Z,Coinbase,2,,,engine/technical/README.md,
ADA,crypto,tecnico,precio,0.2249,,EUR,2026-05-15,2026-09-04T15:50:41Z,Coinbase,2,,,engine/technical/README.md,
ADA,crypto,tecnico,precio,0.2196,,EUR,2026-05-16,2026-09-04T15:50:41Z,Coinbase,2,,,engine/technical/README.md,
ADA,crypto,tecnico,precio,0.2168,,EUR,2026-05-17,2026-09-04T15:50:41Z,Coinbase,2,,,engine/technical/README.md,
ADA,crypto,tecnico,precio,0.2159,,EUR,2026-05-18,2026-09-04T15:50:41Z,Coinbase,2,,,engine/technical/README.md,
ADA,crypto,tecnico,precio,0.2136,,EUR,2026-05-19,2026-09-04T15:50:41Z,Coinbase,2,,,engine/technical/README.md,
ADA,crypto,tecnico,precio,0.2142,,EUR,2026-05-20,2026-09-04T15:50:41Z,Coinbase,2,,,engine/technical/README.md,
ADA,crypto,tecnico,precio,0.2156,,EUR,2026-05-21,2026-09-04T15:50:41Z,Coinbase,2,,,engine/technical/README.md,
ADA,crypto,tecnico,precio,0.2089,,EUR,2026-05-22,2026-09-04T15:50:41Z,Coinbase,2,,,engine/technical/README.md,
ADA,crypto,tecnico,precio,0.2118,,EUR,2026-05-23,2026-09-04T15:50:41Z,Coinbase,2,,,engine/technical/README.md,
ADA,crypto,tecnico,precio,0.2079,,EUR,2026-05-24,2026-09-04T15:50:41Z,Coinbase,2,,,engine/technical/README.md,
ADA,crypto,tecnico,precio,0.2092,,EUR,2026-05-25,2026-09-04T15:50:41Z,Coinbase,2,,,engine/technical/README.md,
ADA,crypto,tecnico,precio,0.2061,,EUR,2026-05-26,2026-09-04T15:50:41Z,Coinbase,2,,,engine/technical/README.md,
ADA,crypto,tecnico,precio,0.2039,,EUR,2026-05-27,2026-09-04T15:50:41Z,Coinbase,2,,,engine/technical/README.md,
ADA,crypto,tecnico,precio,0.2015,,EUR,2026-05-28,2026-09-04T15:50:41Z,Coinbase,2,,,engine/technical/README.md,
ADA,crypto,tecnico,precio,0.1996,,EUR,2026-05-29,2026-09-04T15:50:41Z,Coinbase,2,,,engine/technical/README.md,
ADA,crypto,tecnico,precio,0.2022,,EUR,2026-05-30,2026-09-04T15:50:41Z,Coinbase,2,,,engine/technical/README.md,
ADA,crypto,tecnico,precio,0.2021,,EUR,2026-05-31,2026-09-04T15:50:41Z,Coinbase,2,,,engine/technical/README.md,
ADA,crypto,tecnico,precio,0.1984,,EUR,2026-06-01,2026-09-04T15:50:41Z,Coinbase,2,,,engine/technical/README.md,
ADA,crypto,tecnico,precio,0.1831,,EUR,2026-06-02,2026-09-04T15:50:41Z,Coinbase,2,,,engine/technical/README.md,
ADA,crypto,tecnico,precio,0.1726,,EUR,2026-06-03,2026-09-04T15:50:41Z,Coinbase,2,,,engine/technical/README.md,
ADA,crypto,tecnico,precio,0.1543,,EUR,2026-06-04,2026-09-04T15:50:41Z,Coinbase,2,,,engine/technical/README.md,
ADA,crypto,tecnico,precio,0.1362,,EUR,2026-06-05,2026-09-04T15:50:41Z,Coinbase,2,,,engine/technical/README.md,
ADA,crypto,tecnico,precio,0.1368,,EUR,2026-06-06,2026-09-04T15:50:41Z,Coinbase,2,,,engine/technical/README.md,
ADA,crypto,tecnico,precio,0.1434,,EUR,2026-06-07,2026-09-04T15:50:41Z,Coinbase,2,,,engine/technical/README.md,
ADA,crypto,tecnico,precio,0.1478,,EUR,2026-06-08,2026-09-04T15:50:41Z,Coinbase,2,,,engine/technical/README.md,
ADA,crypto,tecnico,precio,0.1434,,EUR,2026-06-09,2026-09-04T15:50:41Z,Coinbase,2,,,engine/technical/README.md,
ADA,crypto,tecnico,precio,0.1392,,EUR,2026-06-10,2026-09-04T15:50:41Z,Coinbase,2,,,engine/technical/README.md,
ADA,crypto,tecnico,precio,0.1473,,EUR,2026-06-11,2026-09-04T15:50:41Z,Coinbase,2,,,engine/technical/README.md,
ADA,crypto,tecnico,precio,0.1466,,EUR,2026-06-12,2026-09-04T15:50:41Z,Coinbase,2,,,engine/technical/README.md,
ADA,crypto,tecnico,precio,0.1485,,EUR,2026-06-13,2026-09-04T15:50:41Z,Coinbase,2,,,engine/technical/README.md,
ADA,crypto,tecnico,precio,0.1577,,EUR,2026-06-14,2026-09-04T15:50:41Z,Coinbase,2,,,engine/technical/README.md,
ADA,crypto,tecnico,precio,0.1539,,EUR,2026-06-15,2026-09-04T15:50:41Z,Coinbase,2,,,engine/technical/README.md,
ADA,crypto,tecnico,precio,0.1486,,EUR,2026-06-16,2026-09-04T15:50:41Z,Coinbase,2,,,engine/technical/README.md,
ADA,crypto,tecnico,precio,0.1448,,EUR,2026-06-17,2026-09-04T15:50:41Z,Coinbase,2,,,engine/technical/README.md,
ADA,crypto,tecnico,precio,0.1427,,EUR,2026-06-18,2026-09-04T15:50:41Z,Coinbase,2,,,engine/technical/README.md,
ADA,crypto,tecnico,precio,0.1412,,EUR,2026-06-19,2026-09-04T15:50:41Z,Coinbase,2,,,engine/technical/README.md,
ADA,crypto,tecnico,precio,0.1421,,EUR,2026-06-20,2026-09-04T15:50:41Z,Coinbase,2,,,engine/technical/README.md,
ADA,crypto,tecnico,precio,0.1365,,EUR,2026-06-21,2026-09-04T15:50:41Z,Coinbase,2,,,engine/technical/README.md,
ADA,crypto,tecnico,precio,0.1386,,EUR,2026-06-22,2026-09-04T15:50:41Z,Coinbase,2,,,engine/technical/README.md,
ADA,crypto,tecnico,precio,0.133,,EUR,2026-06-23,2026-09-04T15:50:41Z,Coinbase,2,,,engine/technical/README.md,
ADA,crypto,tecnico,precio,0.1299,,EUR,2026-06-24,2026-09-04T15:50:41Z,Coinbase,2,,,engine/technical/README.md,
ADA,crypto,tecnico,precio,0.1266,,EUR,2026-06-25,2026-09-04T15:50:41Z,Coinbase,2,,,engine/technical/README.md,
ADA,crypto,tecnico,precio,0.1303,,EUR,2026-06-26,2026-09-04T15:50:41Z,Coinbase,2,,,engine/technical/README.md,
ADA,crypto,tecnico,precio,0.1274,,EUR,2026-06-27,2026-09-04T15:50:41Z,Coinbase,2,,,engine/technical/README.md,
ADA,crypto,tecnico,precio,0.1261,,EUR,2026-06-28,2026-09-04T15:50:41Z,Coinbase,2,,,engine/technical/README.md,
ADA,crypto,tecnico,precio,0.1275,,EUR,2026-06-29,2026-09-04T15:50:41Z,Coinbase,2,,,engine/technical/README.md,
ADA,crypto,tecnico,precio,0.1264,,EUR,2026-06-30,2026-09-04T15:50:41Z,Coinbase,2,,,engine/technical/README.md,
ADA,crypto,tecnico,precio,0.1352,,EUR,2026-07-01,2026-09-04T15:50:41Z,Coinbase,2,,,engine/technical/README.md,
ADA,crypto,tecnico,precio,0.1413,,EUR,2026-07-02,2026-09-04T15:50:41Z,Coinbase,2,,,engine/technical/README.md,
ADA,crypto,tecnico,precio,0.1571,,EUR,2026-07-03,2026-09-04T15:50:41Z,Coinbase,2,,,engine/technical/README.md,
ADA,crypto,tecnico,precio,0.1679,,EUR,2026-07-04,2026-09-04T15:50:41Z,Coinbase,2,,,engine/technical/README.md,
ADA,crypto,tecnico,precio,0.1657,,EUR,2026-07-05,2026-09-04T15:50:41Z,Coinbase,2,,,engine/technical/README.md,
ADA,crypto,tecnico,precio,0.1609,,EUR,2026-07-06,2026-09-04T15:50:41Z,Coinbase,2,,,engine/technical/README.md,
ADA,crypto,tecnico,precio,0.1533,,EUR,2026-07-07,2026-09-04T15:50:41Z,Coinbase,2,,,engine/technical/README.md,
ADA,crypto,tecnico,precio,0.1461,,EUR,2026-07-08,2026-09-04T15:50:41Z,Coinbase,2,,,engine/technical/README.md,
ADA,crypto,tecnico,precio,0.1457,,EUR,2026-07-09,2026-09-04T15:50:41Z,Coinbase,2,,,engine/technical/README.md,
ADA,crypto,tecnico,precio,0.146,,EUR,2026-07-10,2026-09-04T15:50:41Z,Coinbase,2,,,engine/technical/README.md,
ADA,crypto,tecnico,precio,0.145,,EUR,2026-07-11,2026-09-04T15:50:41Z,Coinbase,2,,,engine/technical/README.md,
ADA,crypto,tecnico,precio,0.142,,EUR,2026-07-12,2026-09-04T15:50:41Z,Coinbase,2,,,engine/technical/README.md,
ADA,crypto,tecnico,precio,0.1381,,EUR,2026-07-13,2026-09-04T15:50:41Z,Coinbase,2,,,engine/technical/README.md,
ADA,crypto,tecnico,precio,0.1448,,EUR,2026-07-14,2026-09-04T15:50:41Z,Coinbase,2,,,engine/technical/README.md,
ADA,crypto,tecnico,precio,0.1439,,EUR,2026-07-15,2026-09-04T15:50:41Z,Coinbase,2,,,engine/technical/README.md,
ADA,crypto,tecnico,precio,0.1404,,EUR,2026-07-16,2026-09-04T15:50:41Z,Coinbase,2,,,engine/technical/README.md,
ADA,crypto,tecnico,precio,0.1462,,EUR,2026-07-17,2026-09-04T15:50:41Z,Coinbase,2,,,engine/technical/README.md,
ADA,crypto,tecnico,precio,0.1458,,EUR,2026-07-18,2026-09-04T15:50:41Z,Coinbase,2,,,engine/technical/README.md,
ADA,crypto,tecnico,precio,0.1451,,EUR,2026-07-19,2026-09-04T15:50:41Z,Coinbase,2,,,engine/technical/README.md,
ADA,crypto,tecnico,precio,0.1488,,EUR,2026-07-20,2026-09-04T15:50:41Z,Coinbase,2,,,engine/technical/README.md,
ADA,crypto,tecnico,precio,0.1523,,EUR,2026-07-21,2026-09-04T15:50:41Z,Coinbase,2,,,engine/technical/README.md,
ADA,crypto,tecnico,precio,0.1528,,EUR,2026-07-22,2026-09-04T15:50:41Z,Coinbase,2,,,engine/technical/README.md,
ADA,crypto,tecnico,precio,0.1475,,EUR,2026-07-23,2026-09-04T15:50:41Z,Coinbase,2,,,engine/technical/README.md,
ADA,crypto,tecnico,precio,0.1441,,EUR,2026-07-24,2026-09-04T15:50:41Z,Coinbase,2,,,engine/technical/README.md,
ADA,crypto,tecnico,precio,0.145,,EUR,2026-07-25,2026-09-04T15:50:41Z,Coinbase,2,,,engine/technical/README.md,
ADA,crypto,tecnico,precio,0.1455,,EUR,2026-07-26,2026-09-04T15:50:41Z,Coinbase,2,,,engine/technical/README.md,
ADA,crypto,tecnico,precio,0.1367,,EUR,2026-07-27,2026-09-04T15:50:41Z,Coinbase,2,,,engine/technical/README.md,
ADA,crypto,tecnico,precio,0.1418,,EUR,2026-07-28,2026-09-04T15:50:41Z,Coinbase,2,,,engine/technical/README.md,
ADA,crypto,tecnico,precio,0.1413,,EUR,2026-07-29,2026-09-04T15:50:41Z,Coinbase,2,,,engine/technical/README.md,
ADA,crypto,tecnico,precio,0.1472,,EUR,2026-07-30,2026-09-04T15:50:41Z,Coinbase,2,,,engine/technical/README.md,
ADA,crypto,tecnico,precio,0.146,,EUR,2026-07-31,2026-09-04T15:50:41Z,Coinbase,2,,,engine/technical/README.md,
ADA,crypto,tecnico,precio,0.1513,,EUR,2026-08-01,2026-09-04T15:50:41Z,Coinbase,2,,,engine/technical/README.md,
ADA,crypto,tecnico,precio,0.1642,,EUR,2026-08-02,2026-09-04T15:50:41Z,Coinbase,2,,,engine/technical/README.md,
ADA,crypto,tecnico,precio,0.1683,,EUR,2026-08-03,2026-09-04T15:50:41Z,Coinbase,2,,,engine/technical/README.md,
ADA,crypto,tecnico,precio,0.1673,,EUR,2026-08-04,2026-09-04T15:50:41Z,Coinbase,2,,,engine/technical/README.md,
ADA,crypto,tecnico,precio,0.1654,,EUR,2026-08-05,2026-09-04T15:50:41Z,Coinbase,2,,,engine/technical/README.md,
ADA,crypto,tecnico,precio,0.1743,,EUR,2026-08-06,2026-09-04T15:50:41Z,Coinbase,2,,,engine/technical/README.md,
ADA,crypto,tecnico,precio,0.1734,,EUR,2026-08-07,2026-09-04T15:50:41Z,Coinbase,2,,,engine/technical/README.md,
ADA,crypto,tecnico,precio,0.1726,,EUR,2026-08-08,2026-09-04T15:50:41Z,Coinbase,2,,,engine/technical/README.md,
ADA,crypto,tecnico,precio,0.1679,,EUR,2026-08-09,2026-09-04T15:50:41Z,Coinbase,2,,,engine/technical/README.md,
ADA,crypto,tecnico,precio,0.1649,,EUR,2026-08-10,2026-09-04T15:50:41Z,Coinbase,2,,,engine/technical/README.md,
ADA,crypto,tecnico,precio,0.1618,,EUR,2026-08-11,2026-09-04T15:50:41Z,Coinbase,2,,,engine/technical/README.md,
ADA,crypto,tecnico,precio,0.1581,,EUR,2026-08-12,2026-09-04T15:50:41Z,Coinbase,2,,,engine/technical/README.md,
ADA,crypto,tecnico,precio,0.1582,,EUR,2026-08-13,2026-09-04T15:50:41Z,Coinbase,2,,,engine/technical/README.md,
ADA,crypto,tecnico,precio,0.1557,,EUR,2026-08-14,2026-09-04T15:50:41Z,Coinbase,2,,,engine/technical/README.md,
ADA,crypto,tecnico,precio,0.1522,,EUR,2026-08-15,2026-09-04T15:50:41Z,Coinbase,2,,,engine/technical/README.md,
ADA,crypto,tecnico,precio,0.1509,,EUR,2026-08-16,2026-09-04T15:50:41Z,Coinbase,2,,,engine/technical/README.md,
ADA,crypto,tecnico,precio,0.1502,,EUR,2026-08-17,2026-09-04T15:50:41Z,Coinbase,2,,,engine/technical/README.md,
ADA,crypto,tecnico,precio,0.15056,,EUR,2026-08-18,2026-09-04T15:50:41Z,Coinbase,2,,,engine/technical/README.md,
ADA,crypto,tecnico,precio,0.16049,,EUR,2026-08-19,2026-09-04T15:50:41Z,Coinbase,2,,,engine/technical/README.md,
ADA,crypto,tecnico,precio,0.17028,,EUR,2026-08-20,2026-09-04T15:50:41Z,Coinbase,2,,,engine/technical/README.md,
ADA,crypto,tecnico,precio,0.19589,,EUR,2026-08-21,2026-09-04T15:50:41Z,Coinbase,2,,,engine/technical/README.md,
ADA,crypto,tecnico,precio,0.19302,,EUR,2026-08-22,2026-09-04T15:50:41Z,Coinbase,2,,,engine/technical/README.md,
ADA,crypto,tecnico,precio,0.19437,,EUR,2026-08-23,2026-09-04T15:50:41Z,Coinbase,2,,,engine/technical/README.md,
ADA,crypto,tecnico,precio,0.18978,,EUR,2026-08-24,2026-09-04T15:50:41Z,Coinbase,2,,,engine/technical/README.md,
ADA,crypto,tecnico,precio,0.17871,,EUR,2026-08-25,2026-09-04T15:50:41Z,Coinbase,2,,,engine/technical/README.md,
ADA,crypto,tecnico,precio,0.18139,,EUR,2026-08-26,2026-09-04T15:50:41Z,Coinbase,2,,,engine/technical/README.md,
ADA,crypto,tecnico,precio,0.18347,,EUR,2026-08-27,2026-09-04T15:50:41Z,Coinbase,2,,,engine/technical/README.md,
ADA,crypto,tecnico,precio,0.17524,,EUR,2026-08-28,2026-09-04T15:50:41Z,Coinbase,2,,,engine/technical/README.md,
ADA,crypto,tecnico,precio,0.17446,,EUR,2026-08-29,2026-09-04T15:50:41Z,Coinbase,2,,,engine/technical/README.md,
ADA,crypto,tecnico,precio,0.16623,,EUR,2026-08-30,2026-09-04T15:50:41Z,Coinbase,2,,,engine/technical/README.md,
ADA,crypto,tecnico,precio,0.17016,,EUR,2026-08-31,2026-09-04T15:50:41Z,Coinbase,2,,,engine/technical/README.md,
ADA,crypto,tecnico,precio,0.16996,,EUR,2026-09-01,2026-09-04T15:50:41Z,Coinbase,2,,,engine/technical/README.md,
ADA,crypto,tecnico,precio,0.17362,,EUR,2026-09-02,2026-09-04T15:50:41Z,Coinbase,2,,,engine/technical/README.md,
ADA,crypto,tecnico,precio,0.168727,,EUR,2026-09-03,2026-09-03T11:40:58Z,Kraken,2,100,,engine/technical/README.md,
ADA,crypto,tecnico,precio,0.189552,,EUR,2026-09-04,2026-09-04T10:11:47Z,Kraken,2,100,,engine/technical/README.md,
ADA,crypto,tecnico,rsi14,42.2,,indice,2026-01-01,2026-09-04T15:50:41Z,Coinbase,2,,,engine/technical/README.md,
ADA,crypto,tecnico,rsi14,53.4,,indice,2026-01-02,2026-09-04T15:50:41Z,Coinbase,2,,,engine/technical/README.md,
ADA,crypto,tecnico,rsi14,51.8,,indice,2026-01-03,2026-09-04T15:50:41Z,Coinbase,2,,,engine/technical/README.md,
ADA,crypto,tecnico,rsi14,54.7,,indice,2026-01-04,2026-09-04T15:50:41Z,Coinbase,2,,,engine/technical/README.md,
ADA,crypto,tecnico,rsi14,59.3,,indice,2026-01-05,2026-09-04T15:50:41Z,Coinbase,2,,,engine/technical/README.md,
ADA,crypto,tecnico,rsi14,58.9,,indice,2026-01-06,2026-09-04T15:50:41Z,Coinbase,2,,,engine/technical/README.md,
ADA,crypto,tecnico,rsi14,53.7,,indice,2026-01-07,2026-09-04T15:50:41Z,Coinbase,2,,,engine/technical/README.md,
ADA,crypto,tecnico,rsi14,52.0,,indice,2026-01-08,2026-09-04T15:50:41Z,Coinbase,2,,,engine/technical/README.md,
ADA,crypto,tecnico,rsi14,50.8,,indice,2026-01-09,2026-09-04T15:50:41Z,Coinbase,2,,,engine/technical/README.md,
ADA,crypto,tecnico,rsi14,49.9,,indice,2026-01-10,2026-09-04T15:50:41Z,Coinbase,2,,,engine/technical/README.md,
ADA,crypto,tecnico,rsi14,50.9,,indice,2026-01-11,2026-09-04T15:50:41Z,Coinbase,2,,,engine/technical/README.md,
ADA,crypto,tecnico,rsi14,48.7,,indice,2026-01-12,2026-09-04T15:50:41Z,Coinbase,2,,,engine/technical/README.md,
ADA,crypto,tecnico,rsi14,59.5,,indice,2026-01-13,2026-09-04T15:50:41Z,Coinbase,2,,,engine/technical/README.md,
ADA,crypto,tecnico,rsi14,56.6,,indice,2026-01-14,2026-09-04T15:50:41Z,Coinbase,2,,,engine/technical/README.md,
ADA,crypto,tecnico,rsi14,50.7,,indice,2026-01-15,2026-09-04T15:50:41Z,Coinbase,2,,,engine/technical/README.md,
ADA,crypto,tecnico,rsi14,51.2,,indice,2026-01-16,2026-09-04T15:50:41Z,Coinbase,2,,,engine/technical/README.md,
ADA,crypto,tecnico,rsi14,51.9,,indice,2026-01-17,2026-09-04T15:50:41Z,Coinbase,2,,,engine/technical/README.md,
ADA,crypto,tecnico,rsi14,44.6,,indice,2026-01-18,2026-09-04T15:50:41Z,Coinbase,2,,,engine/technical/README.md,
ADA,crypto,tecnico,rsi14,43.1,,indice,2026-01-19,2026-09-04T15:50:41Z,Coinbase,2,,,engine/technical/README.md,
ADA,crypto,tecnico,rsi14,38.0,,indice,2026-01-20,2026-09-04T15:50:41Z,Coinbase,2,,,engine/technical/README.md,
ADA,crypto,tecnico,rsi14,43.5,,indice,2026-01-21,2026-09-04T15:50:41Z,Coinbase,2,,,engine/technical/README.md,
ADA,crypto,tecnico,rsi14,41.2,,indice,2026-01-22,2026-09-04T15:50:41Z,Coinbase,2,,,engine/technical/README.md,
ADA,crypto,tecnico,rsi14,41.0,,indice,2026-01-23,2026-09-04T15:50:41Z,Coinbase,2,,,engine/technical/README.md,
ADA,crypto,tecnico,rsi14,40.4,,indice,2026-01-24,2026-09-04T15:50:41Z,Coinbase,2,,,engine/technical/README.md,
ADA,crypto,tecnico,rsi14,35.3,,indice,2026-01-25,2026-09-04T15:50:41Z,Coinbase,2,,,engine/technical/README.md,
ADA,crypto,tecnico,rsi14,40.2,,indice,2026-01-26,2026-09-04T15:50:41Z,Coinbase,2,,,engine/technical/README.md,
ADA,crypto,tecnico,rsi14,41.9,,indice,2026-01-27,2026-09-04T15:50:41Z,Coinbase,2,,,engine/technical/README.md,
ADA,crypto,tecnico,rsi14,41.6,,indice,2026-01-28,2026-09-04T15:50:41Z,Coinbase,2,,,engine/technical/README.md,
ADA,crypto,tecnico,rsi14,35.6,,indice,2026-01-29,2026-09-04T15:50:41Z,Coinbase,2,,,engine/technical/README.md,
ADA,crypto,tecnico,rsi14,33.2,,indice,2026-01-30,2026-09-04T15:50:41Z,Coinbase,2,,,engine/technical/README.md,
ADA,crypto,tecnico,rsi14,28.2,,indice,2026-01-31,2026-09-04T15:50:41Z,Coinbase,2,,,engine/technical/README.md,
ADA,crypto,tecnico,rsi14,26.8,,indice,2026-02-01,2026-09-04T15:50:41Z,Coinbase,2,,,engine/technical/README.md,
ADA,crypto,tecnico,rsi14,32.8,,indice,2026-02-02,2026-09-04T15:50:41Z,Coinbase,2,,,engine/technical/README.md,
ADA,crypto,tecnico,rsi14,31.3,,indice,2026-02-03,2026-09-04T15:50:41Z,Coinbase,2,,,engine/technical/README.md,
ADA,crypto,tecnico,rsi14,30.3,,indice,2026-02-04,2026-09-04T15:50:41Z,Coinbase,2,,,engine/technical/README.md,
ADA,crypto,tecnico,rsi14,23.8,,indice,2026-02-05,2026-09-04T15:50:41Z,Coinbase,2,,,engine/technical/README.md,
ADA,crypto,tecnico,rsi14,34.9,,indice,2026-02-06,2026-09-04T15:50:41Z,Coinbase,2,,,engine/technical/README.md,
ADA,crypto,tecnico,rsi14,34.4,,indice,2026-02-07,2026-09-04T15:50:41Z,Coinbase,2,,,engine/technical/README.md,
ADA,crypto,tecnico,rsi14,33.9,,indice,2026-02-08,2026-09-04T15:50:41Z,Coinbase,2,,,engine/technical/README.md,
ADA,crypto,tecnico,rsi14,33.5,,indice,2026-02-09,2026-09-04T15:50:41Z,Coinbase,2,,,engine/technical/README.md,
ADA,crypto,tecnico,rsi14,31.9,,indice,2026-02-10,2026-09-04T15:50:41Z,Coinbase,2,,,engine/technical/README.md,
ADA,crypto,tecnico,rsi14,30.7,,indice,2026-02-11,2026-09-04T15:50:41Z,Coinbase,2,,,engine/technical/README.md,
ADA,crypto,tecnico,rsi14,34.5,,indice,2026-02-12,2026-09-04T15:50:41Z,Coinbase,2,,,engine/technical/README.md,
ADA,crypto,tecnico,rsi14,38.2,,indice,2026-02-13,2026-09-04T15:50:41Z,Coinbase,2,,,engine/technical/README.md,
ADA,crypto,tecnico,rsi14,46.4,,indice,2026-02-14,2026-09-04T15:50:41Z,Coinbase,2,,,engine/technical/README.md,
ADA,crypto,tecnico,rsi14,42.7,,indice,2026-02-15,2026-09-04T15:50:41Z,Coinbase,2,,,engine/technical/README.md,
ADA,crypto,tecnico,rsi14,44.3,,indice,2026-02-16,2026-09-04T15:50:41Z,Coinbase,2,,,engine/technical/README.md,
ADA,crypto,tecnico,rsi14,42.9,,indice,2026-02-17,2026-09-04T15:50:41Z,Coinbase,2,,,engine/technical/README.md,
ADA,crypto,tecnico,rsi14,41.2,,indice,2026-02-18,2026-09-04T15:50:41Z,Coinbase,2,,,engine/technical/README.md,
ADA,crypto,tecnico,rsi14,41.0,,indice,2026-02-19,2026-09-04T15:50:41Z,Coinbase,2,,,engine/technical/README.md,
ADA,crypto,tecnico,rsi14,45.7,,indice,2026-02-20,2026-09-04T15:50:41Z,Coinbase,2,,,engine/technical/README.md,
ADA,crypto,tecnico,rsi14,44.4,,indice,2026-02-21,2026-09-04T15:50:41Z,Coinbase,2,,,engine/technical/README.md,
ADA,crypto,tecnico,rsi14,41.1,,indice,2026-02-22,2026-09-04T15:50:41Z,Coinbase,2,,,engine/technical/README.md,
ADA,crypto,tecnico,rsi14,38.8,,indice,2026-02-23,2026-09-04T15:50:41Z,Coinbase,2,,,engine/technical/README.md,
ADA,crypto,tecnico,rsi14,37.6,,indice,2026-02-24,2026-09-04T15:50:41Z,Coinbase,2,,,engine/technical/README.md,
ADA,crypto,tecnico,rsi14,52.8,,indice,2026-02-25,2026-09-04T15:50:41Z,Coinbase,2,,,engine/technical/README.md,
ADA,crypto,tecnico,rsi14,49.4,,indice,2026-02-26,2026-09-04T15:50:41Z,Coinbase,2,,,engine/technical/README.md,
ADA,crypto,tecnico,rsi14,46.2,,indice,2026-02-27,2026-09-04T15:50:41Z,Coinbase,2,,,engine/technical/README.md,
ADA,crypto,tecnico,rsi14,47.9,,indice,2026-02-28,2026-09-04T15:50:41Z,Coinbase,2,,,engine/technical/README.md,
ADA,crypto,tecnico,rsi14,45.3,,indice,2026-03-01,2026-09-04T15:50:41Z,Coinbase,2,,,engine/technical/README.md,
ADA,crypto,tecnico,rsi14,47.4,,indice,2026-03-02,2026-09-04T15:50:41Z,Coinbase,2,,,engine/technical/README.md,
ADA,crypto,tecnico,rsi14,43.1,,indice,2026-03-03,2026-09-04T15:50:41Z,Coinbase,2,,,engine/technical/README.md,
ADA,crypto,tecnico,rsi14,48.6,,indice,2026-03-04,2026-09-04T15:50:41Z,Coinbase,2,,,engine/technical/README.md,
ADA,crypto,tecnico,rsi14,46.1,,indice,2026-03-05,2026-09-04T15:50:41Z,Coinbase,2,,,engine/technical/README.md,
ADA,crypto,tecnico,rsi14,42.8,,indice,2026-03-06,2026-09-04T15:50:41Z,Coinbase,2,,,engine/technical/README.md,
ADA,crypto,tecnico,rsi14,41.5,,indice,2026-03-07,2026-09-04T15:50:41Z,Coinbase,2,,,engine/technical/README.md,
ADA,crypto,tecnico,rsi14,40.3,,indice,2026-03-08,2026-09-04T15:50:41Z,Coinbase,2,,,engine/technical/README.md,
ADA,crypto,tecnico,rsi14,42.3,,indice,2026-03-09,2026-09-04T15:50:41Z,Coinbase,2,,,engine/technical/README.md,
ADA,crypto,tecnico,rsi14,45.4,,indice,2026-03-10,2026-09-04T15:50:41Z,Coinbase,2,,,engine/technical/README.md,
ADA,crypto,tecnico,rsi14,46.5,,indice,2026-03-11,2026-09-04T15:50:41Z,Coinbase,2,,,engine/technical/README.md,
ADA,crypto,tecnico,rsi14,47.2,,indice,2026-03-12,2026-09-04T15:50:41Z,Coinbase,2,,,engine/technical/README.md,
ADA,crypto,tecnico,rsi14,49.3,,indice,2026-03-13,2026-09-04T15:50:41Z,Coinbase,2,,,engine/technical/README.md,
ADA,crypto,tecnico,rsi14,48.8,,indice,2026-03-14,2026-09-04T15:50:41Z,Coinbase,2,,,engine/technical/README.md,
ADA,crypto,tecnico,rsi14,52.2,,indice,2026-03-15,2026-09-04T15:50:41Z,Coinbase,2,,,engine/technical/README.md,
ADA,crypto,tecnico,rsi14,60.2,,indice,2026-03-16,2026-09-04T15:50:41Z,Coinbase,2,,,engine/technical/README.md,
ADA,crypto,tecnico,rsi14,59.1,,indice,2026-03-17,2026-09-04T15:50:41Z,Coinbase,2,,,engine/technical/README.md,
ADA,crypto,tecnico,rsi14,51.7,,indice,2026-03-18,2026-09-04T15:50:41Z,Coinbase,2,,,engine/technical/README.md,
ADA,crypto,tecnico,rsi14,47.4,,indice,2026-03-19,2026-09-04T15:50:41Z,Coinbase,2,,,engine/technical/README.md,
ADA,crypto,tecnico,rsi14,46.6,,indice,2026-03-20,2026-09-04T15:50:41Z,Coinbase,2,,,engine/technical/README.md,
ADA,crypto,tecnico,rsi14,42.1,,indice,2026-03-21,2026-09-04T15:50:41Z,Coinbase,2,,,engine/technical/README.md,
ADA,crypto,tecnico,rsi14,40.5,,indice,2026-03-22,2026-09-04T15:50:41Z,Coinbase,2,,,engine/technical/README.md,
ADA,crypto,tecnico,rsi14,45.8,,indice,2026-03-23,2026-09-04T15:50:41Z,Coinbase,2,,,engine/technical/README.md,
ADA,crypto,tecnico,rsi14,48.5,,indice,2026-03-24,2026-09-04T15:50:41Z,Coinbase,2,,,engine/technical/README.md,
ADA,crypto,tecnico,rsi14,50.8,,indice,2026-03-25,2026-09-04T15:50:41Z,Coinbase,2,,,engine/technical/README.md,
ADA,crypto,tecnico,rsi14,43.6,,indice,2026-03-26,2026-09-04T15:50:41Z,Coinbase,2,,,engine/technical/README.md,
ADA,crypto,tecnico,rsi14,40.4,,indice,2026-03-27,2026-09-04T15:50:41Z,Coinbase,2,,,engine/technical/README.md,
ADA,crypto,tecnico,rsi14,40.2,,indice,2026-03-28,2026-09-04T15:50:41Z,Coinbase,2,,,engine/technical/README.md,
ADA,crypto,tecnico,rsi14,38.0,,indice,2026-03-29,2026-09-04T15:50:41Z,Coinbase,2,,,engine/technical/README.md,
ADA,crypto,tecnico,rsi14,40.8,,indice,2026-03-30,2026-09-04T15:50:41Z,Coinbase,2,,,engine/technical/README.md,
ADA,crypto,tecnico,rsi14,39.0,,indice,2026-03-31,2026-09-04T15:50:41Z,Coinbase,2,,,engine/technical/README.md,
ADA,crypto,tecnico,rsi14,43.2,,indice,2026-04-01,2026-09-04T15:50:41Z,Coinbase,2,,,engine/technical/README.md,
ADA,crypto,tecnico,rsi14,39.6,,indice,2026-04-02,2026-09-04T15:50:41Z,Coinbase,2,,,engine/technical/README.md,
ADA,crypto,tecnico,rsi14,44.2,,indice,2026-04-03,2026-09-04T15:50:41Z,Coinbase,2,,,engine/technical/README.md,
ADA,crypto,tecnico,rsi14,45.2,,indice,2026-04-04,2026-09-04T15:50:41Z,Coinbase,2,,,engine/technical/README.md,
ADA,crypto,tecnico,rsi14,47.7,,indice,2026-04-05,2026-09-04T15:50:41Z,Coinbase,2,,,engine/technical/README.md,
ADA,crypto,tecnico,rsi14,44.1,,indice,2026-04-06,2026-09-04T15:50:41Z,Coinbase,2,,,engine/technical/README.md,
ADA,crypto,tecnico,rsi14,52.6,,indice,2026-04-07,2026-09-04T15:50:41Z,Coinbase,2,,,engine/technical/README.md,
ADA,crypto,tecnico,rsi14,46.2,,indice,2026-04-08,2026-09-04T15:50:41Z,Coinbase,2,,,engine/technical/README.md,
ADA,crypto,tecnico,rsi14,47.7,,indice,2026-04-09,2026-09-04T15:50:41Z,Coinbase,2,,,engine/technical/README.md,
ADA,crypto,tecnico,rsi14,47.2,,indice,2026-04-10,2026-09-04T15:50:41Z,Coinbase,2,,,engine/technical/README.md,
ADA,crypto,tecnico,rsi14,45.0,,indice,2026-04-11,2026-09-04T15:50:41Z,Coinbase,2,,,engine/technical/README.md,
ADA,crypto,tecnico,rsi14,39.2,,indice,2026-04-12,2026-09-04T15:50:41Z,Coinbase,2,,,engine/technical/README.md,
ADA,crypto,tecnico,rsi14,45.6,,indice,2026-04-13,2026-09-04T15:50:41Z,Coinbase,2,,,engine/technical/README.md,
ADA,crypto,tecnico,rsi14,41.3,,indice,2026-04-14,2026-09-04T15:50:41Z,Coinbase,2,,,engine/technical/README.md,
ADA,crypto,tecnico,rsi14,45.0,,indice,2026-04-15,2026-09-04T15:50:41Z,Coinbase,2,,,engine/technical/README.md,
ADA,crypto,tecnico,rsi14,52.1,,indice,2026-04-16,2026-09-04T15:50:41Z,Coinbase,2,,,engine/technical/README.md,
ADA,crypto,tecnico,rsi14,51.9,,indice,2026-04-17,2026-09-04T15:50:41Z,Coinbase,2,,,engine/technical/README.md,
ADA,crypto,tecnico,rsi14,47.0,,indice,2026-04-18,2026-09-04T15:50:41Z,Coinbase,2,,,engine/technical/README.md,
ADA,crypto,tecnico,rsi14,44.2,,indice,2026-04-19,2026-09-04T15:50:41Z,Coinbase,2,,,engine/technical/README.md,
ADA,crypto,tecnico,rsi14,47.1,,indice,2026-04-20,2026-09-04T15:50:41Z,Coinbase,2,,,engine/technical/README.md,
ADA,crypto,tecnico,rsi14,48.3,,indice,2026-04-21,2026-09-04T15:50:41Z,Coinbase,2,,,engine/technical/README.md,
ADA,crypto,tecnico,rsi14,47.8,,indice,2026-04-22,2026-09-04T15:50:41Z,Coinbase,2,,,engine/technical/README.md,
ADA,crypto,tecnico,rsi14,49.3,,indice,2026-04-23,2026-09-04T15:50:41Z,Coinbase,2,,,engine/technical/README.md,
ADA,crypto,tecnico,rsi14,48.9,,indice,2026-04-24,2026-09-04T15:50:41Z,Coinbase,2,,,engine/technical/README.md,
ADA,crypto,tecnico,rsi14,48.9,,indice,2026-04-25,2026-09-04T15:50:41Z,Coinbase,2,,,engine/technical/README.md,
ADA,crypto,tecnico,rsi14,50.5,,indice,2026-04-26,2026-09-04T15:50:41Z,Coinbase,2,,,engine/technical/README.md,
ADA,crypto,tecnico,rsi14,47.2,,indice,2026-04-27,2026-09-04T15:50:41Z,Coinbase,2,,,engine/technical/README.md,
ADA,crypto,tecnico,rsi14,46.3,,indice,2026-04-28,2026-09-04T15:50:41Z,Coinbase,2,,,engine/technical/README.md,
ADA,crypto,tecnico,rsi14,45.4,,indice,2026-04-29,2026-09-04T15:50:41Z,Coinbase,2,,,engine/technical/README.md,
ADA,crypto,tecnico,rsi14,46.0,,indice,2026-04-30,2026-09-04T15:50:41Z,Coinbase,2,,,engine/technical/README.md,
ADA,crypto,tecnico,rsi14,48.1,,indice,2026-05-01,2026-09-04T15:50:41Z,Coinbase,2,,,engine/technical/README.md,
ADA,crypto,tecnico,rsi14,49.9,,indice,2026-05-02,2026-09-04T15:50:41Z,Coinbase,2,,,engine/technical/README.md,
ADA,crypto,tecnico,rsi14,48.9,,indice,2026-05-03,2026-09-04T15:50:41Z,Coinbase,2,,,engine/technical/README.md,
ADA,crypto,tecnico,rsi14,50.3,,indice,2026-05-04,2026-09-04T15:50:41Z,Coinbase,2,,,engine/technical/README.md,
ADA,crypto,tecnico,rsi14,60.5,,indice,2026-05-05,2026-09-04T15:50:41Z,Coinbase,2,,,engine/technical/README.md,
ADA,crypto,tecnico,rsi14,63.1,,indice,2026-05-06,2026-09-04T15:50:41Z,Coinbase,2,,,engine/technical/README.md,
ADA,crypto,tecnico,rsi14,59.0,,indice,2026-05-07,2026-09-04T15:50:41Z,Coinbase,2,,,engine/technical/README.md,
ADA,crypto,tecnico,rsi14,65.1,,indice,2026-05-08,2026-09-04T15:50:41Z,Coinbase,2,,,engine/technical/README.md,
ADA,crypto,tecnico,rsi14,62.4,,indice,2026-05-09,2026-09-04T15:50:41Z,Coinbase,2,,,engine/technical/README.md,
ADA,crypto,tecnico,rsi14,68.9,,indice,2026-05-10,2026-09-04T15:50:41Z,Coinbase,2,,,engine/technical/README.md,
ADA,crypto,tecnico,rsi14,66.5,,indice,2026-05-11,2026-09-04T15:50:41Z,Coinbase,2,,,engine/technical/README.md,
ADA,crypto,tecnico,rsi14,58.7,,indice,2026-05-12,2026-09-04T15:50:41Z,Coinbase,2,,,engine/technical/README.md,
ADA,crypto,tecnico,rsi14,54.0,,indice,2026-05-13,2026-09-04T15:50:41Z,Coinbase,2,,,engine/technical/README.md,
ADA,crypto,tecnico,rsi14,58.3,,indice,2026-05-14,2026-09-04T15:50:41Z,Coinbase,2,,,engine/technical/README.md,
ADA,crypto,tecnico,rsi14,51.8,,indice,2026-05-15,2026-09-04T15:50:41Z,Coinbase,2,,,engine/technical/README.md,
ADA,crypto,tecnico,rsi14,47.5,,indice,2026-05-16,2026-09-04T15:50:41Z,Coinbase,2,,,engine/technical/README.md,
ADA,crypto,tecnico,rsi14,45.4,,indice,2026-05-17,2026-09-04T15:50:41Z,Coinbase,2,,,engine/technical/README.md,
ADA,crypto,tecnico,rsi14,44.7,,indice,2026-05-18,2026-09-04T15:50:41Z,Coinbase,2,,,engine/technical/README.md,
ADA,crypto,tecnico,rsi14,42.9,,indice,2026-05-19,2026-09-04T15:50:41Z,Coinbase,2,,,engine/technical/README.md,
ADA,crypto,tecnico,rsi14,43.5,,indice,2026-05-20,2026-09-04T15:50:41Z,Coinbase,2,,,engine/technical/README.md,
ADA,crypto,tecnico,rsi14,45.1,,indice,2026-05-21,2026-09-04T15:50:41Z,Coinbase,2,,,engine/technical/README.md,
ADA,crypto,tecnico,rsi14,39.5,,indice,2026-05-22,2026-09-04T15:50:41Z,Coinbase,2,,,engine/technical/README.md,
ADA,crypto,tecnico,rsi14,42.8,,indice,2026-05-23,2026-09-04T15:50:41Z,Coinbase,2,,,engine/technical/README.md,
ADA,crypto,tecnico,rsi14,39.7,,indice,2026-05-24,2026-09-04T15:50:41Z,Coinbase,2,,,engine/technical/README.md,
ADA,crypto,tecnico,rsi14,41.2,,indice,2026-05-25,2026-09-04T15:50:41Z,Coinbase,2,,,engine/technical/README.md,
ADA,crypto,tecnico,rsi14,38.7,,indice,2026-05-26,2026-09-04T15:50:41Z,Coinbase,2,,,engine/technical/README.md,
ADA,crypto,tecnico,rsi14,36.9,,indice,2026-05-27,2026-09-04T15:50:41Z,Coinbase,2,,,engine/technical/README.md,
ADA,crypto,tecnico,rsi14,35.1,,indice,2026-05-28,2026-09-04T15:50:41Z,Coinbase,2,,,engine/technical/README.md,
ADA,crypto,tecnico,rsi14,33.6,,indice,2026-05-29,2026-09-04T15:50:41Z,Coinbase,2,,,engine/technical/README.md,
ADA,crypto,tecnico,rsi14,37.4,,indice,2026-05-30,2026-09-04T15:50:41Z,Coinbase,2,,,engine/technical/README.md,
ADA,crypto,tecnico,rsi14,37.3,,indice,2026-05-31,2026-09-04T15:50:41Z,Coinbase,2,,,engine/technical/README.md,
ADA,crypto,tecnico,rsi14,34.1,,indice,2026-06-01,2026-09-04T15:50:41Z,Coinbase,2,,,engine/technical/README.md,
ADA,crypto,tecnico,rsi14,24.7,,indice,2026-06-02,2026-09-04T15:50:41Z,Coinbase,2,,,engine/technical/README.md,
ADA,crypto,tecnico,rsi14,20.5,,indice,2026-06-03,2026-09-04T15:50:41Z,Coinbase,2,,,engine/technical/README.md,
ADA,crypto,tecnico,rsi14,15.5,,indice,2026-06-04,2026-09-04T15:50:41Z,Coinbase,2,,,engine/technical/README.md,
ADA,crypto,tecnico,rsi14,12.3,,indice,2026-06-05,2026-09-04T15:50:41Z,Coinbase,2,,,engine/technical/README.md,
ADA,crypto,tecnico,rsi14,13.0,,indice,2026-06-06,2026-09-04T15:50:41Z,Coinbase,2,,,engine/technical/README.md,
ADA,crypto,tecnico,rsi14,19.9,,indice,2026-06-07,2026-09-04T15:50:41Z,Coinbase,2,,,engine/technical/README.md,
ADA,crypto,tecnico,rsi14,24.2,,indice,2026-06-08,2026-09-04T15:50:41Z,Coinbase,2,,,engine/technical/README.md,
ADA,crypto,tecnico,rsi14,22.9,,indice,2026-06-09,2026-09-04T15:50:41Z,Coinbase,2,,,engine/technical/README.md,
ADA,crypto,tecnico,rsi14,21.6,,indice,2026-06-10,2026-09-04T15:50:41Z,Coinbase,2,,,engine/technical/README.md,
ADA,crypto,tecnico,rsi14,29.4,,indice,2026-06-11,2026-09-04T15:50:41Z,Coinbase,2,,,engine/technical/README.md,
ADA,crypto,tecnico,rsi14,29.2,,indice,2026-06-12,2026-09-04T15:50:41Z,Coinbase,2,,,engine/technical/README.md,
ADA,crypto,tecnico,rsi14,31.0,,indice,2026-06-13,2026-09-04T15:50:41Z,Coinbase,2,,,engine/technical/README.md,
ADA,crypto,tecnico,rsi14,39.3,,indice,2026-06-14,2026-09-04T15:50:41Z,Coinbase,2,,,engine/technical/README.md,
ADA,crypto,tecnico,rsi14,37.3,,indice,2026-06-15,2026-09-04T15:50:41Z,Coinbase,2,,,engine/technical/README.md,
ADA,crypto,tecnico,rsi14,34.7,,indice,2026-06-16,2026-09-04T15:50:41Z,Coinbase,2,,,engine/technical/README.md,
ADA,crypto,tecnico,rsi14,32.9,,indice,2026-06-17,2026-09-04T15:50:41Z,Coinbase,2,,,engine/technical/README.md,
ADA,crypto,tecnico,rsi14,31.9,,indice,2026-06-18,2026-09-04T15:50:41Z,Coinbase,2,,,engine/technical/README.md,
ADA,crypto,tecnico,rsi14,31.2,,indice,2026-06-19,2026-09-04T15:50:41Z,Coinbase,2,,,engine/technical/README.md,
ADA,crypto,tecnico,rsi14,32.2,,indice,2026-06-20,2026-09-04T15:50:41Z,Coinbase,2,,,engine/technical/README.md,
ADA,crypto,tecnico,rsi14,29.3,,indice,2026-06-21,2026-09-04T15:50:41Z,Coinbase,2,,,engine/technical/README.md,
ADA,crypto,tecnico,rsi14,31.8,,indice,2026-06-22,2026-09-04T15:50:41Z,Coinbase,2,,,engine/technical/README.md,
ADA,crypto,tecnico,rsi14,28.9,,indice,2026-06-23,2026-09-04T15:50:41Z,Coinbase,2,,,engine/technical/README.md,
ADA,crypto,tecnico,rsi14,27.5,,indice,2026-06-24,2026-09-04T15:50:41Z,Coinbase,2,,,engine/technical/README.md,
ADA,crypto,tecnico,rsi14,26.0,,indice,2026-06-25,2026-09-04T15:50:41Z,Coinbase,2,,,engine/technical/README.md,
ADA,crypto,tecnico,rsi14,30.6,,indice,2026-06-26,2026-09-04T15:50:41Z,Coinbase,2,,,engine/technical/README.md,
ADA,crypto,tecnico,rsi14,29.0,,indice,2026-06-27,2026-09-04T15:50:41Z,Coinbase,2,,,engine/technical/README.md,
ADA,crypto,tecnico,rsi14,28.3,,indice,2026-06-28,2026-09-04T15:50:41Z,Coinbase,2,,,engine/technical/README.md,
ADA,crypto,tecnico,rsi14,30.2,,indice,2026-06-29,2026-09-04T15:50:41Z,Coinbase,2,,,engine/technical/README.md,
ADA,crypto,tecnico,rsi14,29.6,,indice,2026-06-30,2026-09-04T15:50:41Z,Coinbase,2,,,engine/technical/README.md,
ADA,crypto,tecnico,rsi14,40.8,,indice,2026-07-01,2026-09-04T15:50:41Z,Coinbase,2,,,engine/technical/README.md,
ADA,crypto,tecnico,rsi14,47.0,,indice,2026-07-02,2026-09-04T15:50:41Z,Coinbase,2,,,engine/technical/README.md,
ADA,crypto,tecnico,rsi14,59.1,,indice,2026-07-03,2026-09-04T15:50:41Z,Coinbase,2,,,engine/technical/README.md,
ADA,crypto,tecnico,rsi14,65.0,,indice,2026-07-04,2026-09-04T15:50:41Z,Coinbase,2,,,engine/technical/README.md,
ADA,crypto,tecnico,rsi14,63.0,,indice,2026-07-05,2026-09-04T15:50:41Z,Coinbase,2,,,engine/technical/README.md,
ADA,crypto,tecnico,rsi14,58.8,,indice,2026-07-06,2026-09-04T15:50:41Z,Coinbase,2,,,engine/technical/README.md,
ADA,crypto,tecnico,rsi14,52.8,,indice,2026-07-07,2026-09-04T15:50:41Z,Coinbase,2,,,engine/technical/README.md,
ADA,crypto,tecnico,rsi14,47.8,,indice,2026-07-08,2026-09-04T15:50:41Z,Coinbase,2,,,engine/technical/README.md,
ADA,crypto,tecnico,rsi14,47.5,,indice,2026-07-09,2026-09-04T15:50:41Z,Coinbase,2,,,engine/technical/README.md,
ADA,crypto,tecnico,rsi14,47.7,,indice,2026-07-10,2026-09-04T15:50:41Z,Coinbase,2,,,engine/technical/README.md,
ADA,crypto,tecnico,rsi14,47.0,,indice,2026-07-11,2026-09-04T15:50:41Z,Coinbase,2,,,engine/technical/README.md,
ADA,crypto,tecnico,rsi14,44.7,,indice,2026-07-12,2026-09-04T15:50:41Z,Coinbase,2,,,engine/technical/README.md,
ADA,crypto,tecnico,rsi14,41.8,,indice,2026-07-13,2026-09-04T15:50:41Z,Coinbase,2,,,engine/technical/README.md,
ADA,crypto,tecnico,rsi14,48.0,,indice,2026-07-14,2026-09-04T15:50:41Z,Coinbase,2,,,engine/technical/README.md,
ADA,crypto,tecnico,rsi14,47.3,,indice,2026-07-15,2026-09-04T15:50:41Z,Coinbase,2,,,engine/technical/README.md,
ADA,crypto,tecnico,rsi14,44.4,,indice,2026-07-16,2026-09-04T15:50:41Z,Coinbase,2,,,engine/technical/README.md,
ADA,crypto,tecnico,rsi14,49.8,,indice,2026-07-17,2026-09-04T15:50:41Z,Coinbase,2,,,engine/technical/README.md,
ADA,crypto,tecnico,rsi14,49.4,,indice,2026-07-18,2026-09-04T15:50:41Z,Coinbase,2,,,engine/technical/README.md,
ADA,crypto,tecnico,rsi14,48.8,,indice,2026-07-19,2026-09-04T15:50:41Z,Coinbase,2,,,engine/technical/README.md,
ADA,crypto,tecnico,rsi14,52.4,,indice,2026-07-20,2026-09-04T15:50:41Z,Coinbase,2,,,engine/technical/README.md,
ADA,crypto,tecnico,rsi14,55.5,,indice,2026-07-21,2026-09-04T15:50:41Z,Coinbase,2,,,engine/technical/README.md,
ADA,crypto,tecnico,rsi14,56.0,,indice,2026-07-22,2026-09-04T15:50:41Z,Coinbase,2,,,engine/technical/README.md,
ADA,crypto,tecnico,rsi14,50.2,,indice,2026-07-23,2026-09-04T15:50:41Z,Coinbase,2,,,engine/technical/README.md,
ADA,crypto,tecnico,rsi14,46.8,,indice,2026-07-24,2026-09-04T15:50:41Z,Coinbase,2,,,engine/technical/README.md,
ADA,crypto,tecnico,rsi14,47.8,,indice,2026-07-25,2026-09-04T15:50:41Z,Coinbase,2,,,engine/technical/README.md,
ADA,crypto,tecnico,rsi14,48.4,,indice,2026-07-26,2026-09-04T15:50:41Z,Coinbase,2,,,engine/technical/README.md,
ADA,crypto,tecnico,rsi14,40.0,,indice,2026-07-27,2026-09-04T15:50:41Z,Coinbase,2,,,engine/technical/README.md,
ADA,crypto,tecnico,rsi14,45.9,,indice,2026-07-28,2026-09-04T15:50:41Z,Coinbase,2,,,engine/technical/README.md,
ADA,crypto,tecnico,rsi14,45.4,,indice,2026-07-29,2026-09-04T15:50:41Z,Coinbase,2,,,engine/technical/README.md,
ADA,crypto,tecnico,rsi14,51.7,,indice,2026-07-30,2026-09-04T15:50:41Z,Coinbase,2,,,engine/technical/README.md,
ADA,crypto,tecnico,rsi14,50.4,,indice,2026-07-31,2026-09-04T15:50:41Z,Coinbase,2,,,engine/technical/README.md,
ADA,crypto,tecnico,rsi14,55.6,,indice,2026-08-01,2026-09-04T15:50:41Z,Coinbase,2,,,engine/technical/README.md,
ADA,crypto,tecnico,rsi14,65.1,,indice,2026-08-02,2026-09-04T15:50:41Z,Coinbase,2,,,engine/technical/README.md,
ADA,crypto,tecnico,rsi14,67.5,,indice,2026-08-03,2026-09-04T15:50:41Z,Coinbase,2,,,engine/technical/README.md,
ADA,crypto,tecnico,rsi14,66.3,,indice,2026-08-04,2026-09-04T15:50:41Z,Coinbase,2,,,engine/technical/README.md,
ADA,crypto,tecnico,rsi14,64.0,,indice,2026-08-05,2026-09-04T15:50:41Z,Coinbase,2,,,engine/technical/README.md,
ADA,crypto,tecnico,rsi14,69.4,,indice,2026-08-06,2026-09-04T15:50:41Z,Coinbase,2,,,engine/technical/README.md,
ADA,crypto,tecnico,rsi14,68.3,,indice,2026-08-07,2026-09-04T15:50:41Z,Coinbase,2,,,engine/technical/README.md,
ADA,crypto,tecnico,rsi14,67.2,,indice,2026-08-08,2026-09-04T15:50:41Z,Coinbase,2,,,engine/technical/README.md,
ADA,crypto,tecnico,rsi14,61.4,,indice,2026-08-09,2026-09-04T15:50:41Z,Coinbase,2,,,engine/technical/README.md,
ADA,crypto,tecnico,rsi14,57.9,,indice,2026-08-10,2026-09-04T15:50:41Z,Coinbase,2,,,engine/technical/README.md,
ADA,crypto,tecnico,rsi14,54.5,,indice,2026-08-11,2026-09-04T15:50:41Z,Coinbase,2,,,engine/technical/README.md,
ADA,crypto,tecnico,rsi14,50.6,,indice,2026-08-12,2026-09-04T15:50:41Z,Coinbase,2,,,engine/technical/README.md,
ADA,crypto,tecnico,rsi14,50.7,,indice,2026-08-13,2026-09-04T15:50:41Z,Coinbase,2,,,engine/technical/README.md,
ADA,crypto,tecnico,rsi14,48.0,,indice,2026-08-14,2026-09-04T15:50:41Z,Coinbase,2,,,engine/technical/README.md,
ADA,crypto,tecnico,rsi14,44.5,,indice,2026-08-15,2026-09-04T15:50:41Z,Coinbase,2,,,engine/technical/README.md,
ADA,crypto,tecnico,rsi14,43.3,,indice,2026-08-16,2026-09-04T15:50:41Z,Coinbase,2,,,engine/technical/README.md,
ADA,crypto,tecnico,rsi14,42.6,,indice,2026-08-17,2026-09-04T15:50:41Z,Coinbase,2,,,engine/technical/README.md,
ADA,crypto,tecnico,rsi14,43.1,,indice,2026-08-18,2026-09-04T15:50:41Z,Coinbase,2,,,engine/technical/README.md,
ADA,crypto,tecnico,rsi14,55.0,,indice,2026-08-19,2026-09-04T15:50:41Z,Coinbase,2,,,engine/technical/README.md,
ADA,crypto,tecnico,rsi14,63.2,,indice,2026-08-20,2026-09-04T15:50:41Z,Coinbase,2,,,engine/technical/README.md,
ADA,crypto,tecnico,rsi14,75.7,,indice,2026-08-21,2026-09-04T15:50:41Z,Coinbase,2,,,engine/technical/README.md,
ADA,crypto,tecnico,rsi14,72.7,,indice,2026-08-22,2026-09-04T15:50:41Z,Coinbase,2,,,engine/technical/README.md,
ADA,crypto,tecnico,rsi14,73.2,,indice,2026-08-23,2026-09-04T15:50:41Z,Coinbase,2,,,engine/technical/README.md,
ADA,crypto,tecnico,rsi14,68.3,,indice,2026-08-24,2026-09-04T15:50:41Z,Coinbase,2,,,engine/technical/README.md,
ADA,crypto,tecnico,rsi14,58.2,,indice,2026-08-25,2026-09-04T15:50:41Z,Coinbase,2,,,engine/technical/README.md,
ADA,crypto,tecnico,rsi14,59.8,,indice,2026-08-26,2026-09-04T15:50:41Z,Coinbase,2,,,engine/technical/README.md,
ADA,crypto,tecnico,rsi14,61.0,,indice,2026-08-27,2026-09-04T15:50:41Z,Coinbase,2,,,engine/technical/README.md,
ADA,crypto,tecnico,rsi14,54.1,,indice,2026-08-28,2026-09-04T15:50:41Z,Coinbase,2,,,engine/technical/README.md,
ADA,crypto,tecnico,rsi14,53.5,,indice,2026-08-29,2026-09-04T15:50:41Z,Coinbase,2,,,engine/technical/README.md,
ADA,crypto,tecnico,rsi14,47.3,,indice,2026-08-30,2026-09-04T15:50:41Z,Coinbase,2,,,engine/technical/README.md,
ADA,crypto,tecnico,rsi14,50.2,,indice,2026-08-31,2026-09-04T15:50:41Z,Coinbase,2,,,engine/technical/README.md,
ADA,crypto,tecnico,rsi14,50.1,,indice,2026-09-01,2026-09-04T15:50:41Z,Coinbase,2,,,engine/technical/README.md,
ADA,crypto,tecnico,rsi14,52.9,,indice,2026-09-02,2026-09-04T15:50:41Z,Coinbase,2,,,engine/technical/README.md,
ADA,crypto,tecnico,rsi14,49.0,,indice,2026-09-03,2026-09-03T11:40:58Z,Kraken,2,100,,engine/technical/README.md,
ADA,crypto,tecnico,rsi14,62.5,,indice,2026-09-04,2026-09-04T10:11:47Z,Kraken,2,100,,engine/technical/README.md,
ADA,crypto,tecnico,sma100,0.471259,,EUR,2026-01-01,2026-09-04T15:50:41Z,Coinbase,2,,,engine/technical/README.md,
ADA,crypto,tecnico,sma100,0.467707,,EUR,2026-01-02,2026-09-04T15:50:41Z,Coinbase,2,,,engine/technical/README.md,
ADA,crypto,tecnico,sma100,0.464475,,EUR,2026-01-03,2026-09-04T15:50:41Z,Coinbase,2,,,engine/technical/README.md,
ADA,crypto,tecnico,sma100,0.461129,,EUR,2026-01-04,2026-09-04T15:50:41Z,Coinbase,2,,,engine/technical/README.md,
ADA,crypto,tecnico,sma100,0.458045,,EUR,2026-01-05,2026-09-04T15:50:41Z,Coinbase,2,,,engine/technical/README.md,
ADA,crypto,tecnico,sma100,0.454721,,EUR,2026-01-06,2026-09-04T15:50:41Z,Coinbase,2,,,engine/technical/README.md,
ADA,crypto,tecnico,sma100,0.451291,,EUR,2026-01-07,2026-09-04T15:50:41Z,Coinbase,2,,,engine/technical/README.md,
ADA,crypto,tecnico,sma100,0.447803,,EUR,2026-01-08,2026-09-04T15:50:41Z,Coinbase,2,,,engine/technical/README.md,
ADA,crypto,tecnico,sma100,0.44391,,EUR,2026-01-09,2026-09-04T15:50:41Z,Coinbase,2,,,engine/technical/README.md,
ADA,crypto,tecnico,sma100,0.439827,,EUR,2026-01-10,2026-09-04T15:50:41Z,Coinbase,2,,,engine/technical/README.md,
ADA,crypto,tecnico,sma100,0.435825,,EUR,2026-01-11,2026-09-04T15:50:41Z,Coinbase,2,,,engine/technical/README.md,
ADA,crypto,tecnico,sma100,0.432004,,EUR,2026-01-12,2026-09-04T15:50:41Z,Coinbase,2,,,engine/technical/README.md,
ADA,crypto,tecnico,sma100,0.428515,,EUR,2026-01-13,2026-09-04T15:50:41Z,Coinbase,2,,,engine/technical/README.md,
ADA,crypto,tecnico,sma100,0.424643,,EUR,2026-01-14,2026-09-04T15:50:41Z,Coinbase,2,,,engine/technical/README.md,
ADA,crypto,tecnico,sma100,0.420999,,EUR,2026-01-15,2026-09-04T15:50:41Z,Coinbase,2,,,engine/technical/README.md,
ADA,crypto,tecnico,sma100,0.417193,,EUR,2026-01-16,2026-09-04T15:50:41Z,Coinbase,2,,,engine/technical/README.md,
ADA,crypto,tecnico,sma100,0.413569,,EUR,2026-01-17,2026-09-04T15:50:41Z,Coinbase,2,,,engine/technical/README.md,
ADA,crypto,tecnico,sma100,0.411066,,EUR,2026-01-18,2026-09-04T15:50:41Z,Coinbase,2,,,engine/technical/README.md,
ADA,crypto,tecnico,sma100,0.408727,,EUR,2026-01-19,2026-09-04T15:50:41Z,Coinbase,2,,,engine/technical/README.md,
ADA,crypto,tecnico,sma100,0.405673,,EUR,2026-01-20,2026-09-04T15:50:41Z,Coinbase,2,,,engine/technical/README.md,
ADA,crypto,tecnico,sma100,0.402499,,EUR,2026-01-21,2026-09-04T15:50:41Z,Coinbase,2,,,engine/technical/README.md,
ADA,crypto,tecnico,sma100,0.399523,,EUR,2026-01-22,2026-09-04T15:50:41Z,Coinbase,2,,,engine/technical/README.md,
ADA,crypto,tecnico,sma100,0.396823,,EUR,2026-01-23,2026-09-04T15:50:41Z,Coinbase,2,,,engine/technical/README.md,
ADA,crypto,tecnico,sma100,0.394341,,EUR,2026-01-24,2026-09-04T15:50:41Z,Coinbase,2,,,engine/technical/README.md,
ADA,crypto,tecnico,sma100,0.391827,,EUR,2026-01-25,2026-09-04T15:50:41Z,Coinbase,2,,,engine/technical/README.md,
ADA,crypto,tecnico,sma100,0.38933,,EUR,2026-01-26,2026-09-04T15:50:41Z,Coinbase,2,,,engine/technical/README.md,
ADA,crypto,tecnico,sma100,0.386723,,EUR,2026-01-27,2026-09-04T15:50:41Z,Coinbase,2,,,engine/technical/README.md,
ADA,crypto,tecnico,sma100,0.38402,,EUR,2026-01-28,2026-09-04T15:50:41Z,Coinbase,2,,,engine/technical/README.md,
ADA,crypto,tecnico,sma100,0.381278,,EUR,2026-01-29,2026-09-04T15:50:41Z,Coinbase,2,,,engine/technical/README.md,
ADA,crypto,tecnico,sma100,0.378606,,EUR,2026-01-30,2026-09-04T15:50:41Z,Coinbase,2,,,engine/technical/README.md,
ADA,crypto,tecnico,sma100,0.375551,,EUR,2026-01-31,2026-09-04T15:50:41Z,Coinbase,2,,,engine/technical/README.md,
ADA,crypto,tecnico,sma100,0.372319,,EUR,2026-02-01,2026-09-04T15:50:41Z,Coinbase,2,,,engine/technical/README.md,
ADA,crypto,tecnico,sma100,0.369224,,EUR,2026-02-02,2026-09-04T15:50:41Z,Coinbase,2,,,engine/technical/README.md,
ADA,crypto,tecnico,sma100,0.365835,,EUR,2026-02-03,2026-09-04T15:50:41Z,Coinbase,2,,,engine/technical/README.md,
ADA,crypto,tecnico,sma100,0.362537,,EUR,2026-02-04,2026-09-04T15:50:41Z,Coinbase,2,,,engine/technical/README.md,
ADA,crypto,tecnico,sma100,0.359073,,EUR,2026-02-05,2026-09-04T15:50:41Z,Coinbase,2,,,engine/technical/README.md,
ADA,crypto,tecnico,sma100,0.355888,,EUR,2026-02-06,2026-09-04T15:50:41Z,Coinbase,2,,,engine/technical/README.md,
ADA,crypto,tecnico,sma100,0.353,,EUR,2026-02-07,2026-09-04T15:50:41Z,Coinbase,2,,,engine/technical/README.md,
ADA,crypto,tecnico,sma100,0.350015,,EUR,2026-02-08,2026-09-04T15:50:41Z,Coinbase,2,,,engine/technical/README.md,
ADA,crypto,tecnico,sma100,0.346982,,EUR,2026-02-09,2026-09-04T15:50:41Z,Coinbase,2,,,engine/technical/README.md,
ADA,crypto,tecnico,sma100,0.343901,,EUR,2026-02-10,2026-09-04T15:50:41Z,Coinbase,2,,,engine/technical/README.md,
ADA,crypto,tecnico,sma100,0.341257,,EUR,2026-02-11,2026-09-04T15:50:41Z,Coinbase,2,,,engine/technical/README.md,
ADA,crypto,tecnico,sma100,0.33895,,EUR,2026-02-12,2026-09-04T15:50:41Z,Coinbase,2,,,engine/technical/README.md,
ADA,crypto,tecnico,sma100,0.336511,,EUR,2026-02-13,2026-09-04T15:50:41Z,Coinbase,2,,,engine/technical/README.md,
ADA,crypto,tecnico,sma100,0.334395,,EUR,2026-02-14,2026-09-04T15:50:41Z,Coinbase,2,,,engine/technical/README.md,
ADA,crypto,tecnico,sma100,0.33178,,EUR,2026-02-15,2026-09-04T15:50:41Z,Coinbase,2,,,engine/technical/README.md,
ADA,crypto,tecnico,sma100,0.329282,,EUR,2026-02-16,2026-09-04T15:50:41Z,Coinbase,2,,,engine/technical/README.md,
ADA,crypto,tecnico,sma100,0.326647,,EUR,2026-02-17,2026-09-04T15:50:41Z,Coinbase,2,,,engine/technical/README.md,
ADA,crypto,tecnico,sma100,0.323838,,EUR,2026-02-18,2026-09-04T15:50:41Z,Coinbase,2,,,engine/technical/README.md,
ADA,crypto,tecnico,sma100,0.321352,,EUR,2026-02-19,2026-09-04T15:50:41Z,Coinbase,2,,,engine/technical/README.md,
ADA,crypto,tecnico,sma100,0.319053,,EUR,2026-02-20,2026-09-04T15:50:41Z,Coinbase,2,,,engine/technical/README.md,
ADA,crypto,tecnico,sma100,0.316877,,EUR,2026-02-21,2026-09-04T15:50:41Z,Coinbase,2,,,engine/technical/README.md,
ADA,crypto,tecnico,sma100,0.314886,,EUR,2026-02-22,2026-09-04T15:50:41Z,Coinbase,2,,,engine/technical/README.md,
ADA,crypto,tecnico,sma100,0.312785,,EUR,2026-02-23,2026-09-04T15:50:41Z,Coinbase,2,,,engine/technical/README.md,
ADA,crypto,tecnico,sma100,0.310816,,EUR,2026-02-24,2026-09-04T15:50:41Z,Coinbase,2,,,engine/technical/README.md,
ADA,crypto,tecnico,sma100,0.309322,,EUR,2026-02-25,2026-09-04T15:50:41Z,Coinbase,2,,,engine/technical/README.md,
ADA,crypto,tecnico,sma100,0.307652,,EUR,2026-02-26,2026-09-04T15:50:41Z,Coinbase,2,,,engine/technical/README.md,
ADA,crypto,tecnico,sma100,0.305984,,EUR,2026-02-27,2026-09-04T15:50:41Z,Coinbase,2,,,engine/technical/README.md,
ADA,crypto,tecnico,sma100,0.304624,,EUR,2026-02-28,2026-09-04T15:50:41Z,Coinbase,2,,,engine/technical/README.md,
ADA,crypto,tecnico,sma100,0.303392,,EUR,2026-03-01,2026-09-04T15:50:41Z,Coinbase,2,,,engine/technical/README.md,
ADA,crypto,tecnico,sma100,0.302246,,EUR,2026-03-02,2026-09-04T15:50:41Z,Coinbase,2,,,engine/technical/README.md,
ADA,crypto,tecnico,sma100,0.300955,,EUR,2026-03-03,2026-09-04T15:50:41Z,Coinbase,2,,,engine/technical/README.md,
ADA,crypto,tecnico,sma100,0.299617,,EUR,2026-03-04,2026-09-04T15:50:41Z,Coinbase,2,,,engine/technical/README.md,
ADA,crypto,tecnico,sma100,0.298287,,EUR,2026-03-05,2026-09-04T15:50:41Z,Coinbase,2,,,engine/technical/README.md,
ADA,crypto,tecnico,sma100,0.296764,,EUR,2026-03-06,2026-09-04T15:50:41Z,Coinbase,2,,,engine/technical/README.md,
ADA,crypto,tecnico,sma100,0.295225,,EUR,2026-03-07,2026-09-04T15:50:41Z,Coinbase,2,,,engine/technical/README.md,
ADA,crypto,tecnico,sma100,0.293764,,EUR,2026-03-08,2026-09-04T15:50:41Z,Coinbase,2,,,engine/technical/README.md,
ADA,crypto,tecnico,sma100,0.292384,,EUR,2026-03-09,2026-09-04T15:50:41Z,Coinbase,2,,,engine/technical/README.md,
ADA,crypto,tecnico,sma100,0.291068,,EUR,2026-03-10,2026-09-04T15:50:41Z,Coinbase,2,,,engine/technical/README.md,
ADA,crypto,tecnico,sma100,0.290019,,EUR,2026-03-11,2026-09-04T15:50:41Z,Coinbase,2,,,engine/technical/README.md,
ADA,crypto,tecnico,sma100,0.288578,,EUR,2026-03-12,2026-09-04T15:50:41Z,Coinbase,2,,,engine/technical/README.md,
ADA,crypto,tecnico,sma100,0.287038,,EUR,2026-03-13,2026-09-04T15:50:41Z,Coinbase,2,,,engine/technical/README.md,
ADA,crypto,tecnico,sma100,0.285576,,EUR,2026-03-14,2026-09-04T15:50:41Z,Coinbase,2,,,engine/technical/README.md,
ADA,crypto,tecnico,sma100,0.284379,,EUR,2026-03-15,2026-09-04T15:50:41Z,Coinbase,2,,,engine/technical/README.md,
ADA,crypto,tecnico,sma100,0.283341,,EUR,2026-03-16,2026-09-04T15:50:41Z,Coinbase,2,,,engine/technical/README.md,
ADA,crypto,tecnico,sma100,0.282268,,EUR,2026-03-17,2026-09-04T15:50:41Z,Coinbase,2,,,engine/technical/README.md,
ADA,crypto,tecnico,sma100,0.280944,,EUR,2026-03-18,2026-09-04T15:50:41Z,Coinbase,2,,,engine/technical/README.md,
ADA,crypto,tecnico,sma100,0.279219,,EUR,2026-03-19,2026-09-04T15:50:41Z,Coinbase,2,,,engine/technical/README.md,
ADA,crypto,tecnico,sma100,0.277637,,EUR,2026-03-20,2026-09-04T15:50:41Z,Coinbase,2,,,engine/technical/README.md,
ADA,crypto,tecnico,sma100,0.276223,,EUR,2026-03-21,2026-09-04T15:50:41Z,Coinbase,2,,,engine/technical/README.md,
ADA,crypto,tecnico,sma100,0.274909,,EUR,2026-03-22,2026-09-04T15:50:41Z,Coinbase,2,,,engine/technical/README.md,
ADA,crypto,tecnico,sma100,0.273666,,EUR,2026-03-23,2026-09-04T15:50:41Z,Coinbase,2,,,engine/technical/README.md,
ADA,crypto,tecnico,sma100,0.272571,,EUR,2026-03-24,2026-09-04T15:50:41Z,Coinbase,2,,,engine/technical/README.md,
ADA,crypto,tecnico,sma100,0.271606,,EUR,2026-03-25,2026-09-04T15:50:41Z,Coinbase,2,,,engine/technical/README.md,
ADA,crypto,tecnico,sma100,0.270536,,EUR,2026-03-26,2026-09-04T15:50:41Z,Coinbase,2,,,engine/technical/README.md,
ADA,crypto,tecnico,sma100,0.269547,,EUR,2026-03-27,2026-09-04T15:50:41Z,Coinbase,2,,,engine/technical/README.md,
ADA,crypto,tecnico,sma100,0.268684,,EUR,2026-03-28,2026-09-04T15:50:41Z,Coinbase,2,,,engine/technical/README.md,
ADA,crypto,tecnico,sma100,0.267554,,EUR,2026-03-29,2026-09-04T15:50:41Z,Coinbase,2,,,engine/technical/README.md,
ADA,crypto,tecnico,sma100,0.266493,,EUR,2026-03-30,2026-09-04T15:50:41Z,Coinbase,2,,,engine/technical/README.md,
ADA,crypto,tecnico,sma100,0.265456,,EUR,2026-03-31,2026-09-04T15:50:41Z,Coinbase,2,,,engine/technical/README.md,
ADA,crypto,tecnico,sma100,0.264451,,EUR,2026-04-01,2026-09-04T15:50:41Z,Coinbase,2,,,engine/technical/README.md,
ADA,crypto,tecnico,sma100,0.263452,,EUR,2026-04-02,2026-09-04T15:50:41Z,Coinbase,2,,,engine/technical/README.md,
ADA,crypto,tecnico,sma100,0.262562,,EUR,2026-04-03,2026-09-04T15:50:41Z,Coinbase,2,,,engine/technical/README.md,
ADA,crypto,tecnico,sma100,0.261797,,EUR,2026-04-04,2026-09-04T15:50:41Z,Coinbase,2,,,engine/technical/README.md,
ADA,crypto,tecnico,sma100,0.261016,,EUR,2026-04-05,2026-09-04T15:50:41Z,Coinbase,2,,,engine/technical/README.md,
ADA,crypto,tecnico,sma100,0.260001,,EUR,2026-04-06,2026-09-04T15:50:41Z,Coinbase,2,,,engine/technical/README.md,
ADA,crypto,tecnico,sma100,0.259128,,EUR,2026-04-07,2026-09-04T15:50:41Z,Coinbase,2,,,engine/technical/README.md,
ADA,crypto,tecnico,sma100,0.258281,,EUR,2026-04-08,2026-09-04T15:50:41Z,Coinbase,2,,,engine/technical/README.md,
ADA,crypto,tecnico,sma100,0.25747,,EUR,2026-04-09,2026-09-04T15:50:41Z,Coinbase,2,,,engine/technical/README.md,
ADA,crypto,tecnico,sma100,0.256798,,EUR,2026-04-10,2026-09-04T15:50:41Z,Coinbase,2,,,engine/technical/README.md,
ADA,crypto,tecnico,sma100,0.255892,,EUR,2026-04-11,2026-09-04T15:50:41Z,Coinbase,2,,,engine/technical/README.md,
ADA,crypto,tecnico,sma100,0.254541,,EUR,2026-04-12,2026-09-04T15:50:41Z,Coinbase,2,,,engine/technical/README.md,
ADA,crypto,tecnico,sma100,0.253329,,EUR,2026-04-13,2026-09-04T15:50:41Z,Coinbase,2,,,engine/technical/README.md,
ADA,crypto,tecnico,sma100,0.251936,,EUR,2026-04-14,2026-09-04T15:50:41Z,Coinbase,2,,,engine/technical/README.md,
ADA,crypto,tecnico,sma100,0.250424,,EUR,2026-04-15,2026-09-04T15:50:41Z,Coinbase,2,,,engine/technical/README.md,
ADA,crypto,tecnico,sma100,0.24904,,EUR,2026-04-16,2026-09-04T15:50:41Z,Coinbase,2,,,engine/technical/README.md,
ADA,crypto,tecnico,sma100,0.247798,,EUR,2026-04-17,2026-09-04T15:50:41Z,Coinbase,2,,,engine/technical/README.md,
ADA,crypto,tecnico,sma100,0.246521,,EUR,2026-04-18,2026-09-04T15:50:41Z,Coinbase,2,,,engine/technical/README.md,
ADA,crypto,tecnico,sma100,0.245228,,EUR,2026-04-19,2026-09-04T15:50:41Z,Coinbase,2,,,engine/technical/README.md,
ADA,crypto,tecnico,sma100,0.244002,,EUR,2026-04-20,2026-09-04T15:50:41Z,Coinbase,2,,,engine/technical/README.md,
ADA,crypto,tecnico,sma100,0.242771,,EUR,2026-04-21,2026-09-04T15:50:41Z,Coinbase,2,,,engine/technical/README.md,
ADA,crypto,tecnico,sma100,0.241587,,EUR,2026-04-22,2026-09-04T15:50:41Z,Coinbase,2,,,engine/technical/README.md,
ADA,crypto,tecnico,sma100,0.240105,,EUR,2026-04-23,2026-09-04T15:50:41Z,Coinbase,2,,,engine/technical/README.md,
ADA,crypto,tecnico,sma100,0.238688,,EUR,2026-04-24,2026-09-04T15:50:41Z,Coinbase,2,,,engine/technical/README.md,
ADA,crypto,tecnico,sma100,0.237431,,EUR,2026-04-25,2026-09-04T15:50:41Z,Coinbase,2,,,engine/technical/README.md,
ADA,crypto,tecnico,sma100,0.236178,,EUR,2026-04-26,2026-09-04T15:50:41Z,Coinbase,2,,,engine/technical/README.md,
ADA,crypto,tecnico,sma100,0.234867,,EUR,2026-04-27,2026-09-04T15:50:41Z,Coinbase,2,,,engine/technical/README.md,
ADA,crypto,tecnico,sma100,0.233751,,EUR,2026-04-28,2026-09-04T15:50:41Z,Coinbase,2,,,engine/technical/README.md,
ADA,crypto,tecnico,sma100,0.232671,,EUR,2026-04-29,2026-09-04T15:50:41Z,Coinbase,2,,,engine/technical/README.md,
ADA,crypto,tecnico,sma100,0.231773,,EUR,2026-04-30,2026-09-04T15:50:41Z,Coinbase,2,,,engine/technical/README.md,
ADA,crypto,tecnico,sma100,0.230759,,EUR,2026-05-01,2026-09-04T15:50:41Z,Coinbase,2,,,engine/technical/README.md,
ADA,crypto,tecnico,sma100,0.229839,,EUR,2026-05-02,2026-09-04T15:50:41Z,Coinbase,2,,,engine/technical/README.md,
ADA,crypto,tecnico,sma100,0.228919,,EUR,2026-05-03,2026-09-04T15:50:41Z,Coinbase,2,,,engine/technical/README.md,
ADA,crypto,tecnico,sma100,0.228029,,EUR,2026-05-04,2026-09-04T15:50:41Z,Coinbase,2,,,engine/technical/README.md,
ADA,crypto,tecnico,sma100,0.227414,,EUR,2026-05-05,2026-09-04T15:50:41Z,Coinbase,2,,,engine/technical/README.md,
ADA,crypto,tecnico,sma100,0.226726,,EUR,2026-05-06,2026-09-04T15:50:41Z,Coinbase,2,,,engine/technical/README.md,
ADA,crypto,tecnico,sma100,0.225969,,EUR,2026-05-07,2026-09-04T15:50:41Z,Coinbase,2,,,engine/technical/README.md,
ADA,crypto,tecnico,sma100,0.225301,,EUR,2026-05-08,2026-09-04T15:50:41Z,Coinbase,2,,,engine/technical/README.md,
ADA,crypto,tecnico,sma100,0.224804,,EUR,2026-05-09,2026-09-04T15:50:41Z,Coinbase,2,,,engine/technical/README.md,
ADA,crypto,tecnico,sma100,0.224498,,EUR,2026-05-10,2026-09-04T15:50:41Z,Coinbase,2,,,engine/technical/README.md,
ADA,crypto,tecnico,sma100,0.224393,,EUR,2026-05-11,2026-09-04T15:50:41Z,Coinbase,2,,,engine/technical/README.md,
ADA,crypto,tecnico,sma100,0.224291,,EUR,2026-05-12,2026-09-04T15:50:41Z,Coinbase,2,,,engine/technical/README.md,
ADA,crypto,tecnico,sma100,0.224022,,EUR,2026-05-13,2026-09-04T15:50:41Z,Coinbase,2,,,engine/technical/README.md,
ADA,crypto,tecnico,sma100,0.223874,,EUR,2026-05-14,2026-09-04T15:50:41Z,Coinbase,2,,,engine/technical/README.md,
ADA,crypto,tecnico,sma100,0.223701,,EUR,2026-05-15,2026-09-04T15:50:41Z,Coinbase,2,,,engine/technical/README.md,
ADA,crypto,tecnico,sma100,0.223816,,EUR,2026-05-16,2026-09-04T15:50:41Z,Coinbase,2,,,engine/technical/README.md,
ADA,crypto,tecnico,sma100,0.223651,,EUR,2026-05-17,2026-09-04T15:50:41Z,Coinbase,2,,,engine/technical/README.md,
ADA,crypto,tecnico,sma100,0.223501,,EUR,2026-05-18,2026-09-04T15:50:41Z,Coinbase,2,,,engine/technical/README.md,
ADA,crypto,tecnico,sma100,0.223348,,EUR,2026-05-19,2026-09-04T15:50:41Z,Coinbase,2,,,engine/technical/README.md,
ADA,crypto,tecnico,sma100,0.223219,,EUR,2026-05-20,2026-09-04T15:50:41Z,Coinbase,2,,,engine/technical/README.md,
ADA,crypto,tecnico,sma100,0.223172,,EUR,2026-05-21,2026-09-04T15:50:41Z,Coinbase,2,,,engine/technical/README.md,
ADA,crypto,tecnico,sma100,0.223107,,EUR,2026-05-22,2026-09-04T15:50:41Z,Coinbase,2,,,engine/technical/README.md,
ADA,crypto,tecnico,sma100,0.222999,,EUR,2026-05-23,2026-09-04T15:50:41Z,Coinbase,2,,,engine/technical/README.md,
ADA,crypto,tecnico,sma100,0.222778,,EUR,2026-05-24,2026-09-04T15:50:41Z,Coinbase,2,,,engine/technical/README.md,
ADA,crypto,tecnico,sma100,0.222382,,EUR,2026-05-25,2026-09-04T15:50:41Z,Coinbase,2,,,engine/technical/README.md,
ADA,crypto,tecnico,sma100,0.222068,,EUR,2026-05-26,2026-09-04T15:50:41Z,Coinbase,2,,,engine/technical/README.md,
ADA,crypto,tecnico,sma100,0.221694,,EUR,2026-05-27,2026-09-04T15:50:41Z,Coinbase,2,,,engine/technical/README.md,
ADA,crypto,tecnico,sma100,0.221337,,EUR,2026-05-28,2026-09-04T15:50:41Z,Coinbase,2,,,engine/technical/README.md,
ADA,crypto,tecnico,sma100,0.221013,,EUR,2026-05-29,2026-09-04T15:50:41Z,Coinbase,2,,,engine/technical/README.md,
ADA,crypto,tecnico,sma100,0.220719,,EUR,2026-05-30,2026-09-04T15:50:41Z,Coinbase,2,,,engine/technical/README.md,
ADA,crypto,tecnico,sma100,0.220331,,EUR,2026-05-31,2026-09-04T15:50:41Z,Coinbase,2,,,engine/technical/README.md,
ADA,crypto,tecnico,sma100,0.219938,,EUR,2026-06-01,2026-09-04T15:50:41Z,Coinbase,2,,,engine/technical/README.md,
ADA,crypto,tecnico,sma100,0.219475,,EUR,2026-06-02,2026-09-04T15:50:41Z,Coinbase,2,,,engine/technical/README.md,
ADA,crypto,tecnico,sma100,0.218971,,EUR,2026-06-03,2026-09-04T15:50:41Z,Coinbase,2,,,engine/technical/README.md,
ADA,crypto,tecnico,sma100,0.218316,,EUR,2026-06-04,2026-09-04T15:50:41Z,Coinbase,2,,,engine/technical/README.md,
ADA,crypto,tecnico,sma100,0.21716,,EUR,2026-06-05,2026-09-04T15:50:41Z,Coinbase,2,,,engine/technical/README.md,
ADA,crypto,tecnico,sma100,0.216095,,EUR,2026-06-06,2026-09-04T15:50:41Z,Coinbase,2,,,engine/technical/README.md,
ADA,crypto,tecnico,sma100,0.215178,,EUR,2026-06-07,2026-09-04T15:50:41Z,Coinbase,2,,,engine/technical/README.md,
ADA,crypto,tecnico,sma100,0.214267,,EUR,2026-06-08,2026-09-04T15:50:41Z,Coinbase,2,,,engine/technical/README.md,
ADA,crypto,tecnico,sma100,0.213377,,EUR,2026-06-09,2026-09-04T15:50:41Z,Coinbase,2,,,engine/technical/README.md,
ADA,crypto,tecnico,sma100,0.2124,,EUR,2026-06-10,2026-09-04T15:50:41Z,Coinbase,2,,,engine/technical/README.md,
ADA,crypto,tecnico,sma100,0.211613,,EUR,2026-06-11,2026-09-04T15:50:41Z,Coinbase,2,,,engine/technical/README.md,
ADA,crypto,tecnico,sma100,0.210701,,EUR,2026-06-12,2026-09-04T15:50:41Z,Coinbase,2,,,engine/technical/README.md,
ADA,crypto,tecnico,sma100,0.209868,,EUR,2026-06-13,2026-09-04T15:50:41Z,Coinbase,2,,,engine/technical/README.md,
ADA,crypto,tecnico,sma100,0.209213,,EUR,2026-06-14,2026-09-04T15:50:41Z,Coinbase,2,,,engine/technical/README.md,
ADA,crypto,tecnico,sma100,0.208557,,EUR,2026-06-15,2026-09-04T15:50:41Z,Coinbase,2,,,engine/technical/README.md,
ADA,crypto,tecnico,sma100,0.207879,,EUR,2026-06-16,2026-09-04T15:50:41Z,Coinbase,2,,,engine/technical/README.md,
ADA,crypto,tecnico,sma100,0.207128,,EUR,2026-06-17,2026-09-04T15:50:41Z,Coinbase,2,,,engine/technical/README.md,
ADA,crypto,tecnico,sma100,0.206299,,EUR,2026-06-18,2026-09-04T15:50:41Z,Coinbase,2,,,engine/technical/README.md,
ADA,crypto,tecnico,sma100,0.205436,,EUR,2026-06-19,2026-09-04T15:50:41Z,Coinbase,2,,,engine/technical/README.md,
ADA,crypto,tecnico,sma100,0.204569,,EUR,2026-06-20,2026-09-04T15:50:41Z,Coinbase,2,,,engine/technical/README.md,
ADA,crypto,tecnico,sma100,0.203611,,EUR,2026-06-21,2026-09-04T15:50:41Z,Coinbase,2,,,engine/technical/README.md,
ADA,crypto,tecnico,sma100,0.202683,,EUR,2026-06-22,2026-09-04T15:50:41Z,Coinbase,2,,,engine/technical/README.md,
ADA,crypto,tecnico,sma100,0.201643,,EUR,2026-06-23,2026-09-04T15:50:41Z,Coinbase,2,,,engine/technical/README.md,
ADA,crypto,tecnico,sma100,0.200416,,EUR,2026-06-24,2026-09-04T15:50:41Z,Coinbase,2,,,engine/technical/README.md,
ADA,crypto,tecnico,sma100,0.199172,,EUR,2026-06-25,2026-09-04T15:50:41Z,Coinbase,2,,,engine/technical/README.md,
ADA,crypto,tecnico,sma100,0.198082,,EUR,2026-06-26,2026-09-04T15:50:41Z,Coinbase,2,,,engine/technical/README.md,
ADA,crypto,tecnico,sma100,0.197043,,EUR,2026-06-27,2026-09-04T15:50:41Z,Coinbase,2,,,engine/technical/README.md,
ADA,crypto,tecnico,sma100,0.196005,,EUR,2026-06-28,2026-09-04T15:50:41Z,Coinbase,2,,,engine/technical/README.md,
ADA,crypto,tecnico,sma100,0.19507,,EUR,2026-06-29,2026-09-04T15:50:41Z,Coinbase,2,,,engine/technical/README.md,
ADA,crypto,tecnico,sma100,0.194159,,EUR,2026-06-30,2026-09-04T15:50:41Z,Coinbase,2,,,engine/technical/README.md,
ADA,crypto,tecnico,sma100,0.193254,,EUR,2026-07-01,2026-09-04T15:50:41Z,Coinbase,2,,,engine/technical/README.md,
ADA,crypto,tecnico,sma100,0.192367,,EUR,2026-07-02,2026-09-04T15:50:41Z,Coinbase,2,,,engine/technical/README.md,
ADA,crypto,tecnico,sma100,0.191598,,EUR,2026-07-03,2026-09-04T15:50:41Z,Coinbase,2,,,engine/technical/README.md,
ADA,crypto,tecnico,sma100,0.191071,,EUR,2026-07-04,2026-09-04T15:50:41Z,Coinbase,2,,,engine/technical/README.md,
ADA,crypto,tecnico,sma100,0.190591,,EUR,2026-07-05,2026-09-04T15:50:41Z,Coinbase,2,,,engine/technical/README.md,
ADA,crypto,tecnico,sma100,0.190066,,EUR,2026-07-06,2026-09-04T15:50:41Z,Coinbase,2,,,engine/technical/README.md,
ADA,crypto,tecnico,sma100,0.189513,,EUR,2026-07-07,2026-09-04T15:50:41Z,Coinbase,2,,,engine/technical/README.md,
ADA,crypto,tecnico,sma100,0.18885,,EUR,2026-07-08,2026-09-04T15:50:41Z,Coinbase,2,,,engine/technical/README.md,
ADA,crypto,tecnico,sma100,0.188218,,EUR,2026-07-09,2026-09-04T15:50:41Z,Coinbase,2,,,engine/technical/README.md,
ADA,crypto,tecnico,sma100,0.187534,,EUR,2026-07-10,2026-09-04T15:50:41Z,Coinbase,2,,,engine/technical/README.md,
ADA,crypto,tecnico,sma100,0.186908,,EUR,2026-07-11,2026-09-04T15:50:41Z,Coinbase,2,,,engine/technical/README.md,
ADA,crypto,tecnico,sma100,0.18619,,EUR,2026-07-12,2026-09-04T15:50:41Z,Coinbase,2,,,engine/technical/README.md,
ADA,crypto,tecnico,sma100,0.185419,,EUR,2026-07-13,2026-09-04T15:50:41Z,Coinbase,2,,,engine/technical/README.md,
ADA,crypto,tecnico,sma100,0.18468,,EUR,2026-07-14,2026-09-04T15:50:41Z,Coinbase,2,,,engine/technical/README.md,
ADA,crypto,tecnico,sma100,0.183989,,EUR,2026-07-15,2026-09-04T15:50:41Z,Coinbase,2,,,engine/technical/README.md,
ADA,crypto,tecnico,sma100,0.183137,,EUR,2026-07-16,2026-09-04T15:50:41Z,Coinbase,2,,,engine/technical/README.md,
ADA,crypto,tecnico,sma100,0.182449,,EUR,2026-07-17,2026-09-04T15:50:41Z,Coinbase,2,,,engine/technical/README.md,
ADA,crypto,tecnico,sma100,0.181734,,EUR,2026-07-18,2026-09-04T15:50:41Z,Coinbase,2,,,engine/technical/README.md,
ADA,crypto,tecnico,sma100,0.18102,,EUR,2026-07-19,2026-09-04T15:50:41Z,Coinbase,2,,,engine/technical/README.md,
ADA,crypto,tecnico,sma100,0.180379,,EUR,2026-07-20,2026-09-04T15:50:41Z,Coinbase,2,,,engine/technical/README.md,
ADA,crypto,tecnico,sma100,0.179879,,EUR,2026-07-21,2026-09-04T15:50:41Z,Coinbase,2,,,engine/technical/README.md,
ADA,crypto,tecnico,sma100,0.179294,,EUR,2026-07-22,2026-09-04T15:50:41Z,Coinbase,2,,,engine/technical/README.md,
ADA,crypto,tecnico,sma100,0.178739,,EUR,2026-07-23,2026-09-04T15:50:41Z,Coinbase,2,,,engine/technical/README.md,
ADA,crypto,tecnico,sma100,0.178095,,EUR,2026-07-24,2026-09-04T15:50:41Z,Coinbase,2,,,engine/technical/README.md,
ADA,crypto,tecnico,sma100,0.177342,,EUR,2026-07-25,2026-09-04T15:50:41Z,Coinbase,2,,,engine/technical/README.md,
ADA,crypto,tecnico,sma100,0.176597,,EUR,2026-07-26,2026-09-04T15:50:41Z,Coinbase,2,,,engine/technical/README.md,
ADA,crypto,tecnico,sma100,0.175846,,EUR,2026-07-27,2026-09-04T15:50:41Z,Coinbase,2,,,engine/technical/README.md,
ADA,crypto,tecnico,sma100,0.175198,,EUR,2026-07-28,2026-09-04T15:50:41Z,Coinbase,2,,,engine/technical/README.md,
ADA,crypto,tecnico,sma100,0.174501,,EUR,2026-07-29,2026-09-04T15:50:41Z,Coinbase,2,,,engine/technical/README.md,
ADA,crypto,tecnico,sma100,0.173844,,EUR,2026-07-30,2026-09-04T15:50:41Z,Coinbase,2,,,engine/technical/README.md,
ADA,crypto,tecnico,sma100,0.173183,,EUR,2026-07-31,2026-09-04T15:50:41Z,Coinbase,2,,,engine/technical/README.md,
ADA,crypto,tecnico,sma100,0.172554,,EUR,2026-08-01,2026-09-04T15:50:41Z,Coinbase,2,,,engine/technical/README.md,
ADA,crypto,tecnico,sma100,0.17206,,EUR,2026-08-02,2026-09-04T15:50:41Z,Coinbase,2,,,engine/technical/README.md,
ADA,crypto,tecnico,sma100,0.171607,,EUR,2026-08-03,2026-09-04T15:50:41Z,Coinbase,2,,,engine/technical/README.md,
ADA,crypto,tecnico,sma100,0.171125,,EUR,2026-08-04,2026-09-04T15:50:41Z,Coinbase,2,,,engine/technical/README.md,
ADA,crypto,tecnico,sma100,0.170664,,EUR,2026-08-05,2026-09-04T15:50:41Z,Coinbase,2,,,engine/technical/README.md,
ADA,crypto,tecnico,sma100,0.170302,,EUR,2026-08-06,2026-09-04T15:50:41Z,Coinbase,2,,,engine/technical/README.md,
ADA,crypto,tecnico,sma100,0.169942,,EUR,2026-08-07,2026-09-04T15:50:41Z,Coinbase,2,,,engine/technical/README.md,
ADA,crypto,tecnico,sma100,0.169568,,EUR,2026-08-08,2026-09-04T15:50:41Z,Coinbase,2,,,engine/technical/README.md,
ADA,crypto,tecnico,sma100,0.169128,,EUR,2026-08-09,2026-09-04T15:50:41Z,Coinbase,2,,,engine/technical/README.md,
ADA,crypto,tecnico,sma100,0.168642,,EUR,2026-08-10,2026-09-04T15:50:41Z,Coinbase,2,,,engine/technical/README.md,
ADA,crypto,tecnico,sma100,0.168134,,EUR,2026-08-11,2026-09-04T15:50:41Z,Coinbase,2,,,engine/technical/README.md,
ADA,crypto,tecnico,sma100,0.167577,,EUR,2026-08-12,2026-09-04T15:50:41Z,Coinbase,2,,,engine/technical/README.md,
ADA,crypto,tecnico,sma100,0.166919,,EUR,2026-08-13,2026-09-04T15:50:41Z,Coinbase,2,,,engine/technical/README.md,
ADA,crypto,tecnico,sma100,0.166204,,EUR,2026-08-14,2026-09-04T15:50:41Z,Coinbase,2,,,engine/technical/README.md,
ADA,crypto,tecnico,sma100,0.165486,,EUR,2026-08-15,2026-09-04T15:50:41Z,Coinbase,2,,,engine/technical/README.md,
ADA,crypto,tecnico,sma100,0.164675,,EUR,2026-08-16,2026-09-04T15:50:41Z,Coinbase,2,,,engine/technical/README.md,
ADA,crypto,tecnico,sma100,0.163878,,EUR,2026-08-17,2026-09-04T15:50:41Z,Coinbase,2,,,engine/technical/README.md,
ADA,crypto,tecnico,sma100,0.162986,,EUR,2026-08-18,2026-09-04T15:50:41Z,Coinbase,2,,,engine/technical/README.md,
ADA,crypto,tecnico,sma100,0.162211,,EUR,2026-08-19,2026-09-04T15:50:41Z,Coinbase,2,,,engine/technical/README.md,
ADA,crypto,tecnico,sma100,0.161604,,EUR,2026-08-20,2026-09-04T15:50:41Z,Coinbase,2,,,engine/technical/README.md,
ADA,crypto,tecnico,sma100,0.1613,,EUR,2026-08-21,2026-09-04T15:50:41Z,Coinbase,2,,,engine/technical/README.md,
ADA,crypto,tecnico,sma100,0.160911,,EUR,2026-08-22,2026-09-04T15:50:41Z,Coinbase,2,,,engine/technical/README.md,
ADA,crypto,tecnico,sma100,0.160606,,EUR,2026-08-23,2026-09-04T15:50:41Z,Coinbase,2,,,engine/technical/README.md,
ADA,crypto,tecnico,sma100,0.160308,,EUR,2026-08-24,2026-09-04T15:50:41Z,Coinbase,2,,,engine/technical/README.md,
ADA,crypto,tecnico,sma100,0.159927,,EUR,2026-08-25,2026-09-04T15:50:41Z,Coinbase,2,,,engine/technical/README.md,
ADA,crypto,tecnico,sma100,0.159582,,EUR,2026-08-26,2026-09-04T15:50:41Z,Coinbase,2,,,engine/technical/README.md,
ADA,crypto,tecnico,sma100,0.159281,,EUR,2026-08-27,2026-09-04T15:50:41Z,Coinbase,2,,,engine/technical/README.md,
ADA,crypto,tecnico,sma100,0.158891,,EUR,2026-08-28,2026-09-04T15:50:41Z,Coinbase,2,,,engine/technical/README.md,
ADA,crypto,tecnico,sma100,0.15848,,EUR,2026-08-29,2026-09-04T15:50:41Z,Coinbase,2,,,engine/technical/README.md,
ADA,crypto,tecnico,sma100,0.158053,,EUR,2026-08-30,2026-09-04T15:50:41Z,Coinbase,2,,,engine/technical/README.md,
ADA,crypto,tecnico,sma100,0.157637,,EUR,2026-08-31,2026-09-04T15:50:41Z,Coinbase,2,,,engine/technical/README.md,
ADA,crypto,tecnico,sma100,0.157257,,EUR,2026-09-01,2026-09-04T15:50:41Z,Coinbase,2,,,engine/technical/README.md,
ADA,crypto,tecnico,sma100,0.156901,,EUR,2026-09-02,2026-09-04T15:50:41Z,Coinbase,2,,,engine/technical/README.md,
ADA,crypto,tecnico,sma100,0.156863,,EUR,2026-09-03,2026-09-03T12:15:39Z,Kraken,2,100,,engine/technical/README.md,
ADA,crypto,tecnico,sma100,0.156606,,EUR,2026-09-04,2026-09-04T10:11:47Z,Kraken,2,100,,engine/technical/README.md,
ADA,crypto,tecnico,sma20,0.31195,,EUR,2026-01-01,2026-09-04T15:50:41Z,Coinbase,2,,,engine/technical/README.md,
ADA,crypto,tecnico,sma20,0.31132,,EUR,2026-01-02,2026-09-04T15:50:41Z,Coinbase,2,,,engine/technical/README.md,
ADA,crypto,tecnico,sma20,0.31097,,EUR,2026-01-03,2026-09-04T15:50:41Z,Coinbase,2,,,engine/technical/README.md,
ADA,crypto,tecnico,sma20,0.31156,,EUR,2026-01-04,2026-09-04T15:50:41Z,Coinbase,2,,,engine/technical/README.md,
ADA,crypto,tecnico,sma20,0.313165,,EUR,2026-01-05,2026-09-04T15:50:41Z,Coinbase,2,,,engine/technical/README.md,
ADA,crypto,tecnico,sma20,0.31547,,EUR,2026-01-06,2026-09-04T15:50:41Z,Coinbase,2,,,engine/technical/README.md,
ADA,crypto,tecnico,sma20,0.317695,,EUR,2026-01-07,2026-09-04T15:50:41Z,Coinbase,2,,,engine/technical/README.md,
ADA,crypto,tecnico,sma20,0.31859,,EUR,2026-01-08,2026-09-04T15:50:41Z,Coinbase,2,,,engine/technical/README.md,
ADA,crypto,tecnico,sma20,0.31946,,EUR,2026-01-09,2026-09-04T15:50:41Z,Coinbase,2,,,engine/technical/README.md,
ADA,crypto,tecnico,sma20,0.32051,,EUR,2026-01-10,2026-09-04T15:50:41Z,Coinbase,2,,,engine/technical/README.md,
ADA,crypto,tecnico,sma20,0.321565,,EUR,2026-01-11,2026-09-04T15:50:41Z,Coinbase,2,,,engine/technical/README.md,
ADA,crypto,tecnico,sma20,0.322715,,EUR,2026-01-12,2026-09-04T15:50:41Z,Coinbase,2,,,engine/technical/README.md,
ADA,crypto,tecnico,sma20,0.325695,,EUR,2026-01-13,2026-09-04T15:50:41Z,Coinbase,2,,,engine/technical/README.md,
ADA,crypto,tecnico,sma20,0.328875,,EUR,2026-01-14,2026-09-04T15:50:41Z,Coinbase,2,,,engine/technical/README.md,
ADA,crypto,tecnico,sma20,0.331,,EUR,2026-01-15,2026-09-04T15:50:41Z,Coinbase,2,,,engine/technical/README.md,
ADA,crypto,tecnico,sma20,0.332315,,EUR,2026-01-16,2026-09-04T15:50:41Z,Coinbase,2,,,engine/technical/README.md,
ADA,crypto,tecnico,sma20,0.3338,,EUR,2026-01-17,2026-09-04T15:50:41Z,Coinbase,2,,,engine/technical/README.md,
ADA,crypto,tecnico,sma20,0.33492,,EUR,2026-01-18,2026-09-04T15:50:41Z,Coinbase,2,,,engine/technical/README.md,
ADA,crypto,tecnico,sma20,0.33587,,EUR,2026-01-19,2026-09-04T15:50:41Z,Coinbase,2,,,engine/technical/README.md,
ADA,crypto,tecnico,sma20,0.336675,,EUR,2026-01-20,2026-09-04T15:50:41Z,Coinbase,2,,,engine/technical/README.md,
ADA,crypto,tecnico,sma20,0.337165,,EUR,2026-01-21,2026-09-04T15:50:41Z,Coinbase,2,,,engine/technical/README.md,
ADA,crypto,tecnico,sma20,0.33557,,EUR,2026-01-22,2026-09-04T15:50:41Z,Coinbase,2,,,engine/technical/README.md,
ADA,crypto,tecnico,sma20,0.334175,,EUR,2026-01-23,2026-09-04T15:50:41Z,Coinbase,2,,,engine/technical/README.md,
ADA,crypto,tecnico,sma20,0.3322,,EUR,2026-01-24,2026-09-04T15:50:41Z,Coinbase,2,,,engine/technical/README.md,
ADA,crypto,tecnico,sma20,0.32849,,EUR,2026-01-25,2026-09-04T15:50:41Z,Coinbase,2,,,engine/technical/README.md,
ADA,crypto,tecnico,sma20,0.325355,,EUR,2026-01-26,2026-09-04T15:50:41Z,Coinbase,2,,,engine/technical/README.md,
ADA,crypto,tecnico,sma20,0.32313,,EUR,2026-01-27,2026-09-04T15:50:41Z,Coinbase,2,,,engine/technical/README.md,
ADA,crypto,tecnico,sma20,0.321095,,EUR,2026-01-28,2026-09-04T15:50:41Z,Coinbase,2,,,engine/technical/README.md,
ADA,crypto,tecnico,sma20,0.31828,,EUR,2026-01-29,2026-09-04T15:50:41Z,Coinbase,2,,,engine/technical/README.md,
ADA,crypto,tecnico,sma20,0.31512,,EUR,2026-01-30,2026-09-04T15:50:41Z,Coinbase,2,,,engine/technical/README.md,
ADA,crypto,tecnico,sma20,0.31074,,EUR,2026-01-31,2026-09-04T15:50:41Z,Coinbase,2,,,engine/technical/README.md,
ADA,crypto,tecnico,sma20,0.306275,,EUR,2026-02-01,2026-09-04T15:50:41Z,Coinbase,2,,,engine/technical/README.md,
ADA,crypto,tecnico,sma20,0.300815,,EUR,2026-02-02,2026-09-04T15:50:41Z,Coinbase,2,,,engine/technical/README.md,
ADA,crypto,tecnico,sma20,0.295385,,EUR,2026-02-03,2026-09-04T15:50:41Z,Coinbase,2,,,engine/technical/README.md,
ADA,crypto,tecnico,sma20,0.29053,,EUR,2026-02-04,2026-09-04T15:50:41Z,Coinbase,2,,,engine/technical/README.md,
ADA,crypto,tecnico,sma20,0.283895,,EUR,2026-02-05,2026-09-04T15:50:41Z,Coinbase,2,,,engine/technical/README.md,
ADA,crypto,tecnico,sma20,0.27843,,EUR,2026-02-06,2026-09-04T15:50:41Z,Coinbase,2,,,engine/technical/README.md,
ADA,crypto,tecnico,sma20,0.27387,,EUR,2026-02-07,2026-09-04T15:50:41Z,Coinbase,2,,,engine/technical/README.md,
ADA,crypto,tecnico,sma20,0.269445,,EUR,2026-02-08,2026-09-04T15:50:41Z,Coinbase,2,,,engine/technical/README.md,
ADA,crypto,tecnico,sma20,0.26581,,EUR,2026-02-09,2026-09-04T15:50:41Z,Coinbase,2,,,engine/technical/README.md,
ADA,crypto,tecnico,sma20,0.26116,,EUR,2026-02-10,2026-09-04T15:50:41Z,Coinbase,2,,,engine/technical/README.md,
ADA,crypto,tecnico,sma20,0.256655,,EUR,2026-02-11,2026-09-04T15:50:41Z,Coinbase,2,,,engine/technical/README.md,
ADA,crypto,tecnico,sma20,0.252555,,EUR,2026-02-12,2026-09-04T15:50:41Z,Coinbase,2,,,engine/technical/README.md,
ADA,crypto,tecnico,sma20,0.248915,,EUR,2026-02-13,2026-09-04T15:50:41Z,Coinbase,2,,,engine/technical/README.md,
ADA,crypto,tecnico,sma20,0.24708,,EUR,2026-02-14,2026-09-04T15:50:41Z,Coinbase,2,,,engine/technical/README.md,
ADA,crypto,tecnico,sma20,0.244155,,EUR,2026-02-15,2026-09-04T15:50:41Z,Coinbase,2,,,engine/technical/README.md,
ADA,crypto,tecnico,sma20,0.241235,,EUR,2026-02-16,2026-09-04T15:50:41Z,Coinbase,2,,,engine/technical/README.md,
ADA,crypto,tecnico,sma20,0.238155,,EUR,2026-02-17,2026-09-04T15:50:41Z,Coinbase,2,,,engine/technical/README.md,
ADA,crypto,tecnico,sma20,0.235775,,EUR,2026-02-18,2026-09-04T15:50:41Z,Coinbase,2,,,engine/technical/README.md,
ADA,crypto,tecnico,sma20,0.233835,,EUR,2026-02-19,2026-09-04T15:50:41Z,Coinbase,2,,,engine/technical/README.md,
ADA,crypto,tecnico,sma20,0.23346,,EUR,2026-02-20,2026-09-04T15:50:41Z,Coinbase,2,,,engine/technical/README.md,
ADA,crypto,tecnico,sma20,0.233285,,EUR,2026-02-21,2026-09-04T15:50:41Z,Coinbase,2,,,engine/technical/README.md,
ADA,crypto,tecnico,sma20,0.232095,,EUR,2026-02-22,2026-09-04T15:50:41Z,Coinbase,2,,,engine/technical/README.md,
ADA,crypto,tecnico,sma20,0.23091,,EUR,2026-02-23,2026-09-04T15:50:41Z,Coinbase,2,,,engine/technical/README.md,
ADA,crypto,tecnico,sma20,0.22979,,EUR,2026-02-24,2026-09-04T15:50:41Z,Coinbase,2,,,engine/technical/README.md,
ADA,crypto,tecnico,sma20,0.231975,,EUR,2026-02-25,2026-09-04T15:50:41Z,Coinbase,2,,,engine/technical/README.md,
ADA,crypto,tecnico,sma20,0.232475,,EUR,2026-02-26,2026-09-04T15:50:41Z,Coinbase,2,,,engine/technical/README.md,
ADA,crypto,tecnico,sma20,0.232685,,EUR,2026-02-27,2026-09-04T15:50:41Z,Coinbase,2,,,engine/technical/README.md,
ADA,crypto,tecnico,sma20,0.233185,,EUR,2026-02-28,2026-09-04T15:50:41Z,Coinbase,2,,,engine/technical/README.md,
ADA,crypto,tecnico,sma20,0.23345,,EUR,2026-03-01,2026-09-04T15:50:41Z,Coinbase,2,,,engine/technical/README.md,
ADA,crypto,tecnico,sma20,0.23428,,EUR,2026-03-02,2026-09-04T15:50:41Z,Coinbase,2,,,engine/technical/README.md,
ADA,crypto,tecnico,sma20,0.23481,,EUR,2026-03-03,2026-09-04T15:50:41Z,Coinbase,2,,,engine/technical/README.md,
ADA,crypto,tecnico,sma20,0.23557,,EUR,2026-03-04,2026-09-04T15:50:41Z,Coinbase,2,,,engine/technical/README.md,
ADA,crypto,tecnico,sma20,0.23566,,EUR,2026-03-05,2026-09-04T15:50:41Z,Coinbase,2,,,engine/technical/README.md,
ADA,crypto,tecnico,sma20,0.23438,,EUR,2026-03-06,2026-09-04T15:50:41Z,Coinbase,2,,,engine/technical/README.md,
ADA,crypto,tecnico,sma20,0.23348,,EUR,2026-03-07,2026-09-04T15:50:41Z,Coinbase,2,,,engine/technical/README.md,
ADA,crypto,tecnico,sma20,0.232235,,EUR,2026-03-08,2026-09-04T15:50:41Z,Coinbase,2,,,engine/technical/README.md,
ADA,crypto,tecnico,sma20,0.23137,,EUR,2026-03-09,2026-09-04T15:50:41Z,Coinbase,2,,,engine/technical/README.md,
ADA,crypto,tecnico,sma20,0.23105,,EUR,2026-03-10,2026-09-04T15:50:41Z,Coinbase,2,,,engine/technical/README.md,
ADA,crypto,tecnico,sma20,0.230845,,EUR,2026-03-11,2026-09-04T15:50:41Z,Coinbase,2,,,engine/technical/README.md,
ADA,crypto,tecnico,sma20,0.23024,,EUR,2026-03-12,2026-09-04T15:50:41Z,Coinbase,2,,,engine/technical/README.md,
ADA,crypto,tecnico,sma20,0.22997,,EUR,2026-03-13,2026-09-04T15:50:41Z,Coinbase,2,,,engine/technical/README.md,
ADA,crypto,tecnico,sma20,0.23007,,EUR,2026-03-14,2026-09-04T15:50:41Z,Coinbase,2,,,engine/technical/README.md,
ADA,crypto,tecnico,sma20,0.23077,,EUR,2026-03-15,2026-09-04T15:50:41Z,Coinbase,2,,,engine/technical/README.md,
ADA,crypto,tecnico,sma20,0.23241,,EUR,2026-03-16,2026-09-04T15:50:41Z,Coinbase,2,,,engine/technical/README.md,
ADA,crypto,tecnico,sma20,0.23237,,EUR,2026-03-17,2026-09-04T15:50:41Z,Coinbase,2,,,engine/technical/README.md,
ADA,crypto,tecnico,sma20,0.23217,,EUR,2026-03-18,2026-09-04T15:50:41Z,Coinbase,2,,,engine/technical/README.md,
ADA,crypto,tecnico,sma20,0.23198,,EUR,2026-03-19,2026-09-04T15:50:41Z,Coinbase,2,,,engine/technical/README.md,
ADA,crypto,tecnico,sma20,0.23153,,EUR,2026-03-20,2026-09-04T15:50:41Z,Coinbase,2,,,engine/technical/README.md,
ADA,crypto,tecnico,sma20,0.23096,,EUR,2026-03-21,2026-09-04T15:50:41Z,Coinbase,2,,,engine/technical/README.md,
ADA,crypto,tecnico,sma20,0.22999,,EUR,2026-03-22,2026-09-04T15:50:41Z,Coinbase,2,,,engine/technical/README.md,
ADA,crypto,tecnico,sma20,0.229975,,EUR,2026-03-23,2026-09-04T15:50:41Z,Coinbase,2,,,engine/technical/README.md,
ADA,crypto,tecnico,sma20,0.229585,,EUR,2026-03-24,2026-09-04T15:50:41Z,Coinbase,2,,,engine/technical/README.md,
ADA,crypto,tecnico,sma20,0.229695,,EUR,2026-03-25,2026-09-04T15:50:41Z,Coinbase,2,,,engine/technical/README.md,
ADA,crypto,tecnico,sma20,0.229565,,EUR,2026-03-26,2026-09-04T15:50:41Z,Coinbase,2,,,engine/technical/README.md,
ADA,crypto,tecnico,sma20,0.229275,,EUR,2026-03-27,2026-09-04T15:50:41Z,Coinbase,2,,,engine/technical/README.md,
ADA,crypto,tecnico,sma20,0.229125,,EUR,2026-03-28,2026-09-04T15:50:41Z,Coinbase,2,,,engine/technical/README.md,
ADA,crypto,tecnico,sma20,0.22856,,EUR,2026-03-29,2026-09-04T15:50:41Z,Coinbase,2,,,engine/technical/README.md,
ADA,crypto,tecnico,sma20,0.2279,,EUR,2026-03-30,2026-09-04T15:50:41Z,Coinbase,2,,,engine/technical/README.md,
ADA,crypto,tecnico,sma20,0.22697,,EUR,2026-03-31,2026-09-04T15:50:41Z,Coinbase,2,,,engine/technical/README.md,
ADA,crypto,tecnico,sma20,0.22625,,EUR,2026-04-01,2026-09-04T15:50:41Z,Coinbase,2,,,engine/technical/README.md,
ADA,crypto,tecnico,sma20,0.225015,,EUR,2026-04-02,2026-09-04T15:50:41Z,Coinbase,2,,,engine/technical/README.md,
ADA,crypto,tecnico,sma20,0.224135,,EUR,2026-04-03,2026-09-04T15:50:41Z,Coinbase,2,,,engine/technical/README.md,
ADA,crypto,tecnico,sma20,0.223045,,EUR,2026-04-04,2026-09-04T15:50:41Z,Coinbase,2,,,engine/technical/README.md,
ADA,crypto,tecnico,sma20,0.22135,,EUR,2026-04-05,2026-09-04T15:50:41Z,Coinbase,2,,,engine/technical/README.md,
ADA,crypto,tecnico,sma20,0.21945,,EUR,2026-04-06,2026-09-04T15:50:41Z,Coinbase,2,,,engine/technical/README.md,
ADA,crypto,tecnico,sma20,0.218765,,EUR,2026-04-07,2026-09-04T15:50:41Z,Coinbase,2,,,engine/technical/README.md,
ADA,crypto,tecnico,sma20,0.21795,,EUR,2026-04-08,2026-09-04T15:50:41Z,Coinbase,2,,,engine/technical/README.md,
ADA,crypto,tecnico,sma20,0.21732,,EUR,2026-04-09,2026-09-04T15:50:41Z,Coinbase,2,,,engine/technical/README.md,
ADA,crypto,tecnico,sma20,0.217095,,EUR,2026-04-10,2026-09-04T15:50:41Z,Coinbase,2,,,engine/technical/README.md,
ADA,crypto,tecnico,sma20,0.216865,,EUR,2026-04-11,2026-09-04T15:50:41Z,Coinbase,2,,,engine/technical/README.md,
ADA,crypto,tecnico,sma20,0.215695,,EUR,2026-04-12,2026-09-04T15:50:41Z,Coinbase,2,,,engine/technical/README.md,
ADA,crypto,tecnico,sma20,0.21476,,EUR,2026-04-13,2026-09-04T15:50:41Z,Coinbase,2,,,engine/technical/README.md,
ADA,crypto,tecnico,sma20,0.21321,,EUR,2026-04-14,2026-09-04T15:50:41Z,Coinbase,2,,,engine/technical/README.md,
ADA,crypto,tecnico,sma20,0.212605,,EUR,2026-04-15,2026-09-04T15:50:41Z,Coinbase,2,,,engine/technical/README.md,
ADA,crypto,tecnico,sma20,0.212935,,EUR,2026-04-16,2026-09-04T15:50:41Z,Coinbase,2,,,engine/technical/README.md,
ADA,crypto,tecnico,sma20,0.213265,,EUR,2026-04-17,2026-09-04T15:50:41Z,Coinbase,2,,,engine/technical/README.md,
ADA,crypto,tecnico,sma20,0.213425,,EUR,2026-04-18,2026-09-04T15:50:41Z,Coinbase,2,,,engine/technical/README.md,
ADA,crypto,tecnico,sma20,0.213135,,EUR,2026-04-19,2026-09-04T15:50:41Z,Coinbase,2,,,engine/technical/README.md,
ADA,crypto,tecnico,sma20,0.21324,,EUR,2026-04-20,2026-09-04T15:50:41Z,Coinbase,2,,,engine/technical/README.md,
ADA,crypto,tecnico,sma20,0.213165,,EUR,2026-04-21,2026-09-04T15:50:41Z,Coinbase,2,,,engine/technical/README.md,
ADA,crypto,tecnico,sma20,0.21339,,EUR,2026-04-22,2026-09-04T15:50:41Z,Coinbase,2,,,engine/technical/README.md,
ADA,crypto,tecnico,sma20,0.21341,,EUR,2026-04-23,2026-09-04T15:50:41Z,Coinbase,2,,,engine/technical/README.md,
ADA,crypto,tecnico,sma20,0.21333,,EUR,2026-04-24,2026-09-04T15:50:41Z,Coinbase,2,,,engine/technical/README.md,
ADA,crypto,tecnico,sma20,0.213075,,EUR,2026-04-25,2026-09-04T15:50:41Z,Coinbase,2,,,engine/technical/README.md,
ADA,crypto,tecnico,sma20,0.2132,,EUR,2026-04-26,2026-09-04T15:50:41Z,Coinbase,2,,,engine/technical/README.md,
ADA,crypto,tecnico,sma20,0.212495,,EUR,2026-04-27,2026-09-04T15:50:41Z,Coinbase,2,,,engine/technical/README.md,
ADA,crypto,tecnico,sma20,0.21227,,EUR,2026-04-28,2026-09-04T15:50:41Z,Coinbase,2,,,engine/technical/README.md,
ADA,crypto,tecnico,sma20,0.211875,,EUR,2026-04-29,2026-09-04T15:50:41Z,Coinbase,2,,,engine/technical/README.md,
ADA,crypto,tecnico,sma20,0.21155,,EUR,2026-04-30,2026-09-04T15:50:41Z,Coinbase,2,,,engine/technical/README.md,
ADA,crypto,tecnico,sma20,0.2115,,EUR,2026-05-01,2026-09-04T15:50:41Z,Coinbase,2,,,engine/technical/README.md,
ADA,crypto,tecnico,sma20,0.21206,,EUR,2026-05-02,2026-09-04T15:50:41Z,Coinbase,2,,,engine/technical/README.md,
ADA,crypto,tecnico,sma20,0.212125,,EUR,2026-05-03,2026-09-04T15:50:41Z,Coinbase,2,,,engine/technical/README.md,
ADA,crypto,tecnico,sma20,0.212665,,EUR,2026-05-04,2026-09-04T15:50:41Z,Coinbase,2,,,engine/technical/README.md,
ADA,crypto,tecnico,sma20,0.21344,,EUR,2026-05-05,2026-09-04T15:50:41Z,Coinbase,2,,,engine/technical/README.md,
ADA,crypto,tecnico,sma20,0.213785,,EUR,2026-05-06,2026-09-04T15:50:41Z,Coinbase,2,,,engine/technical/README.md,
ADA,crypto,tecnico,sma20,0.213985,,EUR,2026-05-07,2026-09-04T15:50:41Z,Coinbase,2,,,engine/technical/README.md,
ADA,crypto,tecnico,sma20,0.214995,,EUR,2026-05-08,2026-09-04T15:50:41Z,Coinbase,2,,,engine/technical/README.md,
ADA,crypto,tecnico,sma20,0.21616,,EUR,2026-05-09,2026-09-04T15:50:41Z,Coinbase,2,,,engine/technical/README.md,
ADA,crypto,tecnico,sma20,0.2176,,EUR,2026-05-10,2026-09-04T15:50:41Z,Coinbase,2,,,engine/technical/README.md,
ADA,crypto,tecnico,sma20,0.21885,,EUR,2026-05-11,2026-09-04T15:50:41Z,Coinbase,2,,,engine/technical/README.md,
ADA,crypto,tecnico,sma20,0.219795,,EUR,2026-05-12,2026-09-04T15:50:41Z,Coinbase,2,,,engine/technical/README.md,
ADA,crypto,tecnico,sma20,0.2204,,EUR,2026-05-13,2026-09-04T15:50:41Z,Coinbase,2,,,engine/technical/README.md,
ADA,crypto,tecnico,sma20,0.221315,,EUR,2026-05-14,2026-09-04T15:50:41Z,Coinbase,2,,,engine/technical/README.md,
ADA,crypto,tecnico,sma20,0.22188,,EUR,2026-05-15,2026-09-04T15:50:41Z,Coinbase,2,,,engine/technical/README.md,
ADA,crypto,tecnico,sma20,0.222085,,EUR,2026-05-16,2026-09-04T15:50:41Z,Coinbase,2,,,engine/technical/README.md,
ADA,crypto,tecnico,sma20,0.22235,,EUR,2026-05-17,2026-09-04T15:50:41Z,Coinbase,2,,,engine/technical/README.md,
ADA,crypto,tecnico,sma20,0.22262,,EUR,2026-05-18,2026-09-04T15:50:41Z,Coinbase,2,,,engine/technical/README.md,
ADA,crypto,tecnico,sma20,0.22283,,EUR,2026-05-19,2026-09-04T15:50:41Z,Coinbase,2,,,engine/technical/README.md,
ADA,crypto,tecnico,sma20,0.22304,,EUR,2026-05-20,2026-09-04T15:50:41Z,Coinbase,2,,,engine/technical/README.md,
ADA,crypto,tecnico,sma20,0.223225,,EUR,2026-05-21,2026-09-04T15:50:41Z,Coinbase,2,,,engine/technical/README.md,
ADA,crypto,tecnico,sma20,0.222995,,EUR,2026-05-22,2026-09-04T15:50:41Z,Coinbase,2,,,engine/technical/README.md,
ADA,crypto,tecnico,sma20,0.222955,,EUR,2026-05-23,2026-09-04T15:50:41Z,Coinbase,2,,,engine/technical/README.md,
ADA,crypto,tecnico,sma20,0.22266,,EUR,2026-05-24,2026-09-04T15:50:41Z,Coinbase,2,,,engine/technical/README.md,
ADA,crypto,tecnico,sma20,0.22192,,EUR,2026-05-25,2026-09-04T15:50:41Z,Coinbase,2,,,engine/technical/README.md,
ADA,crypto,tecnico,sma20,0.220865,,EUR,2026-05-26,2026-09-04T15:50:41Z,Coinbase,2,,,engine/technical/README.md,
ADA,crypto,tecnico,sma20,0.21986,,EUR,2026-05-27,2026-09-04T15:50:41Z,Coinbase,2,,,engine/technical/README.md,
ADA,crypto,tecnico,sma20,0.218335,,EUR,2026-05-28,2026-09-04T15:50:41Z,Coinbase,2,,,engine/technical/README.md,
ADA,crypto,tecnico,sma20,0.21682,,EUR,2026-05-29,2026-09-04T15:50:41Z,Coinbase,2,,,engine/technical/README.md,
ADA,crypto,tecnico,sma20,0.21494,,EUR,2026-05-30,2026-09-04T15:50:41Z,Coinbase,2,,,engine/technical/README.md,
ADA,crypto,tecnico,sma20,0.21315,,EUR,2026-05-31,2026-09-04T15:50:41Z,Coinbase,2,,,engine/technical/README.md,
ADA,crypto,tecnico,sma20,0.21152,,EUR,2026-06-01,2026-09-04T15:50:41Z,Coinbase,2,,,engine/technical/README.md,
ADA,crypto,tecnico,sma20,0.20936,,EUR,2026-06-02,2026-09-04T15:50:41Z,Coinbase,2,,,engine/technical/README.md,
ADA,crypto,tecnico,sma20,0.206395,,EUR,2026-06-03,2026-09-04T15:50:41Z,Coinbase,2,,,engine/technical/README.md,
ADA,crypto,tecnico,sma20,0.202865,,EUR,2026-06-04,2026-09-04T15:50:41Z,Coinbase,2,,,engine/technical/README.md,
ADA,crypto,tecnico,sma20,0.198695,,EUR,2026-06-05,2026-09-04T15:50:41Z,Coinbase,2,,,engine/technical/README.md,
ADA,crypto,tecnico,sma20,0.194695,,EUR,2026-06-06,2026-09-04T15:50:41Z,Coinbase,2,,,engine/technical/README.md,
ADA,crypto,tecnico,sma20,0.19107,,EUR,2026-06-07,2026-09-04T15:50:41Z,Coinbase,2,,,engine/technical/README.md,
ADA,crypto,tecnico,sma20,0.18778,,EUR,2026-06-08,2026-09-04T15:50:41Z,Coinbase,2,,,engine/technical/README.md,
ADA,crypto,tecnico,sma20,0.18424,,EUR,2026-06-09,2026-09-04T15:50:41Z,Coinbase,2,,,engine/technical/README.md,
ADA,crypto,tecnico,sma20,0.18042,,EUR,2026-06-10,2026-09-04T15:50:41Z,Coinbase,2,,,engine/technical/README.md,
ADA,crypto,tecnico,sma20,0.17734,,EUR,2026-06-11,2026-09-04T15:50:41Z,Coinbase,2,,,engine/technical/README.md,
ADA,crypto,tecnico,sma20,0.17408,,EUR,2026-06-12,2026-09-04T15:50:41Z,Coinbase,2,,,engine/technical/README.md,
ADA,crypto,tecnico,sma20,0.17111,,EUR,2026-06-13,2026-09-04T15:50:41Z,Coinbase,2,,,engine/technical/README.md,
ADA,crypto,tecnico,sma20,0.168535,,EUR,2026-06-14,2026-09-04T15:50:41Z,Coinbase,2,,,engine/technical/README.md,
ADA,crypto,tecnico,sma20,0.165925,,EUR,2026-06-15,2026-09-04T15:50:41Z,Coinbase,2,,,engine/technical/README.md,
ADA,crypto,tecnico,sma20,0.16316,,EUR,2026-06-16,2026-09-04T15:50:41Z,Coinbase,2,,,engine/technical/README.md,
ADA,crypto,tecnico,sma20,0.160325,,EUR,2026-06-17,2026-09-04T15:50:41Z,Coinbase,2,,,engine/technical/README.md,
ADA,crypto,tecnico,sma20,0.15748,,EUR,2026-06-18,2026-09-04T15:50:41Z,Coinbase,2,,,engine/technical/README.md,
ADA,crypto,tecnico,sma20,0.15443,,EUR,2026-06-19,2026-09-04T15:50:41Z,Coinbase,2,,,engine/technical/README.md,
ADA,crypto,tecnico,sma20,0.15143,,EUR,2026-06-20,2026-09-04T15:50:41Z,Coinbase,2,,,engine/technical/README.md,
ADA,crypto,tecnico,sma20,0.148335,,EUR,2026-06-21,2026-09-04T15:50:41Z,Coinbase,2,,,engine/technical/README.md,
ADA,crypto,tecnico,sma20,0.14611,,EUR,2026-06-22,2026-09-04T15:50:41Z,Coinbase,2,,,engine/technical/README.md,
ADA,crypto,tecnico,sma20,0.14413,,EUR,2026-06-23,2026-09-04T15:50:41Z,Coinbase,2,,,engine/technical/README.md,
ADA,crypto,tecnico,sma20,0.14291,,EUR,2026-06-24,2026-09-04T15:50:41Z,Coinbase,2,,,engine/technical/README.md,
ADA,crypto,tecnico,sma20,0.14243,,EUR,2026-06-25,2026-09-04T15:50:41Z,Coinbase,2,,,engine/technical/README.md,
ADA,crypto,tecnico,sma20,0.142105,,EUR,2026-06-26,2026-09-04T15:50:41Z,Coinbase,2,,,engine/technical/README.md,
ADA,crypto,tecnico,sma20,0.141305,,EUR,2026-06-27,2026-09-04T15:50:41Z,Coinbase,2,,,engine/technical/README.md,
ADA,crypto,tecnico,sma20,0.14022,,EUR,2026-06-28,2026-09-04T15:50:41Z,Coinbase,2,,,engine/technical/README.md,
ADA,crypto,tecnico,sma20,0.139425,,EUR,2026-06-29,2026-09-04T15:50:41Z,Coinbase,2,,,engine/technical/README.md,
ADA,crypto,tecnico,sma20,0.138785,,EUR,2026-06-30,2026-09-04T15:50:41Z,Coinbase,2,,,engine/technical/README.md,
ADA,crypto,tecnico,sma20,0.13818,,EUR,2026-07-01,2026-09-04T15:50:41Z,Coinbase,2,,,engine/technical/README.md,
ADA,crypto,tecnico,sma20,0.137915,,EUR,2026-07-02,2026-09-04T15:50:41Z,Coinbase,2,,,engine/technical/README.md,
ADA,crypto,tecnico,sma20,0.138345,,EUR,2026-07-03,2026-09-04T15:50:41Z,Coinbase,2,,,engine/technical/README.md,
ADA,crypto,tecnico,sma20,0.138855,,EUR,2026-07-04,2026-09-04T15:50:41Z,Coinbase,2,,,engine/technical/README.md,
ADA,crypto,tecnico,sma20,0.139445,,EUR,2026-07-05,2026-09-04T15:50:41Z,Coinbase,2,,,engine/technical/README.md,
ADA,crypto,tecnico,sma20,0.14006,,EUR,2026-07-06,2026-09-04T15:50:41Z,Coinbase,2,,,engine/technical/README.md,
ADA,crypto,tecnico,sma20,0.140485,,EUR,2026-07-07,2026-09-04T15:50:41Z,Coinbase,2,,,engine/technical/README.md,
ADA,crypto,tecnico,sma20,0.140655,,EUR,2026-07-08,2026-09-04T15:50:41Z,Coinbase,2,,,engine/technical/README.md,
ADA,crypto,tecnico,sma20,0.14088,,EUR,2026-07-09,2026-09-04T15:50:41Z,Coinbase,2,,,engine/technical/README.md,
ADA,crypto,tecnico,sma20,0.141075,,EUR,2026-07-10,2026-09-04T15:50:41Z,Coinbase,2,,,engine/technical/README.md,
ADA,crypto,tecnico,sma20,0.1415,,EUR,2026-07-11,2026-09-04T15:50:41Z,Coinbase,2,,,engine/technical/README.md,
ADA,crypto,tecnico,sma20,0.14167,,EUR,2026-07-12,2026-09-04T15:50:41Z,Coinbase,2,,,engine/technical/README.md,
ADA,crypto,tecnico,sma20,0.141925,,EUR,2026-07-13,2026-09-04T15:50:41Z,Coinbase,2,,,engine/technical/README.md,
ADA,crypto,tecnico,sma20,0.14267,,EUR,2026-07-14,2026-09-04T15:50:41Z,Coinbase,2,,,engine/technical/README.md,
ADA,crypto,tecnico,sma20,0.143535,,EUR,2026-07-15,2026-09-04T15:50:41Z,Coinbase,2,,,engine/technical/README.md,
ADA,crypto,tecnico,sma20,0.14404,,EUR,2026-07-16,2026-09-04T15:50:41Z,Coinbase,2,,,engine/technical/README.md,
ADA,crypto,tecnico,sma20,0.14498,,EUR,2026-07-17,2026-09-04T15:50:41Z,Coinbase,2,,,engine/technical/README.md,
ADA,crypto,tecnico,sma20,0.145965,,EUR,2026-07-18,2026-09-04T15:50:41Z,Coinbase,2,,,engine/technical/README.md,
ADA,crypto,tecnico,sma20,0.146845,,EUR,2026-07-19,2026-09-04T15:50:41Z,Coinbase,2,,,engine/technical/README.md,
ADA,crypto,tecnico,sma20,0.147965,,EUR,2026-07-20,2026-09-04T15:50:41Z,Coinbase,2,,,engine/technical/README.md,
ADA,crypto,tecnico,sma20,0.14882,,EUR,2026-07-21,2026-09-04T15:50:41Z,Coinbase,2,,,engine/technical/README.md,
ADA,crypto,tecnico,sma20,0.149395,,EUR,2026-07-22,2026-09-04T15:50:41Z,Coinbase,2,,,engine/technical/README.md,
ADA,crypto,tecnico,sma20,0.148915,,EUR,2026-07-23,2026-09-04T15:50:41Z,Coinbase,2,,,engine/technical/README.md,
ADA,crypto,tecnico,sma20,0.147725,,EUR,2026-07-24,2026-09-04T15:50:41Z,Coinbase,2,,,engine/technical/README.md,
ADA,crypto,tecnico,sma20,0.14669,,EUR,2026-07-25,2026-09-04T15:50:41Z,Coinbase,2,,,engine/technical/README.md,
ADA,crypto,tecnico,sma20,0.14592,,EUR,2026-07-26,2026-09-04T15:50:41Z,Coinbase,2,,,engine/technical/README.md,
ADA,crypto,tecnico,sma20,0.14509,,EUR,2026-07-27,2026-09-04T15:50:41Z,Coinbase,2,,,engine/technical/README.md,
ADA,crypto,tecnico,sma20,0.144875,,EUR,2026-07-28,2026-09-04T15:50:41Z,Coinbase,2,,,engine/technical/README.md,
ADA,crypto,tecnico,sma20,0.144655,,EUR,2026-07-29,2026-09-04T15:50:41Z,Coinbase,2,,,engine/technical/README.md,
ADA,crypto,tecnico,sma20,0.144715,,EUR,2026-07-30,2026-09-04T15:50:41Z,Coinbase,2,,,engine/technical/README.md,
ADA,crypto,tecnico,sma20,0.144765,,EUR,2026-07-31,2026-09-04T15:50:41Z,Coinbase,2,,,engine/technical/README.md,
ADA,crypto,tecnico,sma20,0.14523,,EUR,2026-08-01,2026-09-04T15:50:41Z,Coinbase,2,,,engine/technical/README.md,
ADA,crypto,tecnico,sma20,0.146535,,EUR,2026-08-02,2026-09-04T15:50:41Z,Coinbase,2,,,engine/technical/README.md,
ADA,crypto,tecnico,sma20,0.14771,,EUR,2026-08-03,2026-09-04T15:50:41Z,Coinbase,2,,,engine/technical/README.md,
ADA,crypto,tecnico,sma20,0.14888,,EUR,2026-08-04,2026-09-04T15:50:41Z,Coinbase,2,,,engine/technical/README.md,
ADA,crypto,tecnico,sma20,0.15013,,EUR,2026-08-05,2026-09-04T15:50:41Z,Coinbase,2,,,engine/technical/README.md,
ADA,crypto,tecnico,sma20,0.151535,,EUR,2026-08-06,2026-09-04T15:50:41Z,Coinbase,2,,,engine/technical/README.md,
ADA,crypto,tecnico,sma20,0.152915,,EUR,2026-08-07,2026-09-04T15:50:41Z,Coinbase,2,,,engine/technical/README.md,
ADA,crypto,tecnico,sma20,0.15429,,EUR,2026-08-08,2026-09-04T15:50:41Z,Coinbase,2,,,engine/technical/README.md,
ADA,crypto,tecnico,sma20,0.155245,,EUR,2026-08-09,2026-09-04T15:50:41Z,Coinbase,2,,,engine/technical/README.md,
ADA,crypto,tecnico,sma20,0.155875,,EUR,2026-08-10,2026-09-04T15:50:41Z,Coinbase,2,,,engine/technical/README.md,
ADA,crypto,tecnico,sma20,0.156325,,EUR,2026-08-11,2026-09-04T15:50:41Z,Coinbase,2,,,engine/technical/README.md,
ADA,crypto,tecnico,sma20,0.156855,,EUR,2026-08-12,2026-09-04T15:50:41Z,Coinbase,2,,,engine/technical/README.md,
ADA,crypto,tecnico,sma20,0.15756,,EUR,2026-08-13,2026-09-04T15:50:41Z,Coinbase,2,,,engine/technical/README.md,
ADA,crypto,tecnico,sma20,0.158095,,EUR,2026-08-14,2026-09-04T15:50:41Z,Coinbase,2,,,engine/technical/README.md,
ADA,crypto,tecnico,sma20,0.15843,,EUR,2026-08-15,2026-09-04T15:50:41Z,Coinbase,2,,,engine/technical/README.md,
ADA,crypto,tecnico,sma20,0.15914,,EUR,2026-08-16,2026-09-04T15:50:41Z,Coinbase,2,,,engine/technical/README.md,
ADA,crypto,tecnico,sma20,0.15956,,EUR,2026-08-17,2026-09-04T15:50:41Z,Coinbase,2,,,engine/technical/README.md,
ADA,crypto,tecnico,sma20,0.160023,,EUR,2026-08-18,2026-09-04T15:50:41Z,Coinbase,2,,,engine/technical/README.md,
ADA,crypto,tecnico,sma20,0.160687,,EUR,2026-08-19,2026-09-04T15:50:41Z,Coinbase,2,,,engine/technical/README.md,
ADA,crypto,tecnico,sma20,0.161901,,EUR,2026-08-20,2026-09-04T15:50:41Z,Coinbase,2,,,engine/technical/README.md,
ADA,crypto,tecnico,sma20,0.164131,,EUR,2026-08-21,2026-09-04T15:50:41Z,Coinbase,2,,,engine/technical/README.md,
ADA,crypto,tecnico,sma20,0.165572,,EUR,2026-08-22,2026-09-04T15:50:41Z,Coinbase,2,,,engine/technical/README.md,
ADA,crypto,tecnico,sma20,0.166876,,EUR,2026-08-23,2026-09-04T15:50:41Z,Coinbase,2,,,engine/technical/README.md,
ADA,crypto,tecnico,sma20,0.167999,,EUR,2026-08-24,2026-09-04T15:50:41Z,Coinbase,2,,,engine/technical/README.md,
ADA,crypto,tecnico,sma20,0.168665,,EUR,2026-08-25,2026-09-04T15:50:41Z,Coinbase,2,,,engine/technical/README.md,
ADA,crypto,tecnico,sma20,0.169019,,EUR,2026-08-26,2026-09-04T15:50:41Z,Coinbase,2,,,engine/technical/README.md,
ADA,crypto,tecnico,sma20,0.169523,,EUR,2026-08-27,2026-09-04T15:50:41Z,Coinbase,2,,,engine/technical/README.md,
ADA,crypto,tecnico,sma20,0.169655,,EUR,2026-08-28,2026-09-04T15:50:41Z,Coinbase,2,,,engine/technical/README.md,
ADA,crypto,tecnico,sma20,0.169983,,EUR,2026-08-29,2026-09-04T15:50:41Z,Coinbase,2,,,engine/technical/README.md,
ADA,crypto,tecnico,sma20,0.170049,,EUR,2026-08-30,2026-09-04T15:50:41Z,Coinbase,2,,,engine/technical/README.md,
ADA,crypto,tecnico,sma20,0.170467,,EUR,2026-08-31,2026-09-04T15:50:41Z,Coinbase,2,,,engine/technical/README.md,
ADA,crypto,tecnico,sma20,0.171061,,EUR,2026-09-01,2026-09-04T15:50:41Z,Coinbase,2,,,engine/technical/README.md,
ADA,crypto,tecnico,sma20,0.171831,,EUR,2026-09-02,2026-09-04T15:50:41Z,Coinbase,2,,,engine/technical/README.md,
ADA,crypto,tecnico,sma20,0.171667,,EUR,2026-09-03,2026-09-03T12:15:39Z,Kraken,2,100,,engine/technical/README.md,
ADA,crypto,tecnico,sma20,0.175497,,EUR,2026-09-04,2026-09-04T10:11:47Z,Kraken,2,100,,engine/technical/README.md,
ADA,crypto,tecnico,sma200,0.565813,,EUR,2026-01-01,2026-09-04T15:50:41Z,Coinbase,2,,,engine/technical/README.md,
ADA,crypto,tecnico,sma200,0.564773,,EUR,2026-01-02,2026-09-04T15:50:41Z,Coinbase,2,,,engine/technical/README.md,
ADA,crypto,tecnico,sma200,0.563784,,EUR,2026-01-03,2026-09-04T15:50:41Z,Coinbase,2,,,engine/technical/README.md,
ADA,crypto,tecnico,sma200,0.562864,,EUR,2026-01-04,2026-09-04T15:50:41Z,Coinbase,2,,,engine/technical/README.md,
ADA,crypto,tecnico,sma200,0.562048,,EUR,2026-01-05,2026-09-04T15:50:41Z,Coinbase,2,,,engine/technical/README.md,
ADA,crypto,tecnico,sma200,0.561335,,EUR,2026-01-06,2026-09-04T15:50:41Z,Coinbase,2,,,engine/technical/README.md,
ADA,crypto,tecnico,sma200,0.560639,,EUR,2026-01-07,2026-09-04T15:50:41Z,Coinbase,2,,,engine/technical/README.md,
ADA,crypto,tecnico,sma200,0.559981,,EUR,2026-01-08,2026-09-04T15:50:41Z,Coinbase,2,,,engine/technical/README.md,
ADA,crypto,tecnico,sma200,0.559147,,EUR,2026-01-09,2026-09-04T15:50:41Z,Coinbase,2,,,engine/technical/README.md,
ADA,crypto,tecnico,sma200,0.558285,,EUR,2026-01-10,2026-09-04T15:50:41Z,Coinbase,2,,,engine/technical/README.md,
ADA,crypto,tecnico,sma200,0.557536,,EUR,2026-01-11,2026-09-04T15:50:41Z,Coinbase,2,,,engine/technical/README.md,
ADA,crypto,tecnico,sma200,0.556818,,EUR,2026-01-12,2026-09-04T15:50:41Z,Coinbase,2,,,engine/technical/README.md,
ADA,crypto,tecnico,sma200,0.556245,,EUR,2026-01-13,2026-09-04T15:50:41Z,Coinbase,2,,,engine/technical/README.md,
ADA,crypto,tecnico,sma200,0.555605,,EUR,2026-01-14,2026-09-04T15:50:41Z,Coinbase,2,,,engine/technical/README.md,
ADA,crypto,tecnico,sma200,0.554838,,EUR,2026-01-15,2026-09-04T15:50:41Z,Coinbase,2,,,engine/technical/README.md,
ADA,crypto,tecnico,sma200,0.554115,,EUR,2026-01-16,2026-09-04T15:50:41Z,Coinbase,2,,,engine/technical/README.md,
ADA,crypto,tecnico,sma200,0.553531,,EUR,2026-01-17,2026-09-04T15:50:41Z,Coinbase,2,,,engine/technical/README.md,
ADA,crypto,tecnico,sma200,0.552668,,EUR,2026-01-18,2026-09-04T15:50:41Z,Coinbase,2,,,engine/technical/README.md,
ADA,crypto,tecnico,sma200,0.551708,,EUR,2026-01-19,2026-09-04T15:50:41Z,Coinbase,2,,,engine/technical/README.md,
ADA,crypto,tecnico,sma200,0.550775,,EUR,2026-01-20,2026-09-04T15:50:41Z,Coinbase,2,,,engine/technical/README.md,
ADA,crypto,tecnico,sma200,0.549899,,EUR,2026-01-21,2026-09-04T15:50:41Z,Coinbase,2,,,engine/technical/README.md,
ADA,crypto,tecnico,sma200,0.548939,,EUR,2026-01-22,2026-09-04T15:50:41Z,Coinbase,2,,,engine/technical/README.md,
ADA,crypto,tecnico,sma200,0.547989,,EUR,2026-01-23,2026-09-04T15:50:41Z,Coinbase,2,,,engine/technical/README.md,
ADA,crypto,tecnico,sma200,0.546995,,EUR,2026-01-24,2026-09-04T15:50:41Z,Coinbase,2,,,engine/technical/README.md,
ADA,crypto,tecnico,sma200,0.545768,,EUR,2026-01-25,2026-09-04T15:50:41Z,Coinbase,2,,,engine/technical/README.md,
ADA,crypto,tecnico,sma200,0.54436,,EUR,2026-01-26,2026-09-04T15:50:41Z,Coinbase,2,,,engine/technical/README.md,
ADA,crypto,tecnico,sma200,0.542837,,EUR,2026-01-27,2026-09-04T15:50:41Z,Coinbase,2,,,engine/technical/README.md,
ADA,crypto,tecnico,sma200,0.541314,,EUR,2026-01-28,2026-09-04T15:50:41Z,Coinbase,2,,,engine/technical/README.md,
ADA,crypto,tecnico,sma200,0.539567,,EUR,2026-01-29,2026-09-04T15:50:41Z,Coinbase,2,,,engine/technical/README.md,
ADA,crypto,tecnico,sma200,0.537774,,EUR,2026-01-30,2026-09-04T15:50:41Z,Coinbase,2,,,engine/technical/README.md,
ADA,crypto,tecnico,sma200,0.535802,,EUR,2026-01-31,2026-09-04T15:50:41Z,Coinbase,2,,,engine/technical/README.md,
ADA,crypto,tecnico,sma200,0.533721,,EUR,2026-02-01,2026-09-04T15:50:41Z,Coinbase,2,,,engine/technical/README.md,
ADA,crypto,tecnico,sma200,0.53145,,EUR,2026-02-02,2026-09-04T15:50:41Z,Coinbase,2,,,engine/technical/README.md,
ADA,crypto,tecnico,sma200,0.529177,,EUR,2026-02-03,2026-09-04T15:50:41Z,Coinbase,2,,,engine/technical/README.md,
ADA,crypto,tecnico,sma200,0.526814,,EUR,2026-02-04,2026-09-04T15:50:41Z,Coinbase,2,,,engine/technical/README.md,
ADA,crypto,tecnico,sma200,0.524165,,EUR,2026-02-05,2026-09-04T15:50:41Z,Coinbase,2,,,engine/technical/README.md,
ADA,crypto,tecnico,sma200,0.521529,,EUR,2026-02-06,2026-09-04T15:50:41Z,Coinbase,2,,,engine/technical/README.md,
ADA,crypto,tecnico,sma200,0.518834,,EUR,2026-02-07,2026-09-04T15:50:41Z,Coinbase,2,,,engine/technical/README.md,
ADA,crypto,tecnico,sma200,0.516521,,EUR,2026-02-08,2026-09-04T15:50:41Z,Coinbase,2,,,engine/technical/README.md,
ADA,crypto,tecnico,sma200,0.514228,,EUR,2026-02-09,2026-09-04T15:50:41Z,Coinbase,2,,,engine/technical/README.md,
ADA,crypto,tecnico,sma200,0.511856,,EUR,2026-02-10,2026-09-04T15:50:41Z,Coinbase,2,,,engine/technical/README.md,
ADA,crypto,tecnico,sma200,0.509444,,EUR,2026-02-11,2026-09-04T15:50:41Z,Coinbase,2,,,engine/technical/README.md,
ADA,crypto,tecnico,sma200,0.507018,,EUR,2026-02-12,2026-09-04T15:50:41Z,Coinbase,2,,,engine/technical/README.md,
ADA,crypto,tecnico,sma200,0.504756,,EUR,2026-02-13,2026-09-04T15:50:41Z,Coinbase,2,,,engine/technical/README.md,
ADA,crypto,tecnico,sma200,0.502617,,EUR,2026-02-14,2026-09-04T15:50:41Z,Coinbase,2,,,engine/technical/README.md,
ADA,crypto,tecnico,sma200,0.500466,,EUR,2026-02-15,2026-09-04T15:50:41Z,Coinbase,2,,,engine/technical/README.md,
ADA,crypto,tecnico,sma200,0.498436,,EUR,2026-02-16,2026-09-04T15:50:41Z,Coinbase,2,,,engine/technical/README.md,
ADA,crypto,tecnico,sma200,0.496539,,EUR,2026-02-17,2026-09-04T15:50:41Z,Coinbase,2,,,engine/technical/README.md,
ADA,crypto,tecnico,sma200,0.494677,,EUR,2026-02-18,2026-09-04T15:50:41Z,Coinbase,2,,,engine/technical/README.md,
ADA,crypto,tecnico,sma200,0.492691,,EUR,2026-02-19,2026-09-04T15:50:41Z,Coinbase,2,,,engine/technical/README.md,
ADA,crypto,tecnico,sma200,0.490635,,EUR,2026-02-20,2026-09-04T15:50:41Z,Coinbase,2,,,engine/technical/README.md,
ADA,crypto,tecnico,sma200,0.488691,,EUR,2026-02-21,2026-09-04T15:50:41Z,Coinbase,2,,,engine/technical/README.md,
ADA,crypto,tecnico,sma200,0.486658,,EUR,2026-02-22,2026-09-04T15:50:41Z,Coinbase,2,,,engine/technical/README.md,
ADA,crypto,tecnico,sma200,0.484401,,EUR,2026-02-23,2026-09-04T15:50:41Z,Coinbase,2,,,engine/technical/README.md,
ADA,crypto,tecnico,sma200,0.482106,,EUR,2026-02-24,2026-09-04T15:50:41Z,Coinbase,2,,,engine/technical/README.md,
ADA,crypto,tecnico,sma200,0.479924,,EUR,2026-02-25,2026-09-04T15:50:41Z,Coinbase,2,,,engine/technical/README.md,
ADA,crypto,tecnico,sma200,0.477703,,EUR,2026-02-26,2026-09-04T15:50:41Z,Coinbase,2,,,engine/technical/README.md,
ADA,crypto,tecnico,sma200,0.475556,,EUR,2026-02-27,2026-09-04T15:50:41Z,Coinbase,2,,,engine/technical/README.md,
ADA,crypto,tecnico,sma200,0.473148,,EUR,2026-02-28,2026-09-04T15:50:41Z,Coinbase,2,,,engine/technical/README.md,
ADA,crypto,tecnico,sma200,0.470462,,EUR,2026-03-01,2026-09-04T15:50:41Z,Coinbase,2,,,engine/technical/README.md,
ADA,crypto,tecnico,sma200,0.467683,,EUR,2026-03-02,2026-09-04T15:50:41Z,Coinbase,2,,,engine/technical/README.md,
ADA,crypto,tecnico,sma200,0.464767,,EUR,2026-03-03,2026-09-04T15:50:41Z,Coinbase,2,,,engine/technical/README.md,
ADA,crypto,tecnico,sma200,0.462015,,EUR,2026-03-04,2026-09-04T15:50:41Z,Coinbase,2,,,engine/technical/README.md,
ADA,crypto,tecnico,sma200,0.459073,,EUR,2026-03-05,2026-09-04T15:50:41Z,Coinbase,2,,,engine/technical/README.md,
ADA,crypto,tecnico,sma200,0.456229,,EUR,2026-03-06,2026-09-04T15:50:41Z,Coinbase,2,,,engine/technical/README.md,
ADA,crypto,tecnico,sma200,0.453694,,EUR,2026-03-07,2026-09-04T15:50:41Z,Coinbase,2,,,engine/technical/README.md,
ADA,crypto,tecnico,sma200,0.450997,,EUR,2026-03-08,2026-09-04T15:50:41Z,Coinbase,2,,,engine/technical/README.md,
ADA,crypto,tecnico,sma200,0.448429,,EUR,2026-03-09,2026-09-04T15:50:41Z,Coinbase,2,,,engine/technical/README.md,
ADA,crypto,tecnico,sma200,0.445603,,EUR,2026-03-10,2026-09-04T15:50:41Z,Coinbase,2,,,engine/technical/README.md,
ADA,crypto,tecnico,sma200,0.442853,,EUR,2026-03-11,2026-09-04T15:50:41Z,Coinbase,2,,,engine/technical/README.md,
ADA,crypto,tecnico,sma200,0.440118,,EUR,2026-03-12,2026-09-04T15:50:41Z,Coinbase,2,,,engine/technical/README.md,
ADA,crypto,tecnico,sma200,0.437674,,EUR,2026-03-13,2026-09-04T15:50:41Z,Coinbase,2,,,engine/technical/README.md,
ADA,crypto,tecnico,sma200,0.435108,,EUR,2026-03-14,2026-09-04T15:50:41Z,Coinbase,2,,,engine/technical/README.md,
ADA,crypto,tecnico,sma200,0.432647,,EUR,2026-03-15,2026-09-04T15:50:41Z,Coinbase,2,,,engine/technical/README.md,
ADA,crypto,tecnico,sma200,0.430238,,EUR,2026-03-16,2026-09-04T15:50:41Z,Coinbase,2,,,engine/technical/README.md,
ADA,crypto,tecnico,sma200,0.427953,,EUR,2026-03-17,2026-09-04T15:50:41Z,Coinbase,2,,,engine/technical/README.md,
ADA,crypto,tecnico,sma200,0.42562,,EUR,2026-03-18,2026-09-04T15:50:41Z,Coinbase,2,,,engine/technical/README.md,
ADA,crypto,tecnico,sma200,0.423304,,EUR,2026-03-19,2026-09-04T15:50:41Z,Coinbase,2,,,engine/technical/README.md,
ADA,crypto,tecnico,sma200,0.421035,,EUR,2026-03-20,2026-09-04T15:50:41Z,Coinbase,2,,,engine/technical/README.md,
ADA,crypto,tecnico,sma200,0.418552,,EUR,2026-03-21,2026-09-04T15:50:41Z,Coinbase,2,,,engine/technical/README.md,
ADA,crypto,tecnico,sma200,0.416048,,EUR,2026-03-22,2026-09-04T15:50:41Z,Coinbase,2,,,engine/technical/README.md,
ADA,crypto,tecnico,sma200,0.413704,,EUR,2026-03-23,2026-09-04T15:50:41Z,Coinbase,2,,,engine/technical/README.md,
ADA,crypto,tecnico,sma200,0.411308,,EUR,2026-03-24,2026-09-04T15:50:41Z,Coinbase,2,,,engine/technical/README.md,
ADA,crypto,tecnico,sma200,0.408983,,EUR,2026-03-25,2026-09-04T15:50:41Z,Coinbase,2,,,engine/technical/README.md,
ADA,crypto,tecnico,sma200,0.40652,,EUR,2026-03-26,2026-09-04T15:50:41Z,Coinbase,2,,,engine/technical/README.md,
ADA,crypto,tecnico,sma200,0.403906,,EUR,2026-03-27,2026-09-04T15:50:41Z,Coinbase,2,,,engine/technical/README.md,
ADA,crypto,tecnico,sma200,0.401275,,EUR,2026-03-28,2026-09-04T15:50:41Z,Coinbase,2,,,engine/technical/README.md,
ADA,crypto,tecnico,sma200,0.398536,,EUR,2026-03-29,2026-09-04T15:50:41Z,Coinbase,2,,,engine/technical/README.md,
ADA,crypto,tecnico,sma200,0.395788,,EUR,2026-03-30,2026-09-04T15:50:41Z,Coinbase,2,,,engine/technical/README.md,
ADA,crypto,tecnico,sma200,0.392924,,EUR,2026-03-31,2026-09-04T15:50:41Z,Coinbase,2,,,engine/technical/README.md,
ADA,crypto,tecnico,sma200,0.390047,,EUR,2026-04-01,2026-09-04T15:50:41Z,Coinbase,2,,,engine/technical/README.md,
ADA,crypto,tecnico,sma200,0.387302,,EUR,2026-04-02,2026-09-04T15:50:41Z,Coinbase,2,,,engine/technical/README.md,
ADA,crypto,tecnico,sma200,0.384702,,EUR,2026-04-03,2026-09-04T15:50:41Z,Coinbase,2,,,engine/technical/README.md,
ADA,crypto,tecnico,sma200,0.382066,,EUR,2026-04-04,2026-09-04T15:50:41Z,Coinbase,2,,,engine/technical/README.md,
ADA,crypto,tecnico,sma200,0.379292,,EUR,2026-04-05,2026-09-04T15:50:41Z,Coinbase,2,,,engine/technical/README.md,
ADA,crypto,tecnico,sma200,0.376433,,EUR,2026-04-06,2026-09-04T15:50:41Z,Coinbase,2,,,engine/technical/README.md,
ADA,crypto,tecnico,sma200,0.373771,,EUR,2026-04-07,2026-09-04T15:50:41Z,Coinbase,2,,,engine/technical/README.md,
ADA,crypto,tecnico,sma200,0.37104,,EUR,2026-04-08,2026-09-04T15:50:41Z,Coinbase,2,,,engine/technical/README.md,
ADA,crypto,tecnico,sma200,0.368345,,EUR,2026-04-09,2026-09-04T15:50:41Z,Coinbase,2,,,engine/technical/README.md,
ADA,crypto,tecnico,sma200,0.365927,,EUR,2026-04-10,2026-09-04T15:50:41Z,Coinbase,2,,,engine/technical/README.md,
ADA,crypto,tecnico,sma200,0.363575,,EUR,2026-04-11,2026-09-04T15:50:41Z,Coinbase,2,,,engine/technical/README.md,
ADA,crypto,tecnico,sma200,0.361124,,EUR,2026-04-12,2026-09-04T15:50:41Z,Coinbase,2,,,engine/technical/README.md,
ADA,crypto,tecnico,sma200,0.358902,,EUR,2026-04-13,2026-09-04T15:50:41Z,Coinbase,2,,,engine/technical/README.md,
ADA,crypto,tecnico,sma200,0.356532,,EUR,2026-04-14,2026-09-04T15:50:41Z,Coinbase,2,,,engine/technical/README.md,
ADA,crypto,tecnico,sma200,0.354234,,EUR,2026-04-15,2026-09-04T15:50:41Z,Coinbase,2,,,engine/technical/README.md,
ADA,crypto,tecnico,sma200,0.35188,,EUR,2026-04-16,2026-09-04T15:50:41Z,Coinbase,2,,,engine/technical/README.md,
ADA,crypto,tecnico,sma200,0.349544,,EUR,2026-04-17,2026-09-04T15:50:41Z,Coinbase,2,,,engine/technical/README.md,
ADA,crypto,tecnico,sma200,0.347162,,EUR,2026-04-18,2026-09-04T15:50:41Z,Coinbase,2,,,engine/technical/README.md,
ADA,crypto,tecnico,sma200,0.344569,,EUR,2026-04-19,2026-09-04T15:50:41Z,Coinbase,2,,,engine/technical/README.md,
ADA,crypto,tecnico,sma200,0.341914,,EUR,2026-04-20,2026-09-04T15:50:41Z,Coinbase,2,,,engine/technical/README.md,
ADA,crypto,tecnico,sma200,0.339298,,EUR,2026-04-21,2026-09-04T15:50:41Z,Coinbase,2,,,engine/technical/README.md,
ADA,crypto,tecnico,sma200,0.336795,,EUR,2026-04-22,2026-09-04T15:50:41Z,Coinbase,2,,,engine/technical/README.md,
ADA,crypto,tecnico,sma200,0.33431,,EUR,2026-04-23,2026-09-04T15:50:41Z,Coinbase,2,,,engine/technical/README.md,
ADA,crypto,tecnico,sma200,0.331666,,EUR,2026-04-24,2026-09-04T15:50:41Z,Coinbase,2,,,engine/technical/README.md,
ADA,crypto,tecnico,sma200,0.329215,,EUR,2026-04-25,2026-09-04T15:50:41Z,Coinbase,2,,,engine/technical/README.md,
ADA,crypto,tecnico,sma200,0.326686,,EUR,2026-04-26,2026-09-04T15:50:41Z,Coinbase,2,,,engine/technical/README.md,
ADA,crypto,tecnico,sma200,0.324218,,EUR,2026-04-27,2026-09-04T15:50:41Z,Coinbase,2,,,engine/technical/README.md,
ADA,crypto,tecnico,sma200,0.322409,,EUR,2026-04-28,2026-09-04T15:50:41Z,Coinbase,2,,,engine/technical/README.md,
ADA,crypto,tecnico,sma200,0.320699,,EUR,2026-04-29,2026-09-04T15:50:41Z,Coinbase,2,,,engine/technical/README.md,
ADA,crypto,tecnico,sma200,0.318723,,EUR,2026-04-30,2026-09-04T15:50:41Z,Coinbase,2,,,engine/technical/README.md,
ADA,crypto,tecnico,sma200,0.316629,,EUR,2026-05-01,2026-09-04T15:50:41Z,Coinbase,2,,,engine/technical/README.md,
ADA,crypto,tecnico,sma200,0.314681,,EUR,2026-05-02,2026-09-04T15:50:41Z,Coinbase,2,,,engine/technical/README.md,
ADA,crypto,tecnico,sma200,0.312871,,EUR,2026-05-03,2026-09-04T15:50:41Z,Coinbase,2,,,engine/technical/README.md,
ADA,crypto,tecnico,sma200,0.311185,,EUR,2026-05-04,2026-09-04T15:50:41Z,Coinbase,2,,,engine/technical/README.md,
ADA,crypto,tecnico,sma200,0.309621,,EUR,2026-05-05,2026-09-04T15:50:41Z,Coinbase,2,,,engine/technical/README.md,
ADA,crypto,tecnico,sma200,0.308028,,EUR,2026-05-06,2026-09-04T15:50:41Z,Coinbase,2,,,engine/technical/README.md,
ADA,crypto,tecnico,sma200,0.306346,,EUR,2026-05-07,2026-09-04T15:50:41Z,Coinbase,2,,,engine/technical/README.md,
ADA,crypto,tecnico,sma200,0.304661,,EUR,2026-05-08,2026-09-04T15:50:41Z,Coinbase,2,,,engine/technical/README.md,
ADA,crypto,tecnico,sma200,0.303041,,EUR,2026-05-09,2026-09-04T15:50:41Z,Coinbase,2,,,engine/technical/README.md,
ADA,crypto,tecnico,sma200,0.301552,,EUR,2026-05-10,2026-09-04T15:50:41Z,Coinbase,2,,,engine/technical/README.md,
ADA,crypto,tecnico,sma200,0.299972,,EUR,2026-05-11,2026-09-04T15:50:41Z,Coinbase,2,,,engine/technical/README.md,
ADA,crypto,tecnico,sma200,0.298305,,EUR,2026-05-12,2026-09-04T15:50:41Z,Coinbase,2,,,engine/technical/README.md,
ADA,crypto,tecnico,sma200,0.296623,,EUR,2026-05-13,2026-09-04T15:50:41Z,Coinbase,2,,,engine/technical/README.md,
ADA,crypto,tecnico,sma200,0.294855,,EUR,2026-05-14,2026-09-04T15:50:41Z,Coinbase,2,,,engine/technical/README.md,
ADA,crypto,tecnico,sma200,0.293119,,EUR,2026-05-15,2026-09-04T15:50:41Z,Coinbase,2,,,engine/technical/README.md,
ADA,crypto,tecnico,sma200,0.291445,,EUR,2026-05-16,2026-09-04T15:50:41Z,Coinbase,2,,,engine/technical/README.md,
ADA,crypto,tecnico,sma200,0.28977,,EUR,2026-05-17,2026-09-04T15:50:41Z,Coinbase,2,,,engine/technical/README.md,
ADA,crypto,tecnico,sma200,0.288251,,EUR,2026-05-18,2026-09-04T15:50:41Z,Coinbase,2,,,engine/technical/README.md,
ADA,crypto,tecnico,sma200,0.286682,,EUR,2026-05-19,2026-09-04T15:50:41Z,Coinbase,2,,,engine/technical/README.md,
ADA,crypto,tecnico,sma200,0.285101,,EUR,2026-05-20,2026-09-04T15:50:41Z,Coinbase,2,,,engine/technical/README.md,
ADA,crypto,tecnico,sma200,0.283537,,EUR,2026-05-21,2026-09-04T15:50:41Z,Coinbase,2,,,engine/technical/README.md,
ADA,crypto,tecnico,sma200,0.282182,,EUR,2026-05-22,2026-09-04T15:50:41Z,Coinbase,2,,,engine/technical/README.md,
ADA,crypto,tecnico,sma200,0.280975,,EUR,2026-05-23,2026-09-04T15:50:41Z,Coinbase,2,,,engine/technical/README.md,
ADA,crypto,tecnico,sma200,0.279645,,EUR,2026-05-24,2026-09-04T15:50:41Z,Coinbase,2,,,engine/technical/README.md,
ADA,crypto,tecnico,sma200,0.278389,,EUR,2026-05-25,2026-09-04T15:50:41Z,Coinbase,2,,,engine/technical/README.md,
ADA,crypto,tecnico,sma200,0.276924,,EUR,2026-05-26,2026-09-04T15:50:41Z,Coinbase,2,,,engine/technical/README.md,
ADA,crypto,tecnico,sma200,0.275488,,EUR,2026-05-27,2026-09-04T15:50:41Z,Coinbase,2,,,engine/technical/README.md,
ADA,crypto,tecnico,sma200,0.273992,,EUR,2026-05-28,2026-09-04T15:50:41Z,Coinbase,2,,,engine/technical/README.md,
ADA,crypto,tecnico,sma200,0.272426,,EUR,2026-05-29,2026-09-04T15:50:41Z,Coinbase,2,,,engine/technical/README.md,
ADA,crypto,tecnico,sma200,0.271036,,EUR,2026-05-30,2026-09-04T15:50:41Z,Coinbase,2,,,engine/technical/README.md,
ADA,crypto,tecnico,sma200,0.269692,,EUR,2026-05-31,2026-09-04T15:50:41Z,Coinbase,2,,,engine/technical/README.md,
ADA,crypto,tecnico,sma200,0.268408,,EUR,2026-06-01,2026-09-04T15:50:41Z,Coinbase,2,,,engine/technical/README.md,
ADA,crypto,tecnico,sma200,0.267181,,EUR,2026-06-02,2026-09-04T15:50:41Z,Coinbase,2,,,engine/technical/README.md,
ADA,crypto,tecnico,sma200,0.265878,,EUR,2026-06-03,2026-09-04T15:50:41Z,Coinbase,2,,,engine/technical/README.md,
ADA,crypto,tecnico,sma200,0.264566,,EUR,2026-06-04,2026-09-04T15:50:41Z,Coinbase,2,,,engine/technical/README.md,
ADA,crypto,tecnico,sma200,0.263241,,EUR,2026-06-05,2026-09-04T15:50:41Z,Coinbase,2,,,engine/technical/README.md,
ADA,crypto,tecnico,sma200,0.261874,,EUR,2026-06-06,2026-09-04T15:50:41Z,Coinbase,2,,,engine/technical/README.md,
ADA,crypto,tecnico,sma200,0.260581,,EUR,2026-06-07,2026-09-04T15:50:41Z,Coinbase,2,,,engine/technical/README.md,
ADA,crypto,tecnico,sma200,0.259446,,EUR,2026-06-08,2026-09-04T15:50:41Z,Coinbase,2,,,engine/technical/README.md,
ADA,crypto,tecnico,sma200,0.258385,,EUR,2026-06-09,2026-09-04T15:50:41Z,Coinbase,2,,,engine/technical/README.md,
ADA,crypto,tecnico,sma200,0.257323,,EUR,2026-06-10,2026-09-04T15:50:41Z,Coinbase,2,,,engine/technical/README.md,
ADA,crypto,tecnico,sma200,0.256284,,EUR,2026-06-11,2026-09-04T15:50:41Z,Coinbase,2,,,engine/technical/README.md,
ADA,crypto,tecnico,sma200,0.255159,,EUR,2026-06-12,2026-09-04T15:50:41Z,Coinbase,2,,,engine/technical/README.md,
ADA,crypto,tecnico,sma200,0.254078,,EUR,2026-06-13,2026-09-04T15:50:41Z,Coinbase,2,,,engine/technical/README.md,
ADA,crypto,tecnico,sma200,0.252989,,EUR,2026-06-14,2026-09-04T15:50:41Z,Coinbase,2,,,engine/technical/README.md,
ADA,crypto,tecnico,sma200,0.251891,,EUR,2026-06-15,2026-09-04T15:50:41Z,Coinbase,2,,,engine/technical/README.md,
ADA,crypto,tecnico,sma200,0.250822,,EUR,2026-06-16,2026-09-04T15:50:41Z,Coinbase,2,,,engine/technical/README.md,
ADA,crypto,tecnico,sma200,0.249756,,EUR,2026-06-17,2026-09-04T15:50:41Z,Coinbase,2,,,engine/technical/README.md,
ADA,crypto,tecnico,sma200,0.248684,,EUR,2026-06-18,2026-09-04T15:50:41Z,Coinbase,2,,,engine/technical/README.md,
ADA,crypto,tecnico,sma200,0.247728,,EUR,2026-06-19,2026-09-04T15:50:41Z,Coinbase,2,,,engine/technical/README.md,
ADA,crypto,tecnico,sma200,0.246574,,EUR,2026-06-20,2026-09-04T15:50:41Z,Coinbase,2,,,engine/technical/README.md,
ADA,crypto,tecnico,sma200,0.245325,,EUR,2026-06-21,2026-09-04T15:50:41Z,Coinbase,2,,,engine/technical/README.md,
ADA,crypto,tecnico,sma200,0.244129,,EUR,2026-06-22,2026-09-04T15:50:41Z,Coinbase,2,,,engine/technical/README.md,
ADA,crypto,tecnico,sma200,0.243011,,EUR,2026-06-23,2026-09-04T15:50:41Z,Coinbase,2,,,engine/technical/README.md,
ADA,crypto,tecnico,sma200,0.241879,,EUR,2026-06-24,2026-09-04T15:50:41Z,Coinbase,2,,,engine/technical/README.md,
ADA,crypto,tecnico,sma200,0.24072,,EUR,2026-06-25,2026-09-04T15:50:41Z,Coinbase,2,,,engine/technical/README.md,
ADA,crypto,tecnico,sma200,0.239513,,EUR,2026-06-26,2026-09-04T15:50:41Z,Coinbase,2,,,engine/technical/README.md,
ADA,crypto,tecnico,sma200,0.238131,,EUR,2026-06-27,2026-09-04T15:50:41Z,Coinbase,2,,,engine/technical/README.md,
ADA,crypto,tecnico,sma200,0.236821,,EUR,2026-06-28,2026-09-04T15:50:41Z,Coinbase,2,,,engine/technical/README.md,
ADA,crypto,tecnico,sma200,0.235646,,EUR,2026-06-29,2026-09-04T15:50:41Z,Coinbase,2,,,engine/technical/README.md,
ADA,crypto,tecnico,sma200,0.234534,,EUR,2026-06-30,2026-09-04T15:50:41Z,Coinbase,2,,,engine/technical/README.md,
ADA,crypto,tecnico,sma200,0.23346,,EUR,2026-07-01,2026-09-04T15:50:41Z,Coinbase,2,,,engine/technical/README.md,
ADA,crypto,tecnico,sma200,0.232469,,EUR,2026-07-02,2026-09-04T15:50:41Z,Coinbase,2,,,engine/technical/README.md,
ADA,crypto,tecnico,sma200,0.231602,,EUR,2026-07-03,2026-09-04T15:50:41Z,Coinbase,2,,,engine/technical/README.md,
ADA,crypto,tecnico,sma200,0.230803,,EUR,2026-07-04,2026-09-04T15:50:41Z,Coinbase,2,,,engine/technical/README.md,
ADA,crypto,tecnico,sma200,0.230069,,EUR,2026-07-05,2026-09-04T15:50:41Z,Coinbase,2,,,engine/technical/README.md,
ADA,crypto,tecnico,sma200,0.229375,,EUR,2026-07-06,2026-09-04T15:50:41Z,Coinbase,2,,,engine/technical/README.md,
ADA,crypto,tecnico,sma200,0.228534,,EUR,2026-07-07,2026-09-04T15:50:41Z,Coinbase,2,,,engine/technical/README.md,
ADA,crypto,tecnico,sma200,0.227672,,EUR,2026-07-08,2026-09-04T15:50:41Z,Coinbase,2,,,engine/technical/README.md,
ADA,crypto,tecnico,sma200,0.226837,,EUR,2026-07-09,2026-09-04T15:50:41Z,Coinbase,2,,,engine/technical/README.md,
ADA,crypto,tecnico,sma200,0.225992,,EUR,2026-07-10,2026-09-04T15:50:41Z,Coinbase,2,,,engine/technical/README.md,
ADA,crypto,tecnico,sma200,0.22518,,EUR,2026-07-11,2026-09-04T15:50:41Z,Coinbase,2,,,engine/technical/README.md,
ADA,crypto,tecnico,sma200,0.224376,,EUR,2026-07-12,2026-09-04T15:50:41Z,Coinbase,2,,,engine/technical/README.md,
ADA,crypto,tecnico,sma200,0.223608,,EUR,2026-07-13,2026-09-04T15:50:41Z,Coinbase,2,,,engine/technical/README.md,
ADA,crypto,tecnico,sma200,0.222848,,EUR,2026-07-14,2026-09-04T15:50:41Z,Coinbase,2,,,engine/technical/README.md,
ADA,crypto,tecnico,sma200,0.221995,,EUR,2026-07-15,2026-09-04T15:50:41Z,Coinbase,2,,,engine/technical/README.md,
ADA,crypto,tecnico,sma200,0.221133,,EUR,2026-07-16,2026-09-04T15:50:41Z,Coinbase,2,,,engine/technical/README.md,
ADA,crypto,tecnico,sma200,0.220365,,EUR,2026-07-17,2026-09-04T15:50:41Z,Coinbase,2,,,engine/technical/README.md,
ADA,crypto,tecnico,sma200,0.219602,,EUR,2026-07-18,2026-09-04T15:50:41Z,Coinbase,2,,,engine/technical/README.md,
ADA,crypto,tecnico,sma200,0.218909,,EUR,2026-07-19,2026-09-04T15:50:41Z,Coinbase,2,,,engine/technical/README.md,
ADA,crypto,tecnico,sma200,0.218135,,EUR,2026-07-20,2026-09-04T15:50:41Z,Coinbase,2,,,engine/technical/README.md,
ADA,crypto,tecnico,sma200,0.21721,,EUR,2026-07-21,2026-09-04T15:50:41Z,Coinbase,2,,,engine/technical/README.md,
ADA,crypto,tecnico,sma200,0.216311,,EUR,2026-07-22,2026-09-04T15:50:41Z,Coinbase,2,,,engine/technical/README.md,
ADA,crypto,tecnico,sma200,0.215337,,EUR,2026-07-23,2026-09-04T15:50:41Z,Coinbase,2,,,engine/technical/README.md,
ADA,crypto,tecnico,sma200,0.214259,,EUR,2026-07-24,2026-09-04T15:50:41Z,Coinbase,2,,,engine/technical/README.md,
ADA,crypto,tecnico,sma200,0.213191,,EUR,2026-07-25,2026-09-04T15:50:41Z,Coinbase,2,,,engine/technical/README.md,
ADA,crypto,tecnico,sma200,0.212198,,EUR,2026-07-26,2026-09-04T15:50:41Z,Coinbase,2,,,engine/technical/README.md,
ADA,crypto,tecnico,sma200,0.211183,,EUR,2026-07-27,2026-09-04T15:50:41Z,Coinbase,2,,,engine/technical/README.md,
ADA,crypto,tecnico,sma200,0.210213,,EUR,2026-07-28,2026-09-04T15:50:41Z,Coinbase,2,,,engine/technical/README.md,
ADA,crypto,tecnico,sma200,0.209252,,EUR,2026-07-29,2026-09-04T15:50:41Z,Coinbase,2,,,engine/technical/README.md,
ADA,crypto,tecnico,sma200,0.208308,,EUR,2026-07-30,2026-09-04T15:50:41Z,Coinbase,2,,,engine/technical/README.md,
ADA,crypto,tecnico,sma200,0.207385,,EUR,2026-07-31,2026-09-04T15:50:41Z,Coinbase,2,,,engine/technical/README.md,
ADA,crypto,tecnico,sma200,0.206329,,EUR,2026-08-01,2026-09-04T15:50:41Z,Coinbase,2,,,engine/technical/README.md,
ADA,crypto,tecnico,sma200,0.205374,,EUR,2026-08-02,2026-09-04T15:50:41Z,Coinbase,2,,,engine/technical/README.md,
ADA,crypto,tecnico,sma200,0.204519,,EUR,2026-08-03,2026-09-04T15:50:41Z,Coinbase,2,,,engine/technical/README.md,
ADA,crypto,tecnico,sma200,0.203651,,EUR,2026-08-04,2026-09-04T15:50:41Z,Coinbase,2,,,engine/technical/README.md,
ADA,crypto,tecnico,sma200,0.202765,,EUR,2026-08-05,2026-09-04T15:50:41Z,Coinbase,2,,,engine/technical/README.md,
ADA,crypto,tecnico,sma200,0.202026,,EUR,2026-08-06,2026-09-04T15:50:41Z,Coinbase,2,,,engine/technical/README.md,
ADA,crypto,tecnico,sma200,0.201306,,EUR,2026-08-07,2026-09-04T15:50:41Z,Coinbase,2,,,engine/technical/README.md,
ADA,crypto,tecnico,sma200,0.20067,,EUR,2026-08-08,2026-09-04T15:50:41Z,Coinbase,2,,,engine/technical/README.md,
ADA,crypto,tecnico,sma200,0.199943,,EUR,2026-08-09,2026-09-04T15:50:41Z,Coinbase,2,,,engine/technical/README.md,
ADA,crypto,tecnico,sma200,0.199241,,EUR,2026-08-10,2026-09-04T15:50:41Z,Coinbase,2,,,engine/technical/README.md,
ADA,crypto,tecnico,sma200,0.198527,,EUR,2026-08-11,2026-09-04T15:50:41Z,Coinbase,2,,,engine/technical/README.md,
ADA,crypto,tecnico,sma200,0.197803,,EUR,2026-08-12,2026-09-04T15:50:41Z,Coinbase,2,,,engine/technical/README.md,
ADA,crypto,tecnico,sma200,0.197167,,EUR,2026-08-13,2026-09-04T15:50:41Z,Coinbase,2,,,engine/technical/README.md,
ADA,crypto,tecnico,sma200,0.196465,,EUR,2026-08-14,2026-09-04T15:50:41Z,Coinbase,2,,,engine/technical/README.md,
ADA,crypto,tecnico,sma200,0.195728,,EUR,2026-08-15,2026-09-04T15:50:41Z,Coinbase,2,,,engine/technical/README.md,
ADA,crypto,tecnico,sma200,0.194988,,EUR,2026-08-16,2026-09-04T15:50:41Z,Coinbase,2,,,engine/technical/README.md,
ADA,crypto,tecnico,sma200,0.194341,,EUR,2026-08-17,2026-09-04T15:50:41Z,Coinbase,2,,,engine/technical/README.md,
ADA,crypto,tecnico,sma200,0.193742,,EUR,2026-08-18,2026-09-04T15:50:41Z,Coinbase,2,,,engine/technical/README.md,
ADA,crypto,tecnico,sma200,0.193302,,EUR,2026-08-19,2026-09-04T15:50:41Z,Coinbase,2,,,engine/technical/README.md,
ADA,crypto,tecnico,sma200,0.192948,,EUR,2026-08-20,2026-09-04T15:50:41Z,Coinbase,2,,,engine/technical/README.md,
ADA,crypto,tecnico,sma200,0.192661,,EUR,2026-08-21,2026-09-04T15:50:41Z,Coinbase,2,,,engine/technical/README.md,
ADA,crypto,tecnico,sma200,0.192393,,EUR,2026-08-22,2026-09-04T15:50:41Z,Coinbase,2,,,engine/technical/README.md,
ADA,crypto,tecnico,sma200,0.192154,,EUR,2026-08-23,2026-09-04T15:50:41Z,Coinbase,2,,,engine/technical/README.md,
ADA,crypto,tecnico,sma200,0.192062,,EUR,2026-08-24,2026-09-04T15:50:41Z,Coinbase,2,,,engine/technical/README.md,
ADA,crypto,tecnico,sma200,0.191789,,EUR,2026-08-25,2026-09-04T15:50:41Z,Coinbase,2,,,engine/technical/README.md,
ADA,crypto,tecnico,sma200,0.191541,,EUR,2026-08-26,2026-09-04T15:50:41Z,Coinbase,2,,,engine/technical/README.md,
ADA,crypto,tecnico,sma200,0.191314,,EUR,2026-08-27,2026-09-04T15:50:41Z,Coinbase,2,,,engine/technical/README.md,
ADA,crypto,tecnico,sma200,0.191055,,EUR,2026-08-28,2026-09-04T15:50:41Z,Coinbase,2,,,engine/technical/README.md,
ADA,crypto,tecnico,sma200,0.190826,,EUR,2026-08-29,2026-09-04T15:50:41Z,Coinbase,2,,,engine/technical/README.md,
ADA,crypto,tecnico,sma200,0.19058,,EUR,2026-08-30,2026-09-04T15:50:41Z,Coinbase,2,,,engine/technical/README.md,
ADA,crypto,tecnico,sma200,0.190318,,EUR,2026-08-31,2026-09-04T15:50:41Z,Coinbase,2,,,engine/technical/README.md,
ADA,crypto,tecnico,sma200,0.190018,,EUR,2026-09-01,2026-09-04T15:50:41Z,Coinbase,2,,,engine/technical/README.md,
ADA,crypto,tecnico,sma200,0.189642,,EUR,2026-09-02,2026-09-04T15:50:41Z,Coinbase,2,,,engine/technical/README.md,
ADA,crypto,tecnico,sma200,0.189611,,EUR,2026-09-03,2026-09-03T12:15:39Z,Kraken,2,100,,engine/technical/README.md,
ADA,crypto,tecnico,sma200,0.189141,,EUR,2026-09-04,2026-09-04T10:11:47Z,Kraken,2,100,,engine/technical/README.md,
ADA,crypto,tecnico,sma50,0.35203,,EUR,2026-01-01,2026-09-04T15:50:41Z,Coinbase,2,,,engine/technical/README.md,
ADA,crypto,tecnico,sma50,0.349672,,EUR,2026-01-02,2026-09-04T15:50:41Z,Coinbase,2,,,engine/technical/README.md,
ADA,crypto,tecnico,sma50,0.347752,,EUR,2026-01-03,2026-09-04T15:50:41Z,Coinbase,2,,,engine/technical/README.md,
ADA,crypto,tecnico,sma50,0.345936,,EUR,2026-01-04,2026-09-04T15:50:41Z,Coinbase,2,,,engine/technical/README.md,
ADA,crypto,tecnico,sma50,0.344796,,EUR,2026-01-05,2026-09-04T15:50:41Z,Coinbase,2,,,engine/technical/README.md,
ADA,crypto,tecnico,sma50,0.343946,,EUR,2026-01-06,2026-09-04T15:50:41Z,Coinbase,2,,,engine/technical/README.md,
ADA,crypto,tecnico,sma50,0.342624,,EUR,2026-01-07,2026-09-04T15:50:41Z,Coinbase,2,,,engine/technical/README.md,
ADA,crypto,tecnico,sma50,0.341376,,EUR,2026-01-08,2026-09-04T15:50:41Z,Coinbase,2,,,engine/technical/README.md,
ADA,crypto,tecnico,sma50,0.340596,,EUR,2026-01-09,2026-09-04T15:50:41Z,Coinbase,2,,,engine/technical/README.md,
ADA,crypto,tecnico,sma50,0.340156,,EUR,2026-01-10,2026-09-04T15:50:41Z,Coinbase,2,,,engine/technical/README.md,
ADA,crypto,tecnico,sma50,0.339846,,EUR,2026-01-11,2026-09-04T15:50:41Z,Coinbase,2,,,engine/technical/README.md,
ADA,crypto,tecnico,sma50,0.339354,,EUR,2026-01-12,2026-09-04T15:50:41Z,Coinbase,2,,,engine/technical/README.md,
ADA,crypto,tecnico,sma50,0.33917,,EUR,2026-01-13,2026-09-04T15:50:41Z,Coinbase,2,,,engine/technical/README.md,
ADA,crypto,tecnico,sma50,0.33898,,EUR,2026-01-14,2026-09-04T15:50:41Z,Coinbase,2,,,engine/technical/README.md,
ADA,crypto,tecnico,sma50,0.338256,,EUR,2026-01-15,2026-09-04T15:50:41Z,Coinbase,2,,,engine/technical/README.md,
ADA,crypto,tecnico,sma50,0.337604,,EUR,2026-01-16,2026-09-04T15:50:41Z,Coinbase,2,,,engine/technical/README.md,
ADA,crypto,tecnico,sma50,0.337206,,EUR,2026-01-17,2026-09-04T15:50:41Z,Coinbase,2,,,engine/technical/README.md,
ADA,crypto,tecnico,sma50,0.33649,,EUR,2026-01-18,2026-09-04T15:50:41Z,Coinbase,2,,,engine/technical/README.md,
ADA,crypto,tecnico,sma50,0.335694,,EUR,2026-01-19,2026-09-04T15:50:41Z,Coinbase,2,,,engine/technical/README.md,
ADA,crypto,tecnico,sma50,0.335042,,EUR,2026-01-20,2026-09-04T15:50:41Z,Coinbase,2,,,engine/technical/README.md,
ADA,crypto,tecnico,sma50,0.33385,,EUR,2026-01-21,2026-09-04T15:50:41Z,Coinbase,2,,,engine/technical/README.md,
ADA,crypto,tecnico,sma50,0.332234,,EUR,2026-01-22,2026-09-04T15:50:41Z,Coinbase,2,,,engine/technical/README.md,
ADA,crypto,tecnico,sma50,0.330774,,EUR,2026-01-23,2026-09-04T15:50:41Z,Coinbase,2,,,engine/technical/README.md,
ADA,crypto,tecnico,sma50,0.329696,,EUR,2026-01-24,2026-09-04T15:50:41Z,Coinbase,2,,,engine/technical/README.md,
ADA,crypto,tecnico,sma50,0.328278,,EUR,2026-01-25,2026-09-04T15:50:41Z,Coinbase,2,,,engine/technical/README.md,
ADA,crypto,tecnico,sma50,0.327032,,EUR,2026-01-26,2026-09-04T15:50:41Z,Coinbase,2,,,engine/technical/README.md,
ADA,crypto,tecnico,sma50,0.325592,,EUR,2026-01-27,2026-09-04T15:50:41Z,Coinbase,2,,,engine/technical/README.md,
ADA,crypto,tecnico,sma50,0.323492,,EUR,2026-01-28,2026-09-04T15:50:41Z,Coinbase,2,,,engine/technical/README.md,
ADA,crypto,tecnico,sma50,0.321322,,EUR,2026-01-29,2026-09-04T15:50:41Z,Coinbase,2,,,engine/technical/README.md,
ADA,crypto,tecnico,sma50,0.319482,,EUR,2026-01-30,2026-09-04T15:50:41Z,Coinbase,2,,,engine/technical/README.md,
ADA,crypto,tecnico,sma50,0.317472,,EUR,2026-01-31,2026-09-04T15:50:41Z,Coinbase,2,,,engine/technical/README.md,
ADA,crypto,tecnico,sma50,0.315296,,EUR,2026-02-01,2026-09-04T15:50:41Z,Coinbase,2,,,engine/technical/README.md,
ADA,crypto,tecnico,sma50,0.31357,,EUR,2026-02-02,2026-09-04T15:50:41Z,Coinbase,2,,,engine/technical/README.md,
ADA,crypto,tecnico,sma50,0.311894,,EUR,2026-02-03,2026-09-04T15:50:41Z,Coinbase,2,,,engine/technical/README.md,
ADA,crypto,tecnico,sma50,0.310186,,EUR,2026-02-04,2026-09-04T15:50:41Z,Coinbase,2,,,engine/technical/README.md,
ADA,crypto,tecnico,sma50,0.308096,,EUR,2026-02-05,2026-09-04T15:50:41Z,Coinbase,2,,,engine/technical/README.md,
ADA,crypto,tecnico,sma50,0.306768,,EUR,2026-02-06,2026-09-04T15:50:41Z,Coinbase,2,,,engine/technical/README.md,
ADA,crypto,tecnico,sma50,0.304954,,EUR,2026-02-07,2026-09-04T15:50:41Z,Coinbase,2,,,engine/technical/README.md,
ADA,crypto,tecnico,sma50,0.303162,,EUR,2026-02-08,2026-09-04T15:50:41Z,Coinbase,2,,,engine/technical/README.md,
ADA,crypto,tecnico,sma50,0.301452,,EUR,2026-02-09,2026-09-04T15:50:41Z,Coinbase,2,,,engine/technical/README.md,
ADA,crypto,tecnico,sma50,0.29956,,EUR,2026-02-10,2026-09-04T15:50:41Z,Coinbase,2,,,engine/technical/README.md,
ADA,crypto,tecnico,sma50,0.297718,,EUR,2026-02-11,2026-09-04T15:50:41Z,Coinbase,2,,,engine/technical/README.md,
ADA,crypto,tecnico,sma50,0.296114,,EUR,2026-02-12,2026-09-04T15:50:41Z,Coinbase,2,,,engine/technical/README.md,
ADA,crypto,tecnico,sma50,0.29488,,EUR,2026-02-13,2026-09-04T15:50:41Z,Coinbase,2,,,engine/technical/README.md,
ADA,crypto,tecnico,sma50,0.29392,,EUR,2026-02-14,2026-09-04T15:50:41Z,Coinbase,2,,,engine/technical/README.md,
ADA,crypto,tecnico,sma50,0.29238,,EUR,2026-02-15,2026-09-04T15:50:41Z,Coinbase,2,,,engine/technical/README.md,
ADA,crypto,tecnico,sma50,0.290948,,EUR,2026-02-16,2026-09-04T15:50:41Z,Coinbase,2,,,engine/technical/README.md,
ADA,crypto,tecnico,sma50,0.289698,,EUR,2026-02-17,2026-09-04T15:50:41Z,Coinbase,2,,,engine/technical/README.md,
ADA,crypto,tecnico,sma50,0.28837,,EUR,2026-02-18,2026-09-04T15:50:41Z,Coinbase,2,,,engine/technical/README.md,
ADA,crypto,tecnico,sma50,0.287328,,EUR,2026-02-19,2026-09-04T15:50:41Z,Coinbase,2,,,engine/technical/README.md,
ADA,crypto,tecnico,sma50,0.286076,,EUR,2026-02-20,2026-09-04T15:50:41Z,Coinbase,2,,,engine/technical/README.md,
ADA,crypto,tecnico,sma50,0.284082,,EUR,2026-02-21,2026-09-04T15:50:41Z,Coinbase,2,,,engine/technical/README.md,
ADA,crypto,tecnico,sma50,0.28202,,EUR,2026-02-22,2026-09-04T15:50:41Z,Coinbase,2,,,engine/technical/README.md,
ADA,crypto,tecnico,sma50,0.279634,,EUR,2026-02-23,2026-09-04T15:50:41Z,Coinbase,2,,,engine/technical/README.md,
ADA,crypto,tecnico,sma50,0.276836,,EUR,2026-02-24,2026-09-04T15:50:41Z,Coinbase,2,,,engine/technical/README.md,
ADA,crypto,tecnico,sma50,0.274698,,EUR,2026-02-25,2026-09-04T15:50:41Z,Coinbase,2,,,engine/technical/README.md,
ADA,crypto,tecnico,sma50,0.27268,,EUR,2026-02-26,2026-09-04T15:50:41Z,Coinbase,2,,,engine/technical/README.md,
ADA,crypto,tecnico,sma50,0.270592,,EUR,2026-02-27,2026-09-04T15:50:41Z,Coinbase,2,,,engine/technical/README.md,
ADA,crypto,tecnico,sma50,0.268652,,EUR,2026-02-28,2026-09-04T15:50:41Z,Coinbase,2,,,engine/technical/README.md,
ADA,crypto,tecnico,sma50,0.266628,,EUR,2026-03-01,2026-09-04T15:50:41Z,Coinbase,2,,,engine/technical/README.md,
ADA,crypto,tecnico,sma50,0.264646,,EUR,2026-03-02,2026-09-04T15:50:41Z,Coinbase,2,,,engine/technical/README.md,
ADA,crypto,tecnico,sma50,0.262556,,EUR,2026-03-03,2026-09-04T15:50:41Z,Coinbase,2,,,engine/technical/README.md,
ADA,crypto,tecnico,sma50,0.260064,,EUR,2026-03-04,2026-09-04T15:50:41Z,Coinbase,2,,,engine/technical/README.md,
ADA,crypto,tecnico,sma50,0.257594,,EUR,2026-03-05,2026-09-04T15:50:41Z,Coinbase,2,,,engine/technical/README.md,
ADA,crypto,tecnico,sma50,0.255272,,EUR,2026-03-06,2026-09-04T15:50:41Z,Coinbase,2,,,engine/technical/README.md,
ADA,crypto,tecnico,sma50,0.252846,,EUR,2026-03-07,2026-09-04T15:50:41Z,Coinbase,2,,,engine/technical/README.md,
ADA,crypto,tecnico,sma50,0.250322,,EUR,2026-03-08,2026-09-04T15:50:41Z,Coinbase,2,,,engine/technical/README.md,
ADA,crypto,tecnico,sma50,0.248278,,EUR,2026-03-09,2026-09-04T15:50:41Z,Coinbase,2,,,engine/technical/README.md,
ADA,crypto,tecnico,sma50,0.246442,,EUR,2026-03-10,2026-09-04T15:50:41Z,Coinbase,2,,,engine/technical/README.md,
ADA,crypto,tecnico,sma50,0.244996,,EUR,2026-03-11,2026-09-04T15:50:41Z,Coinbase,2,,,engine/technical/README.md,
ADA,crypto,tecnico,sma50,0.243306,,EUR,2026-03-12,2026-09-04T15:50:41Z,Coinbase,2,,,engine/technical/README.md,
ADA,crypto,tecnico,sma50,0.241842,,EUR,2026-03-13,2026-09-04T15:50:41Z,Coinbase,2,,,engine/technical/README.md,
ADA,crypto,tecnico,sma50,0.240378,,EUR,2026-03-14,2026-09-04T15:50:41Z,Coinbase,2,,,engine/technical/README.md,
ADA,crypto,tecnico,sma50,0.239062,,EUR,2026-03-15,2026-09-04T15:50:41Z,Coinbase,2,,,engine/technical/README.md,
ADA,crypto,tecnico,sma50,0.238404,,EUR,2026-03-16,2026-09-04T15:50:41Z,Coinbase,2,,,engine/technical/README.md,
ADA,crypto,tecnico,sma50,0.237504,,EUR,2026-03-17,2026-09-04T15:50:41Z,Coinbase,2,,,engine/technical/README.md,
ADA,crypto,tecnico,sma50,0.236296,,EUR,2026-03-18,2026-09-04T15:50:41Z,Coinbase,2,,,engine/technical/README.md,
ADA,crypto,tecnico,sma50,0.234946,,EUR,2026-03-19,2026-09-04T15:50:41Z,Coinbase,2,,,engine/technical/README.md,
ADA,crypto,tecnico,sma50,0.233952,,EUR,2026-03-20,2026-09-04T15:50:41Z,Coinbase,2,,,engine/technical/README.md,
ADA,crypto,tecnico,sma50,0.232964,,EUR,2026-03-21,2026-09-04T15:50:41Z,Coinbase,2,,,engine/technical/README.md,
ADA,crypto,tecnico,sma50,0.232346,,EUR,2026-03-22,2026-09-04T15:50:41Z,Coinbase,2,,,engine/technical/README.md,
ADA,crypto,tecnico,sma50,0.232036,,EUR,2026-03-23,2026-09-04T15:50:41Z,Coinbase,2,,,engine/technical/README.md,
ADA,crypto,tecnico,sma50,0.231572,,EUR,2026-03-24,2026-09-04T15:50:41Z,Coinbase,2,,,engine/technical/README.md,
ADA,crypto,tecnico,sma50,0.231318,,EUR,2026-03-25,2026-09-04T15:50:41Z,Coinbase,2,,,engine/technical/README.md,
ADA,crypto,tecnico,sma50,0.230886,,EUR,2026-03-26,2026-09-04T15:50:41Z,Coinbase,2,,,engine/technical/README.md,
ADA,crypto,tecnico,sma50,0.230998,,EUR,2026-03-27,2026-09-04T15:50:41Z,Coinbase,2,,,engine/technical/README.md,
ADA,crypto,tecnico,sma50,0.2306,,EUR,2026-03-28,2026-09-04T15:50:41Z,Coinbase,2,,,engine/technical/README.md,
ADA,crypto,tecnico,sma50,0.230154,,EUR,2026-03-29,2026-09-04T15:50:41Z,Coinbase,2,,,engine/technical/README.md,
ADA,crypto,tecnico,sma50,0.229824,,EUR,2026-03-30,2026-09-04T15:50:41Z,Coinbase,2,,,engine/technical/README.md,
ADA,crypto,tecnico,sma50,0.22946,,EUR,2026-03-31,2026-09-04T15:50:41Z,Coinbase,2,,,engine/technical/README.md,
ADA,crypto,tecnico,sma50,0.229342,,EUR,2026-04-01,2026-09-04T15:50:41Z,Coinbase,2,,,engine/technical/README.md,
ADA,crypto,tecnico,sma50,0.229186,,EUR,2026-04-02,2026-09-04T15:50:41Z,Coinbase,2,,,engine/technical/README.md,
ADA,crypto,tecnico,sma50,0.22901,,EUR,2026-04-03,2026-09-04T15:50:41Z,Coinbase,2,,,engine/technical/README.md,
ADA,crypto,tecnico,sma50,0.228714,,EUR,2026-04-04,2026-09-04T15:50:41Z,Coinbase,2,,,engine/technical/README.md,
ADA,crypto,tecnico,sma50,0.228112,,EUR,2026-04-05,2026-09-04T15:50:41Z,Coinbase,2,,,engine/technical/README.md,
ADA,crypto,tecnico,sma50,0.227622,,EUR,2026-04-06,2026-09-04T15:50:41Z,Coinbase,2,,,engine/technical/README.md,
ADA,crypto,tecnico,sma50,0.227308,,EUR,2026-04-07,2026-09-04T15:50:41Z,Coinbase,2,,,engine/technical/README.md,
ADA,crypto,tecnico,sma50,0.226864,,EUR,2026-04-08,2026-09-04T15:50:41Z,Coinbase,2,,,engine/technical/README.md,
ADA,crypto,tecnico,sma50,0.22657,,EUR,2026-04-09,2026-09-04T15:50:41Z,Coinbase,2,,,engine/technical/README.md,
ADA,crypto,tecnico,sma50,0.226268,,EUR,2026-04-10,2026-09-04T15:50:41Z,Coinbase,2,,,engine/technical/README.md,
ADA,crypto,tecnico,sma50,0.225708,,EUR,2026-04-11,2026-09-04T15:50:41Z,Coinbase,2,,,engine/technical/README.md,
ADA,crypto,tecnico,sma50,0.225,,EUR,2026-04-12,2026-09-04T15:50:41Z,Coinbase,2,,,engine/technical/README.md,
ADA,crypto,tecnico,sma50,0.224638,,EUR,2026-04-13,2026-09-04T15:50:41Z,Coinbase,2,,,engine/technical/README.md,
ADA,crypto,tecnico,sma50,0.224238,,EUR,2026-04-14,2026-09-04T15:50:41Z,Coinbase,2,,,engine/technical/README.md,
ADA,crypto,tecnico,sma50,0.224012,,EUR,2026-04-15,2026-09-04T15:50:41Z,Coinbase,2,,,engine/technical/README.md,
ADA,crypto,tecnico,sma50,0.223382,,EUR,2026-04-16,2026-09-04T15:50:41Z,Coinbase,2,,,engine/technical/README.md,
ADA,crypto,tecnico,sma50,0.222916,,EUR,2026-04-17,2026-09-04T15:50:41Z,Coinbase,2,,,engine/technical/README.md,
ADA,crypto,tecnico,sma50,0.22245,,EUR,2026-04-18,2026-09-04T15:50:41Z,Coinbase,2,,,engine/technical/README.md,
ADA,crypto,tecnico,sma50,0.221804,,EUR,2026-04-19,2026-09-04T15:50:41Z,Coinbase,2,,,engine/technical/README.md,
ADA,crypto,tecnico,sma50,0.221376,,EUR,2026-04-20,2026-09-04T15:50:41Z,Coinbase,2,,,engine/technical/README.md,
ADA,crypto,tecnico,sma50,0.220896,,EUR,2026-04-21,2026-09-04T15:50:41Z,Coinbase,2,,,engine/technical/README.md,
ADA,crypto,tecnico,sma50,0.220618,,EUR,2026-04-22,2026-09-04T15:50:41Z,Coinbase,2,,,engine/technical/README.md,
ADA,crypto,tecnico,sma50,0.220146,,EUR,2026-04-23,2026-09-04T15:50:41Z,Coinbase,2,,,engine/technical/README.md,
ADA,crypto,tecnico,sma50,0.219782,,EUR,2026-04-24,2026-09-04T15:50:41Z,Coinbase,2,,,engine/technical/README.md,
ADA,crypto,tecnico,sma50,0.21959,,EUR,2026-04-25,2026-09-04T15:50:41Z,Coinbase,2,,,engine/technical/README.md,
ADA,crypto,tecnico,sma50,0.21951,,EUR,2026-04-26,2026-09-04T15:50:41Z,Coinbase,2,,,engine/technical/README.md,
ADA,crypto,tecnico,sma50,0.219412,,EUR,2026-04-27,2026-09-04T15:50:41Z,Coinbase,2,,,engine/technical/README.md,
ADA,crypto,tecnico,sma50,0.219224,,EUR,2026-04-28,2026-09-04T15:50:41Z,Coinbase,2,,,engine/technical/README.md,
ADA,crypto,tecnico,sma50,0.2189,,EUR,2026-04-29,2026-09-04T15:50:41Z,Coinbase,2,,,engine/technical/README.md,
ADA,crypto,tecnico,sma50,0.21855,,EUR,2026-04-30,2026-09-04T15:50:41Z,Coinbase,2,,,engine/technical/README.md,
ADA,crypto,tecnico,sma50,0.218212,,EUR,2026-05-01,2026-09-04T15:50:41Z,Coinbase,2,,,engine/technical/README.md,
ADA,crypto,tecnico,sma50,0.217836,,EUR,2026-05-02,2026-09-04T15:50:41Z,Coinbase,2,,,engine/technical/README.md,
ADA,crypto,tecnico,sma50,0.21746,,EUR,2026-05-03,2026-09-04T15:50:41Z,Coinbase,2,,,engine/technical/README.md,
ADA,crypto,tecnico,sma50,0.216996,,EUR,2026-05-04,2026-09-04T15:50:41Z,Coinbase,2,,,engine/technical/README.md,
ADA,crypto,tecnico,sma50,0.216424,,EUR,2026-05-05,2026-09-04T15:50:41Z,Coinbase,2,,,engine/technical/README.md,
ADA,crypto,tecnico,sma50,0.215948,,EUR,2026-05-06,2026-09-04T15:50:41Z,Coinbase,2,,,engine/technical/README.md,
ADA,crypto,tecnico,sma50,0.215642,,EUR,2026-05-07,2026-09-04T15:50:41Z,Coinbase,2,,,engine/technical/README.md,
ADA,crypto,tecnico,sma50,0.215656,,EUR,2026-05-08,2026-09-04T15:50:41Z,Coinbase,2,,,engine/technical/README.md,
ADA,crypto,tecnico,sma50,0.215656,,EUR,2026-05-09,2026-09-04T15:50:41Z,Coinbase,2,,,engine/technical/README.md,
ADA,crypto,tecnico,sma50,0.216032,,EUR,2026-05-10,2026-09-04T15:50:41Z,Coinbase,2,,,engine/technical/README.md,
ADA,crypto,tecnico,sma50,0.21644,,EUR,2026-05-11,2026-09-04T15:50:41Z,Coinbase,2,,,engine/technical/README.md,
ADA,crypto,tecnico,sma50,0.216546,,EUR,2026-05-12,2026-09-04T15:50:41Z,Coinbase,2,,,engine/technical/README.md,
ADA,crypto,tecnico,sma50,0.216472,,EUR,2026-05-13,2026-09-04T15:50:41Z,Coinbase,2,,,engine/technical/README.md,
ADA,crypto,tecnico,sma50,0.21643,,EUR,2026-05-14,2026-09-04T15:50:41Z,Coinbase,2,,,engine/technical/README.md,
ADA,crypto,tecnico,sma50,0.216516,,EUR,2026-05-15,2026-09-04T15:50:41Z,Coinbase,2,,,engine/technical/README.md,
ADA,crypto,tecnico,sma50,0.216634,,EUR,2026-05-16,2026-09-04T15:50:41Z,Coinbase,2,,,engine/technical/README.md,
ADA,crypto,tecnico,sma50,0.216702,,EUR,2026-05-17,2026-09-04T15:50:41Z,Coinbase,2,,,engine/technical/README.md,
ADA,crypto,tecnico,sma50,0.216848,,EUR,2026-05-18,2026-09-04T15:50:41Z,Coinbase,2,,,engine/technical/README.md,
ADA,crypto,tecnico,sma50,0.216872,,EUR,2026-05-19,2026-09-04T15:50:41Z,Coinbase,2,,,engine/technical/README.md,
ADA,crypto,tecnico,sma50,0.216978,,EUR,2026-05-20,2026-09-04T15:50:41Z,Coinbase,2,,,engine/technical/README.md,
ADA,crypto,tecnico,sma50,0.217002,,EUR,2026-05-21,2026-09-04T15:50:41Z,Coinbase,2,,,engine/technical/README.md,
ADA,crypto,tecnico,sma50,0.217028,,EUR,2026-05-22,2026-09-04T15:50:41Z,Coinbase,2,,,engine/technical/README.md,
ADA,crypto,tecnico,sma50,0.216988,,EUR,2026-05-23,2026-09-04T15:50:41Z,Coinbase,2,,,engine/technical/README.md,
ADA,crypto,tecnico,sma50,0.216842,,EUR,2026-05-24,2026-09-04T15:50:41Z,Coinbase,2,,,engine/technical/README.md,
ADA,crypto,tecnico,sma50,0.216652,,EUR,2026-05-25,2026-09-04T15:50:41Z,Coinbase,2,,,engine/technical/README.md,
ADA,crypto,tecnico,sma50,0.216514,,EUR,2026-05-26,2026-09-04T15:50:41Z,Coinbase,2,,,engine/technical/README.md,
ADA,crypto,tecnico,sma50,0.21608,,EUR,2026-05-27,2026-09-04T15:50:41Z,Coinbase,2,,,engine/technical/README.md,
ADA,crypto,tecnico,sma50,0.21581,,EUR,2026-05-28,2026-09-04T15:50:41Z,Coinbase,2,,,engine/technical/README.md,
ADA,crypto,tecnico,sma50,0.215456,,EUR,2026-05-29,2026-09-04T15:50:41Z,Coinbase,2,,,engine/technical/README.md,
ADA,crypto,tecnico,sma50,0.21517,,EUR,2026-05-30,2026-09-04T15:50:41Z,Coinbase,2,,,engine/technical/README.md,
ADA,crypto,tecnico,sma50,0.214954,,EUR,2026-05-31,2026-09-04T15:50:41Z,Coinbase,2,,,engine/technical/README.md,
ADA,crypto,tecnico,sma50,0.214876,,EUR,2026-06-01,2026-09-04T15:50:41Z,Coinbase,2,,,engine/technical/README.md,
ADA,crypto,tecnico,sma50,0.214312,,EUR,2026-06-02,2026-09-04T15:50:41Z,Coinbase,2,,,engine/technical/README.md,
ADA,crypto,tecnico,sma50,0.213704,,EUR,2026-06-03,2026-09-04T15:50:41Z,Coinbase,2,,,engine/technical/README.md,
ADA,crypto,tecnico,sma50,0.21262,,EUR,2026-06-04,2026-09-04T15:50:41Z,Coinbase,2,,,engine/technical/README.md,
ADA,crypto,tecnico,sma50,0.210938,,EUR,2026-06-05,2026-09-04T15:50:41Z,Coinbase,2,,,engine/technical/README.md,
ADA,crypto,tecnico,sma50,0.209274,,EUR,2026-06-06,2026-09-04T15:50:41Z,Coinbase,2,,,engine/technical/README.md,
ADA,crypto,tecnico,sma50,0.207906,,EUR,2026-06-07,2026-09-04T15:50:41Z,Coinbase,2,,,engine/technical/README.md,
ADA,crypto,tecnico,sma50,0.20673,,EUR,2026-06-08,2026-09-04T15:50:41Z,Coinbase,2,,,engine/technical/README.md,
ADA,crypto,tecnico,sma50,0.205378,,EUR,2026-06-09,2026-09-04T15:50:41Z,Coinbase,2,,,engine/technical/README.md,
ADA,crypto,tecnico,sma50,0.203904,,EUR,2026-06-10,2026-09-04T15:50:41Z,Coinbase,2,,,engine/technical/README.md,
ADA,crypto,tecnico,sma50,0.202608,,EUR,2026-06-11,2026-09-04T15:50:41Z,Coinbase,2,,,engine/technical/README.md,
ADA,crypto,tecnico,sma50,0.201256,,EUR,2026-06-12,2026-09-04T15:50:41Z,Coinbase,2,,,engine/technical/README.md,
ADA,crypto,tecnico,sma50,0.199954,,EUR,2026-06-13,2026-09-04T15:50:41Z,Coinbase,2,,,engine/technical/README.md,
ADA,crypto,tecnico,sma50,0.198836,,EUR,2026-06-14,2026-09-04T15:50:41Z,Coinbase,2,,,engine/technical/README.md,
ADA,crypto,tecnico,sma50,0.197604,,EUR,2026-06-15,2026-09-04T15:50:41Z,Coinbase,2,,,engine/technical/README.md,
ADA,crypto,tecnico,sma50,0.196346,,EUR,2026-06-16,2026-09-04T15:50:41Z,Coinbase,2,,,engine/technical/README.md,
ADA,crypto,tecnico,sma50,0.195032,,EUR,2026-06-17,2026-09-04T15:50:41Z,Coinbase,2,,,engine/technical/README.md,
ADA,crypto,tecnico,sma50,0.193698,,EUR,2026-06-18,2026-09-04T15:50:41Z,Coinbase,2,,,engine/technical/README.md,
ADA,crypto,tecnico,sma50,0.192322,,EUR,2026-06-19,2026-09-04T15:50:41Z,Coinbase,2,,,engine/technical/README.md,
ADA,crypto,tecnico,sma50,0.190926,,EUR,2026-06-20,2026-09-04T15:50:41Z,Coinbase,2,,,engine/technical/README.md,
ADA,crypto,tecnico,sma50,0.189386,,EUR,2026-06-21,2026-09-04T15:50:41Z,Coinbase,2,,,engine/technical/README.md,
ADA,crypto,tecnico,sma50,0.187906,,EUR,2026-06-22,2026-09-04T15:50:41Z,Coinbase,2,,,engine/technical/README.md,
ADA,crypto,tecnico,sma50,0.18629,,EUR,2026-06-23,2026-09-04T15:50:41Z,Coinbase,2,,,engine/technical/README.md,
ADA,crypto,tecnico,sma50,0.184408,,EUR,2026-06-24,2026-09-04T15:50:41Z,Coinbase,2,,,engine/technical/README.md,
ADA,crypto,tecnico,sma50,0.182396,,EUR,2026-06-25,2026-09-04T15:50:41Z,Coinbase,2,,,engine/technical/README.md,
ADA,crypto,tecnico,sma50,0.180522,,EUR,2026-06-26,2026-09-04T15:50:41Z,Coinbase,2,,,engine/technical/README.md,
ADA,crypto,tecnico,sma50,0.17843,,EUR,2026-06-27,2026-09-04T15:50:41Z,Coinbase,2,,,engine/technical/README.md,
ADA,crypto,tecnico,sma50,0.176354,,EUR,2026-06-28,2026-09-04T15:50:41Z,Coinbase,2,,,engine/technical/README.md,
ADA,crypto,tecnico,sma50,0.174108,,EUR,2026-06-29,2026-09-04T15:50:41Z,Coinbase,2,,,engine/technical/README.md,
ADA,crypto,tecnico,sma50,0.171878,,EUR,2026-06-30,2026-09-04T15:50:41Z,Coinbase,2,,,engine/technical/README.md,
ADA,crypto,tecnico,sma50,0.169962,,EUR,2026-07-01,2026-09-04T15:50:41Z,Coinbase,2,,,engine/technical/README.md,
ADA,crypto,tecnico,sma50,0.168262,,EUR,2026-07-02,2026-09-04T15:50:41Z,Coinbase,2,,,engine/technical/README.md,
ADA,crypto,tecnico,sma50,0.166766,,EUR,2026-07-03,2026-09-04T15:50:41Z,Coinbase,2,,,engine/technical/README.md,
ADA,crypto,tecnico,sma50,0.165626,,EUR,2026-07-04,2026-09-04T15:50:41Z,Coinbase,2,,,engine/technical/README.md,
ADA,crypto,tecnico,sma50,0.164548,,EUR,2026-07-05,2026-09-04T15:50:41Z,Coinbase,2,,,engine/technical/README.md,
ADA,crypto,tecnico,sma50,0.16343,,EUR,2026-07-06,2026-09-04T15:50:41Z,Coinbase,2,,,engine/technical/README.md,
ADA,crypto,tecnico,sma50,0.162178,,EUR,2026-07-07,2026-09-04T15:50:41Z,Coinbase,2,,,engine/technical/README.md,
ADA,crypto,tecnico,sma50,0.160828,,EUR,2026-07-08,2026-09-04T15:50:41Z,Coinbase,2,,,engine/technical/README.md,
ADA,crypto,tecnico,sma50,0.159458,,EUR,2026-07-09,2026-09-04T15:50:41Z,Coinbase,2,,,engine/technical/README.md,
ADA,crypto,tecnico,sma50,0.158066,,EUR,2026-07-10,2026-09-04T15:50:41Z,Coinbase,2,,,engine/technical/README.md,
ADA,crypto,tecnico,sma50,0.156788,,EUR,2026-07-11,2026-09-04T15:50:41Z,Coinbase,2,,,engine/technical/README.md,
ADA,crypto,tecnico,sma50,0.155392,,EUR,2026-07-12,2026-09-04T15:50:41Z,Coinbase,2,,,engine/technical/README.md,
ADA,crypto,tecnico,sma50,0.153996,,EUR,2026-07-13,2026-09-04T15:50:41Z,Coinbase,2,,,engine/technical/README.md,
ADA,crypto,tecnico,sma50,0.152708,,EUR,2026-07-14,2026-09-04T15:50:41Z,Coinbase,2,,,engine/technical/README.md,
ADA,crypto,tecnico,sma50,0.151464,,EUR,2026-07-15,2026-09-04T15:50:41Z,Coinbase,2,,,engine/technical/README.md,
ADA,crypto,tecnico,sma50,0.150194,,EUR,2026-07-16,2026-09-04T15:50:41Z,Coinbase,2,,,engine/technical/README.md,
ADA,crypto,tecnico,sma50,0.149088,,EUR,2026-07-17,2026-09-04T15:50:41Z,Coinbase,2,,,engine/technical/README.md,
ADA,crypto,tecnico,sma50,0.148012,,EUR,2026-07-18,2026-09-04T15:50:41Z,Coinbase,2,,,engine/technical/README.md,
ADA,crypto,tecnico,sma50,0.14687,,EUR,2026-07-19,2026-09-04T15:50:41Z,Coinbase,2,,,engine/technical/README.md,
ADA,crypto,tecnico,sma50,0.145804,,EUR,2026-07-20,2026-09-04T15:50:41Z,Coinbase,2,,,engine/technical/README.md,
ADA,crypto,tecnico,sma50,0.144882,,EUR,2026-07-21,2026-09-04T15:50:41Z,Coinbase,2,,,engine/technical/README.md,
ADA,crypto,tecnico,sma50,0.144276,,EUR,2026-07-22,2026-09-04T15:50:41Z,Coinbase,2,,,engine/technical/README.md,
ADA,crypto,tecnico,sma50,0.143774,,EUR,2026-07-23,2026-09-04T15:50:41Z,Coinbase,2,,,engine/technical/README.md,
ADA,crypto,tecnico,sma50,0.14357,,EUR,2026-07-24,2026-09-04T15:50:41Z,Coinbase,2,,,engine/technical/README.md,
ADA,crypto,tecnico,sma50,0.143746,,EUR,2026-07-25,2026-09-04T15:50:41Z,Coinbase,2,,,engine/technical/README.md,
ADA,crypto,tecnico,sma50,0.14392,,EUR,2026-07-26,2026-09-04T15:50:41Z,Coinbase,2,,,engine/technical/README.md,
ADA,crypto,tecnico,sma50,0.143786,,EUR,2026-07-27,2026-09-04T15:50:41Z,Coinbase,2,,,engine/technical/README.md,
ADA,crypto,tecnico,sma50,0.143666,,EUR,2026-07-28,2026-09-04T15:50:41Z,Coinbase,2,,,engine/technical/README.md,
ADA,crypto,tecnico,sma50,0.143624,,EUR,2026-07-29,2026-09-04T15:50:41Z,Coinbase,2,,,engine/technical/README.md,
ADA,crypto,tecnico,sma50,0.143784,,EUR,2026-07-30,2026-09-04T15:50:41Z,Coinbase,2,,,engine/technical/README.md,
ADA,crypto,tecnico,sma50,0.143758,,EUR,2026-07-31,2026-09-04T15:50:41Z,Coinbase,2,,,engine/technical/README.md,
ADA,crypto,tecnico,sma50,0.143852,,EUR,2026-08-01,2026-09-04T15:50:41Z,Coinbase,2,,,engine/technical/README.md,
ADA,crypto,tecnico,sma50,0.144166,,EUR,2026-08-02,2026-09-04T15:50:41Z,Coinbase,2,,,engine/technical/README.md,
ADA,crypto,tecnico,sma50,0.144378,,EUR,2026-08-03,2026-09-04T15:50:41Z,Coinbase,2,,,engine/technical/README.md,
ADA,crypto,tecnico,sma50,0.144646,,EUR,2026-08-04,2026-09-04T15:50:41Z,Coinbase,2,,,engine/technical/README.md,
ADA,crypto,tecnico,sma50,0.144982,,EUR,2026-08-05,2026-09-04T15:50:41Z,Coinbase,2,,,engine/technical/README.md,
ADA,crypto,tecnico,sma50,0.145572,,EUR,2026-08-06,2026-09-04T15:50:41Z,Coinbase,2,,,engine/technical/README.md,
ADA,crypto,tecnico,sma50,0.146186,,EUR,2026-08-07,2026-09-04T15:50:41Z,Coinbase,2,,,engine/technical/README.md,
ADA,crypto,tecnico,sma50,0.146814,,EUR,2026-08-08,2026-09-04T15:50:41Z,Coinbase,2,,,engine/technical/README.md,
ADA,crypto,tecnico,sma50,0.14733,,EUR,2026-08-09,2026-09-04T15:50:41Z,Coinbase,2,,,engine/technical/README.md,
ADA,crypto,tecnico,sma50,0.147898,,EUR,2026-08-10,2026-09-04T15:50:41Z,Coinbase,2,,,engine/technical/README.md,
ADA,crypto,tecnico,sma50,0.148362,,EUR,2026-08-11,2026-09-04T15:50:41Z,Coinbase,2,,,engine/technical/README.md,
ADA,crypto,tecnico,sma50,0.148864,,EUR,2026-08-12,2026-09-04T15:50:41Z,Coinbase,2,,,engine/technical/README.md,
ADA,crypto,tecnico,sma50,0.14943,,EUR,2026-08-13,2026-09-04T15:50:41Z,Coinbase,2,,,engine/technical/README.md,
ADA,crypto,tecnico,sma50,0.150012,,EUR,2026-08-14,2026-09-04T15:50:41Z,Coinbase,2,,,engine/technical/README.md,
ADA,crypto,tecnico,sma50,0.15045,,EUR,2026-08-15,2026-09-04T15:50:41Z,Coinbase,2,,,engine/technical/README.md,
ADA,crypto,tecnico,sma50,0.15092,,EUR,2026-08-16,2026-09-04T15:50:41Z,Coinbase,2,,,engine/technical/README.md,
ADA,crypto,tecnico,sma50,0.151402,,EUR,2026-08-17,2026-09-04T15:50:41Z,Coinbase,2,,,engine/technical/README.md,
ADA,crypto,tecnico,sma50,0.151863,,EUR,2026-08-18,2026-09-04T15:50:41Z,Coinbase,2,,,engine/technical/README.md,
ADA,crypto,tecnico,sma50,0.152545,,EUR,2026-08-19,2026-09-04T15:50:41Z,Coinbase,2,,,engine/technical/README.md,
ADA,crypto,tecnico,sma50,0.153247,,EUR,2026-08-20,2026-09-04T15:50:41Z,Coinbase,2,,,engine/technical/README.md,
ADA,crypto,tecnico,sma50,0.154338,,EUR,2026-08-21,2026-09-04T15:50:41Z,Coinbase,2,,,engine/technical/README.md,
ADA,crypto,tecnico,sma50,0.155057,,EUR,2026-08-22,2026-09-04T15:50:41Z,Coinbase,2,,,engine/technical/README.md,
ADA,crypto,tecnico,sma50,0.155586,,EUR,2026-08-23,2026-09-04T15:50:41Z,Coinbase,2,,,engine/technical/README.md,
ADA,crypto,tecnico,sma50,0.156068,,EUR,2026-08-24,2026-09-04T15:50:41Z,Coinbase,2,,,engine/technical/README.md,
ADA,crypto,tecnico,sma50,0.156424,,EUR,2026-08-25,2026-09-04T15:50:41Z,Coinbase,2,,,engine/technical/README.md,
ADA,crypto,tecnico,sma50,0.156986,,EUR,2026-08-26,2026-09-04T15:50:41Z,Coinbase,2,,,engine/technical/README.md,
ADA,crypto,tecnico,sma50,0.157733,,EUR,2026-08-27,2026-09-04T15:50:41Z,Coinbase,2,,,engine/technical/README.md,
ADA,crypto,tecnico,sma50,0.158324,,EUR,2026-08-28,2026-09-04T15:50:41Z,Coinbase,2,,,engine/technical/README.md,
ADA,crypto,tecnico,sma50,0.158893,,EUR,2026-08-29,2026-09-04T15:50:41Z,Coinbase,2,,,engine/technical/README.md,
ADA,crypto,tecnico,sma50,0.159318,,EUR,2026-08-30,2026-09-04T15:50:41Z,Coinbase,2,,,engine/technical/README.md,
ADA,crypto,tecnico,sma50,0.159881,,EUR,2026-08-31,2026-09-04T15:50:41Z,Coinbase,2,,,engine/technical/README.md,
ADA,crypto,tecnico,sma50,0.160518,,EUR,2026-09-01,2026-09-04T15:50:41Z,Coinbase,2,,,engine/technical/README.md,
ADA,crypto,tecnico,sma50,0.161095,,EUR,2026-09-02,2026-09-04T15:50:41Z,Coinbase,2,,,engine/technical/README.md,
ADA,crypto,tecnico,sma50,0.161044,,EUR,2026-09-03,2026-09-03T12:15:39Z,Kraken,2,100,,engine/technical/README.md,
ADA,crypto,tecnico,sma50,0.163052,,EUR,2026-09-04,2026-09-04T10:11:47Z,Kraken,2,100,,engine/technical/README.md,
ADA,crypto,tecnico,volatilidad_hist_30d_anualizada_pct,75.7,,%,2026-01-01,2026-09-04T15:50:41Z,Coinbase,2,,,engine/technical/README.md,
ADA,crypto,tecnico,volatilidad_hist_30d_anualizada_pct,84.2,,%,2026-01-02,2026-09-04T15:50:41Z,Coinbase,2,,,engine/technical/README.md,
ADA,crypto,tecnico,volatilidad_hist_30d_anualizada_pct,84.0,,%,2026-01-03,2026-09-04T15:50:41Z,Coinbase,2,,,engine/technical/README.md,
ADA,crypto,tecnico,volatilidad_hist_30d_anualizada_pct,82.6,,%,2026-01-04,2026-09-04T15:50:41Z,Coinbase,2,,,engine/technical/README.md,
ADA,crypto,tecnico,volatilidad_hist_30d_anualizada_pct,84.5,,%,2026-01-05,2026-09-04T15:50:41Z,Coinbase,2,,,engine/technical/README.md,
ADA,crypto,tecnico,volatilidad_hist_30d_anualizada_pct,84.5,,%,2026-01-06,2026-09-04T15:50:41Z,Coinbase,2,,,engine/technical/README.md,
ADA,crypto,tecnico,volatilidad_hist_30d_anualizada_pct,84.6,,%,2026-01-07,2026-09-04T15:50:41Z,Coinbase,2,,,engine/technical/README.md,
ADA,crypto,tecnico,volatilidad_hist_30d_anualizada_pct,78.8,,%,2026-01-08,2026-09-04T15:50:41Z,Coinbase,2,,,engine/technical/README.md,
ADA,crypto,tecnico,volatilidad_hist_30d_anualizada_pct,77.9,,%,2026-01-09,2026-09-04T15:50:41Z,Coinbase,2,,,engine/technical/README.md,
ADA,crypto,tecnico,volatilidad_hist_30d_anualizada_pct,74.5,,%,2026-01-10,2026-09-04T15:50:41Z,Coinbase,2,,,engine/technical/README.md,
ADA,crypto,tecnico,volatilidad_hist_30d_anualizada_pct,73.4,,%,2026-01-11,2026-09-04T15:50:41Z,Coinbase,2,,,engine/technical/README.md,
ADA,crypto,tecnico,volatilidad_hist_30d_anualizada_pct,73.6,,%,2026-01-12,2026-09-04T15:50:41Z,Coinbase,2,,,engine/technical/README.md,
ADA,crypto,tecnico,volatilidad_hist_30d_anualizada_pct,79.8,,%,2026-01-13,2026-09-04T15:50:41Z,Coinbase,2,,,engine/technical/README.md,
ADA,crypto,tecnico,volatilidad_hist_30d_anualizada_pct,79.5,,%,2026-01-14,2026-09-04T15:50:41Z,Coinbase,2,,,engine/technical/README.md,
ADA,crypto,tecnico,volatilidad_hist_30d_anualizada_pct,81.2,,%,2026-01-15,2026-09-04T15:50:41Z,Coinbase,2,,,engine/technical/README.md,
ADA,crypto,tecnico,volatilidad_hist_30d_anualizada_pct,79.3,,%,2026-01-16,2026-09-04T15:50:41Z,Coinbase,2,,,engine/technical/README.md,
ADA,crypto,tecnico,volatilidad_hist_30d_anualizada_pct,77.6,,%,2026-01-17,2026-09-04T15:50:41Z,Coinbase,2,,,engine/technical/README.md,
ADA,crypto,tecnico,volatilidad_hist_30d_anualizada_pct,77.2,,%,2026-01-18,2026-09-04T15:50:41Z,Coinbase,2,,,engine/technical/README.md,
ADA,crypto,tecnico,volatilidad_hist_30d_anualizada_pct,77.3,,%,2026-01-19,2026-09-04T15:50:41Z,Coinbase,2,,,engine/technical/README.md,
ADA,crypto,tecnico,volatilidad_hist_30d_anualizada_pct,79.6,,%,2026-01-20,2026-09-04T15:50:41Z,Coinbase,2,,,engine/technical/README.md,
ADA,crypto,tecnico,volatilidad_hist_30d_anualizada_pct,81.1,,%,2026-01-21,2026-09-04T15:50:41Z,Coinbase,2,,,engine/technical/README.md,
ADA,crypto,tecnico,volatilidad_hist_30d_anualizada_pct,81.1,,%,2026-01-22,2026-09-04T15:50:41Z,Coinbase,2,,,engine/technical/README.md,
ADA,crypto,tecnico,volatilidad_hist_30d_anualizada_pct,81.0,,%,2026-01-23,2026-09-04T15:50:41Z,Coinbase,2,,,engine/technical/README.md,
ADA,crypto,tecnico,volatilidad_hist_30d_anualizada_pct,79.9,,%,2026-01-24,2026-09-04T15:50:41Z,Coinbase,2,,,engine/technical/README.md,
ADA,crypto,tecnico,volatilidad_hist_30d_anualizada_pct,82.3,,%,2026-01-25,2026-09-04T15:50:41Z,Coinbase,2,,,engine/technical/README.md,
ADA,crypto,tecnico,volatilidad_hist_30d_anualizada_pct,80.7,,%,2026-01-26,2026-09-04T15:50:41Z,Coinbase,2,,,engine/technical/README.md,
ADA,crypto,tecnico,volatilidad_hist_30d_anualizada_pct,80.8,,%,2026-01-27,2026-09-04T15:50:41Z,Coinbase,2,,,engine/technical/README.md,
ADA,crypto,tecnico,volatilidad_hist_30d_anualizada_pct,79.4,,%,2026-01-28,2026-09-04T15:50:41Z,Coinbase,2,,,engine/technical/README.md,
ADA,crypto,tecnico,volatilidad_hist_30d_anualizada_pct,82.7,,%,2026-01-29,2026-09-04T15:50:41Z,Coinbase,2,,,engine/technical/README.md,
ADA,crypto,tecnico,volatilidad_hist_30d_anualizada_pct,81.7,,%,2026-01-30,2026-09-04T15:50:41Z,Coinbase,2,,,engine/technical/README.md,
ADA,crypto,tecnico,volatilidad_hist_30d_anualizada_pct,82.7,,%,2026-01-31,2026-09-04T15:50:41Z,Coinbase,2,,,engine/technical/README.md,
ADA,crypto,tecnico,volatilidad_hist_30d_anualizada_pct,72.4,,%,2026-02-01,2026-09-04T15:50:41Z,Coinbase,2,,,engine/technical/README.md,
ADA,crypto,tecnico,volatilidad_hist_30d_anualizada_pct,75.3,,%,2026-02-02,2026-09-04T15:50:41Z,Coinbase,2,,,engine/technical/README.md,
ADA,crypto,tecnico,volatilidad_hist_30d_anualizada_pct,74.2,,%,2026-02-03,2026-09-04T15:50:41Z,Coinbase,2,,,engine/technical/README.md,
ADA,crypto,tecnico,volatilidad_hist_30d_anualizada_pct,71.0,,%,2026-02-04,2026-09-04T15:50:41Z,Coinbase,2,,,engine/technical/README.md,
ADA,crypto,tecnico,volatilidad_hist_30d_anualizada_pct,85.7,,%,2026-02-05,2026-09-04T15:50:41Z,Coinbase,2,,,engine/technical/README.md,
ADA,crypto,tecnico,volatilidad_hist_30d_anualizada_pct,96.9,,%,2026-02-06,2026-09-04T15:50:41Z,Coinbase,2,,,engine/technical/README.md,
ADA,crypto,tecnico,volatilidad_hist_30d_anualizada_pct,96.9,,%,2026-02-07,2026-09-04T15:50:41Z,Coinbase,2,,,engine/technical/README.md,
ADA,crypto,tecnico,volatilidad_hist_30d_anualizada_pct,96.9,,%,2026-02-08,2026-09-04T15:50:41Z,Coinbase,2,,,engine/technical/README.md,
ADA,crypto,tecnico,volatilidad_hist_30d_anualizada_pct,96.9,,%,2026-02-09,2026-09-04T15:50:41Z,Coinbase,2,,,engine/technical/README.md,
ADA,crypto,tecnico,volatilidad_hist_30d_anualizada_pct,96.8,,%,2026-02-10,2026-09-04T15:50:41Z,Coinbase,2,,,engine/technical/README.md,
ADA,crypto,tecnico,volatilidad_hist_30d_anualizada_pct,96.8,,%,2026-02-11,2026-09-04T15:50:41Z,Coinbase,2,,,engine/technical/README.md,
ADA,crypto,tecnico,volatilidad_hist_30d_anualizada_pct,90.6,,%,2026-02-12,2026-09-04T15:50:41Z,Coinbase,2,,,engine/technical/README.md,
ADA,crypto,tecnico,volatilidad_hist_30d_anualizada_pct,92.2,,%,2026-02-13,2026-09-04T15:50:41Z,Coinbase,2,,,engine/technical/README.md,
ADA,crypto,tecnico,volatilidad_hist_30d_anualizada_pct,97.0,,%,2026-02-14,2026-09-04T15:50:41Z,Coinbase,2,,,engine/technical/README.md,
ADA,crypto,tecnico,volatilidad_hist_30d_anualizada_pct,97.6,,%,2026-02-15,2026-09-04T15:50:41Z,Coinbase,2,,,engine/technical/README.md,
ADA,crypto,tecnico,volatilidad_hist_30d_anualizada_pct,97.9,,%,2026-02-16,2026-09-04T15:50:41Z,Coinbase,2,,,engine/technical/README.md,
ADA,crypto,tecnico,volatilidad_hist_30d_anualizada_pct,96.3,,%,2026-02-17,2026-09-04T15:50:41Z,Coinbase,2,,,engine/technical/README.md,
ADA,crypto,tecnico,volatilidad_hist_30d_anualizada_pct,96.4,,%,2026-02-18,2026-09-04T15:50:41Z,Coinbase,2,,,engine/technical/README.md,
ADA,crypto,tecnico,volatilidad_hist_30d_anualizada_pct,94.9,,%,2026-02-19,2026-09-04T15:50:41Z,Coinbase,2,,,engine/technical/README.md,
ADA,crypto,tecnico,volatilidad_hist_30d_anualizada_pct,94.6,,%,2026-02-20,2026-09-04T15:50:41Z,Coinbase,2,,,engine/technical/README.md,
ADA,crypto,tecnico,volatilidad_hist_30d_anualizada_pct,94.4,,%,2026-02-21,2026-09-04T15:50:41Z,Coinbase,2,,,engine/technical/README.md,
ADA,crypto,tecnico,volatilidad_hist_30d_anualizada_pct,94.9,,%,2026-02-22,2026-09-04T15:50:41Z,Coinbase,2,,,engine/technical/README.md,
ADA,crypto,tecnico,volatilidad_hist_30d_anualizada_pct,95.1,,%,2026-02-23,2026-09-04T15:50:41Z,Coinbase,2,,,engine/technical/README.md,
ADA,crypto,tecnico,volatilidad_hist_30d_anualizada_pct,93.5,,%,2026-02-24,2026-09-04T15:50:41Z,Coinbase,2,,,engine/technical/README.md,
ADA,crypto,tecnico,volatilidad_hist_30d_anualizada_pct,105.3,,%,2026-02-25,2026-09-04T15:50:41Z,Coinbase,2,,,engine/technical/README.md,
ADA,crypto,tecnico,volatilidad_hist_30d_anualizada_pct,105.5,,%,2026-02-26,2026-09-04T15:50:41Z,Coinbase,2,,,engine/technical/README.md,
ADA,crypto,tecnico,volatilidad_hist_30d_anualizada_pct,105.9,,%,2026-02-27,2026-09-04T15:50:41Z,Coinbase,2,,,engine/technical/README.md,
ADA,crypto,tecnico,volatilidad_hist_30d_anualizada_pct,104.1,,%,2026-02-28,2026-09-04T15:50:41Z,Coinbase,2,,,engine/technical/README.md,
ADA,crypto,tecnico,volatilidad_hist_30d_anualizada_pct,103.9,,%,2026-03-01,2026-09-04T15:50:41Z,Coinbase,2,,,engine/technical/README.md,
ADA,crypto,tecnico,volatilidad_hist_30d_anualizada_pct,100.1,,%,2026-03-02,2026-09-04T15:50:41Z,Coinbase,2,,,engine/technical/README.md,
ADA,crypto,tecnico,volatilidad_hist_30d_anualizada_pct,100.9,,%,2026-03-03,2026-09-04T15:50:41Z,Coinbase,2,,,engine/technical/README.md,
ADA,crypto,tecnico,volatilidad_hist_30d_anualizada_pct,101.1,,%,2026-03-04,2026-09-04T15:50:41Z,Coinbase,2,,,engine/technical/README.md,
ADA,crypto,tecnico,volatilidad_hist_30d_anualizada_pct,101.1,,%,2026-03-05,2026-09-04T15:50:41Z,Coinbase,2,,,engine/technical/README.md,
ADA,crypto,tecnico,volatilidad_hist_30d_anualizada_pct,101.7,,%,2026-03-06,2026-09-04T15:50:41Z,Coinbase,2,,,engine/technical/README.md,
ADA,crypto,tecnico,volatilidad_hist_30d_anualizada_pct,86.6,,%,2026-03-07,2026-09-04T15:50:41Z,Coinbase,2,,,engine/technical/README.md,
ADA,crypto,tecnico,volatilidad_hist_30d_anualizada_pct,76.6,,%,2026-03-08,2026-09-04T15:50:41Z,Coinbase,2,,,engine/technical/README.md,
ADA,crypto,tecnico,volatilidad_hist_30d_anualizada_pct,76.8,,%,2026-03-09,2026-09-04T15:50:41Z,Coinbase,2,,,engine/technical/README.md,
ADA,crypto,tecnico,volatilidad_hist_30d_anualizada_pct,77.3,,%,2026-03-10,2026-09-04T15:50:41Z,Coinbase,2,,,engine/technical/README.md,
ADA,crypto,tecnico,volatilidad_hist_30d_anualizada_pct,77.3,,%,2026-03-11,2026-09-04T15:50:41Z,Coinbase,2,,,engine/technical/README.md,
ADA,crypto,tecnico,volatilidad_hist_30d_anualizada_pct,76.6,,%,2026-03-12,2026-09-04T15:50:41Z,Coinbase,2,,,engine/technical/README.md,
ADA,crypto,tecnico,volatilidad_hist_30d_anualizada_pct,76.2,,%,2026-03-13,2026-09-04T15:50:41Z,Coinbase,2,,,engine/technical/README.md,
ADA,crypto,tecnico,volatilidad_hist_30d_anualizada_pct,75.5,,%,2026-03-14,2026-09-04T15:50:41Z,Coinbase,2,,,engine/technical/README.md,
ADA,crypto,tecnico,volatilidad_hist_30d_anualizada_pct,75.1,,%,2026-03-15,2026-09-04T15:50:41Z,Coinbase,2,,,engine/technical/README.md,
ADA,crypto,tecnico,volatilidad_hist_30d_anualizada_pct,73.3,,%,2026-03-16,2026-09-04T15:50:41Z,Coinbase,2,,,engine/technical/README.md,
ADA,crypto,tecnico,volatilidad_hist_30d_anualizada_pct,71.4,,%,2026-03-17,2026-09-04T15:50:41Z,Coinbase,2,,,engine/technical/README.md,
ADA,crypto,tecnico,volatilidad_hist_30d_anualizada_pct,73.2,,%,2026-03-18,2026-09-04T15:50:41Z,Coinbase,2,,,engine/technical/README.md,
ADA,crypto,tecnico,volatilidad_hist_30d_anualizada_pct,73.9,,%,2026-03-19,2026-09-04T15:50:41Z,Coinbase,2,,,engine/technical/README.md,
ADA,crypto,tecnico,volatilidad_hist_30d_anualizada_pct,73.6,,%,2026-03-20,2026-09-04T15:50:41Z,Coinbase,2,,,engine/technical/README.md,
ADA,crypto,tecnico,volatilidad_hist_30d_anualizada_pct,74.8,,%,2026-03-21,2026-09-04T15:50:41Z,Coinbase,2,,,engine/technical/README.md,
ADA,crypto,tecnico,volatilidad_hist_30d_anualizada_pct,73.5,,%,2026-03-22,2026-09-04T15:50:41Z,Coinbase,2,,,engine/technical/README.md,
ADA,crypto,tecnico,volatilidad_hist_30d_anualizada_pct,74.7,,%,2026-03-23,2026-09-04T15:50:41Z,Coinbase,2,,,engine/technical/README.md,
ADA,crypto,tecnico,volatilidad_hist_30d_anualizada_pct,74.0,,%,2026-03-24,2026-09-04T15:50:41Z,Coinbase,2,,,engine/technical/README.md,
ADA,crypto,tecnico,volatilidad_hist_30d_anualizada_pct,73.5,,%,2026-03-25,2026-09-04T15:50:41Z,Coinbase,2,,,engine/technical/README.md,
ADA,crypto,tecnico,volatilidad_hist_30d_anualizada_pct,76.3,,%,2026-03-26,2026-09-04T15:50:41Z,Coinbase,2,,,engine/technical/README.md,
ADA,crypto,tecnico,volatilidad_hist_30d_anualizada_pct,59.3,,%,2026-03-27,2026-09-04T15:50:41Z,Coinbase,2,,,engine/technical/README.md,
ADA,crypto,tecnico,volatilidad_hist_30d_anualizada_pct,58.4,,%,2026-03-28,2026-09-04T15:50:41Z,Coinbase,2,,,engine/technical/README.md,
ADA,crypto,tecnico,volatilidad_hist_30d_anualizada_pct,57.8,,%,2026-03-29,2026-09-04T15:50:41Z,Coinbase,2,,,engine/technical/README.md,
ADA,crypto,tecnico,volatilidad_hist_30d_anualizada_pct,57.9,,%,2026-03-30,2026-09-04T15:50:41Z,Coinbase,2,,,engine/technical/README.md,
ADA,crypto,tecnico,volatilidad_hist_30d_anualizada_pct,57.4,,%,2026-03-31,2026-09-04T15:50:41Z,Coinbase,2,,,engine/technical/README.md,
ADA,crypto,tecnico,volatilidad_hist_30d_anualizada_pct,57.8,,%,2026-04-01,2026-09-04T15:50:41Z,Coinbase,2,,,engine/technical/README.md,
ADA,crypto,tecnico,volatilidad_hist_30d_anualizada_pct,56.6,,%,2026-04-02,2026-09-04T15:50:41Z,Coinbase,2,,,engine/technical/README.md,
ADA,crypto,tecnico,volatilidad_hist_30d_anualizada_pct,54.5,,%,2026-04-03,2026-09-04T15:50:41Z,Coinbase,2,,,engine/technical/README.md,
ADA,crypto,tecnico,volatilidad_hist_30d_anualizada_pct,54.0,,%,2026-04-04,2026-09-04T15:50:41Z,Coinbase,2,,,engine/technical/README.md,
ADA,crypto,tecnico,volatilidad_hist_30d_anualizada_pct,52.9,,%,2026-04-05,2026-09-04T15:50:41Z,Coinbase,2,,,engine/technical/README.md,
ADA,crypto,tecnico,volatilidad_hist_30d_anualizada_pct,53.3,,%,2026-04-06,2026-09-04T15:50:41Z,Coinbase,2,,,engine/technical/README.md,
ADA,crypto,tecnico,volatilidad_hist_30d_anualizada_pct,56.9,,%,2026-04-07,2026-09-04T15:50:41Z,Coinbase,2,,,engine/technical/README.md,
ADA,crypto,tecnico,volatilidad_hist_30d_anualizada_pct,59.1,,%,2026-04-08,2026-09-04T15:50:41Z,Coinbase,2,,,engine/technical/README.md,
ADA,crypto,tecnico,volatilidad_hist_30d_anualizada_pct,58.5,,%,2026-04-09,2026-09-04T15:50:41Z,Coinbase,2,,,engine/technical/README.md,
ADA,crypto,tecnico,volatilidad_hist_30d_anualizada_pct,58.4,,%,2026-04-10,2026-09-04T15:50:41Z,Coinbase,2,,,engine/technical/README.md,
ADA,crypto,tecnico,volatilidad_hist_30d_anualizada_pct,58.6,,%,2026-04-11,2026-09-04T15:50:41Z,Coinbase,2,,,engine/technical/README.md,
ADA,crypto,tecnico,volatilidad_hist_30d_anualizada_pct,60.6,,%,2026-04-12,2026-09-04T15:50:41Z,Coinbase,2,,,engine/technical/README.md,
ADA,crypto,tecnico,volatilidad_hist_30d_anualizada_pct,62.9,,%,2026-04-13,2026-09-04T15:50:41Z,Coinbase,2,,,engine/technical/README.md,
ADA,crypto,tecnico,volatilidad_hist_30d_anualizada_pct,63.4,,%,2026-04-14,2026-09-04T15:50:41Z,Coinbase,2,,,engine/technical/README.md,
ADA,crypto,tecnico,volatilidad_hist_30d_anualizada_pct,59.5,,%,2026-04-15,2026-09-04T15:50:41Z,Coinbase,2,,,engine/technical/README.md,
ADA,crypto,tecnico,volatilidad_hist_30d_anualizada_pct,63.3,,%,2026-04-16,2026-09-04T15:50:41Z,Coinbase,2,,,engine/technical/README.md,
ADA,crypto,tecnico,volatilidad_hist_30d_anualizada_pct,61.3,,%,2026-04-17,2026-09-04T15:50:41Z,Coinbase,2,,,engine/technical/README.md,
ADA,crypto,tecnico,volatilidad_hist_30d_anualizada_pct,61.6,,%,2026-04-18,2026-09-04T15:50:41Z,Coinbase,2,,,engine/technical/README.md,
ADA,crypto,tecnico,volatilidad_hist_30d_anualizada_pct,62.0,,%,2026-04-19,2026-09-04T15:50:41Z,Coinbase,2,,,engine/technical/README.md,
ADA,crypto,tecnico,volatilidad_hist_30d_anualizada_pct,61.2,,%,2026-04-20,2026-09-04T15:50:41Z,Coinbase,2,,,engine/technical/README.md,
ADA,crypto,tecnico,volatilidad_hist_30d_anualizada_pct,61.1,,%,2026-04-21,2026-09-04T15:50:41Z,Coinbase,2,,,engine/technical/README.md,
ADA,crypto,tecnico,volatilidad_hist_30d_anualizada_pct,59.6,,%,2026-04-22,2026-09-04T15:50:41Z,Coinbase,2,,,engine/technical/README.md,
ADA,crypto,tecnico,volatilidad_hist_30d_anualizada_pct,59.3,,%,2026-04-23,2026-09-04T15:50:41Z,Coinbase,2,,,engine/technical/README.md,
ADA,crypto,tecnico,volatilidad_hist_30d_anualizada_pct,58.8,,%,2026-04-24,2026-09-04T15:50:41Z,Coinbase,2,,,engine/technical/README.md,
ADA,crypto,tecnico,volatilidad_hist_30d_anualizada_pct,55.3,,%,2026-04-25,2026-09-04T15:50:41Z,Coinbase,2,,,engine/technical/README.md,
ADA,crypto,tecnico,volatilidad_hist_30d_anualizada_pct,54.2,,%,2026-04-26,2026-09-04T15:50:41Z,Coinbase,2,,,engine/technical/README.md,
ADA,crypto,tecnico,volatilidad_hist_30d_anualizada_pct,54.6,,%,2026-04-27,2026-09-04T15:50:41Z,Coinbase,2,,,engine/technical/README.md,
ADA,crypto,tecnico,volatilidad_hist_30d_anualizada_pct,54.1,,%,2026-04-28,2026-09-04T15:50:41Z,Coinbase,2,,,engine/technical/README.md,
ADA,crypto,tecnico,volatilidad_hist_30d_anualizada_pct,53.7,,%,2026-04-29,2026-09-04T15:50:41Z,Coinbase,2,,,engine/technical/README.md,
ADA,crypto,tecnico,volatilidad_hist_30d_anualizada_pct,53.4,,%,2026-04-30,2026-09-04T15:50:41Z,Coinbase,2,,,engine/technical/README.md,
ADA,crypto,tecnico,volatilidad_hist_30d_anualizada_pct,52.7,,%,2026-05-01,2026-09-04T15:50:41Z,Coinbase,2,,,engine/technical/README.md,
ADA,crypto,tecnico,volatilidad_hist_30d_anualizada_pct,51.5,,%,2026-05-02,2026-09-04T15:50:41Z,Coinbase,2,,,engine/technical/README.md,
ADA,crypto,tecnico,volatilidad_hist_30d_anualizada_pct,50.5,,%,2026-05-03,2026-09-04T15:50:41Z,Coinbase,2,,,engine/technical/README.md,
ADA,crypto,tecnico,volatilidad_hist_30d_anualizada_pct,50.4,,%,2026-05-04,2026-09-04T15:50:41Z,Coinbase,2,,,engine/technical/README.md,
ADA,crypto,tecnico,volatilidad_hist_30d_anualizada_pct,52.8,,%,2026-05-05,2026-09-04T15:50:41Z,Coinbase,2,,,engine/technical/README.md,
ADA,crypto,tecnico,volatilidad_hist_30d_anualizada_pct,52.0,,%,2026-05-06,2026-09-04T15:50:41Z,Coinbase,2,,,engine/technical/README.md,
ADA,crypto,tecnico,volatilidad_hist_30d_anualizada_pct,48.3,,%,2026-05-07,2026-09-04T15:50:41Z,Coinbase,2,,,engine/technical/README.md,
ADA,crypto,tecnico,volatilidad_hist_30d_anualizada_pct,46.6,,%,2026-05-08,2026-09-04T15:50:41Z,Coinbase,2,,,engine/technical/README.md,
ADA,crypto,tecnico,volatilidad_hist_30d_anualizada_pct,46.7,,%,2026-05-09,2026-09-04T15:50:41Z,Coinbase,2,,,engine/technical/README.md,
ADA,crypto,tecnico,volatilidad_hist_30d_anualizada_pct,48.7,,%,2026-05-10,2026-09-04T15:50:41Z,Coinbase,2,,,engine/technical/README.md,
ADA,crypto,tecnico,volatilidad_hist_30d_anualizada_pct,48.3,,%,2026-05-11,2026-09-04T15:50:41Z,Coinbase,2,,,engine/technical/README.md,
ADA,crypto,tecnico,volatilidad_hist_30d_anualizada_pct,45.8,,%,2026-05-12,2026-09-04T15:50:41Z,Coinbase,2,,,engine/technical/README.md,
ADA,crypto,tecnico,volatilidad_hist_30d_anualizada_pct,44.3,,%,2026-05-13,2026-09-04T15:50:41Z,Coinbase,2,,,engine/technical/README.md,
ADA,crypto,tecnico,volatilidad_hist_30d_anualizada_pct,42.2,,%,2026-05-14,2026-09-04T15:50:41Z,Coinbase,2,,,engine/technical/README.md,
ADA,crypto,tecnico,volatilidad_hist_30d_anualizada_pct,43.1,,%,2026-05-15,2026-09-04T15:50:41Z,Coinbase,2,,,engine/technical/README.md,
ADA,crypto,tecnico,volatilidad_hist_30d_anualizada_pct,39.7,,%,2026-05-16,2026-09-04T15:50:41Z,Coinbase,2,,,engine/technical/README.md,
ADA,crypto,tecnico,volatilidad_hist_30d_anualizada_pct,39.9,,%,2026-05-17,2026-09-04T15:50:41Z,Coinbase,2,,,engine/technical/README.md,
ADA,crypto,tecnico,volatilidad_hist_30d_anualizada_pct,37.6,,%,2026-05-18,2026-09-04T15:50:41Z,Coinbase,2,,,engine/technical/README.md,
ADA,crypto,tecnico,volatilidad_hist_30d_anualizada_pct,36.7,,%,2026-05-19,2026-09-04T15:50:41Z,Coinbase,2,,,engine/technical/README.md,
ADA,crypto,tecnico,volatilidad_hist_30d_anualizada_pct,36.0,,%,2026-05-20,2026-09-04T15:50:41Z,Coinbase,2,,,engine/technical/README.md,
ADA,crypto,tecnico,volatilidad_hist_30d_anualizada_pct,35.9,,%,2026-05-21,2026-09-04T15:50:41Z,Coinbase,2,,,engine/technical/README.md,
ADA,crypto,tecnico,volatilidad_hist_30d_anualizada_pct,37.6,,%,2026-05-22,2026-09-04T15:50:41Z,Coinbase,2,,,engine/technical/README.md,
ADA,crypto,tecnico,volatilidad_hist_30d_anualizada_pct,37.8,,%,2026-05-23,2026-09-04T15:50:41Z,Coinbase,2,,,engine/technical/README.md,
ADA,crypto,tecnico,volatilidad_hist_30d_anualizada_pct,38.3,,%,2026-05-24,2026-09-04T15:50:41Z,Coinbase,2,,,engine/technical/README.md,
ADA,crypto,tecnico,volatilidad_hist_30d_anualizada_pct,38.4,,%,2026-05-25,2026-09-04T15:50:41Z,Coinbase,2,,,engine/technical/README.md,
ADA,crypto,tecnico,volatilidad_hist_30d_anualizada_pct,38.5,,%,2026-05-26,2026-09-04T15:50:41Z,Coinbase,2,,,engine/technical/README.md,
ADA,crypto,tecnico,volatilidad_hist_30d_anualizada_pct,38.2,,%,2026-05-27,2026-09-04T15:50:41Z,Coinbase,2,,,engine/technical/README.md,
ADA,crypto,tecnico,volatilidad_hist_30d_anualizada_pct,38.3,,%,2026-05-28,2026-09-04T15:50:41Z,Coinbase,2,,,engine/technical/README.md,
ADA,crypto,tecnico,volatilidad_hist_30d_anualizada_pct,38.4,,%,2026-05-29,2026-09-04T15:50:41Z,Coinbase,2,,,engine/technical/README.md,
ADA,crypto,tecnico,volatilidad_hist_30d_anualizada_pct,38.7,,%,2026-05-30,2026-09-04T15:50:41Z,Coinbase,2,,,engine/technical/README.md,
ADA,crypto,tecnico,volatilidad_hist_30d_anualizada_pct,38.6,,%,2026-05-31,2026-09-04T15:50:41Z,Coinbase,2,,,engine/technical/README.md,
ADA,crypto,tecnico,volatilidad_hist_30d_anualizada_pct,38.8,,%,2026-06-01,2026-09-04T15:50:41Z,Coinbase,2,,,engine/technical/README.md,
ADA,crypto,tecnico,volatilidad_hist_30d_anualizada_pct,47.4,,%,2026-06-02,2026-09-04T15:50:41Z,Coinbase,2,,,engine/technical/README.md,
ADA,crypto,tecnico,volatilidad_hist_30d_anualizada_pct,50.8,,%,2026-06-03,2026-09-04T15:50:41Z,Coinbase,2,,,engine/technical/README.md,
ADA,crypto,tecnico,volatilidad_hist_30d_anualizada_pct,59.2,,%,2026-06-04,2026-09-04T15:50:41Z,Coinbase,2,,,engine/technical/README.md,
ADA,crypto,tecnico,volatilidad_hist_30d_anualizada_pct,70.1,,%,2026-06-05,2026-09-04T15:50:41Z,Coinbase,2,,,engine/technical/README.md,
ADA,crypto,tecnico,volatilidad_hist_30d_anualizada_pct,70.5,,%,2026-06-06,2026-09-04T15:50:41Z,Coinbase,2,,,engine/technical/README.md,
ADA,crypto,tecnico,volatilidad_hist_30d_anualizada_pct,71.7,,%,2026-06-07,2026-09-04T15:50:41Z,Coinbase,2,,,engine/technical/README.md,
ADA,crypto,tecnico,volatilidad_hist_30d_anualizada_pct,73.5,,%,2026-06-08,2026-09-04T15:50:41Z,Coinbase,2,,,engine/technical/README.md,
ADA,crypto,tecnico,volatilidad_hist_30d_anualizada_pct,70.7,,%,2026-06-09,2026-09-04T15:50:41Z,Coinbase,2,,,engine/technical/README.md,
ADA,crypto,tecnico,volatilidad_hist_30d_anualizada_pct,70.8,,%,2026-06-10,2026-09-04T15:50:41Z,Coinbase,2,,,engine/technical/README.md,
ADA,crypto,tecnico,volatilidad_hist_30d_anualizada_pct,75.2,,%,2026-06-11,2026-09-04T15:50:41Z,Coinbase,2,,,engine/technical/README.md,
ADA,crypto,tecnico,volatilidad_hist_30d_anualizada_pct,75.3,,%,2026-06-12,2026-09-04T15:50:41Z,Coinbase,2,,,engine/technical/README.md,
ADA,crypto,tecnico,volatilidad_hist_30d_anualizada_pct,74.7,,%,2026-06-13,2026-09-04T15:50:41Z,Coinbase,2,,,engine/technical/README.md,
ADA,crypto,tecnico,volatilidad_hist_30d_anualizada_pct,78.8,,%,2026-06-14,2026-09-04T15:50:41Z,Coinbase,2,,,engine/technical/README.md,
ADA,crypto,tecnico,volatilidad_hist_30d_anualizada_pct,78.8,,%,2026-06-15,2026-09-04T15:50:41Z,Coinbase,2,,,engine/technical/README.md,
ADA,crypto,tecnico,volatilidad_hist_30d_anualizada_pct,79.3,,%,2026-06-16,2026-09-04T15:50:41Z,Coinbase,2,,,engine/technical/README.md,
ADA,crypto,tecnico,volatilidad_hist_30d_anualizada_pct,79.3,,%,2026-06-17,2026-09-04T15:50:41Z,Coinbase,2,,,engine/technical/README.md,
ADA,crypto,tecnico,volatilidad_hist_30d_anualizada_pct,79.3,,%,2026-06-18,2026-09-04T15:50:41Z,Coinbase,2,,,engine/technical/README.md,
ADA,crypto,tecnico,volatilidad_hist_30d_anualizada_pct,79.1,,%,2026-06-19,2026-09-04T15:50:41Z,Coinbase,2,,,engine/technical/README.md,
ADA,crypto,tecnico,volatilidad_hist_30d_anualizada_pct,79.1,,%,2026-06-20,2026-09-04T15:50:41Z,Coinbase,2,,,engine/technical/README.md,
ADA,crypto,tecnico,volatilidad_hist_30d_anualizada_pct,79.4,,%,2026-06-21,2026-09-04T15:50:41Z,Coinbase,2,,,engine/technical/README.md,
ADA,crypto,tecnico,volatilidad_hist_30d_anualizada_pct,79.5,,%,2026-06-22,2026-09-04T15:50:41Z,Coinbase,2,,,engine/technical/README.md,
ADA,crypto,tecnico,volatilidad_hist_30d_anualizada_pct,80.0,,%,2026-06-23,2026-09-04T15:50:41Z,Coinbase,2,,,engine/technical/README.md,
ADA,crypto,tecnico,volatilidad_hist_30d_anualizada_pct,79.7,,%,2026-06-24,2026-09-04T15:50:41Z,Coinbase,2,,,engine/technical/README.md,
ADA,crypto,tecnico,volatilidad_hist_30d_anualizada_pct,79.8,,%,2026-06-25,2026-09-04T15:50:41Z,Coinbase,2,,,engine/technical/README.md,
ADA,crypto,tecnico,volatilidad_hist_30d_anualizada_pct,81.3,,%,2026-06-26,2026-09-04T15:50:41Z,Coinbase,2,,,engine/technical/README.md,
ADA,crypto,tecnico,volatilidad_hist_30d_anualizada_pct,81.3,,%,2026-06-27,2026-09-04T15:50:41Z,Coinbase,2,,,engine/technical/README.md,
ADA,crypto,tecnico,volatilidad_hist_30d_anualizada_pct,81.3,,%,2026-06-28,2026-09-04T15:50:41Z,Coinbase,2,,,engine/technical/README.md,
ADA,crypto,tecnico,volatilidad_hist_30d_anualizada_pct,81.3,,%,2026-06-29,2026-09-04T15:50:41Z,Coinbase,2,,,engine/technical/README.md,
ADA,crypto,tecnico,volatilidad_hist_30d_anualizada_pct,81.1,,%,2026-06-30,2026-09-04T15:50:41Z,Coinbase,2,,,engine/technical/README.md,
ADA,crypto,tecnico,volatilidad_hist_30d_anualizada_pct,86.1,,%,2026-07-01,2026-09-04T15:50:41Z,Coinbase,2,,,engine/technical/README.md,
ADA,crypto,tecnico,volatilidad_hist_30d_anualizada_pct,84.8,,%,2026-07-02,2026-09-04T15:50:41Z,Coinbase,2,,,engine/technical/README.md,
ADA,crypto,tecnico,volatilidad_hist_30d_anualizada_pct,91.7,,%,2026-07-03,2026-09-04T15:50:41Z,Coinbase,2,,,engine/technical/README.md,
ADA,crypto,tecnico,volatilidad_hist_30d_anualizada_pct,85.9,,%,2026-07-04,2026-09-04T15:50:41Z,Coinbase,2,,,engine/technical/README.md,
ADA,crypto,tecnico,volatilidad_hist_30d_anualizada_pct,72.9,,%,2026-07-05,2026-09-04T15:50:41Z,Coinbase,2,,,engine/technical/README.md,
ADA,crypto,tecnico,volatilidad_hist_30d_anualizada_pct,74.0,,%,2026-07-06,2026-09-04T15:50:41Z,Coinbase,2,,,engine/technical/README.md,
ADA,crypto,tecnico,volatilidad_hist_30d_anualizada_pct,74.7,,%,2026-07-07,2026-09-04T15:50:41Z,Coinbase,2,,,engine/technical/README.md,
ADA,crypto,tecnico,volatilidad_hist_30d_anualizada_pct,76.0,,%,2026-07-08,2026-09-04T15:50:41Z,Coinbase,2,,,engine/technical/README.md,
ADA,crypto,tecnico,volatilidad_hist_30d_anualizada_pct,75.2,,%,2026-07-09,2026-09-04T15:50:41Z,Coinbase,2,,,engine/technical/README.md,
ADA,crypto,tecnico,volatilidad_hist_30d_anualizada_pct,74.4,,%,2026-07-10,2026-09-04T15:50:41Z,Coinbase,2,,,engine/technical/README.md,
ADA,crypto,tecnico,volatilidad_hist_30d_anualizada_pct,71.8,,%,2026-07-11,2026-09-04T15:50:41Z,Coinbase,2,,,engine/technical/README.md,
ADA,crypto,tecnico,volatilidad_hist_30d_anualizada_pct,72.1,,%,2026-07-12,2026-09-04T15:50:41Z,Coinbase,2,,,engine/technical/README.md,
ADA,crypto,tecnico,volatilidad_hist_30d_anualizada_pct,72.5,,%,2026-07-13,2026-09-04T15:50:41Z,Coinbase,2,,,engine/technical/README.md,
ADA,crypto,tecnico,volatilidad_hist_30d_anualizada_pct,71.3,,%,2026-07-14,2026-09-04T15:50:41Z,Coinbase,2,,,engine/technical/README.md,
ADA,crypto,tecnico,volatilidad_hist_30d_anualizada_pct,70.9,,%,2026-07-15,2026-09-04T15:50:41Z,Coinbase,2,,,engine/technical/README.md,
ADA,crypto,tecnico,volatilidad_hist_30d_anualizada_pct,70.4,,%,2026-07-16,2026-09-04T15:50:41Z,Coinbase,2,,,engine/technical/README.md,
ADA,crypto,tecnico,volatilidad_hist_30d_anualizada_pct,71.3,,%,2026-07-17,2026-09-04T15:50:41Z,Coinbase,2,,,engine/technical/README.md,
ADA,crypto,tecnico,volatilidad_hist_30d_anualizada_pct,71.1,,%,2026-07-18,2026-09-04T15:50:41Z,Coinbase,2,,,engine/technical/README.md,
ADA,crypto,tecnico,volatilidad_hist_30d_anualizada_pct,71.0,,%,2026-07-19,2026-09-04T15:50:41Z,Coinbase,2,,,engine/technical/README.md,
ADA,crypto,tecnico,volatilidad_hist_30d_anualizada_pct,71.5,,%,2026-07-20,2026-09-04T15:50:41Z,Coinbase,2,,,engine/technical/README.md,
ADA,crypto,tecnico,volatilidad_hist_30d_anualizada_pct,70.3,,%,2026-07-21,2026-09-04T15:50:41Z,Coinbase,2,,,engine/technical/README.md,
ADA,crypto,tecnico,volatilidad_hist_30d_anualizada_pct,70.1,,%,2026-07-22,2026-09-04T15:50:41Z,Coinbase,2,,,engine/technical/README.md,
ADA,crypto,tecnico,volatilidad_hist_30d_anualizada_pct,69.7,,%,2026-07-23,2026-09-04T15:50:41Z,Coinbase,2,,,engine/technical/README.md,
ADA,crypto,tecnico,volatilidad_hist_30d_anualizada_pct,69.7,,%,2026-07-24,2026-09-04T15:50:41Z,Coinbase,2,,,engine/technical/README.md,
ADA,crypto,tecnico,volatilidad_hist_30d_anualizada_pct,68.9,,%,2026-07-25,2026-09-04T15:50:41Z,Coinbase,2,,,engine/technical/README.md,
ADA,crypto,tecnico,volatilidad_hist_30d_anualizada_pct,68.3,,%,2026-07-26,2026-09-04T15:50:41Z,Coinbase,2,,,engine/technical/README.md,
ADA,crypto,tecnico,volatilidad_hist_30d_anualizada_pct,71.6,,%,2026-07-27,2026-09-04T15:50:41Z,Coinbase,2,,,engine/technical/README.md,
ADA,crypto,tecnico,volatilidad_hist_30d_anualizada_pct,72.4,,%,2026-07-28,2026-09-04T15:50:41Z,Coinbase,2,,,engine/technical/README.md,
ADA,crypto,tecnico,volatilidad_hist_30d_anualizada_pct,72.4,,%,2026-07-29,2026-09-04T15:50:41Z,Coinbase,2,,,engine/technical/README.md,
ADA,crypto,tecnico,volatilidad_hist_30d_anualizada_pct,73.4,,%,2026-07-30,2026-09-04T15:50:41Z,Coinbase,2,,,engine/technical/README.md,
ADA,crypto,tecnico,volatilidad_hist_30d_anualizada_pct,70.0,,%,2026-07-31,2026-09-04T15:50:41Z,Coinbase,2,,,engine/technical/README.md,
ADA,crypto,tecnico,volatilidad_hist_30d_anualizada_pct,69.4,,%,2026-08-01,2026-09-04T15:50:41Z,Coinbase,2,,,engine/technical/README.md,
ADA,crypto,tecnico,volatilidad_hist_30d_anualizada_pct,65.3,,%,2026-08-02,2026-09-04T15:50:41Z,Coinbase,2,,,engine/technical/README.md,
ADA,crypto,tecnico,volatilidad_hist_30d_anualizada_pct,61.6,,%,2026-08-03,2026-09-04T15:50:41Z,Coinbase,2,,,engine/technical/README.md,
ADA,crypto,tecnico,volatilidad_hist_30d_anualizada_pct,61.4,,%,2026-08-04,2026-09-04T15:50:41Z,Coinbase,2,,,engine/technical/README.md,
ADA,crypto,tecnico,volatilidad_hist_30d_anualizada_pct,60.6,,%,2026-08-05,2026-09-04T15:50:41Z,Coinbase,2,,,engine/technical/README.md,
ADA,crypto,tecnico,volatilidad_hist_30d_anualizada_pct,60.5,,%,2026-08-06,2026-09-04T15:50:41Z,Coinbase,2,,,engine/technical/README.md,
ADA,crypto,tecnico,volatilidad_hist_30d_anualizada_pct,57.6,,%,2026-08-07,2026-09-04T15:50:41Z,Coinbase,2,,,engine/technical/README.md,
ADA,crypto,tecnico,volatilidad_hist_30d_anualizada_pct,57.7,,%,2026-08-08,2026-09-04T15:50:41Z,Coinbase,2,,,engine/technical/README.md,
ADA,crypto,tecnico,volatilidad_hist_30d_anualizada_pct,58.8,,%,2026-08-09,2026-09-04T15:50:41Z,Coinbase,2,,,engine/technical/README.md,
ADA,crypto,tecnico,volatilidad_hist_30d_anualizada_pct,59.2,,%,2026-08-10,2026-09-04T15:50:41Z,Coinbase,2,,,engine/technical/README.md,
ADA,crypto,tecnico,volatilidad_hist_30d_anualizada_pct,59.1,,%,2026-08-11,2026-09-04T15:50:41Z,Coinbase,2,,,engine/technical/README.md,
ADA,crypto,tecnico,volatilidad_hist_30d_anualizada_pct,58.8,,%,2026-08-12,2026-09-04T15:50:41Z,Coinbase,2,,,engine/technical/README.md,
ADA,crypto,tecnico,volatilidad_hist_30d_anualizada_pct,56.7,,%,2026-08-13,2026-09-04T15:50:41Z,Coinbase,2,,,engine/technical/README.md,
ADA,crypto,tecnico,volatilidad_hist_30d_anualizada_pct,57.0,,%,2026-08-14,2026-09-04T15:50:41Z,Coinbase,2,,,engine/technical/README.md,
ADA,crypto,tecnico,volatilidad_hist_30d_anualizada_pct,56.9,,%,2026-08-15,2026-09-04T15:50:41Z,Coinbase,2,,,engine/technical/README.md,
ADA,crypto,tecnico,volatilidad_hist_30d_anualizada_pct,55.4,,%,2026-08-16,2026-09-04T15:50:41Z,Coinbase,2,,,engine/technical/README.md,
ADA,crypto,tecnico,volatilidad_hist_30d_anualizada_pct,55.4,,%,2026-08-17,2026-09-04T15:50:41Z,Coinbase,2,,,engine/technical/README.md,
ADA,crypto,tecnico,volatilidad_hist_30d_anualizada_pct,55.4,,%,2026-08-18,2026-09-04T15:50:41Z,Coinbase,2,,,engine/technical/README.md,
ADA,crypto,tecnico,volatilidad_hist_30d_anualizada_pct,59.0,,%,2026-08-19,2026-09-04T15:50:41Z,Coinbase,2,,,engine/technical/README.md,
ADA,crypto,tecnico,volatilidad_hist_30d_anualizada_pct,61.9,,%,2026-08-20,2026-09-04T15:50:41Z,Coinbase,2,,,engine/technical/README.md,
ADA,crypto,tecnico,volatilidad_hist_30d_anualizada_pct,78.0,,%,2026-08-21,2026-09-04T15:50:41Z,Coinbase,2,,,engine/technical/README.md,
ADA,crypto,tecnico,volatilidad_hist_30d_anualizada_pct,76.9,,%,2026-08-22,2026-09-04T15:50:41Z,Coinbase,2,,,engine/technical/README.md,
ADA,crypto,tecnico,volatilidad_hist_30d_anualizada_pct,76.0,,%,2026-08-23,2026-09-04T15:50:41Z,Coinbase,2,,,engine/technical/README.md,
ADA,crypto,tecnico,volatilidad_hist_30d_anualizada_pct,76.9,,%,2026-08-24,2026-09-04T15:50:41Z,Coinbase,2,,,engine/technical/README.md,
ADA,crypto,tecnico,volatilidad_hist_30d_anualizada_pct,80.6,,%,2026-08-25,2026-09-04T15:50:41Z,Coinbase,2,,,engine/technical/README.md,
ADA,crypto,tecnico,volatilidad_hist_30d_anualizada_pct,76.7,,%,2026-08-26,2026-09-04T15:50:41Z,Coinbase,2,,,engine/technical/README.md,
ADA,crypto,tecnico,volatilidad_hist_30d_anualizada_pct,76.0,,%,2026-08-27,2026-09-04T15:50:41Z,Coinbase,2,,,engine/technical/README.md,
ADA,crypto,tecnico,volatilidad_hist_30d_anualizada_pct,78.3,,%,2026-08-28,2026-09-04T15:50:41Z,Coinbase,2,,,engine/technical/README.md,
ADA,crypto,tecnico,volatilidad_hist_30d_anualizada_pct,77.4,,%,2026-08-29,2026-09-04T15:50:41Z,Coinbase,2,,,engine/technical/README.md,
ADA,crypto,tecnico,volatilidad_hist_30d_anualizada_pct,79.6,,%,2026-08-30,2026-09-04T15:50:41Z,Coinbase,2,,,engine/technical/README.md,
ADA,crypto,tecnico,volatilidad_hist_30d_anualizada_pct,79.1,,%,2026-08-31,2026-09-04T15:50:41Z,Coinbase,2,,,engine/technical/README.md,
ADA,crypto,tecnico,volatilidad_hist_30d_anualizada_pct,73.9,,%,2026-09-01,2026-09-04T15:50:41Z,Coinbase,2,,,engine/technical/README.md,
ADA,crypto,tecnico,volatilidad_hist_30d_anualizada_pct,73.8,,%,2026-09-02,2026-09-04T15:50:41Z,Coinbase,2,,,engine/technical/README.md,
ADA,crypto,tecnico,volatilidad_hist_30d_anualizada_pct,73.2,,%,2026-09-03,2026-09-03T12:15:39Z,Kraken,2,100,,engine/technical/README.md,
ADA,crypto,tecnico,volatilidad_hist_30d_anualizada_pct,80.0,,%,2026-09-04,2026-09-04T10:11:47Z,Kraken,2,100,,engine/technical/README.md,
ADA,crypto,tecnico,volumen,2200103.97,,unidades,2026-01-01,2026-09-04T15:50:41Z,Coinbase,2,,,engine/technical/README.md,
ADA,crypto,tecnico,volumen,3222462.75,,unidades,2026-01-02,2026-09-04T15:50:41Z,Coinbase,2,,,engine/technical/README.md,
ADA,crypto,tecnico,volumen,1129096.63,,unidades,2026-01-03,2026-09-04T15:50:41Z,Coinbase,2,,,engine/technical/README.md,
ADA,crypto,tecnico,volumen,1542622.62,,unidades,2026-01-04,2026-09-04T15:50:41Z,Coinbase,2,,,engine/technical/README.md,
ADA,crypto,tecnico,volumen,2068929.87,,unidades,2026-01-05,2026-09-04T15:50:41Z,Coinbase,2,,,engine/technical/README.md,
ADA,crypto,tecnico,volumen,2617799.06,,unidades,2026-01-06,2026-09-04T15:50:41Z,Coinbase,2,,,engine/technical/README.md,
ADA,crypto,tecnico,volumen,1057019.33,,unidades,2026-01-07,2026-09-04T15:50:41Z,Coinbase,2,,,engine/technical/README.md,
ADA,crypto,tecnico,volumen,1592640.61,,unidades,2026-01-08,2026-09-04T15:50:41Z,Coinbase,2,,,engine/technical/README.md,
ADA,crypto,tecnico,volumen,1696134.66,,unidades,2026-01-09,2026-09-04T15:50:41Z,Coinbase,2,,,engine/technical/README.md,
ADA,crypto,tecnico,volumen,679122.65,,unidades,2026-01-10,2026-09-04T15:50:41Z,Coinbase,2,,,engine/technical/README.md,
ADA,crypto,tecnico,volumen,682345.32,,unidades,2026-01-11,2026-09-04T15:50:41Z,Coinbase,2,,,engine/technical/README.md,
ADA,crypto,tecnico,volumen,1285017.22,,unidades,2026-01-12,2026-09-04T15:50:41Z,Coinbase,2,,,engine/technical/README.md,
ADA,crypto,tecnico,volumen,1374952.63,,unidades,2026-01-13,2026-09-04T15:50:41Z,Coinbase,2,,,engine/technical/README.md,
ADA,crypto,tecnico,volumen,1523331.77,,unidades,2026-01-14,2026-09-04T15:50:41Z,Coinbase,2,,,engine/technical/README.md,
ADA,crypto,tecnico,volumen,2011767.38,,unidades,2026-01-15,2026-09-04T15:50:41Z,Coinbase,2,,,engine/technical/README.md,
ADA,crypto,tecnico,volumen,915319.95,,unidades,2026-01-16,2026-09-04T15:50:41Z,Coinbase,2,,,engine/technical/README.md,
ADA,crypto,tecnico,volumen,728597.03,,unidades,2026-01-17,2026-09-04T15:50:41Z,Coinbase,2,,,engine/technical/README.md,
ADA,crypto,tecnico,volumen,520170.14,,unidades,2026-01-18,2026-09-04T15:50:41Z,Coinbase,2,,,engine/technical/README.md,
ADA,crypto,tecnico,volumen,1320393.62,,unidades,2026-01-19,2026-09-04T15:50:41Z,Coinbase,2,,,engine/technical/README.md,
ADA,crypto,tecnico,volumen,1560191.21,,unidades,2026-01-20,2026-09-04T15:50:41Z,Coinbase,2,,,engine/technical/README.md,
ADA,crypto,tecnico,volumen,1111298.1,,unidades,2026-01-21,2026-09-04T15:50:41Z,Coinbase,2,,,engine/technical/README.md,
ADA,crypto,tecnico,volumen,487170.88,,unidades,2026-01-22,2026-09-04T15:50:41Z,Coinbase,2,,,engine/technical/README.md,
ADA,crypto,tecnico,volumen,576034.49,,unidades,2026-01-23,2026-09-04T15:50:41Z,Coinbase,2,,,engine/technical/README.md,
ADA,crypto,tecnico,volumen,246528.32,,unidades,2026-01-24,2026-09-04T15:50:41Z,Coinbase,2,,,engine/technical/README.md,
ADA,crypto,tecnico,volumen,1541674.7,,unidades,2026-01-25,2026-09-04T15:50:41Z,Coinbase,2,,,engine/technical/README.md,
ADA,crypto,tecnico,volumen,1054606.2,,unidades,2026-01-26,2026-09-04T15:50:41Z,Coinbase,2,,,engine/technical/README.md,
ADA,crypto,tecnico,volumen,812848.16,,unidades,2026-01-27,2026-09-04T15:50:41Z,Coinbase,2,,,engine/technical/README.md,
ADA,crypto,tecnico,volumen,1029244.29,,unidades,2026-01-28,2026-09-04T15:50:41Z,Coinbase,2,,,engine/technical/README.md,
ADA,crypto,tecnico,volumen,1549295.05,,unidades,2026-01-29,2026-09-04T15:50:41Z,Coinbase,2,,,engine/technical/README.md,
ADA,crypto,tecnico,volumen,1683592.07,,unidades,2026-01-30,2026-09-04T15:50:41Z,Coinbase,2,,,engine/technical/README.md,
ADA,crypto,tecnico,volumen,3824259.15,,unidades,2026-01-31,2026-09-04T15:50:41Z,Coinbase,2,,,engine/technical/README.md,
ADA,crypto,tecnico,volumen,1576955.86,,unidades,2026-02-01,2026-09-04T15:50:41Z,Coinbase,2,,,engine/technical/README.md,
ADA,crypto,tecnico,volumen,1698577.0,,unidades,2026-02-02,2026-09-04T15:50:41Z,Coinbase,2,,,engine/technical/README.md,
ADA,crypto,tecnico,volumen,2129112.86,,unidades,2026-02-03,2026-09-04T15:50:41Z,Coinbase,2,,,engine/technical/README.md,
ADA,crypto,tecnico,volumen,1911940.12,,unidades,2026-02-04,2026-09-04T15:50:41Z,Coinbase,2,,,engine/technical/README.md,
ADA,crypto,tecnico,volumen,6519958.27,,unidades,2026-02-05,2026-09-04T15:50:41Z,Coinbase,2,,,engine/technical/README.md,
ADA,crypto,tecnico,volumen,5336147.68,,unidades,2026-02-06,2026-09-04T15:50:41Z,Coinbase,2,,,engine/technical/README.md,
ADA,crypto,tecnico,volumen,1585988.42,,unidades,2026-02-07,2026-09-04T15:50:41Z,Coinbase,2,,,engine/technical/README.md,
ADA,crypto,tecnico,volumen,626909.91,,unidades,2026-02-08,2026-09-04T15:50:41Z,Coinbase,2,,,engine/technical/README.md,
ADA,crypto,tecnico,volumen,1498205.1,,unidades,2026-02-09,2026-09-04T15:50:41Z,Coinbase,2,,,engine/technical/README.md,
ADA,crypto,tecnico,volumen,1159494.49,,unidades,2026-02-10,2026-09-04T15:50:41Z,Coinbase,2,,,engine/technical/README.md,
ADA,crypto,tecnico,volumen,1569454.41,,unidades,2026-02-11,2026-09-04T15:50:41Z,Coinbase,2,,,engine/technical/README.md,
ADA,crypto,tecnico,volumen,1319032.73,,unidades,2026-02-12,2026-09-04T15:50:41Z,Coinbase,2,,,engine/technical/README.md,
ADA,crypto,tecnico,volumen,1268897.17,,unidades,2026-02-13,2026-09-04T15:50:41Z,Coinbase,2,,,engine/technical/README.md,
ADA,crypto,tecnico,volumen,1000386.17,,unidades,2026-02-14,2026-09-04T15:50:41Z,Coinbase,2,,,engine/technical/README.md,
ADA,crypto,tecnico,volumen,1029862.88,,unidades,2026-02-15,2026-09-04T15:50:41Z,Coinbase,2,,,engine/technical/README.md,
ADA,crypto,tecnico,volumen,1189018.44,,unidades,2026-02-16,2026-09-04T15:50:41Z,Coinbase,2,,,engine/technical/README.md,
ADA,crypto,tecnico,volumen,844764.98,,unidades,2026-02-17,2026-09-04T15:50:41Z,Coinbase,2,,,engine/technical/README.md,
ADA,crypto,tecnico,volumen,847737.53,,unidades,2026-02-18,2026-09-04T15:50:41Z,Coinbase,2,,,engine/technical/README.md,
ADA,crypto,tecnico,volumen,969613.39,,unidades,2026-02-19,2026-09-04T15:50:41Z,Coinbase,2,,,engine/technical/README.md,
ADA,crypto,tecnico,volumen,2946558.81,,unidades,2026-02-20,2026-09-04T15:50:41Z,Coinbase,2,,,engine/technical/README.md,
ADA,crypto,tecnico,volumen,615048.7,,unidades,2026-02-21,2026-09-04T15:50:41Z,Coinbase,2,,,engine/technical/README.md,
ADA,crypto,tecnico,volumen,448199.34,,unidades,2026-02-22,2026-09-04T15:50:41Z,Coinbase,2,,,engine/technical/README.md,
ADA,crypto,tecnico,volumen,2632605.52,,unidades,2026-02-23,2026-09-04T15:50:41Z,Coinbase,2,,,engine/technical/README.md,
ADA,crypto,tecnico,volumen,1512521.68,,unidades,2026-02-24,2026-09-04T15:50:41Z,Coinbase,2,,,engine/technical/README.md,
ADA,crypto,tecnico,volumen,4168832.33,,unidades,2026-02-25,2026-09-04T15:50:41Z,Coinbase,2,,,engine/technical/README.md,
ADA,crypto,tecnico,volumen,2036493.63,,unidades,2026-02-26,2026-09-04T15:50:41Z,Coinbase,2,,,engine/technical/README.md,
ADA,crypto,tecnico,volumen,1545322.84,,unidades,2026-02-27,2026-09-04T15:50:41Z,Coinbase,2,,,engine/technical/README.md,
ADA,crypto,tecnico,volumen,1882520.6,,unidades,2026-02-28,2026-09-04T15:50:41Z,Coinbase,2,,,engine/technical/README.md,
ADA,crypto,tecnico,volumen,1525899.82,,unidades,2026-03-01,2026-09-04T15:50:41Z,Coinbase,2,,,engine/technical/README.md,
ADA,crypto,tecnico,volumen,1767427.5,,unidades,2026-03-02,2026-09-04T15:50:41Z,Coinbase,2,,,engine/technical/README.md,
ADA,crypto,tecnico,volumen,1927683.37,,unidades,2026-03-03,2026-09-04T15:50:41Z,Coinbase,2,,,engine/technical/README.md,
ADA,crypto,tecnico,volumen,2590737.54,,unidades,2026-03-04,2026-09-04T15:50:41Z,Coinbase,2,,,engine/technical/README.md,
ADA,crypto,tecnico,volumen,1893595.22,,unidades,2026-03-05,2026-09-04T15:50:41Z,Coinbase,2,,,engine/technical/README.md,
ADA,crypto,tecnico,volumen,1953678.49,,unidades,2026-03-06,2026-09-04T15:50:41Z,Coinbase,2,,,engine/technical/README.md,
ADA,crypto,tecnico,volumen,877514.52,,unidades,2026-03-07,2026-09-04T15:50:41Z,Coinbase,2,,,engine/technical/README.md,
ADA,crypto,tecnico,volumen,1413831.05,,unidades,2026-03-08,2026-09-04T15:50:41Z,Coinbase,2,,,engine/technical/README.md,
ADA,crypto,tecnico,volumen,2065217.14,,unidades,2026-03-09,2026-09-04T15:50:41Z,Coinbase,2,,,engine/technical/README.md,
ADA,crypto,tecnico,volumen,1339082.51,,unidades,2026-03-10,2026-09-04T15:50:41Z,Coinbase,2,,,engine/technical/README.md,
ADA,crypto,tecnico,volumen,1046786.28,,unidades,2026-03-11,2026-09-04T15:50:41Z,Coinbase,2,,,engine/technical/README.md,
ADA,crypto,tecnico,volumen,1047882.3,,unidades,2026-03-12,2026-09-04T15:50:41Z,Coinbase,2,,,engine/technical/README.md,
ADA,crypto,tecnico,volumen,2341152.98,,unidades,2026-03-13,2026-09-04T15:50:41Z,Coinbase,2,,,engine/technical/README.md,
ADA,crypto,tecnico,volumen,693883.2,,unidades,2026-03-14,2026-09-04T15:50:41Z,Coinbase,2,,,engine/technical/README.md,
ADA,crypto,tecnico,volumen,974557.69,,unidades,2026-03-15,2026-09-04T15:50:41Z,Coinbase,2,,,engine/technical/README.md,
ADA,crypto,tecnico,volumen,2510983.57,,unidades,2026-03-16,2026-09-04T15:50:41Z,Coinbase,2,,,engine/technical/README.md,
ADA,crypto,tecnico,volumen,1326090.64,,unidades,2026-03-17,2026-09-04T15:50:41Z,Coinbase,2,,,engine/technical/README.md,
ADA,crypto,tecnico,volumen,1417198.6,,unidades,2026-03-18,2026-09-04T15:50:41Z,Coinbase,2,,,engine/technical/README.md,
ADA,crypto,tecnico,volumen,1271188.69,,unidades,2026-03-19,2026-09-04T15:50:41Z,Coinbase,2,,,engine/technical/README.md,
ADA,crypto,tecnico,volumen,943672.89,,unidades,2026-03-20,2026-09-04T15:50:41Z,Coinbase,2,,,engine/technical/README.md,
ADA,crypto,tecnico,volumen,466666.25,,unidades,2026-03-21,2026-09-04T15:50:41Z,Coinbase,2,,,engine/technical/README.md,
ADA,crypto,tecnico,volumen,1184354.61,,unidades,2026-03-22,2026-09-04T15:50:41Z,Coinbase,2,,,engine/technical/README.md,
ADA,crypto,tecnico,volumen,2033816.12,,unidades,2026-03-23,2026-09-04T15:50:41Z,Coinbase,2,,,engine/technical/README.md,
ADA,crypto,tecnico,volumen,1146239.76,,unidades,2026-03-24,2026-09-04T15:50:41Z,Coinbase,2,,,engine/technical/README.md,
ADA,crypto,tecnico,volumen,1429587.62,,unidades,2026-03-25,2026-09-04T15:50:41Z,Coinbase,2,,,engine/technical/README.md,
ADA,crypto,tecnico,volumen,1321662.03,,unidades,2026-03-26,2026-09-04T15:50:41Z,Coinbase,2,,,engine/technical/README.md,
ADA,crypto,tecnico,volumen,1450290.47,,unidades,2026-03-27,2026-09-04T15:50:41Z,Coinbase,2,,,engine/technical/README.md,
ADA,crypto,tecnico,volumen,606959.53,,unidades,2026-03-28,2026-09-04T15:50:41Z,Coinbase,2,,,engine/technical/README.md,
ADA,crypto,tecnico,volumen,1167943.19,,unidades,2026-03-29,2026-09-04T15:50:41Z,Coinbase,2,,,engine/technical/README.md,
ADA,crypto,tecnico,volumen,1645580.18,,unidades,2026-03-30,2026-09-04T15:50:41Z,Coinbase,2,,,engine/technical/README.md,
ADA,crypto,tecnico,volumen,2192869.1,,unidades,2026-03-31,2026-09-04T15:50:41Z,Coinbase,2,,,engine/technical/README.md,
ADA,crypto,tecnico,volumen,2193838.45,,unidades,2026-04-01,2026-09-04T15:50:41Z,Coinbase,2,,,engine/technical/README.md,
ADA,crypto,tecnico,volumen,2355904.26,,unidades,2026-04-02,2026-09-04T15:50:41Z,Coinbase,2,,,engine/technical/README.md,
ADA,crypto,tecnico,volumen,1682581.3,,unidades,2026-04-03,2026-09-04T15:50:41Z,Coinbase,2,,,engine/technical/README.md,
ADA,crypto,tecnico,volumen,1001386.67,,unidades,2026-04-04,2026-09-04T15:50:41Z,Coinbase,2,,,engine/technical/README.md,
ADA,crypto,tecnico,volumen,950504.73,,unidades,2026-04-05,2026-09-04T15:50:41Z,Coinbase,2,,,engine/technical/README.md,
ADA,crypto,tecnico,volumen,2099888.65,,unidades,2026-04-06,2026-09-04T15:50:41Z,Coinbase,2,,,engine/technical/README.md,
ADA,crypto,tecnico,volumen,2254735.29,,unidades,2026-04-07,2026-09-04T15:50:41Z,Coinbase,2,,,engine/technical/README.md,
ADA,crypto,tecnico,volumen,2679547.06,,unidades,2026-04-08,2026-09-04T15:50:41Z,Coinbase,2,,,engine/technical/README.md,
ADA,crypto,tecnico,volumen,935960.4,,unidades,2026-04-09,2026-09-04T15:50:41Z,Coinbase,2,,,engine/technical/README.md,
ADA,crypto,tecnico,volumen,1129824.88,,unidades,2026-04-10,2026-09-04T15:50:41Z,Coinbase,2,,,engine/technical/README.md,
ADA,crypto,tecnico,volumen,658120.86,,unidades,2026-04-11,2026-09-04T15:50:41Z,Coinbase,2,,,engine/technical/README.md,
ADA,crypto,tecnico,volumen,1490071.73,,unidades,2026-04-12,2026-09-04T15:50:41Z,Coinbase,2,,,engine/technical/README.md,
ADA,crypto,tecnico,volumen,1445813.38,,unidades,2026-04-13,2026-09-04T15:50:41Z,Coinbase,2,,,engine/technical/README.md,
ADA,crypto,tecnico,volumen,1587896.32,,unidades,2026-04-14,2026-09-04T15:50:41Z,Coinbase,2,,,engine/technical/README.md,
ADA,crypto,tecnico,volumen,1277961.13,,unidades,2026-04-15,2026-09-04T15:50:41Z,Coinbase,2,,,engine/technical/README.md,
ADA,crypto,tecnico,volumen,2615168.58,,unidades,2026-04-16,2026-09-04T15:50:41Z,Coinbase,2,,,engine/technical/README.md,
ADA,crypto,tecnico,volumen,2520240.95,,unidades,2026-04-17,2026-09-04T15:50:41Z,Coinbase,2,,,engine/technical/README.md,
ADA,crypto,tecnico,volumen,1413918.97,,unidades,2026-04-18,2026-09-04T15:50:41Z,Coinbase,2,,,engine/technical/README.md,
ADA,crypto,tecnico,volumen,1605218.34,,unidades,2026-04-19,2026-09-04T15:50:41Z,Coinbase,2,,,engine/technical/README.md,
ADA,crypto,tecnico,volumen,1090502.87,,unidades,2026-04-20,2026-09-04T15:50:41Z,Coinbase,2,,,engine/technical/README.md,
ADA,crypto,tecnico,volumen,1206595.08,,unidades,2026-04-21,2026-09-04T15:50:41Z,Coinbase,2,,,engine/technical/README.md,
ADA,crypto,tecnico,volumen,1641572.07,,unidades,2026-04-22,2026-09-04T15:50:41Z,Coinbase,2,,,engine/technical/README.md,
ADA,crypto,tecnico,volumen,1092718.48,,unidades,2026-04-23,2026-09-04T15:50:41Z,Coinbase,2,,,engine/technical/README.md,
ADA,crypto,tecnico,volumen,897773.73,,unidades,2026-04-24,2026-09-04T15:50:41Z,Coinbase,2,,,engine/technical/README.md,
ADA,crypto,tecnico,volumen,917267.5,,unidades,2026-04-25,2026-09-04T15:50:41Z,Coinbase,2,,,engine/technical/README.md,
ADA,crypto,tecnico,volumen,975560.86,,unidades,2026-04-26,2026-09-04T15:50:41Z,Coinbase,2,,,engine/technical/README.md,
ADA,crypto,tecnico,volumen,1078964.73,,unidades,2026-04-27,2026-09-04T15:50:41Z,Coinbase,2,,,engine/technical/README.md,
ADA,crypto,tecnico,volumen,956425.43,,unidades,2026-04-28,2026-09-04T15:50:41Z,Coinbase,2,,,engine/technical/README.md,
ADA,crypto,tecnico,volumen,1617199.96,,unidades,2026-04-29,2026-09-04T15:50:41Z,Coinbase,2,,,engine/technical/README.md,
ADA,crypto,tecnico,volumen,936859.33,,unidades,2026-04-30,2026-09-04T15:50:41Z,Coinbase,2,,,engine/technical/README.md,
ADA,crypto,tecnico,volumen,2037891.96,,unidades,2026-05-01,2026-09-04T15:50:41Z,Coinbase,2,,,engine/technical/README.md,
ADA,crypto,tecnico,volumen,562481.57,,unidades,2026-05-02,2026-09-04T15:50:41Z,Coinbase,2,,,engine/technical/README.md,
ADA,crypto,tecnico,volumen,611711.17,,unidades,2026-05-03,2026-09-04T15:50:41Z,Coinbase,2,,,engine/technical/README.md,
ADA,crypto,tecnico,volumen,1575165.57,,unidades,2026-05-04,2026-09-04T15:50:41Z,Coinbase,2,,,engine/technical/README.md,
ADA,crypto,tecnico,volumen,1763769.62,,unidades,2026-05-05,2026-09-04T15:50:41Z,Coinbase,2,,,engine/technical/README.md,
ADA,crypto,tecnico,volumen,2221866.15,,unidades,2026-05-06,2026-09-04T15:50:41Z,Coinbase,2,,,engine/technical/README.md,
ADA,crypto,tecnico,volumen,2621962.33,,unidades,2026-05-07,2026-09-04T15:50:41Z,Coinbase,2,,,engine/technical/README.md,
ADA,crypto,tecnico,volumen,2135387.73,,unidades,2026-05-08,2026-09-04T15:50:41Z,Coinbase,2,,,engine/technical/README.md,
ADA,crypto,tecnico,volumen,1205921.11,,unidades,2026-05-09,2026-09-04T15:50:41Z,Coinbase,2,,,engine/technical/README.md,
ADA,crypto,tecnico,volumen,2003323.77,,unidades,2026-05-10,2026-09-04T15:50:41Z,Coinbase,2,,,engine/technical/README.md,
ADA,crypto,tecnico,volumen,1646287.94,,unidades,2026-05-11,2026-09-04T15:50:41Z,Coinbase,2,,,engine/technical/README.md,
ADA,crypto,tecnico,volumen,1493883.51,,unidades,2026-05-12,2026-09-04T15:50:41Z,Coinbase,2,,,engine/technical/README.md,
ADA,crypto,tecnico,volumen,1877447.3,,unidades,2026-05-13,2026-09-04T15:50:41Z,Coinbase,2,,,engine/technical/README.md,
ADA,crypto,tecnico,volumen,2998012.11,,unidades,2026-05-14,2026-09-04T15:50:41Z,Coinbase,2,,,engine/technical/README.md,
ADA,crypto,tecnico,volumen,2203967.11,,unidades,2026-05-15,2026-09-04T15:50:41Z,Coinbase,2,,,engine/technical/README.md,
ADA,crypto,tecnico,volumen,1180501.03,,unidades,2026-05-16,2026-09-04T15:50:41Z,Coinbase,2,,,engine/technical/README.md,
ADA,crypto,tecnico,volumen,838260.18,,unidades,2026-05-17,2026-09-04T15:50:41Z,Coinbase,2,,,engine/technical/README.md,
ADA,crypto,tecnico,volumen,2264689.11,,unidades,2026-05-18,2026-09-04T15:50:41Z,Coinbase,2,,,engine/technical/README.md,
ADA,crypto,tecnico,volumen,1074052.86,,unidades,2026-05-19,2026-09-04T15:50:41Z,Coinbase,2,,,engine/technical/README.md,
ADA,crypto,tecnico,volumen,1041215.76,,unidades,2026-05-20,2026-09-04T15:50:41Z,Coinbase,2,,,engine/technical/README.md,
ADA,crypto,tecnico,volumen,1187516.55,,unidades,2026-05-21,2026-09-04T15:50:41Z,Coinbase,2,,,engine/technical/README.md,
ADA,crypto,tecnico,volumen,1404881.38,,unidades,2026-05-22,2026-09-04T15:50:41Z,Coinbase,2,,,engine/technical/README.md,
ADA,crypto,tecnico,volumen,1354247.64,,unidades,2026-05-23,2026-09-04T15:50:41Z,Coinbase,2,,,engine/technical/README.md,
ADA,crypto,tecnico,volumen,1000196.53,,unidades,2026-05-24,2026-09-04T15:50:41Z,Coinbase,2,,,engine/technical/README.md,
ADA,crypto,tecnico,volumen,716964.74,,unidades,2026-05-25,2026-09-04T15:50:41Z,Coinbase,2,,,engine/technical/README.md,
ADA,crypto,tecnico,volumen,1281462.29,,unidades,2026-05-26,2026-09-04T15:50:41Z,Coinbase,2,,,engine/technical/README.md,
ADA,crypto,tecnico,volumen,1048907.6,,unidades,2026-05-27,2026-09-04T15:50:41Z,Coinbase,2,,,engine/technical/README.md,
ADA,crypto,tecnico,volumen,4013881.67,,unidades,2026-05-28,2026-09-04T15:50:41Z,Coinbase,2,,,engine/technical/README.md,
ADA,crypto,tecnico,volumen,4587836.03,,unidades,2026-05-29,2026-09-04T15:50:41Z,Coinbase,2,,,engine/technical/README.md,
ADA,crypto,tecnico,volumen,829659.98,,unidades,2026-05-30,2026-09-04T15:50:41Z,Coinbase,2,,,engine/technical/README.md,
ADA,crypto,tecnico,volumen,1616542.79,,unidades,2026-05-31,2026-09-04T15:50:41Z,Coinbase,2,,,engine/technical/README.md,
ADA,crypto,tecnico,volumen,2120093.89,,unidades,2026-06-01,2026-09-04T15:50:41Z,Coinbase,2,,,engine/technical/README.md,
ADA,crypto,tecnico,volumen,3038019.0,,unidades,2026-06-02,2026-09-04T15:50:41Z,Coinbase,2,,,engine/technical/README.md,
ADA,crypto,tecnico,volumen,3598998.55,,unidades,2026-06-03,2026-09-04T15:50:41Z,Coinbase,2,,,engine/technical/README.md,
ADA,crypto,tecnico,volumen,7020981.92,,unidades,2026-06-04,2026-09-04T15:50:41Z,Coinbase,2,,,engine/technical/README.md,
ADA,crypto,tecnico,volumen,16947484.03,,unidades,2026-06-05,2026-09-04T15:50:41Z,Coinbase,2,,,engine/technical/README.md,
ADA,crypto,tecnico,volumen,5126252.98,,unidades,2026-06-06,2026-09-04T15:50:41Z,Coinbase,2,,,engine/technical/README.md,
ADA,crypto,tecnico,volumen,5745923.75,,unidades,2026-06-07,2026-09-04T15:50:41Z,Coinbase,2,,,engine/technical/README.md,
ADA,crypto,tecnico,volumen,7692351.11,,unidades,2026-06-08,2026-09-04T15:50:41Z,Coinbase,2,,,engine/technical/README.md,
ADA,crypto,tecnico,volumen,5875824.72,,unidades,2026-06-09,2026-09-04T15:50:41Z,Coinbase,2,,,engine/technical/README.md,
ADA,crypto,tecnico,volumen,8571406.11,,unidades,2026-06-10,2026-09-04T15:50:41Z,Coinbase,2,,,engine/technical/README.md,
ADA,crypto,tecnico,volumen,7225160.04,,unidades,2026-06-11,2026-09-04T15:50:41Z,Coinbase,2,,,engine/technical/README.md,
ADA,crypto,tecnico,volumen,6019739.84,,unidades,2026-06-12,2026-09-04T15:50:41Z,Coinbase,2,,,engine/technical/README.md,
ADA,crypto,tecnico,volumen,4967654.86,,unidades,2026-06-13,2026-09-04T15:50:41Z,Coinbase,2,,,engine/technical/README.md,
ADA,crypto,tecnico,volumen,2496189.54,,unidades,2026-06-14,2026-09-04T15:50:41Z,Coinbase,2,,,engine/technical/README.md,
ADA,crypto,tecnico,volumen,9339276.13,,unidades,2026-06-15,2026-09-04T15:50:41Z,Coinbase,2,,,engine/technical/README.md,
ADA,crypto,tecnico,volumen,3293975.86,,unidades,2026-06-16,2026-09-04T15:50:41Z,Coinbase,2,,,engine/technical/README.md,
ADA,crypto,tecnico,volumen,4601577.97,,unidades,2026-06-17,2026-09-04T15:50:41Z,Coinbase,2,,,engine/technical/README.md,
ADA,crypto,tecnico,volumen,3986392.1,,unidades,2026-06-18,2026-09-04T15:50:41Z,Coinbase,2,,,engine/technical/README.md,
ADA,crypto,tecnico,volumen,4849347.11,,unidades,2026-06-19,2026-09-04T15:50:41Z,Coinbase,2,,,engine/technical/README.md,
ADA,crypto,tecnico,volumen,1745974.75,,unidades,2026-06-20,2026-09-04T15:50:41Z,Coinbase,2,,,engine/technical/README.md,
ADA,crypto,tecnico,volumen,1983179.27,,unidades,2026-06-21,2026-09-04T15:50:41Z,Coinbase,2,,,engine/technical/README.md,
ADA,crypto,tecnico,volumen,3321463.74,,unidades,2026-06-22,2026-09-04T15:50:41Z,Coinbase,2,,,engine/technical/README.md,
ADA,crypto,tecnico,volumen,2380773.91,,unidades,2026-06-23,2026-09-04T15:50:41Z,Coinbase,2,,,engine/technical/README.md,
ADA,crypto,tecnico,volumen,4182379.88,,unidades,2026-06-24,2026-09-04T15:50:41Z,Coinbase,2,,,engine/technical/README.md,
ADA,crypto,tecnico,volumen,4245819.95,,unidades,2026-06-25,2026-09-04T15:50:41Z,Coinbase,2,,,engine/technical/README.md,
ADA,crypto,tecnico,volumen,3209294.69,,unidades,2026-06-26,2026-09-04T15:50:41Z,Coinbase,2,,,engine/technical/README.md,
ADA,crypto,tecnico,volumen,1744511.52,,unidades,2026-06-27,2026-09-04T15:50:41Z,Coinbase,2,,,engine/technical/README.md,
ADA,crypto,tecnico,volumen,786365.3,,unidades,2026-06-28,2026-09-04T15:50:41Z,Coinbase,2,,,engine/technical/README.md,
ADA,crypto,tecnico,volumen,4090462.9,,unidades,2026-06-29,2026-09-04T15:50:41Z,Coinbase,2,,,engine/technical/README.md,
ADA,crypto,tecnico,volumen,3470517.55,,unidades,2026-06-30,2026-09-04T15:50:41Z,Coinbase,2,,,engine/technical/README.md,
ADA,crypto,tecnico,volumen,4497435.06,,unidades,2026-07-01,2026-09-04T15:50:41Z,Coinbase,2,,,engine/technical/README.md,
ADA,crypto,tecnico,volumen,2272809.56,,unidades,2026-07-02,2026-09-04T15:50:41Z,Coinbase,2,,,engine/technical/README.md,
ADA,crypto,tecnico,volumen,6231719.01,,unidades,2026-07-03,2026-09-04T15:50:41Z,Coinbase,2,,,engine/technical/README.md,
ADA,crypto,tecnico,volumen,4617289.83,,unidades,2026-07-04,2026-09-04T15:50:41Z,Coinbase,2,,,engine/technical/README.md,
ADA,crypto,tecnico,volumen,3147714.87,,unidades,2026-07-05,2026-09-04T15:50:41Z,Coinbase,2,,,engine/technical/README.md,
ADA,crypto,tecnico,volumen,2442679.95,,unidades,2026-07-06,2026-09-04T15:50:41Z,Coinbase,2,,,engine/technical/README.md,
ADA,crypto,tecnico,volumen,2115190.13,,unidades,2026-07-07,2026-09-04T15:50:41Z,Coinbase,2,,,engine/technical/README.md,
ADA,crypto,tecnico,volumen,3385571.91,,unidades,2026-07-08,2026-09-04T15:50:41Z,Coinbase,2,,,engine/technical/README.md,
ADA,crypto,tecnico,volumen,1596334.45,,unidades,2026-07-09,2026-09-04T15:50:41Z,Coinbase,2,,,engine/technical/README.md,
ADA,crypto,tecnico,volumen,1823087.99,,unidades,2026-07-10,2026-09-04T15:50:41Z,Coinbase,2,,,engine/technical/README.md,
ADA,crypto,tecnico,volumen,2569115.76,,unidades,2026-07-11,2026-09-04T15:50:41Z,Coinbase,2,,,engine/technical/README.md,
ADA,crypto,tecnico,volumen,1688844.87,,unidades,2026-07-12,2026-09-04T15:50:41Z,Coinbase,2,,,engine/technical/README.md,
ADA,crypto,tecnico,volumen,2854539.2,,unidades,2026-07-13,2026-09-04T15:50:41Z,Coinbase,2,,,engine/technical/README.md,
ADA,crypto,tecnico,volumen,2303379.48,,unidades,2026-07-14,2026-09-04T15:50:41Z,Coinbase,2,,,engine/technical/README.md,
ADA,crypto,tecnico,volumen,2083664.15,,unidades,2026-07-15,2026-09-04T15:50:41Z,Coinbase,2,,,engine/technical/README.md,
ADA,crypto,tecnico,volumen,1891732.12,,unidades,2026-07-16,2026-09-04T15:50:41Z,Coinbase,2,,,engine/technical/README.md,
ADA,crypto,tecnico,volumen,2773192.16,,unidades,2026-07-17,2026-09-04T15:50:41Z,Coinbase,2,,,engine/technical/README.md,
ADA,crypto,tecnico,volumen,1037195.23,,unidades,2026-07-18,2026-09-04T15:50:41Z,Coinbase,2,,,engine/technical/README.md,
ADA,crypto,tecnico,volumen,503620.77,,unidades,2026-07-19,2026-09-04T15:50:41Z,Coinbase,2,,,engine/technical/README.md,
ADA,crypto,tecnico,volumen,2187652.43,,unidades,2026-07-20,2026-09-04T15:50:41Z,Coinbase,2,,,engine/technical/README.md,
ADA,crypto,tecnico,volumen,1945066.25,,unidades,2026-07-21,2026-09-04T15:50:41Z,Coinbase,2,,,engine/technical/README.md,
ADA,crypto,tecnico,volumen,1594904.83,,unidades,2026-07-22,2026-09-04T15:50:41Z,Coinbase,2,,,engine/technical/README.md,
ADA,crypto,tecnico,volumen,1002241.9,,unidades,2026-07-23,2026-09-04T15:50:41Z,Coinbase,2,,,engine/technical/README.md,
ADA,crypto,tecnico,volumen,896826.45,,unidades,2026-07-24,2026-09-04T15:50:41Z,Coinbase,2,,,engine/technical/README.md,
ADA,crypto,tecnico,volumen,178317.18,,unidades,2026-07-25,2026-09-04T15:50:41Z,Coinbase,2,,,engine/technical/README.md,
ADA,crypto,tecnico,volumen,429183.24,,unidades,2026-07-26,2026-09-04T15:50:41Z,Coinbase,2,,,engine/technical/README.md,
ADA,crypto,tecnico,volumen,1359530.13,,unidades,2026-07-27,2026-09-04T15:50:41Z,Coinbase,2,,,engine/technical/README.md,
ADA,crypto,tecnico,volumen,2632433.27,,unidades,2026-07-28,2026-09-04T15:50:41Z,Coinbase,2,,,engine/technical/README.md,
ADA,crypto,tecnico,volumen,1991029.53,,unidades,2026-07-29,2026-09-04T15:50:41Z,Coinbase,2,,,engine/technical/README.md,
ADA,crypto,tecnico,volumen,2506562.84,,unidades,2026-07-30,2026-09-04T15:50:41Z,Coinbase,2,,,engine/technical/README.md,
ADA,crypto,tecnico,volumen,1539259.56,,unidades,2026-07-31,2026-09-04T15:50:41Z,Coinbase,2,,,engine/technical/README.md,
ADA,crypto,tecnico,volumen,1466045.74,,unidades,2026-08-01,2026-09-04T15:50:41Z,Coinbase,2,,,engine/technical/README.md,
ADA,crypto,tecnico,volumen,1988497.57,,unidades,2026-08-02,2026-09-04T15:50:41Z,Coinbase,2,,,engine/technical/README.md,
ADA,crypto,tecnico,volumen,1785561.94,,unidades,2026-08-03,2026-09-04T15:50:41Z,Coinbase,2,,,engine/technical/README.md,
ADA,crypto,tecnico,volumen,1292442.23,,unidades,2026-08-04,2026-09-04T15:50:41Z,Coinbase,2,,,engine/technical/README.md,
ADA,crypto,tecnico,volumen,1531003.14,,unidades,2026-08-05,2026-09-04T15:50:41Z,Coinbase,2,,,engine/technical/README.md,
ADA,crypto,tecnico,volumen,2650900.84,,unidades,2026-08-06,2026-09-04T15:50:41Z,Coinbase,2,,,engine/technical/README.md,
ADA,crypto,tecnico,volumen,1197530.37,,unidades,2026-08-07,2026-09-04T15:50:41Z,Coinbase,2,,,engine/technical/README.md,
ADA,crypto,tecnico,volumen,172351.53,,unidades,2026-08-08,2026-09-04T15:50:41Z,Coinbase,2,,,engine/technical/README.md,
ADA,crypto,tecnico,volumen,433515.15,,unidades,2026-08-09,2026-09-04T15:50:41Z,Coinbase,2,,,engine/technical/README.md,
ADA,crypto,tecnico,volumen,552092.32,,unidades,2026-08-10,2026-09-04T15:50:41Z,Coinbase,2,,,engine/technical/README.md,
ADA,crypto,tecnico,volumen,1264092.45,,unidades,2026-08-11,2026-09-04T15:50:41Z,Coinbase,2,,,engine/technical/README.md,
ADA,crypto,tecnico,volumen,993814.08,,unidades,2026-08-12,2026-09-04T15:50:41Z,Coinbase,2,,,engine/technical/README.md,
ADA,crypto,tecnico,volumen,842965.18,,unidades,2026-08-13,2026-09-04T15:50:41Z,Coinbase,2,,,engine/technical/README.md,
ADA,crypto,tecnico,volumen,873627.19,,unidades,2026-08-14,2026-09-04T15:50:41Z,Coinbase,2,,,engine/technical/README.md,
ADA,crypto,tecnico,volumen,548203.88,,unidades,2026-08-15,2026-09-04T15:50:41Z,Coinbase,2,,,engine/technical/README.md,
ADA,crypto,tecnico,volumen,445687.45,,unidades,2026-08-16,2026-09-04T15:50:41Z,Coinbase,2,,,engine/technical/README.md,
ADA,crypto,tecnico,volumen,878693.12,,unidades,2026-08-17,2026-09-04T15:50:41Z,Coinbase,2,,,engine/technical/README.md,
ADA,crypto,tecnico,volumen,1125343.13,,unidades,2026-08-18,2026-09-04T15:50:41Z,Coinbase,2,,,engine/technical/README.md,
ADA,crypto,tecnico,volumen,3703272.39,,unidades,2026-08-19,2026-09-04T15:50:41Z,Coinbase,2,,,engine/technical/README.md,
ADA,crypto,tecnico,volumen,3963806.29,,unidades,2026-08-20,2026-09-04T15:50:41Z,Coinbase,2,,,engine/technical/README.md,
ADA,crypto,tecnico,volumen,10285968.31,,unidades,2026-08-21,2026-09-04T15:50:41Z,Coinbase,2,,,engine/technical/README.md,
ADA,crypto,tecnico,volumen,7628754.35,,unidades,2026-08-22,2026-09-04T15:50:41Z,Coinbase,2,,,engine/technical/README.md,
ADA,crypto,tecnico,volumen,2696851.24,,unidades,2026-08-23,2026-09-04T15:50:41Z,Coinbase,2,,,engine/technical/README.md,
ADA,crypto,tecnico,volumen,4916562.65,,unidades,2026-08-24,2026-09-04T15:50:41Z,Coinbase,2,,,engine/technical/README.md,
ADA,crypto,tecnico,volumen,4602767.03,,unidades,2026-08-25,2026-09-04T15:50:41Z,Coinbase,2,,,engine/technical/README.md,
ADA,crypto,tecnico,volumen,1852697.94,,unidades,2026-08-26,2026-09-04T15:50:41Z,Coinbase,2,,,engine/technical/README.md,
ADA,crypto,tecnico,volumen,1618569.54,,unidades,2026-08-27,2026-09-04T15:50:41Z,Coinbase,2,,,engine/technical/README.md,
ADA,crypto,tecnico,volumen,1368605.79,,unidades,2026-08-28,2026-09-04T15:50:41Z,Coinbase,2,,,engine/technical/README.md,
ADA,crypto,tecnico,volumen,855872.23,,unidades,2026-08-29,2026-09-04T15:50:41Z,Coinbase,2,,,engine/technical/README.md,
ADA,crypto,tecnico,volumen,1785569.56,,unidades,2026-08-30,2026-09-04T15:50:41Z,Coinbase,2,,,engine/technical/README.md,
ADA,crypto,tecnico,volumen,1297286.25,,unidades,2026-08-31,2026-09-04T15:50:41Z,Coinbase,2,,,engine/technical/README.md,
ADA,crypto,tecnico,volumen,3846119.59,,unidades,2026-09-01,2026-09-04T15:50:41Z,Coinbase,2,,,engine/technical/README.md,
ADA,crypto,tecnico,volumen,6599737.12,,unidades,2026-09-02,2026-09-04T15:50:41Z,Coinbase,2,,,engine/technical/README.md,
ADA,crypto,fundamental,fdv_mcap_ratio,1.2,,ratio,2026-09-05,2026-09-05T09:41:30Z,CoinGecko,2,,80,engine/crypto/README.md,
ADA,crypto,fundamental,fdv_mcap_ratio,1.2,,ratio,2026-09-06,2026-09-06T09:56:29Z,CoinGecko,2,,80,engine/crypto/README.md,
ADA,crypto,fundamental,fdv_mcap_ratio,1.2,,ratio,2026-09-07,2026-09-07T11:02:52Z,CoinGecko,2,,80,engine/crypto/README.md,
ADA,crypto,fundamental,fdv_mcap_ratio,1.2,,ratio,2026-09-08,2026-09-08T10:18:57Z,CoinGecko,2,,80,engine/crypto/README.md,
ADA,crypto,fundamental,fdv_mcap_ratio,1.2,,ratio,2026-09-09,2026-09-09T10:24:07Z,CoinGecko,2,,80,engine/crypto/README.md,
ADA,crypto,fundamental,fdv_mcap_ratio,1.2,,ratio,2026-09-10,2026-09-10T10:17:13Z,CoinGecko,2,,80,engine/crypto/README.md,
ADA,crypto,fundamental,fdv_mcap_ratio,1.2,,ratio,2026-09-11,2026-09-11T10:14:16Z,CoinGecko,2,,80,engine/crypto/README.md,
ADA,crypto,fundamental,fdv_mcap_ratio,1.199,,ratio,2026-09-12,2026-09-12T09:48:36Z,CoinGecko,2,,80,engine/crypto/README.md,
ADA,crypto,fundamental,market_cap_percentile_365d,9.1,,%,2026-09-05,2026-09-05T09:41:30Z,CoinGecko,2,,80,engine/crypto/README.md,
ADA,crypto,fundamental,market_cap_percentile_365d,9.9,,%,2026-09-06,2026-09-06T09:56:29Z,CoinGecko,2,,80,engine/crypto/README.md,
ADA,crypto,fundamental,market_cap_percentile_365d,9.8,,%,2026-09-07,2026-09-07T11:02:52Z,CoinGecko,2,,80,engine/crypto/README.md,
ADA,crypto,fundamental,market_cap_percentile_365d,10.0,,%,2026-09-08,2026-09-08T10:18:57Z,CoinGecko,2,,80,engine/crypto/README.md,
ADA,crypto,fundamental,market_cap_percentile_365d,9.7,,%,2026-09-09,2026-09-09T10:24:07Z,CoinGecko,2,,80,engine/crypto/README.md,
ADA,crypto,fundamental,market_cap_percentile_365d,9.0,,%,2026-09-10,2026-09-10T10:17:13Z,CoinGecko,2,,80,engine/crypto/README.md,
ADA,crypto,fundamental,market_cap_percentile_365d,7.9,,%,2026-09-11,2026-09-11T10:14:16Z,CoinGecko,2,,80,engine/crypto/README.md,
ADA,crypto,fundamental,market_cap_percentile_365d,8.5,,%,2026-09-12,2026-09-12T09:48:36Z,CoinGecko,2,,80,engine/crypto/README.md,
ADA,crypto,fundamental,supply_pct_of_max,83.3,,%,2026-09-05,2026-09-05T09:41:30Z,CoinGecko,2,,80,engine/crypto/README.md,
ADA,crypto,fundamental,supply_pct_of_max,83.3,,%,2026-09-06,2026-09-06T09:56:29Z,CoinGecko,2,,80,engine/crypto/README.md,
ADA,crypto,fundamental,supply_pct_of_max,83.4,,%,2026-09-07,2026-09-07T11:02:52Z,CoinGecko,2,,80,engine/crypto/README.md,
ADA,crypto,fundamental,supply_pct_of_max,83.4,,%,2026-09-08,2026-09-08T10:18:57Z,CoinGecko,2,,80,engine/crypto/README.md,
ADA,crypto,fundamental,supply_pct_of_max,83.4,,%,2026-09-09,2026-09-09T10:24:07Z,CoinGecko,2,,80,engine/crypto/README.md,
ADA,crypto,fundamental,supply_pct_of_max,83.4,,%,2026-09-10,2026-09-10T10:17:13Z,CoinGecko,2,,80,engine/crypto/README.md,
ADA,crypto,fundamental,supply_pct_of_max,83.4,,%,2026-09-11,2026-09-11T10:14:16Z,CoinGecko,2,,80,engine/crypto/README.md,
ADA,crypto,fundamental,supply_pct_of_max,83.4,,%,2026-09-12,2026-09-12T09:48:36Z,CoinGecko,2,,80,engine/crypto/README.md,
ADA,crypto,fundamental,tvl_percentile_365d,2.9,,%,2026-09-05,2026-09-05T09:41:30Z,DefiLlama,2,,80,engine/crypto/README.md,
ADA,crypto,fundamental,tvl_percentile_365d,3.3,,%,2026-09-06,2026-09-06T09:56:29Z,DefiLlama,2,,80,engine/crypto/README.md,
ADA,crypto,fundamental,tvl_percentile_365d,3.3,,%,2026-09-07,2026-09-07T11:02:52Z,DefiLlama,2,,80,engine/crypto/README.md,
ADA,crypto,fundamental,tvl_percentile_365d,3.1,,%,2026-09-08,2026-09-08T10:18:57Z,DefiLlama,2,,80,engine/crypto/README.md,
ADA,crypto,fundamental,tvl_percentile_365d,3.0,,%,2026-09-09,2026-09-09T10:24:07Z,DefiLlama,2,,80,engine/crypto/README.md,
ADA,crypto,fundamental,tvl_percentile_365d,2.3,,%,2026-09-10,2026-09-10T10:17:13Z,DefiLlama,2,,80,engine/crypto/README.md,
ADA,crypto,fundamental,tvl_percentile_365d,1.7,,%,2026-09-11,2026-09-11T10:14:16Z,DefiLlama,2,,80,engine/crypto/README.md,
ADA,crypto,fundamental,tvl_percentile_365d,1.9,,%,2026-09-12,2026-09-12T09:48:36Z,DefiLlama,2,,80,engine/crypto/README.md,
ADA,crypto,tecnico,atr14,0.011555,,EUR,2026-09-05,2026-09-05T09:41:30Z,Kraken,2,100,,engine/technical/README.md,
ADA,crypto,tecnico,atr14,0.011524,,EUR,2026-09-06,2026-09-06T09:56:29Z,Kraken,2,100,,engine/technical/README.md,
ADA,crypto,tecnico,atr14,0.011511,,EUR,2026-09-07,2026-09-07T11:02:52Z,Kraken,2,100,,engine/technical/README.md,
ADA,crypto,tecnico,atr14,0.01112,,EUR,2026-09-08,2026-09-08T10:18:57Z,Kraken,2,100,,engine/technical/README.md,
ADA,crypto,tecnico,atr14,0.011318,,EUR,2026-09-09,2026-09-09T10:24:07Z,Kraken,2,100,,engine/technical/README.md,
ADA,crypto,tecnico,atr14,0.011288,,EUR,2026-09-10,2026-09-10T10:17:13Z,Kraken,2,100,,engine/technical/README.md,
ADA,crypto,tecnico,atr14,0.011173,,EUR,2026-09-11,2026-09-11T10:14:16Z,Kraken,2,100,,engine/technical/README.md,
ADA,crypto,tecnico,atr14,0.01113,,EUR,2026-09-12,2026-09-12T09:48:36Z,Kraken,2,100,,engine/technical/README.md,
ADA,crypto,tecnico,atr14_pct_precio,6.28,,%,2026-09-05,2026-09-05T09:41:30Z,Kraken,2,100,,engine/technical/README.md,
ADA,crypto,tecnico,atr14_pct_precio,6.09,,%,2026-09-06,2026-09-06T09:56:29Z,Kraken,2,100,,engine/technical/README.md,
ADA,crypto,tecnico,atr14_pct_precio,6.12,,%,2026-09-07,2026-09-07T11:02:52Z,Kraken,2,100,,engine/technical/README.md,
ADA,crypto,tecnico,atr14_pct_precio,5.85,,%,2026-09-08,2026-09-08T10:18:57Z,Kraken,2,100,,engine/technical/README.md,
ADA,crypto,tecnico,atr14_pct_precio,6.03,,%,2026-09-09,2026-09-09T10:24:07Z,Kraken,2,100,,engine/technical/README.md,
ADA,crypto,tecnico,atr14_pct_precio,6.16,,%,2026-09-10,2026-09-10T10:17:13Z,Kraken,2,100,,engine/technical/README.md,
ADA,crypto,tecnico,atr14_pct_precio,6.34,,%,2026-09-11,2026-09-11T10:14:16Z,Kraken,2,100,,engine/technical/README.md,
ADA,crypto,tecnico,atr14_pct_precio,6.18,,%,2026-09-12,2026-09-12T09:48:36Z,Kraken,2,100,,engine/technical/README.md,
ADA,crypto,tecnico,confluencia_sesgo,,mixto (2/4 señales alcistas — sin confluencia clara),categorico,2026-09-05,2026-09-05T09:41:30Z,Kraken,2,100,,engine/technical/README.md,
ADA,crypto,tecnico,confluencia_sesgo,,confluencia alcista (todas las señales coinciden),categorico,2026-09-06,2026-09-06T09:56:29Z,Kraken,2,100,,engine/technical/README.md,
ADA,crypto,tecnico,confluencia_sesgo,,mixto (3/4 señales alcistas — sin confluencia clara),categorico,2026-09-07,2026-09-07T11:02:52Z,Kraken,2,100,,engine/technical/README.md,
ADA,crypto,tecnico,confluencia_sesgo,,confluencia alcista (todas las señales coinciden),categorico,2026-09-08,2026-09-08T10:18:57Z,Kraken,2,100,,engine/technical/README.md,
ADA,crypto,tecnico,confluencia_sesgo,,mixto (3/4 señales alcistas — sin confluencia clara),categorico,2026-09-09,2026-09-09T10:24:07Z,Kraken,2,100,,engine/technical/README.md,
ADA,crypto,tecnico,confluencia_sesgo,,mixto (2/4 señales alcistas — sin confluencia clara),categorico,2026-09-10,2026-09-10T10:17:13Z,Kraken,2,100,,engine/technical/README.md,
ADA,crypto,tecnico,confluencia_sesgo,,mixto (1/4 señales alcistas — sin confluencia clara),categorico,2026-09-11,2026-09-11T10:14:16Z,Kraken,2,100,,engine/technical/README.md,
ADA,crypto,tecnico,confluencia_sesgo,,mixto (2/4 señales alcistas — sin confluencia clara),categorico,2026-09-12,2026-09-12T09:48:36Z,Kraken,2,100,,engine/technical/README.md,
ADA,crypto,tecnico,posicion_rango_90d_pct,82.6,,%,2026-09-05,2026-09-05T09:41:30Z,Kraken,2,100,,engine/technical/README.md,
ADA,crypto,tecnico,posicion_rango_90d_pct,90.0,,%,2026-09-06,2026-09-06T09:56:29Z,Kraken,2,100,,engine/technical/README.md,
ADA,crypto,tecnico,posicion_rango_90d_pct,88.7,,%,2026-09-07,2026-09-07T11:02:52Z,Kraken,2,100,,engine/technical/README.md,
ADA,crypto,tecnico,posicion_rango_90d_pct,91.5,,%,2026-09-08,2026-09-08T10:18:57Z,Kraken,2,100,,engine/technical/README.md,
ADA,crypto,tecnico,posicion_rango_90d_pct,88.2,,%,2026-09-09,2026-09-09T10:24:07Z,Kraken,2,100,,engine/technical/README.md,
ADA,crypto,tecnico,posicion_rango_90d_pct,81.8,,%,2026-09-10,2026-09-10T10:17:13Z,Kraken,2,100,,engine/technical/README.md,
ADA,crypto,tecnico,posicion_rango_90d_pct,71.8,,%,2026-09-11,2026-09-11T10:14:16Z,Kraken,2,100,,engine/technical/README.md,
ADA,crypto,tecnico,posicion_rango_90d_pct,77.1,,%,2026-09-12,2026-09-12T09:48:36Z,Kraken,2,100,,engine/technical/README.md,
ADA,crypto,tecnico,precio,0.183934,,EUR,2026-09-05,2026-09-05T09:41:30Z,Kraken,2,100,,engine/technical/README.md,
ADA,crypto,tecnico,precio,0.189099,,EUR,2026-09-06,2026-09-06T09:56:29Z,Kraken,2,100,,engine/technical/README.md,
ADA,crypto,tecnico,precio,0.188214,,EUR,2026-09-07,2026-09-07T11:02:52Z,Kraken,2,100,,engine/technical/README.md,
ADA,crypto,tecnico,precio,0.190136,,EUR,2026-09-08,2026-09-08T10:18:57Z,Kraken,2,100,,engine/technical/README.md,
ADA,crypto,tecnico,precio,0.187822,,EUR,2026-09-09,2026-09-09T10:24:07Z,Kraken,2,100,,engine/technical/README.md,
ADA,crypto,tecnico,precio,0.183376,,EUR,2026-09-10,2026-09-10T10:17:13Z,Kraken,2,100,,engine/technical/README.md,
ADA,crypto,tecnico,precio,0.176319,,EUR,2026-09-11,2026-09-11T10:14:16Z,Kraken,2,100,,engine/technical/README.md,
ADA,crypto,tecnico,precio,0.180035,,EUR,2026-09-12,2026-09-12T09:48:36Z,Kraken,2,100,,engine/technical/README.md,
ADA,crypto,tecnico,rsi14,57.7,,indice,2026-09-05,2026-09-05T09:41:30Z,Kraken,2,100,,engine/technical/README.md,
ADA,crypto,tecnico,rsi14,60.4,,indice,2026-09-06,2026-09-06T09:56:29Z,Kraken,2,100,,engine/technical/README.md,
ADA,crypto,tecnico,rsi14,58.7,,indice,2026-09-07,2026-09-07T11:02:52Z,Kraken,2,100,,engine/technical/README.md,
ADA,crypto,tecnico,rsi14,60.1,,indice,2026-09-08,2026-09-08T10:18:57Z,Kraken,2,100,,engine/technical/README.md,
ADA,crypto,tecnico,rsi14,58.3,,indice,2026-09-09,2026-09-09T10:24:07Z,Kraken,2,100,,engine/technical/README.md,
ADA,crypto,tecnico,rsi14,54.5,,indice,2026-09-10,2026-09-10T10:17:13Z,Kraken,2,100,,engine/technical/README.md,
ADA,crypto,tecnico,rsi14,49.4,,indice,2026-09-11,2026-09-11T10:14:16Z,Kraken,2,100,,engine/technical/README.md,
ADA,crypto,tecnico,rsi14,52.1,,indice,2026-09-12,2026-09-12T09:48:36Z,Kraken,2,100,,engine/technical/README.md,
ADA,crypto,tecnico,sma100,0.156359,,EUR,2026-09-05,2026-09-05T09:41:30Z,Kraken,2,100,,engine/technical/README.md,
ADA,crypto,tecnico,sma100,0.156296,,EUR,2026-09-06,2026-09-06T09:56:29Z,Kraken,2,100,,engine/technical/README.md,
ADA,crypto,tecnico,sma100,0.156189,,EUR,2026-09-07,2026-09-07T11:02:52Z,Kraken,2,100,,engine/technical/README.md,
ADA,crypto,tecnico,sma100,0.156084,,EUR,2026-09-08,2026-09-08T10:18:57Z,Kraken,2,100,,engine/technical/README.md,
ADA,crypto,tecnico,sma100,0.155968,,EUR,2026-09-09,2026-09-09T10:24:07Z,Kraken,2,100,,engine/technical/README.md,
ADA,crypto,tecnico,sma100,0.155917,,EUR,2026-09-10,2026-09-10T10:17:13Z,Kraken,2,100,,engine/technical/README.md,
ADA,crypto,tecnico,sma100,0.155884,,EUR,2026-09-11,2026-09-11T10:14:16Z,Kraken,2,100,,engine/technical/README.md,
ADA,crypto,tecnico,sma100,0.156152,,EUR,2026-09-12,2026-09-12T09:48:36Z,Kraken,2,100,,engine/technical/README.md,
ADA,crypto,tecnico,sma20,0.176766,,EUR,2026-09-05,2026-09-05T09:41:30Z,Kraken,2,100,,engine/technical/README.md,
ADA,crypto,tecnico,sma20,0.178912,,EUR,2026-09-06,2026-09-06T09:56:29Z,Kraken,2,100,,engine/technical/README.md,
ADA,crypto,tecnico,sma20,0.180953,,EUR,2026-09-07,2026-09-07T11:02:52Z,Kraken,2,100,,engine/technical/README.md,
ADA,crypto,tecnico,sma20,0.182524,,EUR,2026-09-08,2026-09-08T10:18:57Z,Kraken,2,100,,engine/technical/README.md,
ADA,crypto,tecnico,sma20,0.183333,,EUR,2026-09-09,2026-09-09T10:24:07Z,Kraken,2,100,,engine/technical/README.md,
ADA,crypto,tecnico,sma20,0.182418,,EUR,2026-09-10,2026-09-10T10:17:13Z,Kraken,2,100,,engine/technical/README.md,
ADA,crypto,tecnico,sma20,0.181225,,EUR,2026-09-11,2026-09-11T10:14:16Z,Kraken,2,100,,engine/technical/README.md,
ADA,crypto,tecnico,sma20,0.180578,,EUR,2026-09-12,2026-09-12T09:48:36Z,Kraken,2,100,,engine/technical/README.md,
ADA,crypto,tecnico,sma200,0.188837,,EUR,2026-09-05,2026-09-05T09:41:30Z,Kraken,2,100,,engine/technical/README.md,
ADA,crypto,tecnico,sma200,0.188642,,EUR,2026-09-06,2026-09-06T09:56:29Z,Kraken,2,100,,engine/technical/README.md,
ADA,crypto,tecnico,sma200,0.18844,,EUR,2026-09-07,2026-09-07T11:02:52Z,Kraken,2,100,,engine/technical/README.md,
ADA,crypto,tecnico,sma200,0.188189,,EUR,2026-09-08,2026-09-08T10:18:57Z,Kraken,2,100,,engine/technical/README.md,
ADA,crypto,tecnico,sma200,0.187933,,EUR,2026-09-09,2026-09-09T10:24:07Z,Kraken,2,100,,engine/technical/README.md,
ADA,crypto,tecnico,sma200,0.187673,,EUR,2026-09-10,2026-09-10T10:17:13Z,Kraken,2,100,,engine/technical/README.md,
ADA,crypto,tecnico,sma200,0.187407,,EUR,2026-09-11,2026-09-11T10:14:16Z,Kraken,2,100,,engine/technical/README.md,
ADA,crypto,tecnico,sma200,0.187216,,EUR,2026-09-12,2026-09-12T09:48:36Z,Kraken,2,100,,engine/technical/README.md,
ADA,crypto,tecnico,sma50,0.163669,,EUR,2026-09-05,2026-09-05T09:41:30Z,Kraken,2,100,,engine/technical/README.md,
ADA,crypto,tecnico,sma50,0.164617,,EUR,2026-09-06,2026-09-06T09:56:29Z,Kraken,2,100,,engine/technical/README.md,
ADA,crypto,tecnico,sma50,0.16554,,EUR,2026-09-07,2026-09-07T11:02:52Z,Kraken,2,100,,engine/technical/README.md,
ADA,crypto,tecnico,sma50,0.166397,,EUR,2026-09-08,2026-09-08T10:18:57Z,Kraken,2,100,,engine/technical/README.md,
ADA,crypto,tecnico,sma50,0.167081,,EUR,2026-09-09,2026-09-09T10:24:07Z,Kraken,2,100,,engine/technical/README.md,
ADA,crypto,tecnico,sma50,0.167584,,EUR,2026-09-10,2026-09-10T10:17:13Z,Kraken,2,100,,engine/technical/README.md,
ADA,crypto,tecnico,sma50,0.168009,,EUR,2026-09-11,2026-09-11T10:14:16Z,Kraken,2,100,,engine/technical/README.md,
ADA,crypto,tecnico,sma50,0.168757,,EUR,2026-09-12,2026-09-12T09:48:36Z,Kraken,2,100,,engine/technical/README.md,
ADA,crypto,tecnico,volatilidad_hist_30d_anualizada_pct,79.9,,%,2026-09-05,2026-09-05T09:41:30Z,Kraken,2,100,,engine/technical/README.md,
ADA,crypto,tecnico,volatilidad_hist_30d_anualizada_pct,80.5,,%,2026-09-06,2026-09-06T09:56:29Z,Kraken,2,100,,engine/technical/README.md,
ADA,crypto,tecnico,volatilidad_hist_30d_anualizada_pct,81.2,,%,2026-09-07,2026-09-07T11:02:52Z,Kraken,2,100,,engine/technical/README.md,
ADA,crypto,tecnico,volatilidad_hist_30d_anualizada_pct,80.3,,%,2026-09-08,2026-09-08T10:18:57Z,Kraken,2,100,,engine/technical/README.md,
ADA,crypto,tecnico,volatilidad_hist_30d_anualizada_pct,80.0,,%,2026-09-09,2026-09-09T10:24:07Z,Kraken,2,100,,engine/technical/README.md,
ADA,crypto,tecnico,volatilidad_hist_30d_anualizada_pct,80.8,,%,2026-09-10,2026-09-10T10:17:13Z,Kraken,2,100,,engine/technical/README.md,
ADA,crypto,tecnico,volatilidad_hist_30d_anualizada_pct,81.3,,%,2026-09-11,2026-09-11T10:14:16Z,Kraken,2,100,,engine/technical/README.md,
ADA,crypto,tecnico,volatilidad_hist_30d_anualizada_pct,81.3,,%,2026-09-12,2026-09-12T09:48:36Z,Kraken,2,100,,engine/technical/README.md,
ADA,crypto,tecnico,volumen,2079762.148536,,unidades,2026-09-05,2026-09-05T09:41:30Z,Kraken,2,100,,engine/technical/README.md,
ADA,crypto,tecnico,volumen,2903542.623932,,unidades,2026-09-06,2026-09-06T09:56:29Z,Kraken,2,100,,engine/technical/README.md,
ADA,crypto,tecnico,volumen,3567171.150001,,unidades,2026-09-07,2026-09-07T11:02:52Z,Kraken,2,100,,engine/technical/README.md,
ADA,crypto,tecnico,volumen,3600147.9599,,unidades,2026-09-08,2026-09-08T10:18:57Z,Kraken,2,100,,engine/technical/README.md,
ADA,crypto,tecnico,volumen,2886586.045971,,unidades,2026-09-09,2026-09-09T10:24:07Z,Kraken,2,100,,engine/technical/README.md,
ADA,crypto,tecnico,volumen,3433626.164576,,unidades,2026-09-10,2026-09-10T10:17:13Z,Kraken,2,100,,engine/technical/README.md,
ADA,crypto,tecnico,volumen,4536559.524878,,unidades,2026-09-11,2026-09-11T10:14:16Z,Kraken,2,100,,engine/technical/README.md,
ADA,crypto,tecnico,volumen,3419843.907273,,unidades,2026-09-12,2026-09-12T09:48:36Z,Kraken,2,100,,engine/technical/README.md,
