asset_id,asset_type,domain,metric,value,value_text,unit,data_as_of,retrieved_at,source,source_priority,confidence_pct,data_quality_pct,calculation_method,source_url
BTC,crypto,fundamental,fdv_mcap_ratio,1.0,,ratio,2026-07-20,2026-09-04T11:17:40Z,CoinGecko,2,,80,engine/crypto/README.md,
BTC,crypto,fundamental,fdv_mcap_ratio,1.0,,ratio,2026-09-04,2026-09-04T10:11:47Z,CoinGecko,2,,80,engine/crypto/README.md,
BTC,crypto,fundamental,market_cap_percentile_365d,11.0,,%,2026-07-20,2026-09-04T11:17:40Z,CoinGecko,2,,80,engine/crypto/README.md,
BTC,crypto,fundamental,market_cap_percentile_365d,33.3,,%,2026-09-04,2026-09-04T10:11:47Z,CoinGecko,2,,80,engine/crypto/README.md,
BTC,crypto,fundamental,supply_pct_of_max,95.5,,%,2026-07-20,2026-09-04T11:17:40Z,CoinGecko,2,,80,engine/crypto/README.md,
BTC,crypto,fundamental,supply_pct_of_max,95.6,,%,2026-09-04,2026-09-04T10:11:47Z,CoinGecko,2,,80,engine/crypto/README.md,
BTC,crypto,tecnico,atr14,2227.091556,,EUR,2026-01-01,2026-09-04T15:49:34Z,Coinbase,2,,,engine/technical/README.md,
BTC,crypto,tecnico,atr14,2242.286445,,EUR,2026-01-02,2026-09-04T15:49:34Z,Coinbase,2,,,engine/technical/README.md,
BTC,crypto,tecnico,atr14,2171.927413,,EUR,2026-01-03,2026-09-04T15:49:34Z,Coinbase,2,,,engine/technical/README.md,
BTC,crypto,tecnico,atr14,2087.254741,,EUR,2026-01-04,2026-09-04T15:49:34Z,Coinbase,2,,,engine/technical/README.md,
BTC,crypto,tecnico,atr14,2132.528688,,EUR,2026-01-05,2026-09-04T15:49:34Z,Coinbase,2,,,engine/technical/README.md,
BTC,crypto,tecnico,atr14,2175.562353,,EUR,2026-01-06,2026-09-04T15:49:34Z,Coinbase,2,,,engine/technical/README.md,
BTC,crypto,tecnico,atr14,2207.810757,,EUR,2026-01-07,2026-09-04T15:49:34Z,Coinbase,2,,,engine/technical/README.md,
BTC,crypto,tecnico,atr14,2190.33856,,EUR,2026-01-08,2026-09-04T15:49:34Z,Coinbase,2,,,engine/technical/README.md,
BTC,crypto,tecnico,atr14,2183.914377,,EUR,2026-01-09,2026-09-04T15:49:34Z,Coinbase,2,,,engine/technical/README.md,
BTC,crypto,tecnico,atr14,2055.589064,,EUR,2026-01-10,2026-09-04T15:49:34Z,Coinbase,2,,,engine/technical/README.md,
BTC,crypto,tecnico,atr14,1971.229845,,EUR,2026-01-11,2026-09-04T15:49:34Z,Coinbase,2,,,engine/technical/README.md,
BTC,crypto,tecnico,atr14,1987.366285,,EUR,2026-01-12,2026-09-04T15:49:34Z,Coinbase,2,,,engine/technical/README.md,
BTC,crypto,tecnico,atr14,2184.512265,,EUR,2026-01-13,2026-09-04T15:49:34Z,Coinbase,2,,,engine/technical/README.md,
BTC,crypto,tecnico,atr14,2240.14496,,EUR,2026-01-14,2026-09-04T15:49:34Z,Coinbase,2,,,engine/technical/README.md,
BTC,crypto,tecnico,atr14,2206.561034,,EUR,2026-01-15,2026-09-04T15:49:34Z,Coinbase,2,,,engine/technical/README.md,
BTC,crypto,tecnico,atr14,2138.298818,,EUR,2026-01-16,2026-09-04T15:49:34Z,Coinbase,2,,,engine/technical/README.md,
BTC,crypto,tecnico,atr14,2024.568902,,EUR,2026-01-17,2026-09-04T15:49:34Z,Coinbase,2,,,engine/technical/README.md,
BTC,crypto,tecnico,atr14,2017.264695,,EUR,2026-01-18,2026-09-04T15:49:34Z,Coinbase,2,,,engine/technical/README.md,
BTC,crypto,tecnico,atr14,1978.137217,,EUR,2026-01-19,2026-09-04T15:49:34Z,Coinbase,2,,,engine/technical/README.md,
BTC,crypto,tecnico,atr14,2183.485272,,EUR,2026-01-20,2026-09-04T15:49:34Z,Coinbase,2,,,engine/technical/README.md,
BTC,crypto,tecnico,atr14,2233.583467,,EUR,2026-01-21,2026-09-04T15:49:34Z,Coinbase,2,,,engine/technical/README.md,
BTC,crypto,tecnico,atr14,2208.418934,,EUR,2026-01-22,2026-09-04T15:49:34Z,Coinbase,2,,,engine/technical/README.md,
BTC,crypto,tecnico,atr14,2194.882582,,EUR,2026-01-23,2026-09-04T15:49:34Z,Coinbase,2,,,engine/technical/README.md,
BTC,crypto,tecnico,atr14,2085.850254,,EUR,2026-01-24,2026-09-04T15:49:34Z,Coinbase,2,,,engine/technical/README.md,
BTC,crypto,tecnico,atr14,2159.25095,,EUR,2026-01-25,2026-09-04T15:49:34Z,Coinbase,2,,,engine/technical/README.md,
BTC,crypto,tecnico,atr14,2142.525168,,EUR,2026-01-26,2026-09-04T15:49:34Z,Coinbase,2,,,engine/technical/README.md,
BTC,crypto,tecnico,atr14,2132.731942,,EUR,2026-01-27,2026-09-04T15:49:34Z,Coinbase,2,,,engine/technical/README.md,
BTC,crypto,tecnico,atr14,2111.452517,,EUR,2026-01-28,2026-09-04T15:49:34Z,Coinbase,2,,,engine/technical/README.md,
BTC,crypto,tecnico,atr14,2311.039481,,EUR,2026-01-29,2026-09-04T15:49:34Z,Coinbase,2,,,engine/technical/README.md,
BTC,crypto,tecnico,atr14,2381.645946,,EUR,2026-01-30,2026-09-04T15:49:34Z,Coinbase,2,,,engine/technical/README.md,
BTC,crypto,tecnico,atr14,2718.368379,,EUR,2026-01-31,2026-09-04T15:49:34Z,Coinbase,2,,,engine/technical/README.md,
BTC,crypto,tecnico,atr14,2756.099923,,EUR,2026-02-01,2026-09-04T15:49:34Z,Coinbase,2,,,engine/technical/README.md,
BTC,crypto,tecnico,atr14,2874.810643,,EUR,2026-02-02,2026-09-04T15:49:34Z,Coinbase,2,,,engine/technical/README.md,
BTC,crypto,tecnico,atr14,3047.67774,,EUR,2026-02-03,2026-09-04T15:49:34Z,Coinbase,2,,,engine/technical/README.md,
BTC,crypto,tecnico,atr14,3137.202901,,EUR,2026-02-04,2026-09-04T15:49:34Z,Coinbase,2,,,engine/technical/README.md,
BTC,crypto,tecnico,atr14,3569.188408,,EUR,2026-02-05,2026-09-04T15:49:34Z,Coinbase,2,,,engine/technical/README.md,
BTC,crypto,tecnico,atr14,4016.163522,,EUR,2026-02-06,2026-09-04T15:49:34Z,Coinbase,2,,,engine/technical/README.md,
BTC,crypto,tecnico,atr14,3993.16327,,EUR,2026-02-07,2026-09-04T15:49:34Z,Coinbase,2,,,engine/technical/README.md,
BTC,crypto,tecnico,atr14,3910.231608,,EUR,2026-02-08,2026-09-04T15:49:34Z,Coinbase,2,,,engine/technical/README.md,
BTC,crypto,tecnico,atr14,3852.22935,,EUR,2026-02-09,2026-09-04T15:49:34Z,Coinbase,2,,,engine/technical/README.md,
BTC,crypto,tecnico,atr14,3734.714397,,EUR,2026-02-10,2026-09-04T15:49:34Z,Coinbase,2,,,engine/technical/README.md,
BTC,crypto,tecnico,atr14,3668.489083,,EUR,2026-02-11,2026-09-04T15:49:34Z,Coinbase,2,,,engine/technical/README.md,
BTC,crypto,tecnico,atr14,3595.165577,,EUR,2026-02-12,2026-09-04T15:49:34Z,Coinbase,2,,,engine/technical/README.md,
BTC,crypto,tecnico,atr14,3553.197321,,EUR,2026-02-13,2026-09-04T15:49:34Z,Coinbase,2,,,engine/technical/README.md,
BTC,crypto,tecnico,atr14,3415.948227,,EUR,2026-02-14,2026-09-04T15:49:34Z,Coinbase,2,,,engine/technical/README.md,
BTC,crypto,tecnico,atr14,3356.745497,,EUR,2026-02-15,2026-09-04T15:49:34Z,Coinbase,2,,,engine/technical/README.md,
BTC,crypto,tecnico,atr14,3284.661532,,EUR,2026-02-16,2026-09-04T15:49:34Z,Coinbase,2,,,engine/technical/README.md,
BTC,crypto,tecnico,atr14,3195.700709,,EUR,2026-02-17,2026-09-04T15:49:34Z,Coinbase,2,,,engine/technical/README.md,
BTC,crypto,tecnico,atr14,3108.707087,,EUR,2026-02-18,2026-09-04T15:49:34Z,Coinbase,2,,,engine/technical/README.md,
BTC,crypto,tecnico,atr14,2974.605152,,EUR,2026-02-19,2026-09-04T15:49:34Z,Coinbase,2,,,engine/technical/README.md,
BTC,crypto,tecnico,atr14,2875.576212,,EUR,2026-02-20,2026-09-04T15:49:34Z,Coinbase,2,,,engine/technical/README.md,
BTC,crypto,tecnico,atr14,2743.37434,,EUR,2026-02-21,2026-09-04T15:49:34Z,Coinbase,2,,,engine/technical/README.md,
BTC,crypto,tecnico,atr14,2612.42903,,EUR,2026-02-22,2026-09-04T15:49:34Z,Coinbase,2,,,engine/technical/README.md,
BTC,crypto,tecnico,atr14,2642.152671,,EUR,2026-02-23,2026-09-04T15:49:34Z,Coinbase,2,,,engine/technical/README.md,
BTC,crypto,tecnico,atr14,2595.891052,,EUR,2026-02-24,2026-09-04T15:49:34Z,Coinbase,2,,,engine/technical/README.md,
BTC,crypto,tecnico,atr14,2769.106691,,EUR,2026-02-25,2026-09-04T15:49:34Z,Coinbase,2,,,engine/technical/README.md,
BTC,crypto,tecnico,atr14,2703.086213,,EUR,2026-02-26,2026-09-04T15:49:34Z,Coinbase,2,,,engine/technical/README.md,
BTC,crypto,tecnico,atr14,2709.948626,,EUR,2026-02-27,2026-09-04T15:49:34Z,Coinbase,2,,,engine/technical/README.md,
BTC,crypto,tecnico,atr14,2803.330867,,EUR,2026-02-28,2026-09-04T15:49:34Z,Coinbase,2,,,engine/technical/README.md,
BTC,crypto,tecnico,atr14,2786.390091,,EUR,2026-03-01,2026-09-04T15:49:34Z,Coinbase,2,,,engine/technical/README.md,
BTC,crypto,tecnico,atr14,2887.878656,,EUR,2026-03-02,2026-09-04T15:49:34Z,Coinbase,2,,,engine/technical/README.md,
BTC,crypto,tecnico,atr14,2852.85018,,EUR,2026-03-03,2026-09-04T15:49:34Z,Coinbase,2,,,engine/technical/README.md,
BTC,crypto,tecnico,atr14,3050.464453,,EUR,2026-03-04,2026-09-04T15:49:34Z,Coinbase,2,,,engine/technical/README.md,
BTC,crypto,tecnico,atr14,3003.895564,,EUR,2026-03-05,2026-09-04T15:49:34Z,Coinbase,2,,,engine/technical/README.md,
BTC,crypto,tecnico,atr14,3007.891595,,EUR,2026-03-06,2026-09-04T15:49:34Z,Coinbase,2,,,engine/technical/README.md,
BTC,crypto,tecnico,atr14,2891.507195,,EUR,2026-03-07,2026-09-04T15:49:34Z,Coinbase,2,,,engine/technical/README.md,
BTC,crypto,tecnico,atr14,2825.257396,,EUR,2026-03-08,2026-09-04T15:49:34Z,Coinbase,2,,,engine/technical/README.md,
BTC,crypto,tecnico,atr14,2835.056867,,EUR,2026-03-09,2026-09-04T15:49:34Z,Coinbase,2,,,engine/technical/README.md,
BTC,crypto,tecnico,atr14,2833.022805,,EUR,2026-03-10,2026-09-04T15:49:34Z,Coinbase,2,,,engine/technical/README.md,
BTC,crypto,tecnico,atr14,2784.101891,,EUR,2026-03-11,2026-09-04T15:49:34Z,Coinbase,2,,,engine/technical/README.md,
BTC,crypto,tecnico,atr14,2687.88247,,EUR,2026-03-12,2026-09-04T15:49:34Z,Coinbase,2,,,engine/technical/README.md,
BTC,crypto,tecnico,atr14,2733.165865,,EUR,2026-03-13,2026-09-04T15:49:34Z,Coinbase,2,,,engine/technical/README.md,
BTC,crypto,tecnico,atr14,2601.032589,,EUR,2026-03-14,2026-09-04T15:49:34Z,Coinbase,2,,,engine/technical/README.md,
BTC,crypto,tecnico,atr14,2552.308833,,EUR,2026-03-15,2026-09-04T15:49:34Z,Coinbase,2,,,engine/technical/README.md,
BTC,crypto,tecnico,atr14,2512.27963,,EUR,2026-03-16,2026-09-04T15:49:34Z,Coinbase,2,,,engine/technical/README.md,
BTC,crypto,tecnico,atr14,2509.088228,,EUR,2026-03-17,2026-09-04T15:49:34Z,Coinbase,2,,,engine/technical/README.md,
BTC,crypto,tecnico,atr14,2564.305497,,EUR,2026-03-18,2026-09-04T15:49:34Z,Coinbase,2,,,engine/technical/README.md,
BTC,crypto,tecnico,atr14,2565.803676,,EUR,2026-03-19,2026-09-04T15:49:34Z,Coinbase,2,,,engine/technical/README.md,
BTC,crypto,tecnico,atr14,2499.913414,,EUR,2026-03-20,2026-09-04T15:49:34Z,Coinbase,2,,,engine/technical/README.md,
BTC,crypto,tecnico,atr14,2473.996027,,EUR,2026-03-21,2026-09-04T15:49:34Z,Coinbase,2,,,engine/technical/README.md,
BTC,crypto,tecnico,atr14,2425.853454,,EUR,2026-03-22,2026-09-04T15:49:34Z,Coinbase,2,,,engine/technical/README.md,
BTC,crypto,tecnico,atr14,2500.098921,,EUR,2026-03-23,2026-09-04T15:49:34Z,Coinbase,2,,,engine/technical/README.md,
BTC,crypto,tecnico,atr14,2464.236855,,EUR,2026-03-24,2026-09-04T15:49:34Z,Coinbase,2,,,engine/technical/README.md,
BTC,crypto,tecnico,atr14,2392.784937,,EUR,2026-03-25,2026-09-04T15:49:34Z,Coinbase,2,,,engine/technical/README.md,
BTC,crypto,tecnico,atr14,2415.093156,,EUR,2026-03-26,2026-09-04T15:49:34Z,Coinbase,2,,,engine/technical/README.md,
BTC,crypto,tecnico,atr14,2455.987931,,EUR,2026-03-27,2026-09-04T15:49:34Z,Coinbase,2,,,engine/technical/README.md,
BTC,crypto,tecnico,atr14,2368.708078,,EUR,2026-03-28,2026-09-04T15:49:34Z,Coinbase,2,,,engine/technical/README.md,
BTC,crypto,tecnico,atr14,2326.676787,,EUR,2026-03-29,2026-09-04T15:49:34Z,Coinbase,2,,,engine/technical/README.md,
BTC,crypto,tecnico,atr14,2311.212731,,EUR,2026-03-30,2026-09-04T15:49:34Z,Coinbase,2,,,engine/technical/README.md,
BTC,crypto,tecnico,atr14,2287.831821,,EUR,2026-03-31,2026-09-04T15:49:34Z,Coinbase,2,,,engine/technical/README.md,
BTC,crypto,tecnico,atr14,2226.824549,,EUR,2026-04-01,2026-09-04T15:49:34Z,Coinbase,2,,,engine/technical/README.md,
BTC,crypto,tecnico,atr14,2222.885652,,EUR,2026-04-02,2026-09-04T15:49:34Z,Coinbase,2,,,engine/technical/README.md,
BTC,crypto,tecnico,atr14,2131.010248,,EUR,2026-04-03,2026-09-04T15:49:34Z,Coinbase,2,,,engine/technical/README.md,
BTC,crypto,tecnico,atr14,2026.085945,,EUR,2026-04-04,2026-09-04T15:49:34Z,Coinbase,2,,,engine/technical/README.md,
BTC,crypto,tecnico,atr14,2038.08552,,EUR,2026-04-05,2026-09-04T15:49:34Z,Coinbase,2,,,engine/technical/README.md,
BTC,crypto,tecnico,atr14,2018.772983,,EUR,2026-04-06,2026-09-04T15:49:34Z,Coinbase,2,,,engine/technical/README.md,
BTC,crypto,tecnico,atr14,2144.996342,,EUR,2026-04-07,2026-09-04T15:49:34Z,Coinbase,2,,,engine/technical/README.md,
BTC,crypto,tecnico,atr14,2115.780889,,EUR,2026-04-08,2026-09-04T15:49:34Z,Coinbase,2,,,engine/technical/README.md,
BTC,crypto,tecnico,atr14,2118.690825,,EUR,2026-04-09,2026-09-04T15:49:34Z,Coinbase,2,,,engine/technical/README.md,
BTC,crypto,tecnico,atr14,2075.242909,,EUR,2026-04-10,2026-09-04T15:49:34Z,Coinbase,2,,,engine/technical/README.md,
BTC,crypto,tecnico,atr14,2003.380558,,EUR,2026-04-11,2026-09-04T15:49:34Z,Coinbase,2,,,engine/technical/README.md,
BTC,crypto,tecnico,atr14,2012.841233,,EUR,2026-04-12,2026-09-04T15:49:34Z,Coinbase,2,,,engine/technical/README.md,
BTC,crypto,tecnico,atr14,2102.561859,,EUR,2026-04-13,2026-09-04T15:49:34Z,Coinbase,2,,,engine/technical/README.md,
BTC,crypto,tecnico,atr14,2084.716012,,EUR,2026-04-14,2026-09-04T15:49:34Z,Coinbase,2,,,engine/technical/README.md,
BTC,crypto,tecnico,atr14,2045.461297,,EUR,2026-04-15,2026-09-04T15:49:34Z,Coinbase,2,,,engine/technical/README.md,
BTC,crypto,tecnico,atr14,2030.989776,,EUR,2026-04-16,2026-09-04T15:49:34Z,Coinbase,2,,,engine/technical/README.md,
BTC,crypto,tecnico,atr14,2108.949792,,EUR,2026-04-17,2026-09-04T15:49:34Z,Coinbase,2,,,engine/technical/README.md,
BTC,crypto,tecnico,atr14,2078.300521,,EUR,2026-04-18,2026-09-04T15:49:34Z,Coinbase,2,,,engine/technical/README.md,
BTC,crypto,tecnico,atr14,2076.539055,,EUR,2026-04-19,2026-09-04T15:49:34Z,Coinbase,2,,,engine/technical/README.md,
BTC,crypto,tecnico,atr14,2082.807694,,EUR,2026-04-20,2026-09-04T15:49:34Z,Coinbase,2,,,engine/technical/README.md,
BTC,crypto,tecnico,atr14,2046.892144,,EUR,2026-04-21,2026-09-04T15:49:34Z,Coinbase,2,,,engine/technical/README.md,
BTC,crypto,tecnico,atr14,2116.110563,,EUR,2026-04-22,2026-09-04T15:49:34Z,Coinbase,2,,,engine/technical/README.md,
BTC,crypto,tecnico,atr14,2052.750522,,EUR,2026-04-23,2026-09-04T15:49:34Z,Coinbase,2,,,engine/technical/README.md,
BTC,crypto,tecnico,atr14,1998.861914,,EUR,2026-04-24,2026-09-04T15:49:34Z,Coinbase,2,,,engine/technical/README.md,
BTC,crypto,tecnico,atr14,1899.707491,,EUR,2026-04-25,2026-09-04T15:49:34Z,Coinbase,2,,,engine/technical/README.md,
BTC,crypto,tecnico,atr14,1861.025528,,EUR,2026-04-26,2026-09-04T15:49:34Z,Coinbase,2,,,engine/technical/README.md,
BTC,crypto,tecnico,atr14,1914.037276,,EUR,2026-04-27,2026-09-04T15:49:34Z,Coinbase,2,,,engine/technical/README.md,
BTC,crypto,tecnico,atr14,1878.063185,,EUR,2026-04-28,2026-09-04T15:49:34Z,Coinbase,2,,,engine/technical/README.md,
BTC,crypto,tecnico,atr14,1913.0801,,EUR,2026-04-29,2026-09-04T15:49:34Z,Coinbase,2,,,engine/technical/README.md,
BTC,crypto,tecnico,atr14,1845.594379,,EUR,2026-04-30,2026-09-04T15:49:34Z,Coinbase,2,,,engine/technical/README.md,
BTC,crypto,tecnico,atr14,1860.616209,,EUR,2026-05-01,2026-09-04T15:49:34Z,Coinbase,2,,,engine/technical/README.md,
BTC,crypto,tecnico,atr14,1794.497194,,EUR,2026-05-02,2026-09-04T15:49:34Z,Coinbase,2,,,engine/technical/README.md,
BTC,crypto,tecnico,atr14,1743.184537,,EUR,2026-05-03,2026-09-04T15:49:34Z,Coinbase,2,,,engine/technical/README.md,
BTC,crypto,tecnico,atr14,1786.003499,,EUR,2026-05-04,2026-09-04T15:49:34Z,Coinbase,2,,,engine/technical/README.md,
BTC,crypto,tecnico,atr14,1779.886106,,EUR,2026-05-05,2026-09-04T15:49:34Z,Coinbase,2,,,engine/technical/README.md,
BTC,crypto,tecnico,atr14,1753.337813,,EUR,2026-05-06,2026-09-04T15:49:34Z,Coinbase,2,,,engine/technical/README.md,
BTC,crypto,tecnico,atr14,1758.012255,,EUR,2026-05-07,2026-09-04T15:49:34Z,Coinbase,2,,,engine/technical/README.md,
BTC,crypto,tecnico,atr14,1698.644951,,EUR,2026-05-08,2026-09-04T15:49:34Z,Coinbase,2,,,engine/technical/README.md,
BTC,crypto,tecnico,atr14,1634.946026,,EUR,2026-05-09,2026-09-04T15:49:34Z,Coinbase,2,,,engine/technical/README.md,
BTC,crypto,tecnico,atr14,1654.322738,,EUR,2026-05-10,2026-09-04T15:49:34Z,Coinbase,2,,,engine/technical/README.md,
BTC,crypto,tecnico,atr14,1660.848971,,EUR,2026-05-11,2026-09-04T15:49:34Z,Coinbase,2,,,engine/technical/README.md,
BTC,crypto,tecnico,atr14,1640.231187,,EUR,2026-05-12,2026-09-04T15:49:34Z,Coinbase,2,,,engine/technical/README.md,
BTC,crypto,tecnico,atr14,1685.106103,,EUR,2026-05-13,2026-09-04T15:49:34Z,Coinbase,2,,,engine/technical/README.md,
BTC,crypto,tecnico,atr14,1771.565667,,EUR,2026-05-14,2026-09-04T15:49:34Z,Coinbase,2,,,engine/technical/README.md,
BTC,crypto,tecnico,atr14,1815.498833,,EUR,2026-05-15,2026-09-04T15:49:34Z,Coinbase,2,,,engine/technical/README.md,
BTC,crypto,tecnico,atr14,1778.767488,,EUR,2026-05-16,2026-09-04T15:49:34Z,Coinbase,2,,,engine/technical/README.md,
BTC,crypto,tecnico,atr14,1764.953382,,EUR,2026-05-17,2026-09-04T15:49:34Z,Coinbase,2,,,engine/technical/README.md,
BTC,crypto,tecnico,atr14,1739.517426,,EUR,2026-05-18,2026-09-04T15:49:34Z,Coinbase,2,,,engine/technical/README.md,
BTC,crypto,tecnico,atr14,1675.749038,,EUR,2026-05-19,2026-09-04T15:49:34Z,Coinbase,2,,,engine/technical/README.md,
BTC,crypto,tecnico,atr14,1634.955536,,EUR,2026-05-20,2026-09-04T15:49:34Z,Coinbase,2,,,engine/technical/README.md,
BTC,crypto,tecnico,atr14,1596.69514,,EUR,2026-05-21,2026-09-04T15:49:34Z,Coinbase,2,,,engine/technical/README.md,
BTC,crypto,tecnico,atr14,1632.316916,,EUR,2026-05-22,2026-09-04T15:49:34Z,Coinbase,2,,,engine/technical/README.md,
BTC,crypto,tecnico,atr14,1705.553565,,EUR,2026-05-23,2026-09-04T15:49:34Z,Coinbase,2,,,engine/technical/README.md,
BTC,crypto,tecnico,atr14,1679.971167,,EUR,2026-05-24,2026-09-04T15:49:34Z,Coinbase,2,,,engine/technical/README.md,
BTC,crypto,tecnico,atr14,1617.741798,,EUR,2026-05-25,2026-09-04T15:49:34Z,Coinbase,2,,,engine/technical/README.md,
BTC,crypto,tecnico,atr14,1656.598098,,EUR,2026-05-26,2026-09-04T15:49:34Z,Coinbase,2,,,engine/technical/README.md,
BTC,crypto,tecnico,atr14,1648.468948,,EUR,2026-05-27,2026-09-04T15:49:34Z,Coinbase,2,,,engine/technical/README.md,
BTC,crypto,tecnico,atr14,1660.318309,,EUR,2026-05-28,2026-09-04T15:49:34Z,Coinbase,2,,,engine/technical/README.md,
BTC,crypto,tecnico,atr14,1648.812716,,EUR,2026-05-29,2026-09-04T15:49:34Z,Coinbase,2,,,engine/technical/README.md,
BTC,crypto,tecnico,atr14,1586.51395,,EUR,2026-05-30,2026-09-04T15:49:34Z,Coinbase,2,,,engine/technical/README.md,
BTC,crypto,tecnico,atr14,1525.617954,,EUR,2026-05-31,2026-09-04T15:49:34Z,Coinbase,2,,,engine/technical/README.md,
BTC,crypto,tecnico,atr14,1615.631671,,EUR,2026-06-01,2026-09-04T15:49:34Z,Coinbase,2,,,engine/technical/README.md,
BTC,crypto,tecnico,atr14,1815.960838,,EUR,2026-06-02,2026-09-04T15:49:34Z,Coinbase,2,,,engine/technical/README.md,
BTC,crypto,tecnico,atr14,1893.965778,,EUR,2026-06-03,2026-09-04T15:49:34Z,Coinbase,2,,,engine/technical/README.md,
BTC,crypto,tecnico,atr14,1966.621794,,EUR,2026-06-04,2026-09-04T15:49:34Z,Coinbase,2,,,engine/technical/README.md,
BTC,crypto,tecnico,atr14,2093.728094,,EUR,2026-06-05,2026-09-04T15:49:34Z,Coinbase,2,,,engine/technical/README.md,
BTC,crypto,tecnico,atr14,2067.428945,,EUR,2026-06-06,2026-09-04T15:49:34Z,Coinbase,2,,,engine/technical/README.md,
BTC,crypto,tecnico,atr14,2132.411877,,EUR,2026-06-07,2026-09-04T15:49:34Z,Coinbase,2,,,engine/technical/README.md,
BTC,crypto,tecnico,atr14,2087.346029,,EUR,2026-06-08,2026-09-04T15:49:34Z,Coinbase,2,,,engine/technical/README.md,
BTC,crypto,tecnico,atr14,2105.643455,,EUR,2026-06-09,2026-09-04T15:49:34Z,Coinbase,2,,,engine/technical/README.md,
BTC,crypto,tecnico,atr14,2084.95178,,EUR,2026-06-10,2026-09-04T15:49:34Z,Coinbase,2,,,engine/technical/README.md,
BTC,crypto,tecnico,atr14,2071.021653,,EUR,2026-06-11,2026-09-04T15:49:34Z,Coinbase,2,,,engine/technical/README.md,
BTC,crypto,tecnico,atr14,2018.28582,,EUR,2026-06-12,2026-09-04T15:49:34Z,Coinbase,2,,,engine/technical/README.md,
BTC,crypto,tecnico,atr14,1957.565405,,EUR,2026-06-13,2026-09-04T15:49:34Z,Coinbase,2,,,engine/technical/README.md,
BTC,crypto,tecnico,atr14,1932.282162,,EUR,2026-06-14,2026-09-04T15:49:34Z,Coinbase,2,,,engine/technical/README.md,
BTC,crypto,tecnico,atr14,1912.979864,,EUR,2026-06-15,2026-09-04T15:49:34Z,Coinbase,2,,,engine/technical/README.md,
BTC,crypto,tecnico,atr14,1872.632017,,EUR,2026-06-16,2026-09-04T15:49:34Z,Coinbase,2,,,engine/technical/README.md,
BTC,crypto,tecnico,atr14,1863.603301,,EUR,2026-06-17,2026-09-04T15:49:34Z,Coinbase,2,,,engine/technical/README.md,
BTC,crypto,tecnico,atr14,1874.446637,,EUR,2026-06-18,2026-09-04T15:49:34Z,Coinbase,2,,,engine/technical/README.md,
BTC,crypto,tecnico,atr14,1822.536163,,EUR,2026-06-19,2026-09-04T15:49:34Z,Coinbase,2,,,engine/technical/README.md,
BTC,crypto,tecnico,atr14,1765.27858,,EUR,2026-06-20,2026-09-04T15:49:34Z,Coinbase,2,,,engine/technical/README.md,
BTC,crypto,tecnico,atr14,1718.74011,,EUR,2026-06-21,2026-09-04T15:49:34Z,Coinbase,2,,,engine/technical/README.md,
BTC,crypto,tecnico,atr14,1752.492245,,EUR,2026-06-22,2026-09-04T15:49:34Z,Coinbase,2,,,engine/technical/README.md,
BTC,crypto,tecnico,atr14,1767.434942,,EUR,2026-06-23,2026-09-04T15:49:34Z,Coinbase,2,,,engine/technical/README.md,
BTC,crypto,tecnico,atr14,1900.916732,,EUR,2026-06-24,2026-09-04T15:49:34Z,Coinbase,2,,,engine/technical/README.md,
BTC,crypto,tecnico,atr14,2010.548394,,EUR,2026-06-25,2026-09-04T15:49:34Z,Coinbase,2,,,engine/technical/README.md,
BTC,crypto,tecnico,atr14,2023.864223,,EUR,2026-06-26,2026-09-04T15:49:34Z,Coinbase,2,,,engine/technical/README.md,
BTC,crypto,tecnico,atr14,1945.297492,,EUR,2026-06-27,2026-09-04T15:49:34Z,Coinbase,2,,,engine/technical/README.md,
BTC,crypto,tecnico,atr14,1909.840529,,EUR,2026-06-28,2026-09-04T15:49:34Z,Coinbase,2,,,engine/technical/README.md,
BTC,crypto,tecnico,atr14,1887.029062,,EUR,2026-06-29,2026-09-04T15:49:34Z,Coinbase,2,,,engine/technical/README.md,
BTC,crypto,tecnico,atr14,1885.899129,,EUR,2026-06-30,2026-09-04T15:49:34Z,Coinbase,2,,,engine/technical/README.md,
BTC,crypto,tecnico,atr14,1979.622763,,EUR,2026-07-01,2026-09-04T15:49:34Z,Coinbase,2,,,engine/technical/README.md,
BTC,crypto,tecnico,atr14,1975.946851,,EUR,2026-07-02,2026-09-04T15:49:34Z,Coinbase,2,,,engine/technical/README.md,
BTC,crypto,tecnico,atr14,1941.950648,,EUR,2026-07-03,2026-09-04T15:49:34Z,Coinbase,2,,,engine/technical/README.md,
BTC,crypto,tecnico,atr14,1876.134173,,EUR,2026-07-04,2026-09-04T15:49:34Z,Coinbase,2,,,engine/technical/README.md,
BTC,crypto,tecnico,atr14,1835.85816,,EUR,2026-07-05,2026-09-04T15:49:34Z,Coinbase,2,,,engine/technical/README.md,
BTC,crypto,tecnico,atr14,1908.41472,,EUR,2026-07-06,2026-09-04T15:49:34Z,Coinbase,2,,,engine/technical/README.md,
BTC,crypto,tecnico,atr14,1873.251526,,EUR,2026-07-07,2026-09-04T15:49:34Z,Coinbase,2,,,engine/technical/README.md,
BTC,crypto,tecnico,atr14,1877.101417,,EUR,2026-07-08,2026-09-04T15:49:34Z,Coinbase,2,,,engine/technical/README.md,
BTC,crypto,tecnico,atr14,1851.059887,,EUR,2026-07-09,2026-09-04T15:49:34Z,Coinbase,2,,,engine/technical/README.md,
BTC,crypto,tecnico,atr14,1832.832752,,EUR,2026-07-10,2026-09-04T15:49:34Z,Coinbase,2,,,engine/technical/README.md,
BTC,crypto,tecnico,atr14,1743.512556,,EUR,2026-07-11,2026-09-04T15:49:34Z,Coinbase,2,,,engine/technical/README.md,
BTC,crypto,tecnico,atr14,1659.641659,,EUR,2026-07-12,2026-09-04T15:49:34Z,Coinbase,2,,,engine/technical/README.md,
BTC,crypto,tecnico,atr14,1700.995826,,EUR,2026-07-13,2026-09-04T15:49:34Z,Coinbase,2,,,engine/technical/README.md,
BTC,crypto,tecnico,atr14,1746.218982,,EUR,2026-07-14,2026-09-04T15:49:34Z,Coinbase,2,,,engine/technical/README.md,
BTC,crypto,tecnico,atr14,1692.467626,,EUR,2026-07-15,2026-09-04T15:49:34Z,Coinbase,2,,,engine/technical/README.md,
BTC,crypto,tecnico,atr14,1643.805652,,EUR,2026-07-16,2026-09-04T15:49:34Z,Coinbase,2,,,engine/technical/README.md,
BTC,crypto,tecnico,atr14,1641.815963,,EUR,2026-07-17,2026-09-04T15:49:34Z,Coinbase,2,,,engine/technical/README.md,
BTC,crypto,tecnico,atr14,1585.916966,,EUR,2026-07-18,2026-09-04T15:49:34Z,Coinbase,2,,,engine/technical/README.md,
BTC,crypto,tecnico,atr14,1514.845754,,EUR,2026-07-19,2026-09-04T15:49:34Z,Coinbase,2,,,engine/technical/README.md,
BTC,crypto,tecnico,atr14,1521.581578,,EUR,2026-07-20,2026-09-04T11:17:40Z,Kraken,2,100,,engine/technical/README.md,
BTC,crypto,tecnico,atr14,1545.823073,,EUR,2026-07-21,2026-09-04T15:49:34Z,Coinbase,2,,,engine/technical/README.md,
BTC,crypto,tecnico,atr14,1513.144997,,EUR,2026-07-22,2026-09-04T15:49:34Z,Coinbase,2,,,engine/technical/README.md,
BTC,crypto,tecnico,atr14,1496.282497,,EUR,2026-07-23,2026-09-04T15:49:34Z,Coinbase,2,,,engine/technical/README.md,
BTC,crypto,tecnico,atr14,1515.568033,,EUR,2026-07-24,2026-09-04T15:49:34Z,Coinbase,2,,,engine/technical/README.md,
BTC,crypto,tecnico,atr14,1449.409602,,EUR,2026-07-25,2026-09-04T15:49:34Z,Coinbase,2,,,engine/technical/README.md,
BTC,crypto,tecnico,atr14,1417.398916,,EUR,2026-07-26,2026-09-04T15:49:34Z,Coinbase,2,,,engine/technical/README.md,
BTC,crypto,tecnico,atr14,1442.848279,,EUR,2026-07-27,2026-09-04T15:49:34Z,Coinbase,2,,,engine/technical/README.md,
BTC,crypto,tecnico,atr14,1415.589831,,EUR,2026-07-28,2026-09-04T15:49:34Z,Coinbase,2,,,engine/technical/README.md,
BTC,crypto,tecnico,atr14,1429.520557,,EUR,2026-07-29,2026-09-04T15:49:34Z,Coinbase,2,,,engine/technical/README.md,
BTC,crypto,tecnico,atr14,1409.540517,,EUR,2026-07-30,2026-09-04T15:49:34Z,Coinbase,2,,,engine/technical/README.md,
BTC,crypto,tecnico,atr14,1489.116195,,EUR,2026-07-31,2026-09-04T15:49:34Z,Coinbase,2,,,engine/technical/README.md,
BTC,crypto,tecnico,atr14,1435.553609,,EUR,2026-08-01,2026-09-04T15:49:34Z,Coinbase,2,,,engine/technical/README.md,
BTC,crypto,tecnico,atr14,1383.946923,,EUR,2026-08-02,2026-09-04T15:49:34Z,Coinbase,2,,,engine/technical/README.md,
BTC,crypto,tecnico,atr14,1403.874286,,EUR,2026-08-03,2026-09-04T15:49:34Z,Coinbase,2,,,engine/technical/README.md,
BTC,crypto,tecnico,atr14,1373.471122,,EUR,2026-08-04,2026-09-04T15:49:34Z,Coinbase,2,,,engine/technical/README.md,
BTC,crypto,tecnico,atr14,1346.783185,,EUR,2026-08-05,2026-09-04T15:49:34Z,Coinbase,2,,,engine/technical/README.md,
BTC,crypto,tecnico,atr14,1303.252958,,EUR,2026-08-06,2026-09-04T15:49:34Z,Coinbase,2,,,engine/technical/README.md,
BTC,crypto,tecnico,atr14,1278.252746,,EUR,2026-08-07,2026-09-04T15:49:34Z,Coinbase,2,,,engine/technical/README.md,
BTC,crypto,tecnico,atr14,1209.953264,,EUR,2026-08-08,2026-09-04T15:49:34Z,Coinbase,2,,,engine/technical/README.md,
BTC,crypto,tecnico,atr14,1168.170888,,EUR,2026-08-09,2026-09-04T15:49:34Z,Coinbase,2,,,engine/technical/README.md,
BTC,crypto,tecnico,atr14,1178.990111,,EUR,2026-08-10,2026-09-04T15:49:34Z,Coinbase,2,,,engine/technical/README.md,
BTC,crypto,tecnico,atr14,1173.580817,,EUR,2026-08-11,2026-09-04T15:49:34Z,Coinbase,2,,,engine/technical/README.md,
BTC,crypto,tecnico,atr14,1159.165044,,EUR,2026-08-12,2026-09-04T15:49:34Z,Coinbase,2,,,engine/technical/README.md,
BTC,crypto,tecnico,atr14,1148.376113,,EUR,2026-08-13,2026-09-04T15:49:34Z,Coinbase,2,,,engine/technical/README.md,
BTC,crypto,tecnico,atr14,1148.089962,,EUR,2026-08-14,2026-09-04T15:49:34Z,Coinbase,2,,,engine/technical/README.md,
BTC,crypto,tecnico,atr14,1083.234964,,EUR,2026-08-15,2026-09-04T15:49:34Z,Coinbase,2,,,engine/technical/README.md,
BTC,crypto,tecnico,atr14,1048.616753,,EUR,2026-08-16,2026-09-04T15:49:34Z,Coinbase,2,,,engine/technical/README.md,
BTC,crypto,tecnico,atr14,1089.680556,,EUR,2026-08-17,2026-09-04T15:49:34Z,Coinbase,2,,,engine/technical/README.md,
BTC,crypto,tecnico,atr14,1073.126231,,EUR,2026-08-18,2026-09-04T15:49:34Z,Coinbase,2,,,engine/technical/README.md,
BTC,crypto,tecnico,atr14,1327.464357,,EUR,2026-08-19,2026-09-04T15:49:34Z,Coinbase,2,,,engine/technical/README.md,
BTC,crypto,tecnico,atr14,1505.646903,,EUR,2026-08-20,2026-09-04T15:49:34Z,Coinbase,2,,,engine/technical/README.md,
BTC,crypto,tecnico,atr14,1786.083553,,EUR,2026-08-21,2026-09-04T15:49:34Z,Coinbase,2,,,engine/technical/README.md,
BTC,crypto,tecnico,atr14,2180.343299,,EUR,2026-08-22,2026-09-04T15:49:34Z,Coinbase,2,,,engine/technical/README.md,
BTC,crypto,tecnico,atr14,2192.611635,,EUR,2026-08-23,2026-09-04T15:49:34Z,Coinbase,2,,,engine/technical/README.md,
BTC,crypto,tecnico,atr14,2247.067947,,EUR,2026-08-24,2026-09-04T15:49:34Z,Coinbase,2,,,engine/technical/README.md,
BTC,crypto,tecnico,atr14,2299.053093,,EUR,2026-08-25,2026-09-04T15:49:34Z,Coinbase,2,,,engine/technical/README.md,
BTC,crypto,tecnico,atr14,2226.848587,,EUR,2026-08-26,2026-09-04T15:49:34Z,Coinbase,2,,,engine/technical/README.md,
BTC,crypto,tecnico,atr14,2210.189402,,EUR,2026-08-27,2026-09-04T15:49:34Z,Coinbase,2,,,engine/technical/README.md,
BTC,crypto,tecnico,atr14,2308.127302,,EUR,2026-08-28,2026-09-04T15:49:34Z,Coinbase,2,,,engine/technical/README.md,
BTC,crypto,tecnico,atr14,2205.403923,,EUR,2026-08-29,2026-09-04T15:49:34Z,Coinbase,2,,,engine/technical/README.md,
BTC,crypto,tecnico,atr14,2198.084357,,EUR,2026-08-30,2026-09-04T15:49:34Z,Coinbase,2,,,engine/technical/README.md,
BTC,crypto,tecnico,atr14,2145.66976,,EUR,2026-08-31,2026-09-04T15:49:34Z,Coinbase,2,,,engine/technical/README.md,
BTC,crypto,tecnico,atr14,2156.762634,,EUR,2026-09-01,2026-09-04T15:49:34Z,Coinbase,2,,,engine/technical/README.md,
BTC,crypto,tecnico,atr14,2094.112446,,EUR,2026-09-02,2026-09-04T15:49:34Z,Coinbase,2,,,engine/technical/README.md,
BTC,crypto,tecnico,atr14,2254.894414,,EUR,2026-09-03,2026-09-04T15:49:34Z,Coinbase,2,,,engine/technical/README.md,
BTC,crypto,tecnico,atr14,2004.527559,,EUR,2026-09-04,2026-09-04T10:11:47Z,Kraken,2,100,,engine/technical/README.md,
BTC,crypto,tecnico,atr14_pct_precio,2.95,,%,2026-01-01,2026-09-04T15:49:34Z,Coinbase,2,,,engine/technical/README.md,
BTC,crypto,tecnico,atr14_pct_precio,2.92,,%,2026-01-02,2026-09-04T15:49:34Z,Coinbase,2,,,engine/technical/README.md,
BTC,crypto,tecnico,atr14_pct_precio,2.81,,%,2026-01-03,2026-09-04T15:49:34Z,Coinbase,2,,,engine/technical/README.md,
BTC,crypto,tecnico,atr14_pct_precio,2.67,,%,2026-01-04,2026-09-04T15:49:34Z,Coinbase,2,,,engine/technical/README.md,
BTC,crypto,tecnico,atr14_pct_precio,2.66,,%,2026-01-05,2026-09-04T15:49:34Z,Coinbase,2,,,engine/technical/README.md,
BTC,crypto,tecnico,atr14_pct_precio,2.71,,%,2026-01-06,2026-09-04T15:49:34Z,Coinbase,2,,,engine/technical/README.md,
BTC,crypto,tecnico,atr14_pct_precio,2.82,,%,2026-01-07,2026-09-04T15:49:34Z,Coinbase,2,,,engine/technical/README.md,
BTC,crypto,tecnico,atr14_pct_precio,2.8,,%,2026-01-08,2026-09-04T15:49:34Z,Coinbase,2,,,engine/technical/README.md,
BTC,crypto,tecnico,atr14_pct_precio,2.81,,%,2026-01-09,2026-09-04T15:49:34Z,Coinbase,2,,,engine/technical/README.md,
BTC,crypto,tecnico,atr14_pct_precio,2.64,,%,2026-01-10,2026-09-04T15:49:34Z,Coinbase,2,,,engine/technical/README.md,
BTC,crypto,tecnico,atr14_pct_precio,2.52,,%,2026-01-11,2026-09-04T15:49:34Z,Coinbase,2,,,engine/technical/README.md,
BTC,crypto,tecnico,atr14_pct_precio,2.54,,%,2026-01-12,2026-09-04T15:49:34Z,Coinbase,2,,,engine/technical/README.md,
BTC,crypto,tecnico,atr14_pct_precio,2.67,,%,2026-01-13,2026-09-04T15:49:34Z,Coinbase,2,,,engine/technical/README.md,
BTC,crypto,tecnico,atr14_pct_precio,2.69,,%,2026-01-14,2026-09-04T15:49:34Z,Coinbase,2,,,engine/technical/README.md,
BTC,crypto,tecnico,atr14_pct_precio,2.68,,%,2026-01-15,2026-09-04T15:49:34Z,Coinbase,2,,,engine/technical/README.md,
BTC,crypto,tecnico,atr14_pct_precio,2.6,,%,2026-01-16,2026-09-04T15:49:34Z,Coinbase,2,,,engine/technical/README.md,
BTC,crypto,tecnico,atr14_pct_precio,2.47,,%,2026-01-17,2026-09-04T15:49:34Z,Coinbase,2,,,engine/technical/README.md,
BTC,crypto,tecnico,atr14_pct_precio,2.5,,%,2026-01-18,2026-09-04T15:49:34Z,Coinbase,2,,,engine/technical/README.md,
BTC,crypto,tecnico,atr14_pct_precio,2.49,,%,2026-01-19,2026-09-04T15:49:34Z,Coinbase,2,,,engine/technical/README.md,
BTC,crypto,tecnico,atr14_pct_precio,2.9,,%,2026-01-20,2026-09-04T15:49:34Z,Coinbase,2,,,engine/technical/README.md,
BTC,crypto,tecnico,atr14_pct_precio,2.92,,%,2026-01-21,2026-09-04T15:49:34Z,Coinbase,2,,,engine/technical/README.md,
BTC,crypto,tecnico,atr14_pct_precio,2.9,,%,2026-01-22,2026-09-04T15:49:34Z,Coinbase,2,,,engine/technical/README.md,
BTC,crypto,tecnico,atr14_pct_precio,2.9,,%,2026-01-23,2026-09-04T15:49:34Z,Coinbase,2,,,engine/technical/README.md,
BTC,crypto,tecnico,atr14_pct_precio,2.77,,%,2026-01-24,2026-09-04T15:49:34Z,Coinbase,2,,,engine/technical/README.md,
BTC,crypto,tecnico,atr14_pct_precio,2.96,,%,2026-01-25,2026-09-04T15:49:34Z,Coinbase,2,,,engine/technical/README.md,
BTC,crypto,tecnico,atr14_pct_precio,2.88,,%,2026-01-26,2026-09-04T15:49:34Z,Coinbase,2,,,engine/technical/README.md,
BTC,crypto,tecnico,atr14_pct_precio,2.88,,%,2026-01-27,2026-09-04T15:49:34Z,Coinbase,2,,,engine/technical/README.md,
BTC,crypto,tecnico,atr14_pct_precio,2.83,,%,2026-01-28,2026-09-04T15:49:34Z,Coinbase,2,,,engine/technical/README.md,
BTC,crypto,tecnico,atr14_pct_precio,3.27,,%,2026-01-29,2026-09-04T15:49:34Z,Coinbase,2,,,engine/technical/README.md,
BTC,crypto,tecnico,atr14_pct_precio,3.35,,%,2026-01-30,2026-09-04T15:49:34Z,Coinbase,2,,,engine/technical/README.md,
BTC,crypto,tecnico,atr14_pct_precio,4.08,,%,2026-01-31,2026-09-04T15:49:34Z,Coinbase,2,,,engine/technical/README.md,
BTC,crypto,tecnico,atr14_pct_precio,4.25,,%,2026-02-01,2026-09-04T15:49:34Z,Coinbase,2,,,engine/technical/README.md,
BTC,crypto,tecnico,atr14_pct_precio,4.31,,%,2026-02-02,2026-09-04T15:49:34Z,Coinbase,2,,,engine/technical/README.md,
BTC,crypto,tecnico,atr14_pct_precio,4.76,,%,2026-02-03,2026-09-04T15:49:34Z,Coinbase,2,,,engine/technical/README.md,
BTC,crypto,tecnico,atr14_pct_precio,5.07,,%,2026-02-04,2026-09-04T15:49:34Z,Coinbase,2,,,engine/technical/README.md,
BTC,crypto,tecnico,atr14_pct_precio,6.69,,%,2026-02-05,2026-09-04T15:49:34Z,Coinbase,2,,,engine/technical/README.md,
BTC,crypto,tecnico,atr14_pct_precio,6.71,,%,2026-02-06,2026-09-04T15:49:34Z,Coinbase,2,,,engine/technical/README.md,
BTC,crypto,tecnico,atr14_pct_precio,6.79,,%,2026-02-07,2026-09-04T15:49:34Z,Coinbase,2,,,engine/technical/README.md,
BTC,crypto,tecnico,atr14_pct_precio,6.57,,%,2026-02-08,2026-09-04T15:49:34Z,Coinbase,2,,,engine/technical/README.md,
BTC,crypto,tecnico,atr14_pct_precio,6.54,,%,2026-02-09,2026-09-04T15:49:34Z,Coinbase,2,,,engine/technical/README.md,
BTC,crypto,tecnico,atr14_pct_precio,6.45,,%,2026-02-10,2026-09-04T15:49:34Z,Coinbase,2,,,engine/technical/README.md,
BTC,crypto,tecnico,atr14_pct_precio,6.5,,%,2026-02-11,2026-09-04T15:49:34Z,Coinbase,2,,,engine/technical/README.md,
BTC,crypto,tecnico,atr14_pct_precio,6.44,,%,2026-02-12,2026-09-04T15:49:34Z,Coinbase,2,,,engine/technical/README.md,
BTC,crypto,tecnico,atr14_pct_precio,6.12,,%,2026-02-13,2026-09-04T15:49:34Z,Coinbase,2,,,engine/technical/README.md,
BTC,crypto,tecnico,atr14_pct_precio,5.8,,%,2026-02-14,2026-09-04T15:49:34Z,Coinbase,2,,,engine/technical/README.md,
BTC,crypto,tecnico,atr14_pct_precio,5.79,,%,2026-02-15,2026-09-04T15:49:34Z,Coinbase,2,,,engine/technical/README.md,
BTC,crypto,tecnico,atr14_pct_precio,5.65,,%,2026-02-16,2026-09-04T15:49:34Z,Coinbase,2,,,engine/technical/README.md,
BTC,crypto,tecnico,atr14_pct_precio,5.61,,%,2026-02-17,2026-09-04T15:49:34Z,Coinbase,2,,,engine/technical/README.md,
BTC,crypto,tecnico,atr14_pct_precio,5.51,,%,2026-02-18,2026-09-04T15:49:34Z,Coinbase,2,,,engine/technical/README.md,
BTC,crypto,tecnico,atr14_pct_precio,5.23,,%,2026-02-19,2026-09-04T15:49:34Z,Coinbase,2,,,engine/technical/README.md,
BTC,crypto,tecnico,atr14_pct_precio,4.98,,%,2026-02-20,2026-09-04T15:49:34Z,Coinbase,2,,,engine/technical/README.md,
BTC,crypto,tecnico,atr14_pct_precio,4.75,,%,2026-02-21,2026-09-04T15:49:34Z,Coinbase,2,,,engine/technical/README.md,
BTC,crypto,tecnico,atr14_pct_precio,4.57,,%,2026-02-22,2026-09-04T15:49:34Z,Coinbase,2,,,engine/technical/README.md,
BTC,crypto,tecnico,atr14_pct_precio,4.82,,%,2026-02-23,2026-09-04T15:49:34Z,Coinbase,2,,,engine/technical/README.md,
BTC,crypto,tecnico,atr14_pct_precio,4.77,,%,2026-02-24,2026-09-04T15:49:34Z,Coinbase,2,,,engine/technical/README.md,
BTC,crypto,tecnico,atr14_pct_precio,4.81,,%,2026-02-25,2026-09-04T15:49:34Z,Coinbase,2,,,engine/technical/README.md,
BTC,crypto,tecnico,atr14_pct_precio,4.72,,%,2026-02-26,2026-09-04T15:49:34Z,Coinbase,2,,,engine/technical/README.md,
BTC,crypto,tecnico,atr14_pct_precio,4.86,,%,2026-02-27,2026-09-04T15:49:34Z,Coinbase,2,,,engine/technical/README.md,
BTC,crypto,tecnico,atr14_pct_precio,4.94,,%,2026-02-28,2026-09-04T15:49:34Z,Coinbase,2,,,engine/technical/README.md,
BTC,crypto,tecnico,atr14_pct_precio,4.98,,%,2026-03-01,2026-09-04T15:49:34Z,Coinbase,2,,,engine/technical/README.md,
BTC,crypto,tecnico,atr14_pct_precio,4.91,,%,2026-03-02,2026-09-04T15:49:34Z,Coinbase,2,,,engine/technical/README.md,
BTC,crypto,tecnico,atr14_pct_precio,4.85,,%,2026-03-03,2026-09-04T15:49:34Z,Coinbase,2,,,engine/technical/README.md,
BTC,crypto,tecnico,atr14_pct_precio,4.88,,%,2026-03-04,2026-09-04T15:49:34Z,Coinbase,2,,,engine/technical/README.md,
BTC,crypto,tecnico,atr14_pct_precio,4.92,,%,2026-03-05,2026-09-04T15:49:34Z,Coinbase,2,,,engine/technical/README.md,
BTC,crypto,tecnico,atr14_pct_precio,5.13,,%,2026-03-06,2026-09-04T15:49:34Z,Coinbase,2,,,engine/technical/README.md,
BTC,crypto,tecnico,atr14_pct_precio,4.99,,%,2026-03-07,2026-09-04T15:49:34Z,Coinbase,2,,,engine/technical/README.md,
BTC,crypto,tecnico,atr14_pct_precio,4.93,,%,2026-03-08,2026-09-04T15:49:34Z,Coinbase,2,,,engine/technical/README.md,
BTC,crypto,tecnico,atr14_pct_precio,4.81,,%,2026-03-09,2026-09-04T15:49:34Z,Coinbase,2,,,engine/technical/README.md,
BTC,crypto,tecnico,atr14_pct_precio,4.7,,%,2026-03-10,2026-09-04T15:49:34Z,Coinbase,2,,,engine/technical/README.md,
BTC,crypto,tecnico,atr14_pct_precio,4.58,,%,2026-03-11,2026-09-04T15:49:34Z,Coinbase,2,,,engine/technical/README.md,
BTC,crypto,tecnico,atr14_pct_precio,4.39,,%,2026-03-12,2026-09-04T15:49:34Z,Coinbase,2,,,engine/technical/README.md,
BTC,crypto,tecnico,atr14_pct_precio,4.4,,%,2026-03-13,2026-09-04T15:49:34Z,Coinbase,2,,,engine/technical/README.md,
BTC,crypto,tecnico,atr14_pct_precio,4.17,,%,2026-03-14,2026-09-04T15:49:34Z,Coinbase,2,,,engine/technical/README.md,
BTC,crypto,tecnico,atr14_pct_precio,4.01,,%,2026-03-15,2026-09-04T15:49:34Z,Coinbase,2,,,engine/technical/README.md,
BTC,crypto,tecnico,atr14_pct_precio,3.86,,%,2026-03-16,2026-09-04T15:49:34Z,Coinbase,2,,,engine/technical/README.md,
BTC,crypto,tecnico,atr14_pct_precio,3.91,,%,2026-03-17,2026-09-04T15:49:34Z,Coinbase,2,,,engine/technical/README.md,
BTC,crypto,tecnico,atr14_pct_precio,4.13,,%,2026-03-18,2026-09-04T15:49:34Z,Coinbase,2,,,engine/technical/README.md,
BTC,crypto,tecnico,atr14_pct_precio,4.25,,%,2026-03-19,2026-09-04T15:49:34Z,Coinbase,2,,,engine/technical/README.md,
BTC,crypto,tecnico,atr14_pct_precio,4.1,,%,2026-03-20,2026-09-04T15:49:34Z,Coinbase,2,,,engine/technical/README.md,
BTC,crypto,tecnico,atr14_pct_precio,4.15,,%,2026-03-21,2026-09-04T15:49:34Z,Coinbase,2,,,engine/technical/README.md,
BTC,crypto,tecnico,atr14_pct_precio,4.13,,%,2026-03-22,2026-09-04T15:49:34Z,Coinbase,2,,,engine/technical/README.md,
BTC,crypto,tecnico,atr14_pct_precio,4.09,,%,2026-03-23,2026-09-04T15:49:34Z,Coinbase,2,,,engine/technical/README.md,
BTC,crypto,tecnico,atr14_pct_precio,4.06,,%,2026-03-24,2026-09-04T15:49:34Z,Coinbase,2,,,engine/technical/README.md,
BTC,crypto,tecnico,atr14_pct_precio,3.88,,%,2026-03-25,2026-09-04T15:49:34Z,Coinbase,2,,,engine/technical/README.md,
BTC,crypto,tecnico,atr14_pct_precio,4.05,,%,2026-03-26,2026-09-04T15:49:34Z,Coinbase,2,,,engine/technical/README.md,
BTC,crypto,tecnico,atr14_pct_precio,4.26,,%,2026-03-27,2026-09-04T15:49:34Z,Coinbase,2,,,engine/technical/README.md,
BTC,crypto,tecnico,atr14_pct_precio,4.11,,%,2026-03-28,2026-09-04T15:49:34Z,Coinbase,2,,,engine/technical/README.md,
BTC,crypto,tecnico,atr14_pct_precio,4.05,,%,2026-03-29,2026-09-04T15:49:34Z,Coinbase,2,,,engine/technical/README.md,
BTC,crypto,tecnico,atr14_pct_precio,3.97,,%,2026-03-30,2026-09-04T15:49:34Z,Coinbase,2,,,engine/technical/README.md,
BTC,crypto,tecnico,atr14_pct_precio,3.88,,%,2026-03-31,2026-09-04T15:49:34Z,Coinbase,2,,,engine/technical/README.md,
BTC,crypto,tecnico,atr14_pct_precio,3.79,,%,2026-04-01,2026-09-04T15:49:34Z,Coinbase,2,,,engine/technical/README.md,
BTC,crypto,tecnico,atr14_pct_precio,3.83,,%,2026-04-02,2026-09-04T15:49:34Z,Coinbase,2,,,engine/technical/README.md,
BTC,crypto,tecnico,atr14_pct_precio,3.66,,%,2026-04-03,2026-09-04T15:49:34Z,Coinbase,2,,,engine/technical/README.md,
BTC,crypto,tecnico,atr14_pct_precio,3.47,,%,2026-04-04,2026-09-04T15:49:34Z,Coinbase,2,,,engine/technical/README.md,
BTC,crypto,tecnico,atr14_pct_precio,3.4,,%,2026-04-05,2026-09-04T15:49:34Z,Coinbase,2,,,engine/technical/README.md,
BTC,crypto,tecnico,atr14_pct_precio,3.38,,%,2026-04-06,2026-09-04T15:49:34Z,Coinbase,2,,,engine/technical/README.md,
BTC,crypto,tecnico,atr14_pct_precio,3.49,,%,2026-04-07,2026-09-04T15:49:34Z,Coinbase,2,,,engine/technical/README.md,
BTC,crypto,tecnico,atr14_pct_precio,3.47,,%,2026-04-08,2026-09-04T15:49:34Z,Coinbase,2,,,engine/technical/README.md,
BTC,crypto,tecnico,atr14_pct_precio,3.45,,%,2026-04-09,2026-09-04T15:49:34Z,Coinbase,2,,,engine/technical/README.md,
BTC,crypto,tecnico,atr14_pct_precio,3.33,,%,2026-04-10,2026-09-04T15:49:34Z,Coinbase,2,,,engine/technical/README.md,
BTC,crypto,tecnico,atr14_pct_precio,3.21,,%,2026-04-11,2026-09-04T15:49:34Z,Coinbase,2,,,engine/technical/README.md,
BTC,crypto,tecnico,atr14_pct_precio,3.32,,%,2026-04-12,2026-09-04T15:49:34Z,Coinbase,2,,,engine/technical/README.md,
BTC,crypto,tecnico,atr14_pct_precio,3.32,,%,2026-04-13,2026-09-04T15:49:34Z,Coinbase,2,,,engine/technical/README.md,
BTC,crypto,tecnico,atr14_pct_precio,3.32,,%,2026-04-14,2026-09-04T15:49:34Z,Coinbase,2,,,engine/technical/README.md,
BTC,crypto,tecnico,atr14_pct_precio,3.23,,%,2026-04-15,2026-09-04T15:49:34Z,Coinbase,2,,,engine/technical/README.md,
BTC,crypto,tecnico,atr14_pct_precio,3.18,,%,2026-04-16,2026-09-04T15:49:34Z,Coinbase,2,,,engine/technical/README.md,
BTC,crypto,tecnico,atr14_pct_precio,3.22,,%,2026-04-17,2026-09-04T15:49:34Z,Coinbase,2,,,engine/technical/README.md,
BTC,crypto,tecnico,atr14_pct_precio,3.23,,%,2026-04-18,2026-09-04T15:49:34Z,Coinbase,2,,,engine/technical/README.md,
BTC,crypto,tecnico,atr14_pct_precio,3.3,,%,2026-04-19,2026-09-04T15:49:34Z,Coinbase,2,,,engine/technical/README.md,
BTC,crypto,tecnico,atr14_pct_precio,3.23,,%,2026-04-20,2026-09-04T15:49:34Z,Coinbase,2,,,engine/technical/README.md,
BTC,crypto,tecnico,atr14_pct_precio,3.15,,%,2026-04-21,2026-09-04T15:49:34Z,Coinbase,2,,,engine/technical/README.md,
BTC,crypto,tecnico,atr14_pct_precio,3.17,,%,2026-04-22,2026-09-04T15:49:34Z,Coinbase,2,,,engine/technical/README.md,
BTC,crypto,tecnico,atr14_pct_precio,3.06,,%,2026-04-23,2026-09-04T15:49:34Z,Coinbase,2,,,engine/technical/README.md,
BTC,crypto,tecnico,atr14_pct_precio,3.02,,%,2026-04-24,2026-09-04T15:49:34Z,Coinbase,2,,,engine/technical/README.md,
BTC,crypto,tecnico,atr14_pct_precio,2.87,,%,2026-04-25,2026-09-04T15:49:34Z,Coinbase,2,,,engine/technical/README.md,
BTC,crypto,tecnico,atr14_pct_precio,2.77,,%,2026-04-26,2026-09-04T15:49:34Z,Coinbase,2,,,engine/technical/README.md,
BTC,crypto,tecnico,atr14_pct_precio,2.9,,%,2026-04-27,2026-09-04T15:49:34Z,Coinbase,2,,,engine/technical/README.md,
BTC,crypto,tecnico,atr14_pct_precio,2.88,,%,2026-04-28,2026-09-04T15:49:34Z,Coinbase,2,,,engine/technical/README.md,
BTC,crypto,tecnico,atr14_pct_precio,2.95,,%,2026-04-29,2026-09-04T15:49:34Z,Coinbase,2,,,engine/technical/README.md,
BTC,crypto,tecnico,atr14_pct_precio,2.84,,%,2026-04-30,2026-09-04T15:49:34Z,Coinbase,2,,,engine/technical/README.md,
BTC,crypto,tecnico,atr14_pct_precio,2.79,,%,2026-05-01,2026-09-04T15:49:34Z,Coinbase,2,,,engine/technical/README.md,
BTC,crypto,tecnico,atr14_pct_precio,2.67,,%,2026-05-02,2026-09-04T15:49:34Z,Coinbase,2,,,engine/technical/README.md,
BTC,crypto,tecnico,atr14_pct_precio,2.6,,%,2026-05-03,2026-09-04T15:49:34Z,Coinbase,2,,,engine/technical/README.md,
BTC,crypto,tecnico,atr14_pct_precio,2.62,,%,2026-05-04,2026-09-04T15:49:34Z,Coinbase,2,,,engine/technical/README.md,
BTC,crypto,tecnico,atr14_pct_precio,2.58,,%,2026-05-05,2026-09-04T15:49:34Z,Coinbase,2,,,engine/technical/README.md,
BTC,crypto,tecnico,atr14_pct_precio,2.53,,%,2026-05-06,2026-09-04T15:49:34Z,Coinbase,2,,,engine/technical/README.md,
BTC,crypto,tecnico,atr14_pct_precio,2.58,,%,2026-05-07,2026-09-04T15:49:34Z,Coinbase,2,,,engine/technical/README.md,
BTC,crypto,tecnico,atr14_pct_precio,2.5,,%,2026-05-08,2026-09-04T15:49:34Z,Coinbase,2,,,engine/technical/README.md,
BTC,crypto,tecnico,atr14_pct_precio,2.39,,%,2026-05-09,2026-09-04T15:49:34Z,Coinbase,2,,,engine/technical/README.md,
BTC,crypto,tecnico,atr14_pct_precio,2.37,,%,2026-05-10,2026-09-04T15:49:34Z,Coinbase,2,,,engine/technical/README.md,
BTC,crypto,tecnico,atr14_pct_precio,2.39,,%,2026-05-11,2026-09-04T15:49:34Z,Coinbase,2,,,engine/technical/README.md,
BTC,crypto,tecnico,atr14_pct_precio,2.39,,%,2026-05-12,2026-09-04T15:49:34Z,Coinbase,2,,,engine/technical/README.md,
BTC,crypto,tecnico,atr14_pct_precio,2.49,,%,2026-05-13,2026-09-04T15:49:34Z,Coinbase,2,,,engine/technical/README.md,
BTC,crypto,tecnico,atr14_pct_precio,2.55,,%,2026-05-14,2026-09-04T15:49:34Z,Coinbase,2,,,engine/technical/README.md,
BTC,crypto,tecnico,atr14_pct_precio,2.67,,%,2026-05-15,2026-09-04T15:49:34Z,Coinbase,2,,,engine/technical/README.md,
BTC,crypto,tecnico,atr14_pct_precio,2.64,,%,2026-05-16,2026-09-04T15:49:34Z,Coinbase,2,,,engine/technical/README.md,
BTC,crypto,tecnico,atr14_pct_precio,2.65,,%,2026-05-17,2026-09-04T15:49:34Z,Coinbase,2,,,engine/technical/README.md,
BTC,crypto,tecnico,atr14_pct_precio,2.63,,%,2026-05-18,2026-09-04T15:49:34Z,Coinbase,2,,,engine/technical/README.md,
BTC,crypto,tecnico,atr14_pct_precio,2.53,,%,2026-05-19,2026-09-04T15:49:34Z,Coinbase,2,,,engine/technical/README.md,
BTC,crypto,tecnico,atr14_pct_precio,2.45,,%,2026-05-20,2026-09-04T15:49:34Z,Coinbase,2,,,engine/technical/README.md,
BTC,crypto,tecnico,atr14_pct_precio,2.39,,%,2026-05-21,2026-09-04T15:49:34Z,Coinbase,2,,,engine/technical/README.md,
BTC,crypto,tecnico,atr14_pct_precio,2.51,,%,2026-05-22,2026-09-04T15:49:34Z,Coinbase,2,,,engine/technical/README.md,
BTC,crypto,tecnico,atr14_pct_precio,2.58,,%,2026-05-23,2026-09-04T15:49:34Z,Coinbase,2,,,engine/technical/README.md,
BTC,crypto,tecnico,atr14_pct_precio,2.54,,%,2026-05-24,2026-09-04T15:49:34Z,Coinbase,2,,,engine/technical/README.md,
BTC,crypto,tecnico,atr14_pct_precio,2.44,,%,2026-05-25,2026-09-04T15:49:34Z,Coinbase,2,,,engine/technical/README.md,
BTC,crypto,tecnico,atr14_pct_precio,2.54,,%,2026-05-26,2026-09-04T15:49:34Z,Coinbase,2,,,engine/technical/README.md,
BTC,crypto,tecnico,atr14_pct_precio,2.58,,%,2026-05-27,2026-09-04T15:49:34Z,Coinbase,2,,,engine/technical/README.md,
BTC,crypto,tecnico,atr14_pct_precio,2.63,,%,2026-05-28,2026-09-04T15:49:34Z,Coinbase,2,,,engine/technical/README.md,
BTC,crypto,tecnico,atr14_pct_precio,2.62,,%,2026-05-29,2026-09-04T15:49:34Z,Coinbase,2,,,engine/technical/README.md,
BTC,crypto,tecnico,atr14_pct_precio,2.51,,%,2026-05-30,2026-09-04T15:49:34Z,Coinbase,2,,,engine/technical/README.md,
BTC,crypto,tecnico,atr14_pct_precio,2.42,,%,2026-05-31,2026-09-04T15:49:34Z,Coinbase,2,,,engine/technical/README.md,
BTC,crypto,tecnico,atr14_pct_precio,2.64,,%,2026-06-01,2026-09-04T15:49:34Z,Coinbase,2,,,engine/technical/README.md,
BTC,crypto,tecnico,atr14_pct_precio,3.17,,%,2026-06-02,2026-09-04T15:49:34Z,Coinbase,2,,,engine/technical/README.md,
BTC,crypto,tecnico,atr14_pct_precio,3.43,,%,2026-06-03,2026-09-04T15:49:34Z,Coinbase,2,,,engine/technical/README.md,
BTC,crypto,tecnico,atr14_pct_precio,3.58,,%,2026-06-04,2026-09-04T15:49:34Z,Coinbase,2,,,engine/technical/README.md,
BTC,crypto,tecnico,atr14_pct_precio,3.95,,%,2026-06-05,2026-09-04T15:49:34Z,Coinbase,2,,,engine/technical/README.md,
BTC,crypto,tecnico,atr14_pct_precio,3.91,,%,2026-06-06,2026-09-04T15:49:34Z,Coinbase,2,,,engine/technical/README.md,
BTC,crypto,tecnico,atr14_pct_precio,3.88,,%,2026-06-07,2026-09-04T15:49:34Z,Coinbase,2,,,engine/technical/README.md,
BTC,crypto,tecnico,atr14_pct_precio,3.81,,%,2026-06-08,2026-09-04T15:49:34Z,Coinbase,2,,,engine/technical/README.md,
BTC,crypto,tecnico,atr14_pct_precio,3.94,,%,2026-06-09,2026-09-04T15:49:34Z,Coinbase,2,,,engine/technical/README.md,
BTC,crypto,tecnico,atr14_pct_precio,3.91,,%,2026-06-10,2026-09-04T15:49:34Z,Coinbase,2,,,engine/technical/README.md,
BTC,crypto,tecnico,atr14_pct_precio,3.77,,%,2026-06-11,2026-09-04T15:49:34Z,Coinbase,2,,,engine/technical/README.md,
BTC,crypto,tecnico,atr14_pct_precio,3.67,,%,2026-06-12,2026-09-04T15:49:34Z,Coinbase,2,,,engine/technical/README.md,
BTC,crypto,tecnico,atr14_pct_precio,3.51,,%,2026-06-13,2026-09-04T15:49:34Z,Coinbase,2,,,engine/technical/README.md,
BTC,crypto,tecnico,atr14_pct_precio,3.41,,%,2026-06-14,2026-09-04T15:49:34Z,Coinbase,2,,,engine/technical/README.md,
BTC,crypto,tecnico,atr14_pct_precio,3.35,,%,2026-06-15,2026-09-04T15:49:34Z,Coinbase,2,,,engine/technical/README.md,
BTC,crypto,tecnico,atr14_pct_precio,3.31,,%,2026-06-16,2026-09-04T15:49:34Z,Coinbase,2,,,engine/technical/README.md,
BTC,crypto,tecnico,atr14_pct_precio,3.33,,%,2026-06-17,2026-09-04T15:49:34Z,Coinbase,2,,,engine/technical/README.md,
BTC,crypto,tecnico,atr14_pct_precio,3.42,,%,2026-06-18,2026-09-04T15:49:34Z,Coinbase,2,,,engine/technical/README.md,
BTC,crypto,tecnico,atr14_pct_precio,3.29,,%,2026-06-19,2026-09-04T15:49:34Z,Coinbase,2,,,engine/technical/README.md,
BTC,crypto,tecnico,atr14_pct_precio,3.15,,%,2026-06-20,2026-09-04T15:49:34Z,Coinbase,2,,,engine/technical/README.md,
BTC,crypto,tecnico,atr14_pct_precio,3.12,,%,2026-06-21,2026-09-04T15:49:34Z,Coinbase,2,,,engine/technical/README.md,
BTC,crypto,tecnico,atr14_pct_precio,3.13,,%,2026-06-22,2026-09-04T15:49:34Z,Coinbase,2,,,engine/technical/README.md,
BTC,crypto,tecnico,atr14_pct_precio,3.21,,%,2026-06-23,2026-09-04T15:49:34Z,Coinbase,2,,,engine/technical/README.md,
BTC,crypto,tecnico,atr14_pct_precio,3.54,,%,2026-06-24,2026-09-04T15:49:34Z,Coinbase,2,,,engine/technical/README.md,
BTC,crypto,tecnico,atr14_pct_precio,3.82,,%,2026-06-25,2026-09-04T15:49:34Z,Coinbase,2,,,engine/technical/README.md,
BTC,crypto,tecnico,atr14_pct_precio,3.84,,%,2026-06-26,2026-09-04T15:49:34Z,Coinbase,2,,,engine/technical/README.md,
BTC,crypto,tecnico,atr14_pct_precio,3.69,,%,2026-06-27,2026-09-04T15:49:34Z,Coinbase,2,,,engine/technical/README.md,
BTC,crypto,tecnico,atr14_pct_precio,3.66,,%,2026-06-28,2026-09-04T15:49:34Z,Coinbase,2,,,engine/technical/README.md,
BTC,crypto,tecnico,atr14_pct_precio,3.58,,%,2026-06-29,2026-09-04T15:49:34Z,Coinbase,2,,,engine/technical/README.md,
BTC,crypto,tecnico,atr14_pct_precio,3.68,,%,2026-06-30,2026-09-04T15:49:34Z,Coinbase,2,,,engine/technical/README.md,
BTC,crypto,tecnico,atr14_pct_precio,3.76,,%,2026-07-01,2026-09-04T15:49:34Z,Coinbase,2,,,engine/technical/README.md,
BTC,crypto,tecnico,atr14_pct_precio,3.67,,%,2026-07-02,2026-09-04T15:49:34Z,Coinbase,2,,,engine/technical/README.md,
BTC,crypto,tecnico,atr14_pct_precio,3.55,,%,2026-07-03,2026-09-04T15:49:34Z,Coinbase,2,,,engine/technical/README.md,
BTC,crypto,tecnico,atr14_pct_precio,3.4,,%,2026-07-04,2026-09-04T15:49:34Z,Coinbase,2,,,engine/technical/README.md,
BTC,crypto,tecnico,atr14_pct_precio,3.3,,%,2026-07-05,2026-09-04T15:49:34Z,Coinbase,2,,,engine/technical/README.md,
BTC,crypto,tecnico,atr14_pct_precio,3.41,,%,2026-07-06,2026-09-04T15:49:34Z,Coinbase,2,,,engine/technical/README.md,
BTC,crypto,tecnico,atr14_pct_precio,3.37,,%,2026-07-07,2026-09-04T15:49:34Z,Coinbase,2,,,engine/technical/README.md,
BTC,crypto,tecnico,atr14_pct_precio,3.44,,%,2026-07-08,2026-09-04T15:49:34Z,Coinbase,2,,,engine/technical/README.md,
BTC,crypto,tecnico,atr14_pct_precio,3.35,,%,2026-07-09,2026-09-04T15:49:34Z,Coinbase,2,,,engine/technical/README.md,
BTC,crypto,tecnico,atr14_pct_precio,3.26,,%,2026-07-10,2026-09-04T15:49:34Z,Coinbase,2,,,engine/technical/README.md,
BTC,crypto,tecnico,atr14_pct_precio,3.12,,%,2026-07-11,2026-09-04T15:49:34Z,Coinbase,2,,,engine/technical/README.md,
BTC,crypto,tecnico,atr14_pct_precio,2.97,,%,2026-07-12,2026-09-04T15:49:34Z,Coinbase,2,,,engine/technical/README.md,
BTC,crypto,tecnico,atr14_pct_precio,3.11,,%,2026-07-13,2026-09-04T15:49:34Z,Coinbase,2,,,engine/technical/README.md,
BTC,crypto,tecnico,atr14_pct_precio,3.07,,%,2026-07-14,2026-09-04T15:49:34Z,Coinbase,2,,,engine/technical/README.md,
BTC,crypto,tecnico,atr14_pct_precio,3.0,,%,2026-07-15,2026-09-04T15:49:34Z,Coinbase,2,,,engine/technical/README.md,
BTC,crypto,tecnico,atr14_pct_precio,2.95,,%,2026-07-16,2026-09-04T15:49:34Z,Coinbase,2,,,engine/technical/README.md,
BTC,crypto,tecnico,atr14_pct_precio,2.94,,%,2026-07-17,2026-09-04T15:49:34Z,Coinbase,2,,,engine/technical/README.md,
BTC,crypto,tecnico,atr14_pct_precio,2.8,,%,2026-07-18,2026-09-04T15:49:34Z,Coinbase,2,,,engine/technical/README.md,
BTC,crypto,tecnico,atr14_pct_precio,2.68,,%,2026-07-19,2026-09-04T15:49:34Z,Coinbase,2,,,engine/technical/README.md,
BTC,crypto,tecnico,atr14_pct_precio,2.66,,%,2026-07-20,2026-09-04T11:17:40Z,Kraken,2,100,,engine/technical/README.md,
BTC,crypto,tecnico,atr14_pct_precio,2.65,,%,2026-07-21,2026-09-04T15:49:34Z,Coinbase,2,,,engine/technical/README.md,
BTC,crypto,tecnico,atr14_pct_precio,2.61,,%,2026-07-22,2026-09-04T15:49:34Z,Coinbase,2,,,engine/technical/README.md,
BTC,crypto,tecnico,atr14_pct_precio,2.62,,%,2026-07-23,2026-09-04T15:49:34Z,Coinbase,2,,,engine/technical/README.md,
BTC,crypto,tecnico,atr14_pct_precio,2.69,,%,2026-07-24,2026-09-04T15:49:34Z,Coinbase,2,,,engine/technical/README.md,
BTC,crypto,tecnico,atr14_pct_precio,2.56,,%,2026-07-25,2026-09-04T15:49:34Z,Coinbase,2,,,engine/technical/README.md,
BTC,crypto,tecnico,atr14_pct_precio,2.47,,%,2026-07-26,2026-09-04T15:49:34Z,Coinbase,2,,,engine/technical/README.md,
BTC,crypto,tecnico,atr14_pct_precio,2.58,,%,2026-07-27,2026-09-04T15:49:34Z,Coinbase,2,,,engine/technical/README.md,
BTC,crypto,tecnico,atr14_pct_precio,2.52,,%,2026-07-28,2026-09-04T15:49:34Z,Coinbase,2,,,engine/technical/README.md,
BTC,crypto,tecnico,atr14_pct_precio,2.56,,%,2026-07-29,2026-09-04T15:49:34Z,Coinbase,2,,,engine/technical/README.md,
BTC,crypto,tecnico,atr14_pct_precio,2.51,,%,2026-07-30,2026-09-04T15:49:34Z,Coinbase,2,,,engine/technical/README.md,
BTC,crypto,tecnico,atr14_pct_precio,2.73,,%,2026-07-31,2026-09-04T15:49:34Z,Coinbase,2,,,engine/technical/README.md,
BTC,crypto,tecnico,atr14_pct_precio,2.63,,%,2026-08-01,2026-09-04T15:49:34Z,Coinbase,2,,,engine/technical/README.md,
BTC,crypto,tecnico,atr14_pct_precio,2.51,,%,2026-08-02,2026-09-04T15:49:34Z,Coinbase,2,,,engine/technical/README.md,
BTC,crypto,tecnico,atr14_pct_precio,2.55,,%,2026-08-03,2026-09-04T15:49:34Z,Coinbase,2,,,engine/technical/README.md,
BTC,crypto,tecnico,atr14_pct_precio,2.47,,%,2026-08-04,2026-09-04T15:49:34Z,Coinbase,2,,,engine/technical/README.md,
BTC,crypto,tecnico,atr14_pct_precio,2.41,,%,2026-08-05,2026-09-04T15:49:34Z,Coinbase,2,,,engine/technical/README.md,
BTC,crypto,tecnico,atr14_pct_precio,2.34,,%,2026-08-06,2026-09-04T15:49:34Z,Coinbase,2,,,engine/technical/README.md,
BTC,crypto,tecnico,atr14_pct_precio,2.28,,%,2026-08-07,2026-09-04T15:49:34Z,Coinbase,2,,,engine/technical/README.md,
BTC,crypto,tecnico,atr14_pct_precio,2.15,,%,2026-08-08,2026-09-04T15:49:34Z,Coinbase,2,,,engine/technical/README.md,
BTC,crypto,tecnico,atr14_pct_precio,2.08,,%,2026-08-09,2026-09-04T15:49:34Z,Coinbase,2,,,engine/technical/README.md,
BTC,crypto,tecnico,atr14_pct_precio,2.13,,%,2026-08-10,2026-09-04T15:49:34Z,Coinbase,2,,,engine/technical/README.md,
BTC,crypto,tecnico,atr14_pct_precio,2.13,,%,2026-08-11,2026-09-04T15:49:34Z,Coinbase,2,,,engine/technical/README.md,
BTC,crypto,tecnico,atr14_pct_precio,2.11,,%,2026-08-12,2026-09-04T15:49:34Z,Coinbase,2,,,engine/technical/README.md,
BTC,crypto,tecnico,atr14_pct_precio,2.09,,%,2026-08-13,2026-09-04T15:49:34Z,Coinbase,2,,,engine/technical/README.md,
BTC,crypto,tecnico,atr14_pct_precio,2.11,,%,2026-08-14,2026-09-04T15:49:34Z,Coinbase,2,,,engine/technical/README.md,
BTC,crypto,tecnico,atr14_pct_precio,1.99,,%,2026-08-15,2026-09-04T15:49:34Z,Coinbase,2,,,engine/technical/README.md,
BTC,crypto,tecnico,atr14_pct_precio,1.93,,%,2026-08-16,2026-09-04T15:49:34Z,Coinbase,2,,,engine/technical/README.md,
BTC,crypto,tecnico,atr14_pct_precio,1.96,,%,2026-08-17,2026-09-04T15:49:34Z,Coinbase,2,,,engine/technical/README.md,
BTC,crypto,tecnico,atr14_pct_precio,1.92,,%,2026-08-18,2026-09-04T15:49:34Z,Coinbase,2,,,engine/technical/README.md,
BTC,crypto,tecnico,atr14_pct_precio,2.24,,%,2026-08-19,2026-09-04T15:49:34Z,Coinbase,2,,,engine/technical/README.md,
BTC,crypto,tecnico,atr14_pct_precio,2.41,,%,2026-08-20,2026-09-04T15:49:34Z,Coinbase,2,,,engine/technical/README.md,
BTC,crypto,tecnico,atr14_pct_precio,2.67,,%,2026-08-21,2026-09-04T15:49:34Z,Coinbase,2,,,engine/technical/README.md,
BTC,crypto,tecnico,atr14_pct_precio,3.31,,%,2026-08-22,2026-09-04T15:49:34Z,Coinbase,2,,,engine/technical/README.md,
BTC,crypto,tecnico,atr14_pct_precio,3.3,,%,2026-08-23,2026-09-04T15:49:34Z,Coinbase,2,,,engine/technical/README.md,
BTC,crypto,tecnico,atr14_pct_precio,3.32,,%,2026-08-24,2026-09-04T15:49:34Z,Coinbase,2,,,engine/technical/README.md,
BTC,crypto,tecnico,atr14_pct_precio,3.42,,%,2026-08-25,2026-09-04T15:49:34Z,Coinbase,2,,,engine/technical/README.md,
BTC,crypto,tecnico,atr14_pct_precio,3.29,,%,2026-08-26,2026-09-04T15:49:34Z,Coinbase,2,,,engine/technical/README.md,
BTC,crypto,tecnico,atr14_pct_precio,3.21,,%,2026-08-27,2026-09-04T15:49:34Z,Coinbase,2,,,engine/technical/README.md,
BTC,crypto,tecnico,atr14_pct_precio,3.44,,%,2026-08-28,2026-09-04T15:49:34Z,Coinbase,2,,,engine/technical/README.md,
BTC,crypto,tecnico,atr14_pct_precio,3.26,,%,2026-08-29,2026-09-04T15:49:34Z,Coinbase,2,,,engine/technical/README.md,
BTC,crypto,tecnico,atr14_pct_precio,3.28,,%,2026-08-30,2026-09-04T15:49:34Z,Coinbase,2,,,engine/technical/README.md,
BTC,crypto,tecnico,atr14_pct_precio,3.17,,%,2026-08-31,2026-09-04T15:49:34Z,Coinbase,2,,,engine/technical/README.md,
BTC,crypto,tecnico,atr14_pct_precio,3.23,,%,2026-09-01,2026-09-04T15:49:34Z,Coinbase,2,,,engine/technical/README.md,
BTC,crypto,tecnico,atr14_pct_precio,3.14,,%,2026-09-02,2026-09-04T15:49:34Z,Coinbase,2,,,engine/technical/README.md,
BTC,crypto,tecnico,atr14_pct_precio,3.23,,%,2026-09-03,2026-09-04T15:49:34Z,Coinbase,2,,,engine/technical/README.md,
BTC,crypto,tecnico,atr14_pct_precio,2.88,,%,2026-09-04,2026-09-04T10:11:47Z,Kraken,2,100,,engine/technical/README.md,
BTC,crypto,tecnico,confluencia_sesgo,,mixto (3/4 señales alcistas — sin confluencia clara),categorico,2026-07-20,2026-09-04T11:17:40Z,Kraken,2,100,,engine/technical/README.md,
BTC,crypto,tecnico,confluencia_sesgo,,confluencia alcista (todas las señales coinciden),categorico,2026-09-04,2026-09-04T10:11:47Z,Kraken,2,100,,engine/technical/README.md,
BTC,crypto,tecnico,posicion_rango_90d_pct,32.1,,%,2026-07-20,2026-09-04T11:17:40Z,Kraken,2,100,,engine/technical/README.md,
BTC,crypto,tecnico,posicion_rango_90d_pct,98.9,,%,2026-09-04,2026-09-04T10:11:47Z,Kraken,2,100,,engine/technical/README.md,
BTC,crypto,tecnico,precio,75540.48,,EUR,2026-01-01,2026-09-04T15:49:34Z,Coinbase,2,,,engine/technical/README.md,
BTC,crypto,tecnico,precio,76796.54,,EUR,2026-01-02,2026-09-04T15:49:34Z,Coinbase,2,,,engine/technical/README.md,
BTC,crypto,tecnico,precio,77381.02,,EUR,2026-01-03,2026-09-04T15:49:34Z,Coinbase,2,,,engine/technical/README.md,
BTC,crypto,tecnico,precio,78186.28,,EUR,2026-01-04,2026-09-04T15:49:34Z,Coinbase,2,,,engine/technical/README.md,
BTC,crypto,tecnico,precio,80152.48,,EUR,2026-01-05,2026-09-04T15:49:34Z,Coinbase,2,,,engine/technical/README.md,
BTC,crypto,tecnico,precio,80203.04,,EUR,2026-01-06,2026-09-04T15:49:34Z,Coinbase,2,,,engine/technical/README.md,
BTC,crypto,tecnico,precio,78163.62,,EUR,2026-01-07,2026-09-04T15:49:34Z,Coinbase,2,,,engine/technical/README.md,
BTC,crypto,tecnico,precio,78116.51,,EUR,2026-01-08,2026-09-04T15:49:34Z,Coinbase,2,,,engine/technical/README.md,
BTC,crypto,tecnico,precio,77826.09,,EUR,2026-01-09,2026-09-04T15:49:34Z,Coinbase,2,,,engine/technical/README.md,
BTC,crypto,tecnico,precio,77784.96,,EUR,2026-01-10,2026-09-04T15:49:34Z,Coinbase,2,,,engine/technical/README.md,
BTC,crypto,tecnico,precio,78210.6,,EUR,2026-01-11,2026-09-04T15:49:34Z,Coinbase,2,,,engine/technical/README.md,
BTC,crypto,tecnico,precio,78170.25,,EUR,2026-01-12,2026-09-04T15:49:34Z,Coinbase,2,,,engine/technical/README.md,
BTC,crypto,tecnico,precio,81907.01,,EUR,2026-01-13,2026-09-04T15:49:34Z,Coinbase,2,,,engine/technical/README.md,
BTC,crypto,tecnico,precio,83265.52,,EUR,2026-01-14,2026-09-04T15:49:34Z,Coinbase,2,,,engine/technical/README.md,
BTC,crypto,tecnico,precio,82354.35,,EUR,2026-01-15,2026-09-04T15:49:34Z,Coinbase,2,,,engine/technical/README.md,
BTC,crypto,tecnico,precio,82354.75,,EUR,2026-01-16,2026-09-04T15:49:34Z,Coinbase,2,,,engine/technical/README.md,
BTC,crypto,tecnico,precio,82086.23,,EUR,2026-01-17,2026-09-04T15:49:34Z,Coinbase,2,,,engine/technical/README.md,
BTC,crypto,tecnico,precio,80573.83,,EUR,2026-01-18,2026-09-04T15:49:34Z,Coinbase,2,,,engine/technical/README.md,
BTC,crypto,tecnico,precio,79525.91,,EUR,2026-01-19,2026-09-04T15:49:34Z,Coinbase,2,,,engine/technical/README.md,
BTC,crypto,tecnico,precio,75323.05,,EUR,2026-01-20,2026-09-04T15:49:34Z,Coinbase,2,,,engine/technical/README.md,
BTC,crypto,tecnico,precio,76590.15,,EUR,2026-01-21,2026-09-04T15:49:34Z,Coinbase,2,,,engine/technical/README.md,
BTC,crypto,tecnico,precio,76129.44,,EUR,2026-01-22,2026-09-04T15:49:34Z,Coinbase,2,,,engine/technical/README.md,
BTC,crypto,tecnico,precio,75692.81,,EUR,2026-01-23,2026-09-04T15:49:34Z,Coinbase,2,,,engine/technical/README.md,
BTC,crypto,tecnico,precio,75381.27,,EUR,2026-01-24,2026-09-04T15:49:34Z,Coinbase,2,,,engine/technical/README.md,
BTC,crypto,tecnico,precio,73015.02,,EUR,2026-01-25,2026-09-04T15:49:34Z,Coinbase,2,,,engine/technical/README.md,
BTC,crypto,tecnico,precio,74318.56,,EUR,2026-01-26,2026-09-04T15:49:34Z,Coinbase,2,,,engine/technical/README.md,
BTC,crypto,tecnico,precio,74158.85,,EUR,2026-01-27,2026-09-04T15:49:34Z,Coinbase,2,,,engine/technical/README.md,
BTC,crypto,tecnico,precio,74482.17,,EUR,2026-01-28,2026-09-04T15:49:34Z,Coinbase,2,,,engine/technical/README.md,
BTC,crypto,tecnico,precio,70670.45,,EUR,2026-01-29,2026-09-04T15:49:34Z,Coinbase,2,,,engine/technical/README.md,
BTC,crypto,tecnico,precio,71016.32,,EUR,2026-01-30,2026-09-04T15:49:34Z,Coinbase,2,,,engine/technical/README.md,
BTC,crypto,tecnico,precio,66590.16,,EUR,2026-01-31,2026-09-04T15:49:34Z,Coinbase,2,,,engine/technical/README.md,
BTC,crypto,tecnico,precio,64919.82,,EUR,2026-02-01,2026-09-04T15:49:34Z,Coinbase,2,,,engine/technical/README.md,
BTC,crypto,tecnico,precio,66716.23,,EUR,2026-02-02,2026-09-04T15:49:34Z,Coinbase,2,,,engine/technical/README.md,
BTC,crypto,tecnico,precio,64070.32,,EUR,2026-02-03,2026-09-04T15:49:34Z,Coinbase,2,,,engine/technical/README.md,
BTC,crypto,tecnico,precio,61877.38,,EUR,2026-02-04,2026-09-04T15:49:34Z,Coinbase,2,,,engine/technical/README.md,
BTC,crypto,tecnico,precio,53360.0,,EUR,2026-02-05,2026-09-04T15:49:34Z,Coinbase,2,,,engine/technical/README.md,
BTC,crypto,tecnico,precio,59845.34,,EUR,2026-02-06,2026-09-04T15:49:34Z,Coinbase,2,,,engine/technical/README.md,
BTC,crypto,tecnico,precio,58766.82,,EUR,2026-02-07,2026-09-04T15:49:34Z,Coinbase,2,,,engine/technical/README.md,
BTC,crypto,tecnico,precio,59548.04,,EUR,2026-02-08,2026-09-04T15:49:34Z,Coinbase,2,,,engine/technical/README.md,
BTC,crypto,tecnico,precio,58909.66,,EUR,2026-02-09,2026-09-04T15:49:34Z,Coinbase,2,,,engine/technical/README.md,
BTC,crypto,tecnico,precio,57921.16,,EUR,2026-02-10,2026-09-04T15:49:34Z,Coinbase,2,,,engine/technical/README.md,
BTC,crypto,tecnico,precio,56470.73,,EUR,2026-02-11,2026-09-04T15:49:34Z,Coinbase,2,,,engine/technical/README.md,
BTC,crypto,tecnico,precio,55798.66,,EUR,2026-02-12,2026-09-04T15:49:34Z,Coinbase,2,,,engine/technical/README.md,
BTC,crypto,tecnico,precio,58055.38,,EUR,2026-02-13,2026-09-04T15:49:34Z,Coinbase,2,,,engine/technical/README.md,
BTC,crypto,tecnico,precio,58919.38,,EUR,2026-02-14,2026-09-04T15:49:34Z,Coinbase,2,,,engine/technical/README.md,
BTC,crypto,tecnico,precio,58005.29,,EUR,2026-02-15,2026-09-04T15:49:34Z,Coinbase,2,,,engine/technical/README.md,
BTC,crypto,tecnico,precio,58129.26,,EUR,2026-02-16,2026-09-04T15:49:34Z,Coinbase,2,,,engine/technical/README.md,
BTC,crypto,tecnico,precio,56970.34,,EUR,2026-02-17,2026-09-04T15:49:34Z,Coinbase,2,,,engine/technical/README.md,
BTC,crypto,tecnico,precio,56383.07,,EUR,2026-02-18,2026-09-04T15:49:34Z,Coinbase,2,,,engine/technical/README.md,
BTC,crypto,tecnico,precio,56924.92,,EUR,2026-02-19,2026-09-04T15:49:34Z,Coinbase,2,,,engine/technical/README.md,
BTC,crypto,tecnico,precio,57702.19,,EUR,2026-02-20,2026-09-04T15:49:34Z,Coinbase,2,,,engine/technical/README.md,
BTC,crypto,tecnico,precio,57698.09,,EUR,2026-02-21,2026-09-04T15:49:34Z,Coinbase,2,,,engine/technical/README.md,
BTC,crypto,tecnico,precio,57160.86,,EUR,2026-02-22,2026-09-04T15:49:34Z,Coinbase,2,,,engine/technical/README.md,
BTC,crypto,tecnico,precio,54829.79,,EUR,2026-02-23,2026-09-04T15:49:34Z,Coinbase,2,,,engine/technical/README.md,
BTC,crypto,tecnico,precio,54433.48,,EUR,2026-02-24,2026-09-04T15:49:34Z,Coinbase,2,,,engine/technical/README.md,
BTC,crypto,tecnico,precio,57562.16,,EUR,2026-02-25,2026-09-04T15:49:34Z,Coinbase,2,,,engine/technical/README.md,
BTC,crypto,tecnico,precio,57211.98,,EUR,2026-02-26,2026-09-04T15:49:34Z,Coinbase,2,,,engine/technical/README.md,
BTC,crypto,tecnico,precio,55805.83,,EUR,2026-02-27,2026-09-04T15:49:34Z,Coinbase,2,,,engine/technical/README.md,
BTC,crypto,tecnico,precio,56782.88,,EUR,2026-02-28,2026-09-04T15:49:34Z,Coinbase,2,,,engine/technical/README.md,
BTC,crypto,tecnico,precio,55947.58,,EUR,2026-03-01,2026-09-04T15:49:34Z,Coinbase,2,,,engine/technical/README.md,
BTC,crypto,tecnico,precio,58855.17,,EUR,2026-03-02,2026-09-04T15:49:34Z,Coinbase,2,,,engine/technical/README.md,
BTC,crypto,tecnico,precio,58824.67,,EUR,2026-03-03,2026-09-04T15:49:34Z,Coinbase,2,,,engine/technical/README.md,
BTC,crypto,tecnico,precio,62470.16,,EUR,2026-03-04,2026-09-04T15:49:34Z,Coinbase,2,,,engine/technical/README.md,
BTC,crypto,tecnico,precio,61095.39,,EUR,2026-03-05,2026-09-04T15:49:34Z,Coinbase,2,,,engine/technical/README.md,
BTC,crypto,tecnico,precio,58677.65,,EUR,2026-03-06,2026-09-04T15:49:34Z,Coinbase,2,,,engine/technical/README.md,
BTC,crypto,tecnico,precio,58004.11,,EUR,2026-03-07,2026-09-04T15:49:34Z,Coinbase,2,,,engine/technical/README.md,
BTC,crypto,tecnico,precio,57278.91,,EUR,2026-03-08,2026-09-04T15:49:34Z,Coinbase,2,,,engine/technical/README.md,
BTC,crypto,tecnico,precio,58929.17,,EUR,2026-03-09,2026-09-04T15:49:34Z,Coinbase,2,,,engine/technical/README.md,
BTC,crypto,tecnico,precio,60275.84,,EUR,2026-03-10,2026-09-04T15:49:34Z,Coinbase,2,,,engine/technical/README.md,
BTC,crypto,tecnico,precio,60822.96,,EUR,2026-03-11,2026-09-04T15:49:34Z,Coinbase,2,,,engine/technical/README.md,
BTC,crypto,tecnico,precio,61217.24,,EUR,2026-03-12,2026-09-04T15:49:34Z,Coinbase,2,,,engine/technical/README.md,
BTC,crypto,tecnico,precio,62111.35,,EUR,2026-03-13,2026-09-04T15:49:34Z,Coinbase,2,,,engine/technical/README.md,
BTC,crypto,tecnico,precio,62425.86,,EUR,2026-03-14,2026-09-04T15:49:34Z,Coinbase,2,,,engine/technical/README.md,
BTC,crypto,tecnico,precio,63718.6,,EUR,2026-03-15,2026-09-04T15:49:34Z,Coinbase,2,,,engine/technical/README.md,
BTC,crypto,tecnico,precio,65103.86,,EUR,2026-03-16,2026-09-04T15:49:34Z,Coinbase,2,,,engine/technical/README.md,
BTC,crypto,tecnico,precio,64093.06,,EUR,2026-03-17,2026-09-04T15:49:34Z,Coinbase,2,,,engine/technical/README.md,
BTC,crypto,tecnico,precio,62154.32,,EUR,2026-03-18,2026-09-04T15:49:34Z,Coinbase,2,,,engine/technical/README.md,
BTC,crypto,tecnico,precio,60401.47,,EUR,2026-03-19,2026-09-04T15:49:34Z,Coinbase,2,,,engine/technical/README.md,
BTC,crypto,tecnico,precio,60960.15,,EUR,2026-03-20,2026-09-04T15:49:34Z,Coinbase,2,,,engine/technical/README.md,
BTC,crypto,tecnico,precio,59617.93,,EUR,2026-03-21,2026-09-04T15:49:34Z,Coinbase,2,,,engine/technical/README.md,
BTC,crypto,tecnico,precio,58702.47,,EUR,2026-03-22,2026-09-04T15:49:34Z,Coinbase,2,,,engine/technical/README.md,
BTC,crypto,tecnico,precio,61067.85,,EUR,2026-03-23,2026-09-04T15:49:34Z,Coinbase,2,,,engine/technical/README.md,
BTC,crypto,tecnico,precio,60746.57,,EUR,2026-03-24,2026-09-04T15:49:34Z,Coinbase,2,,,engine/technical/README.md,
BTC,crypto,tecnico,precio,61686.93,,EUR,2026-03-25,2026-09-04T15:49:34Z,Coinbase,2,,,engine/technical/README.md,
BTC,crypto,tecnico,precio,59641.91,,EUR,2026-03-26,2026-09-04T15:49:34Z,Coinbase,2,,,engine/technical/README.md,
BTC,crypto,tecnico,precio,57662.88,,EUR,2026-03-27,2026-09-04T15:49:34Z,Coinbase,2,,,engine/technical/README.md,
BTC,crypto,tecnico,precio,57697.81,,EUR,2026-03-28,2026-09-04T15:49:34Z,Coinbase,2,,,engine/technical/README.md,
BTC,crypto,tecnico,precio,57481.05,,EUR,2026-03-29,2026-09-04T15:49:34Z,Coinbase,2,,,engine/technical/README.md,
BTC,crypto,tecnico,precio,58266.63,,EUR,2026-03-30,2026-09-04T15:49:34Z,Coinbase,2,,,engine/technical/README.md,
BTC,crypto,tecnico,precio,58945.4,,EUR,2026-03-31,2026-09-04T15:49:34Z,Coinbase,2,,,engine/technical/README.md,
BTC,crypto,tecnico,precio,58758.08,,EUR,2026-04-01,2026-09-04T15:49:34Z,Coinbase,2,,,engine/technical/README.md,
BTC,crypto,tecnico,precio,57998.05,,EUR,2026-04-02,2026-09-04T15:49:34Z,Coinbase,2,,,engine/technical/README.md,
BTC,crypto,tecnico,precio,58152.15,,EUR,2026-04-03,2026-09-04T15:49:34Z,Coinbase,2,,,engine/technical/README.md,
BTC,crypto,tecnico,precio,58449.57,,EUR,2026-04-04,2026-09-04T15:49:34Z,Coinbase,2,,,engine/technical/README.md,
BTC,crypto,tecnico,precio,59955.61,,EUR,2026-04-05,2026-09-04T15:49:34Z,Coinbase,2,,,engine/technical/README.md,
BTC,crypto,tecnico,precio,59654.74,,EUR,2026-04-06,2026-09-04T15:49:34Z,Coinbase,2,,,engine/technical/README.md,
BTC,crypto,tecnico,precio,61526.87,,EUR,2026-04-07,2026-09-04T15:49:34Z,Coinbase,2,,,engine/technical/README.md,
BTC,crypto,tecnico,precio,60987.18,,EUR,2026-04-08,2026-09-04T15:49:34Z,Coinbase,2,,,engine/technical/README.md,
BTC,crypto,tecnico,precio,61436.52,,EUR,2026-04-09,2026-09-04T15:49:34Z,Coinbase,2,,,engine/technical/README.md,
BTC,crypto,tecnico,precio,62267.26,,EUR,2026-04-10,2026-09-04T15:49:34Z,Coinbase,2,,,engine/technical/README.md,
BTC,crypto,tecnico,precio,62370.0,,EUR,2026-04-11,2026-09-04T15:49:34Z,Coinbase,2,,,engine/technical/README.md,
BTC,crypto,tecnico,precio,60606.16,,EUR,2026-04-12,2026-09-04T15:49:34Z,Coinbase,2,,,engine/technical/README.md,
BTC,crypto,tecnico,precio,63253.1,,EUR,2026-04-13,2026-09-04T15:49:34Z,Coinbase,2,,,engine/technical/README.md,
BTC,crypto,tecnico,precio,62864.87,,EUR,2026-04-14,2026-09-04T15:49:34Z,Coinbase,2,,,engine/technical/README.md,
BTC,crypto,tecnico,precio,63390.32,,EUR,2026-04-15,2026-09-04T15:49:34Z,Coinbase,2,,,engine/technical/README.md,
BTC,crypto,tecnico,precio,63808.86,,EUR,2026-04-16,2026-09-04T15:49:34Z,Coinbase,2,,,engine/technical/README.md,
BTC,crypto,tecnico,precio,65539.77,,EUR,2026-04-17,2026-09-04T15:49:34Z,Coinbase,2,,,engine/technical/README.md,
BTC,crypto,tecnico,precio,64396.46,,EUR,2026-04-18,2026-09-04T15:49:34Z,Coinbase,2,,,engine/technical/README.md,
BTC,crypto,tecnico,precio,62908.22,,EUR,2026-04-19,2026-09-04T15:49:34Z,Coinbase,2,,,engine/technical/README.md,
BTC,crypto,tecnico,precio,64386.71,,EUR,2026-04-20,2026-09-04T15:49:34Z,Coinbase,2,,,engine/technical/README.md,
BTC,crypto,tecnico,precio,65007.15,,EUR,2026-04-21,2026-09-04T15:49:34Z,Coinbase,2,,,engine/technical/README.md,
BTC,crypto,tecnico,precio,66802.23,,EUR,2026-04-22,2026-09-04T15:49:34Z,Coinbase,2,,,engine/technical/README.md,
BTC,crypto,tecnico,precio,67034.85,,EUR,2026-04-23,2026-09-04T15:49:34Z,Coinbase,2,,,engine/technical/README.md,
BTC,crypto,tecnico,precio,66107.78,,EUR,2026-04-24,2026-09-04T15:49:34Z,Coinbase,2,,,engine/technical/README.md,
BTC,crypto,tecnico,precio,66297.5,,EUR,2026-04-25,2026-09-04T15:49:34Z,Coinbase,2,,,engine/technical/README.md,
BTC,crypto,tecnico,precio,67227.34,,EUR,2026-04-26,2026-09-04T15:49:34Z,Coinbase,2,,,engine/technical/README.md,
BTC,crypto,tecnico,precio,66015.69,,EUR,2026-04-27,2026-09-04T15:49:34Z,Coinbase,2,,,engine/technical/README.md,
BTC,crypto,tecnico,precio,65148.71,,EUR,2026-04-28,2026-09-04T15:49:34Z,Coinbase,2,,,engine/technical/README.md,
BTC,crypto,tecnico,precio,64886.84,,EUR,2026-04-29,2026-09-04T15:49:34Z,Coinbase,2,,,engine/technical/README.md,
BTC,crypto,tecnico,precio,65095.26,,EUR,2026-04-30,2026-09-04T15:49:34Z,Coinbase,2,,,engine/technical/README.md,
BTC,crypto,tecnico,precio,66750.03,,EUR,2026-05-01,2026-09-04T15:49:34Z,Coinbase,2,,,engine/technical/README.md,
BTC,crypto,tecnico,precio,67131.88,,EUR,2026-05-02,2026-09-04T15:49:34Z,Coinbase,2,,,engine/technical/README.md,
BTC,crypto,tecnico,precio,66944.8,,EUR,2026-05-03,2026-09-04T15:49:34Z,Coinbase,2,,,engine/technical/README.md,
BTC,crypto,tecnico,precio,68295.79,,EUR,2026-05-04,2026-09-04T15:49:34Z,Coinbase,2,,,engine/technical/README.md,
BTC,crypto,tecnico,precio,69069.25,,EUR,2026-05-05,2026-09-04T15:49:34Z,Coinbase,2,,,engine/technical/README.md,
BTC,crypto,tecnico,precio,69307.92,,EUR,2026-05-06,2026-09-04T15:49:34Z,Coinbase,2,,,engine/technical/README.md,
BTC,crypto,tecnico,precio,68228.72,,EUR,2026-05-07,2026-09-04T15:49:34Z,Coinbase,2,,,engine/technical/README.md,
BTC,crypto,tecnico,precio,68063.09,,EUR,2026-05-08,2026-09-04T15:49:34Z,Coinbase,2,,,engine/technical/README.md,
BTC,crypto,tecnico,precio,68482.12,,EUR,2026-05-09,2026-09-04T15:49:34Z,Coinbase,2,,,engine/technical/README.md,
BTC,crypto,tecnico,precio,69856.19,,EUR,2026-05-10,2026-09-04T15:49:34Z,Coinbase,2,,,engine/technical/README.md,
BTC,crypto,tecnico,precio,69397.94,,EUR,2026-05-11,2026-09-04T15:49:34Z,Coinbase,2,,,engine/technical/README.md,
BTC,crypto,tecnico,precio,68598.37,,EUR,2026-05-12,2026-09-04T15:49:34Z,Coinbase,2,,,engine/technical/README.md,
BTC,crypto,tecnico,precio,67693.86,,EUR,2026-05-13,2026-09-04T15:49:34Z,Coinbase,2,,,engine/technical/README.md,
BTC,crypto,tecnico,precio,69511.28,,EUR,2026-05-14,2026-09-04T15:49:34Z,Coinbase,2,,,engine/technical/README.md,
BTC,crypto,tecnico,precio,68035.27,,EUR,2026-05-15,2026-09-04T15:49:34Z,Coinbase,2,,,engine/technical/README.md,
BTC,crypto,tecnico,precio,67253.01,,EUR,2026-05-16,2026-09-04T15:49:34Z,Coinbase,2,,,engine/technical/README.md,
BTC,crypto,tecnico,precio,66677.32,,EUR,2026-05-17,2026-09-04T15:49:34Z,Coinbase,2,,,engine/technical/README.md,
BTC,crypto,tecnico,precio,66031.28,,EUR,2026-05-18,2026-09-04T15:49:34Z,Coinbase,2,,,engine/technical/README.md,
BTC,crypto,tecnico,precio,66147.78,,EUR,2026-05-19,2026-09-04T15:49:34Z,Coinbase,2,,,engine/technical/README.md,
BTC,crypto,tecnico,precio,66665.67,,EUR,2026-05-20,2026-09-04T15:49:34Z,Coinbase,2,,,engine/technical/README.md,
BTC,crypto,tecnico,precio,66765.03,,EUR,2026-05-21,2026-09-04T15:49:34Z,Coinbase,2,,,engine/technical/README.md,
BTC,crypto,tecnico,precio,65069.08,,EUR,2026-05-22,2026-09-04T15:49:34Z,Coinbase,2,,,engine/technical/README.md,
BTC,crypto,tecnico,precio,66063.05,,EUR,2026-05-23,2026-09-04T15:49:34Z,Coinbase,2,,,engine/technical/README.md,
BTC,crypto,tecnico,precio,66148.15,,EUR,2026-05-24,2026-09-04T15:49:34Z,Coinbase,2,,,engine/technical/README.md,
BTC,crypto,tecnico,precio,66412.32,,EUR,2026-05-25,2026-09-04T15:49:34Z,Coinbase,2,,,engine/technical/README.md,
BTC,crypto,tecnico,precio,65168.6,,EUR,2026-05-26,2026-09-04T15:49:34Z,Coinbase,2,,,engine/technical/README.md,
BTC,crypto,tecnico,precio,63987.52,,EUR,2026-05-27,2026-09-04T15:49:34Z,Coinbase,2,,,engine/technical/README.md,
BTC,crypto,tecnico,precio,63135.93,,EUR,2026-05-28,2026-09-04T15:49:34Z,Coinbase,2,,,engine/technical/README.md,
BTC,crypto,tecnico,precio,62941.45,,EUR,2026-05-29,2026-09-04T15:49:34Z,Coinbase,2,,,engine/technical/README.md,
BTC,crypto,tecnico,precio,63289.41,,EUR,2026-05-30,2026-09-04T15:49:34Z,Coinbase,2,,,engine/technical/README.md,
BTC,crypto,tecnico,precio,63168.29,,EUR,2026-05-31,2026-09-04T15:49:34Z,Coinbase,2,,,engine/technical/README.md,
BTC,crypto,tecnico,precio,61307.05,,EUR,2026-06-01,2026-09-04T15:49:34Z,Coinbase,2,,,engine/technical/README.md,
BTC,crypto,tecnico,precio,57373.82,,EUR,2026-06-02,2026-09-04T15:49:34Z,Coinbase,2,,,engine/technical/README.md,
BTC,crypto,tecnico,precio,55190.01,,EUR,2026-06-03,2026-09-04T15:49:34Z,Coinbase,2,,,engine/technical/README.md,
BTC,crypto,tecnico,precio,54979.76,,EUR,2026-06-04,2026-09-04T15:49:34Z,Coinbase,2,,,engine/technical/README.md,
BTC,crypto,tecnico,precio,53019.72,,EUR,2026-06-05,2026-09-04T15:49:34Z,Coinbase,2,,,engine/technical/README.md,
BTC,crypto,tecnico,precio,52915.86,,EUR,2026-06-06,2026-09-04T15:49:34Z,Coinbase,2,,,engine/technical/README.md,
BTC,crypto,tecnico,precio,54979.77,,EUR,2026-06-07,2026-09-04T15:49:34Z,Coinbase,2,,,engine/technical/README.md,
BTC,crypto,tecnico,precio,54722.32,,EUR,2026-06-08,2026-09-04T15:49:34Z,Coinbase,2,,,engine/technical/README.md,
BTC,crypto,tecnico,precio,53509.52,,EUR,2026-06-09,2026-09-04T15:49:34Z,Coinbase,2,,,engine/technical/README.md,
BTC,crypto,tecnico,precio,53298.49,,EUR,2026-06-10,2026-09-04T15:49:34Z,Coinbase,2,,,engine/technical/README.md,
BTC,crypto,tecnico,precio,54922.58,,EUR,2026-06-11,2026-09-04T15:49:34Z,Coinbase,2,,,engine/technical/README.md,
BTC,crypto,tecnico,precio,54944.77,,EUR,2026-06-12,2026-09-04T15:49:34Z,Coinbase,2,,,engine/technical/README.md,
BTC,crypto,tecnico,precio,55745.63,,EUR,2026-06-13,2026-09-04T15:49:34Z,Coinbase,2,,,engine/technical/README.md,
BTC,crypto,tecnico,precio,56654.39,,EUR,2026-06-14,2026-09-04T15:49:34Z,Coinbase,2,,,engine/technical/README.md,
BTC,crypto,tecnico,precio,57188.86,,EUR,2026-06-15,2026-09-04T15:49:34Z,Coinbase,2,,,engine/technical/README.md,
BTC,crypto,tecnico,precio,56533.71,,EUR,2026-06-16,2026-09-04T15:49:34Z,Coinbase,2,,,engine/technical/README.md,
BTC,crypto,tecnico,precio,56015.68,,EUR,2026-06-17,2026-09-04T15:49:34Z,Coinbase,2,,,engine/technical/README.md,
BTC,crypto,tecnico,precio,54884.84,,EUR,2026-06-18,2026-09-04T15:49:34Z,Coinbase,2,,,engine/technical/README.md,
BTC,crypto,tecnico,precio,55367.12,,EUR,2026-06-19,2026-09-04T15:49:34Z,Coinbase,2,,,engine/technical/README.md,
BTC,crypto,tecnico,precio,56028.91,,EUR,2026-06-20,2026-09-04T15:49:34Z,Coinbase,2,,,engine/technical/README.md,
BTC,crypto,tecnico,precio,55174.51,,EUR,2026-06-21,2026-09-04T15:49:34Z,Coinbase,2,,,engine/technical/README.md,
BTC,crypto,tecnico,precio,55976.51,,EUR,2026-06-22,2026-09-04T15:49:34Z,Coinbase,2,,,engine/technical/README.md,
BTC,crypto,tecnico,precio,55056.6,,EUR,2026-06-23,2026-09-04T15:49:34Z,Coinbase,2,,,engine/technical/README.md,
BTC,crypto,tecnico,precio,53722.22,,EUR,2026-06-24,2026-09-04T15:49:34Z,Coinbase,2,,,engine/technical/README.md,
BTC,crypto,tecnico,precio,52572.57,,EUR,2026-06-25,2026-09-04T15:49:34Z,Coinbase,2,,,engine/technical/README.md,
BTC,crypto,tecnico,precio,52724.83,,EUR,2026-06-26,2026-09-04T15:49:34Z,Coinbase,2,,,engine/technical/README.md,
BTC,crypto,tecnico,precio,52662.86,,EUR,2026-06-27,2026-09-04T15:49:34Z,Coinbase,2,,,engine/technical/README.md,
BTC,crypto,tecnico,precio,52233.81,,EUR,2026-06-28,2026-09-04T15:49:34Z,Coinbase,2,,,engine/technical/README.md,
BTC,crypto,tecnico,precio,52699.57,,EUR,2026-06-29,2026-09-04T15:49:34Z,Coinbase,2,,,engine/technical/README.md,
BTC,crypto,tecnico,precio,51300.6,,EUR,2026-06-30,2026-09-04T15:49:34Z,Coinbase,2,,,engine/technical/README.md,
BTC,crypto,tecnico,precio,52702.84,,EUR,2026-07-01,2026-09-04T15:49:34Z,Coinbase,2,,,engine/technical/README.md,
BTC,crypto,tecnico,precio,53825.25,,EUR,2026-07-02,2026-09-04T15:49:34Z,Coinbase,2,,,engine/technical/README.md,
BTC,crypto,tecnico,precio,54678.73,,EUR,2026-07-03,2026-09-04T15:49:34Z,Coinbase,2,,,engine/technical/README.md,
BTC,crypto,tecnico,precio,55208.16,,EUR,2026-07-04,2026-09-04T15:49:34Z,Coinbase,2,,,engine/technical/README.md,
BTC,crypto,tecnico,precio,55609.4,,EUR,2026-07-05,2026-09-04T15:49:34Z,Coinbase,2,,,engine/technical/README.md,
BTC,crypto,tecnico,precio,55954.02,,EUR,2026-07-06,2026-09-04T15:49:34Z,Coinbase,2,,,engine/technical/README.md,
BTC,crypto,tecnico,precio,55520.39,,EUR,2026-07-07,2026-09-04T15:49:34Z,Coinbase,2,,,engine/technical/README.md,
BTC,crypto,tecnico,precio,54531.67,,EUR,2026-07-08,2026-09-04T15:49:34Z,Coinbase,2,,,engine/technical/README.md,
BTC,crypto,tecnico,precio,55281.49,,EUR,2026-07-09,2026-09-04T15:49:34Z,Coinbase,2,,,engine/technical/README.md,
BTC,crypto,tecnico,precio,56194.62,,EUR,2026-07-10,2026-09-04T15:49:34Z,Coinbase,2,,,engine/technical/README.md,
BTC,crypto,tecnico,precio,55890.89,,EUR,2026-07-11,2026-09-04T15:49:34Z,Coinbase,2,,,engine/technical/README.md,
BTC,crypto,tecnico,precio,55901.4,,EUR,2026-07-12,2026-09-04T15:49:34Z,Coinbase,2,,,engine/technical/README.md,
BTC,crypto,tecnico,precio,54736.5,,EUR,2026-07-13,2026-09-04T15:49:34Z,Coinbase,2,,,engine/technical/README.md,
BTC,crypto,tecnico,precio,56889.17,,EUR,2026-07-14,2026-09-04T15:49:34Z,Coinbase,2,,,engine/technical/README.md,
BTC,crypto,tecnico,precio,56421.93,,EUR,2026-07-15,2026-09-04T15:49:34Z,Coinbase,2,,,engine/technical/README.md,
BTC,crypto,tecnico,precio,55729.32,,EUR,2026-07-16,2026-09-04T15:49:34Z,Coinbase,2,,,engine/technical/README.md,
BTC,crypto,tecnico,precio,55884.43,,EUR,2026-07-17,2026-09-04T15:49:34Z,Coinbase,2,,,engine/technical/README.md,
BTC,crypto,tecnico,precio,56681.06,,EUR,2026-07-18,2026-09-04T15:49:34Z,Coinbase,2,,,engine/technical/README.md,
BTC,crypto,tecnico,precio,56613.04,,EUR,2026-07-19,2026-09-04T15:49:34Z,Coinbase,2,,,engine/technical/README.md,
BTC,crypto,tecnico,precio,57244.8,,EUR,2026-07-20,2026-09-04T11:17:40Z,Kraken,2,100,,engine/technical/README.md,
BTC,crypto,tecnico,precio,58342.13,,EUR,2026-07-21,2026-09-04T15:49:34Z,Coinbase,2,,,engine/technical/README.md,
BTC,crypto,tecnico,precio,57920.13,,EUR,2026-07-22,2026-09-04T15:49:34Z,Coinbase,2,,,engine/technical/README.md,
BTC,crypto,tecnico,precio,57198.91,,EUR,2026-07-23,2026-09-04T15:49:34Z,Coinbase,2,,,engine/technical/README.md,
BTC,crypto,tecnico,precio,56377.27,,EUR,2026-07-24,2026-09-04T15:49:34Z,Coinbase,2,,,engine/technical/README.md,
BTC,crypto,tecnico,precio,56583.72,,EUR,2026-07-25,2026-09-04T15:49:34Z,Coinbase,2,,,engine/technical/README.md,
BTC,crypto,tecnico,precio,57351.73,,EUR,2026-07-26,2026-09-04T15:49:34Z,Coinbase,2,,,engine/technical/README.md,
BTC,crypto,tecnico,precio,56032.86,,EUR,2026-07-27,2026-09-04T15:49:34Z,Coinbase,2,,,engine/technical/README.md,
BTC,crypto,tecnico,precio,56087.27,,EUR,2026-07-28,2026-09-04T15:49:34Z,Coinbase,2,,,engine/technical/README.md,
BTC,crypto,tecnico,precio,55741.77,,EUR,2026-07-29,2026-09-04T15:49:34Z,Coinbase,2,,,engine/technical/README.md,
BTC,crypto,tecnico,precio,56182.7,,EUR,2026-07-30,2026-09-04T15:49:34Z,Coinbase,2,,,engine/technical/README.md,
BTC,crypto,tecnico,precio,54514.32,,EUR,2026-07-31,2026-09-04T15:49:34Z,Coinbase,2,,,engine/technical/README.md,
BTC,crypto,tecnico,precio,54485.13,,EUR,2026-08-01,2026-09-04T15:49:34Z,Coinbase,2,,,engine/technical/README.md,
BTC,crypto,tecnico,precio,55044.8,,EUR,2026-08-02,2026-09-04T15:49:34Z,Coinbase,2,,,engine/technical/README.md,
BTC,crypto,tecnico,precio,55161.53,,EUR,2026-08-03,2026-09-04T15:49:34Z,Coinbase,2,,,engine/technical/README.md,
BTC,crypto,tecnico,precio,55551.16,,EUR,2026-08-04,2026-09-04T15:49:34Z,Coinbase,2,,,engine/technical/README.md,
BTC,crypto,tecnico,precio,55910.52,,EUR,2026-08-05,2026-09-04T15:49:34Z,Coinbase,2,,,engine/technical/README.md,
BTC,crypto,tecnico,precio,55785.66,,EUR,2026-08-06,2026-09-04T15:49:34Z,Coinbase,2,,,engine/technical/README.md,
BTC,crypto,tecnico,precio,56159.39,,EUR,2026-08-07,2026-09-04T15:49:34Z,Coinbase,2,,,engine/technical/README.md,
BTC,crypto,tecnico,precio,56191.41,,EUR,2026-08-08,2026-09-04T15:49:34Z,Coinbase,2,,,engine/technical/README.md,
BTC,crypto,tecnico,precio,56102.4,,EUR,2026-08-09,2026-09-04T15:49:34Z,Coinbase,2,,,engine/technical/README.md,
BTC,crypto,tecnico,precio,55366.71,,EUR,2026-08-10,2026-09-04T15:49:34Z,Coinbase,2,,,engine/technical/README.md,
BTC,crypto,tecnico,precio,55049.17,,EUR,2026-08-11,2026-09-04T15:49:34Z,Coinbase,2,,,engine/technical/README.md,
BTC,crypto,tecnico,precio,55016.84,,EUR,2026-08-12,2026-09-04T15:49:34Z,Coinbase,2,,,engine/technical/README.md,
BTC,crypto,tecnico,precio,55006.4,,EUR,2026-08-13,2026-09-04T15:49:34Z,Coinbase,2,,,engine/technical/README.md,
BTC,crypto,tecnico,precio,54469.12,,EUR,2026-08-14,2026-09-04T15:49:34Z,Coinbase,2,,,engine/technical/README.md,
BTC,crypto,tecnico,precio,54515.44,,EUR,2026-08-15,2026-09-04T15:49:34Z,Coinbase,2,,,engine/technical/README.md,
BTC,crypto,tecnico,precio,54302.78,,EUR,2026-08-16,2026-09-04T15:49:34Z,Coinbase,2,,,engine/technical/README.md,
BTC,crypto,tecnico,precio,55661.71,,EUR,2026-08-17,2026-09-04T15:49:34Z,Coinbase,2,,,engine/technical/README.md,
BTC,crypto,tecnico,precio,55888.15,,EUR,2026-08-18,2026-09-04T15:49:34Z,Coinbase,2,,,engine/technical/README.md,
BTC,crypto,tecnico,precio,59331.0,,EUR,2026-08-19,2026-09-04T15:49:34Z,Coinbase,2,,,engine/technical/README.md,
BTC,crypto,tecnico,precio,62504.72,,EUR,2026-08-20,2026-09-04T15:49:34Z,Coinbase,2,,,engine/technical/README.md,
BTC,crypto,tecnico,precio,66973.56,,EUR,2026-08-21,2026-09-04T15:49:34Z,Coinbase,2,,,engine/technical/README.md,
BTC,crypto,tecnico,precio,65787.16,,EUR,2026-08-22,2026-09-04T15:49:34Z,Coinbase,2,,,engine/technical/README.md,
BTC,crypto,tecnico,precio,66511.93,,EUR,2026-08-23,2026-09-04T15:49:34Z,Coinbase,2,,,engine/technical/README.md,
BTC,crypto,tecnico,precio,67697.18,,EUR,2026-08-24,2026-09-04T15:49:34Z,Coinbase,2,,,engine/technical/README.md,
BTC,crypto,tecnico,precio,67246.79,,EUR,2026-08-25,2026-09-04T15:49:34Z,Coinbase,2,,,engine/technical/README.md,
BTC,crypto,tecnico,precio,67781.71,,EUR,2026-08-26,2026-09-04T15:49:34Z,Coinbase,2,,,engine/technical/README.md,
BTC,crypto,tecnico,precio,68910.68,,EUR,2026-08-27,2026-09-04T15:49:34Z,Coinbase,2,,,engine/technical/README.md,
BTC,crypto,tecnico,precio,67190.34,,EUR,2026-08-28,2026-09-04T15:49:34Z,Coinbase,2,,,engine/technical/README.md,
BTC,crypto,tecnico,precio,67581.56,,EUR,2026-08-29,2026-09-04T15:49:34Z,Coinbase,2,,,engine/technical/README.md,
BTC,crypto,tecnico,precio,67018.48,,EUR,2026-08-30,2026-09-04T15:49:34Z,Coinbase,2,,,engine/technical/README.md,
BTC,crypto,tecnico,precio,67629.29,,EUR,2026-08-31,2026-09-04T15:49:34Z,Coinbase,2,,,engine/technical/README.md,
BTC,crypto,tecnico,precio,66782.78,,EUR,2026-09-01,2026-09-04T15:49:34Z,Coinbase,2,,,engine/technical/README.md,
BTC,crypto,tecnico,precio,66735.72,,EUR,2026-09-02,2026-09-04T15:49:34Z,Coinbase,2,,,engine/technical/README.md,
BTC,crypto,tecnico,precio,69874.11,,EUR,2026-09-03,2026-09-04T15:49:34Z,Coinbase,2,,,engine/technical/README.md,
BTC,crypto,tecnico,precio,69681.2,,EUR,2026-09-04,2026-09-04T10:11:47Z,Kraken,2,100,,engine/technical/README.md,
BTC,crypto,tecnico,rsi14,48.9,,indice,2026-01-01,2026-09-04T15:49:34Z,Coinbase,2,,,engine/technical/README.md,
BTC,crypto,tecnico,rsi14,54.0,,indice,2026-01-02,2026-09-04T15:49:34Z,Coinbase,2,,,engine/technical/README.md,
BTC,crypto,tecnico,rsi14,56.2,,indice,2026-01-03,2026-09-04T15:49:34Z,Coinbase,2,,,engine/technical/README.md,
BTC,crypto,tecnico,rsi14,59.1,,indice,2026-01-04,2026-09-04T15:49:34Z,Coinbase,2,,,engine/technical/README.md,
BTC,crypto,tecnico,rsi14,65.1,,indice,2026-01-05,2026-09-04T15:49:34Z,Coinbase,2,,,engine/technical/README.md,
BTC,crypto,tecnico,rsi14,65.3,,indice,2026-01-06,2026-09-04T15:49:34Z,Coinbase,2,,,engine/technical/README.md,
BTC,crypto,tecnico,rsi14,55.4,,indice,2026-01-07,2026-09-04T15:49:34Z,Coinbase,2,,,engine/technical/README.md,
BTC,crypto,tecnico,rsi14,55.2,,indice,2026-01-08,2026-09-04T15:49:34Z,Coinbase,2,,,engine/technical/README.md,
BTC,crypto,tecnico,rsi14,53.9,,indice,2026-01-09,2026-09-04T15:49:34Z,Coinbase,2,,,engine/technical/README.md,
BTC,crypto,tecnico,rsi14,53.7,,indice,2026-01-10,2026-09-04T15:49:34Z,Coinbase,2,,,engine/technical/README.md,
BTC,crypto,tecnico,rsi14,55.5,,indice,2026-01-11,2026-09-04T15:49:34Z,Coinbase,2,,,engine/technical/README.md,
BTC,crypto,tecnico,rsi14,55.3,,indice,2026-01-12,2026-09-04T15:49:34Z,Coinbase,2,,,engine/technical/README.md,
BTC,crypto,tecnico,rsi14,68.0,,indice,2026-01-13,2026-09-04T15:49:34Z,Coinbase,2,,,engine/technical/README.md,
BTC,crypto,tecnico,rsi14,71.2,,indice,2026-01-14,2026-09-04T15:49:34Z,Coinbase,2,,,engine/technical/README.md,
BTC,crypto,tecnico,rsi14,66.4,,indice,2026-01-15,2026-09-04T15:49:34Z,Coinbase,2,,,engine/technical/README.md,
BTC,crypto,tecnico,rsi14,66.4,,indice,2026-01-16,2026-09-04T15:49:34Z,Coinbase,2,,,engine/technical/README.md,
BTC,crypto,tecnico,rsi14,64.9,,indice,2026-01-17,2026-09-04T15:49:34Z,Coinbase,2,,,engine/technical/README.md,
BTC,crypto,tecnico,rsi14,57.1,,indice,2026-01-18,2026-09-04T15:49:34Z,Coinbase,2,,,engine/technical/README.md,
BTC,crypto,tecnico,rsi14,52.4,,indice,2026-01-19,2026-09-04T15:49:34Z,Coinbase,2,,,engine/technical/README.md,
BTC,crypto,tecnico,rsi14,38.6,,indice,2026-01-20,2026-09-04T15:49:34Z,Coinbase,2,,,engine/technical/README.md,
BTC,crypto,tecnico,rsi14,43.5,,indice,2026-01-21,2026-09-04T15:49:34Z,Coinbase,2,,,engine/technical/README.md,
BTC,crypto,tecnico,rsi14,42.2,,indice,2026-01-22,2026-09-04T15:49:34Z,Coinbase,2,,,engine/technical/README.md,
BTC,crypto,tecnico,rsi14,40.9,,indice,2026-01-23,2026-09-04T15:49:34Z,Coinbase,2,,,engine/technical/README.md,
BTC,crypto,tecnico,rsi14,40.0,,indice,2026-01-24,2026-09-04T15:49:34Z,Coinbase,2,,,engine/technical/README.md,
BTC,crypto,tecnico,rsi14,33.9,,indice,2026-01-25,2026-09-04T15:49:34Z,Coinbase,2,,,engine/technical/README.md,
BTC,crypto,tecnico,rsi14,39.4,,indice,2026-01-26,2026-09-04T15:49:34Z,Coinbase,2,,,engine/technical/README.md,
BTC,crypto,tecnico,rsi14,39.0,,indice,2026-01-27,2026-09-04T15:49:34Z,Coinbase,2,,,engine/technical/README.md,
BTC,crypto,tecnico,rsi14,40.4,,indice,2026-01-28,2026-09-04T15:49:34Z,Coinbase,2,,,engine/technical/README.md,
BTC,crypto,tecnico,rsi14,31.2,,indice,2026-01-29,2026-09-04T15:49:34Z,Coinbase,2,,,engine/technical/README.md,
BTC,crypto,tecnico,rsi14,32.7,,indice,2026-01-30,2026-09-04T15:49:34Z,Coinbase,2,,,engine/technical/README.md,
BTC,crypto,tecnico,rsi14,25.1,,indice,2026-01-31,2026-09-04T15:49:34Z,Coinbase,2,,,engine/technical/README.md,
BTC,crypto,tecnico,rsi14,23.0,,indice,2026-02-01,2026-09-04T15:49:34Z,Coinbase,2,,,engine/technical/README.md,
BTC,crypto,tecnico,rsi14,29.9,,indice,2026-02-02,2026-09-04T15:49:34Z,Coinbase,2,,,engine/technical/README.md,
BTC,crypto,tecnico,rsi14,26.2,,indice,2026-02-03,2026-09-04T15:49:34Z,Coinbase,2,,,engine/technical/README.md,
BTC,crypto,tecnico,rsi14,23.6,,indice,2026-02-04,2026-09-04T15:49:34Z,Coinbase,2,,,engine/technical/README.md,
BTC,crypto,tecnico,rsi14,16.6,,indice,2026-02-05,2026-09-04T15:49:34Z,Coinbase,2,,,engine/technical/README.md,
BTC,crypto,tecnico,rsi14,32.9,,indice,2026-02-06,2026-09-04T15:49:34Z,Coinbase,2,,,engine/technical/README.md,
BTC,crypto,tecnico,rsi14,31.8,,indice,2026-02-07,2026-09-04T15:49:34Z,Coinbase,2,,,engine/technical/README.md,
BTC,crypto,tecnico,rsi14,33.5,,indice,2026-02-08,2026-09-04T15:49:34Z,Coinbase,2,,,engine/technical/README.md,
BTC,crypto,tecnico,rsi14,32.8,,indice,2026-02-09,2026-09-04T15:49:34Z,Coinbase,2,,,engine/technical/README.md,
BTC,crypto,tecnico,rsi14,31.6,,indice,2026-02-10,2026-09-04T15:49:34Z,Coinbase,2,,,engine/technical/README.md,
BTC,crypto,tecnico,rsi14,29.9,,indice,2026-02-11,2026-09-04T15:49:34Z,Coinbase,2,,,engine/technical/README.md,
BTC,crypto,tecnico,rsi14,29.2,,indice,2026-02-12,2026-09-04T15:49:34Z,Coinbase,2,,,engine/technical/README.md,
BTC,crypto,tecnico,rsi14,35.2,,indice,2026-02-13,2026-09-04T15:49:34Z,Coinbase,2,,,engine/technical/README.md,
BTC,crypto,tecnico,rsi14,37.4,,indice,2026-02-14,2026-09-04T15:49:34Z,Coinbase,2,,,engine/technical/README.md,
BTC,crypto,tecnico,rsi14,36.0,,indice,2026-02-15,2026-09-04T15:49:34Z,Coinbase,2,,,engine/technical/README.md,
BTC,crypto,tecnico,rsi14,36.4,,indice,2026-02-16,2026-09-04T15:49:34Z,Coinbase,2,,,engine/technical/README.md,
BTC,crypto,tecnico,rsi14,34.5,,indice,2026-02-17,2026-09-04T15:49:34Z,Coinbase,2,,,engine/technical/README.md,
BTC,crypto,tecnico,rsi14,33.5,,indice,2026-02-18,2026-09-04T15:49:34Z,Coinbase,2,,,engine/technical/README.md,
BTC,crypto,tecnico,rsi14,35.3,,indice,2026-02-19,2026-09-04T15:49:34Z,Coinbase,2,,,engine/technical/README.md,
BTC,crypto,tecnico,rsi14,37.9,,indice,2026-02-20,2026-09-04T15:49:34Z,Coinbase,2,,,engine/technical/README.md,
BTC,crypto,tecnico,rsi14,37.9,,indice,2026-02-21,2026-09-04T15:49:34Z,Coinbase,2,,,engine/technical/README.md,
BTC,crypto,tecnico,rsi14,36.7,,indice,2026-02-22,2026-09-04T15:49:34Z,Coinbase,2,,,engine/technical/README.md,
BTC,crypto,tecnico,rsi14,32.1,,indice,2026-02-23,2026-09-04T15:49:34Z,Coinbase,2,,,engine/technical/README.md,
BTC,crypto,tecnico,rsi14,31.4,,indice,2026-02-24,2026-09-04T15:49:34Z,Coinbase,2,,,engine/technical/README.md,
BTC,crypto,tecnico,rsi14,42.4,,indice,2026-02-25,2026-09-04T15:49:34Z,Coinbase,2,,,engine/technical/README.md,
BTC,crypto,tecnico,rsi14,41.6,,indice,2026-02-26,2026-09-04T15:49:34Z,Coinbase,2,,,engine/technical/README.md,
BTC,crypto,tecnico,rsi14,38.4,,indice,2026-02-27,2026-09-04T15:49:34Z,Coinbase,2,,,engine/technical/README.md,
BTC,crypto,tecnico,rsi14,41.7,,indice,2026-02-28,2026-09-04T15:49:34Z,Coinbase,2,,,engine/technical/README.md,
BTC,crypto,tecnico,rsi14,39.8,,indice,2026-03-01,2026-09-04T15:49:34Z,Coinbase,2,,,engine/technical/README.md,
BTC,crypto,tecnico,rsi14,48.8,,indice,2026-03-02,2026-09-04T15:49:34Z,Coinbase,2,,,engine/technical/README.md,
BTC,crypto,tecnico,rsi14,48.7,,indice,2026-03-03,2026-09-04T15:49:34Z,Coinbase,2,,,engine/technical/README.md,
BTC,crypto,tecnico,rsi14,57.9,,indice,2026-03-04,2026-09-04T15:49:34Z,Coinbase,2,,,engine/technical/README.md,
BTC,crypto,tecnico,rsi14,54.0,,indice,2026-03-05,2026-09-04T15:49:34Z,Coinbase,2,,,engine/technical/README.md,
BTC,crypto,tecnico,rsi14,47.8,,indice,2026-03-06,2026-09-04T15:49:34Z,Coinbase,2,,,engine/technical/README.md,
BTC,crypto,tecnico,rsi14,46.2,,indice,2026-03-07,2026-09-04T15:49:34Z,Coinbase,2,,,engine/technical/README.md,
BTC,crypto,tecnico,rsi14,44.5,,indice,2026-03-08,2026-09-04T15:49:34Z,Coinbase,2,,,engine/technical/README.md,
BTC,crypto,tecnico,rsi14,49.1,,indice,2026-03-09,2026-09-04T15:49:34Z,Coinbase,2,,,engine/technical/README.md,
BTC,crypto,tecnico,rsi14,52.6,,indice,2026-03-10,2026-09-04T15:49:34Z,Coinbase,2,,,engine/technical/README.md,
BTC,crypto,tecnico,rsi14,53.9,,indice,2026-03-11,2026-09-04T15:49:34Z,Coinbase,2,,,engine/technical/README.md,
BTC,crypto,tecnico,rsi14,55.0,,indice,2026-03-12,2026-09-04T15:49:34Z,Coinbase,2,,,engine/technical/README.md,
BTC,crypto,tecnico,rsi14,57.2,,indice,2026-03-13,2026-09-04T15:49:34Z,Coinbase,2,,,engine/technical/README.md,
BTC,crypto,tecnico,rsi14,58.0,,indice,2026-03-14,2026-09-04T15:49:34Z,Coinbase,2,,,engine/technical/README.md,
BTC,crypto,tecnico,rsi14,61.3,,indice,2026-03-15,2026-09-04T15:49:34Z,Coinbase,2,,,engine/technical/README.md,
BTC,crypto,tecnico,rsi14,64.4,,indice,2026-03-16,2026-09-04T15:49:34Z,Coinbase,2,,,engine/technical/README.md,
BTC,crypto,tecnico,rsi14,60.6,,indice,2026-03-17,2026-09-04T15:49:34Z,Coinbase,2,,,engine/technical/README.md,
BTC,crypto,tecnico,rsi14,53.8,,indice,2026-03-18,2026-09-04T15:49:34Z,Coinbase,2,,,engine/technical/README.md,
BTC,crypto,tecnico,rsi14,48.6,,indice,2026-03-19,2026-09-04T15:49:34Z,Coinbase,2,,,engine/technical/README.md,
BTC,crypto,tecnico,rsi14,50.3,,indice,2026-03-20,2026-09-04T15:49:34Z,Coinbase,2,,,engine/technical/README.md,
BTC,crypto,tecnico,rsi14,46.4,,indice,2026-03-21,2026-09-04T15:49:34Z,Coinbase,2,,,engine/technical/README.md,
BTC,crypto,tecnico,rsi14,43.9,,indice,2026-03-22,2026-09-04T15:49:34Z,Coinbase,2,,,engine/technical/README.md,
BTC,crypto,tecnico,rsi14,51.2,,indice,2026-03-23,2026-09-04T15:49:34Z,Coinbase,2,,,engine/technical/README.md,
BTC,crypto,tecnico,rsi14,50.2,,indice,2026-03-24,2026-09-04T15:49:34Z,Coinbase,2,,,engine/technical/README.md,
BTC,crypto,tecnico,rsi14,53.0,,indice,2026-03-25,2026-09-04T15:49:34Z,Coinbase,2,,,engine/technical/README.md,
BTC,crypto,tecnico,rsi14,46.9,,indice,2026-03-26,2026-09-04T15:49:34Z,Coinbase,2,,,engine/technical/README.md,
BTC,crypto,tecnico,rsi14,41.9,,indice,2026-03-27,2026-09-04T15:49:34Z,Coinbase,2,,,engine/technical/README.md,
BTC,crypto,tecnico,rsi14,42.0,,indice,2026-03-28,2026-09-04T15:49:34Z,Coinbase,2,,,engine/technical/README.md,
BTC,crypto,tecnico,rsi14,41.4,,indice,2026-03-29,2026-09-04T15:49:34Z,Coinbase,2,,,engine/technical/README.md,
BTC,crypto,tecnico,rsi14,44.3,,indice,2026-03-30,2026-09-04T15:49:34Z,Coinbase,2,,,engine/technical/README.md,
BTC,crypto,tecnico,rsi14,46.8,,indice,2026-03-31,2026-09-04T15:49:34Z,Coinbase,2,,,engine/technical/README.md,
BTC,crypto,tecnico,rsi14,46.2,,indice,2026-04-01,2026-09-04T15:49:34Z,Coinbase,2,,,engine/technical/README.md,
BTC,crypto,tecnico,rsi14,43.7,,indice,2026-04-02,2026-09-04T15:49:34Z,Coinbase,2,,,engine/technical/README.md,
BTC,crypto,tecnico,rsi14,44.4,,indice,2026-04-03,2026-09-04T15:49:34Z,Coinbase,2,,,engine/technical/README.md,
BTC,crypto,tecnico,rsi14,45.7,,indice,2026-04-04,2026-09-04T15:49:34Z,Coinbase,2,,,engine/technical/README.md,
BTC,crypto,tecnico,rsi14,51.8,,indice,2026-04-05,2026-09-04T15:49:34Z,Coinbase,2,,,engine/technical/README.md,
BTC,crypto,tecnico,rsi14,50.6,,indice,2026-04-06,2026-09-04T15:49:34Z,Coinbase,2,,,engine/technical/README.md,
BTC,crypto,tecnico,rsi14,57.4,,indice,2026-04-07,2026-09-04T15:49:34Z,Coinbase,2,,,engine/technical/README.md,
BTC,crypto,tecnico,rsi14,55.1,,indice,2026-04-08,2026-09-04T15:49:34Z,Coinbase,2,,,engine/technical/README.md,
BTC,crypto,tecnico,rsi14,56.6,,indice,2026-04-09,2026-09-04T15:49:34Z,Coinbase,2,,,engine/technical/README.md,
BTC,crypto,tecnico,rsi14,59.5,,indice,2026-04-10,2026-09-04T15:49:34Z,Coinbase,2,,,engine/technical/README.md,
BTC,crypto,tecnico,rsi14,59.9,,indice,2026-04-11,2026-09-04T15:49:34Z,Coinbase,2,,,engine/technical/README.md,
BTC,crypto,tecnico,rsi14,51.6,,indice,2026-04-12,2026-09-04T15:49:34Z,Coinbase,2,,,engine/technical/README.md,
BTC,crypto,tecnico,rsi14,60.4,,indice,2026-04-13,2026-09-04T15:49:34Z,Coinbase,2,,,engine/technical/README.md,
BTC,crypto,tecnico,rsi14,58.7,,indice,2026-04-14,2026-09-04T15:49:34Z,Coinbase,2,,,engine/technical/README.md,
BTC,crypto,tecnico,rsi14,60.4,,indice,2026-04-15,2026-09-04T15:49:34Z,Coinbase,2,,,engine/technical/README.md,
BTC,crypto,tecnico,rsi14,61.6,,indice,2026-04-16,2026-09-04T15:49:34Z,Coinbase,2,,,engine/technical/README.md,
BTC,crypto,tecnico,rsi14,66.5,,indice,2026-04-17,2026-09-04T15:49:34Z,Coinbase,2,,,engine/technical/README.md,
BTC,crypto,tecnico,rsi14,61.0,,indice,2026-04-18,2026-09-04T15:49:34Z,Coinbase,2,,,engine/technical/README.md,
BTC,crypto,tecnico,rsi14,54.7,,indice,2026-04-19,2026-09-04T15:49:34Z,Coinbase,2,,,engine/technical/README.md,
BTC,crypto,tecnico,rsi14,59.2,,indice,2026-04-20,2026-09-04T15:49:34Z,Coinbase,2,,,engine/technical/README.md,
BTC,crypto,tecnico,rsi14,61.0,,indice,2026-04-21,2026-09-04T15:49:34Z,Coinbase,2,,,engine/technical/README.md,
BTC,crypto,tecnico,rsi14,65.6,,indice,2026-04-22,2026-09-04T15:49:34Z,Coinbase,2,,,engine/technical/README.md,
BTC,crypto,tecnico,rsi14,66.2,,indice,2026-04-23,2026-09-04T15:49:34Z,Coinbase,2,,,engine/technical/README.md,
BTC,crypto,tecnico,rsi14,61.8,,indice,2026-04-24,2026-09-04T15:49:34Z,Coinbase,2,,,engine/technical/README.md,
BTC,crypto,tecnico,rsi14,62.4,,indice,2026-04-25,2026-09-04T15:49:34Z,Coinbase,2,,,engine/technical/README.md,
BTC,crypto,tecnico,rsi14,65.0,,indice,2026-04-26,2026-09-04T15:49:34Z,Coinbase,2,,,engine/technical/README.md,
BTC,crypto,tecnico,rsi14,59.2,,indice,2026-04-27,2026-09-04T15:49:34Z,Coinbase,2,,,engine/technical/README.md,
BTC,crypto,tecnico,rsi14,55.4,,indice,2026-04-28,2026-09-04T15:49:34Z,Coinbase,2,,,engine/technical/README.md,
BTC,crypto,tecnico,rsi14,54.3,,indice,2026-04-29,2026-09-04T15:49:34Z,Coinbase,2,,,engine/technical/README.md,
BTC,crypto,tecnico,rsi14,55.1,,indice,2026-04-30,2026-09-04T15:49:34Z,Coinbase,2,,,engine/technical/README.md,
BTC,crypto,tecnico,rsi14,60.8,,indice,2026-05-01,2026-09-04T15:49:34Z,Coinbase,2,,,engine/technical/README.md,
BTC,crypto,tecnico,rsi14,62.0,,indice,2026-05-02,2026-09-04T15:49:34Z,Coinbase,2,,,engine/technical/README.md,
BTC,crypto,tecnico,rsi14,61.0,,indice,2026-05-03,2026-09-04T15:49:34Z,Coinbase,2,,,engine/technical/README.md,
BTC,crypto,tecnico,rsi14,65.4,,indice,2026-05-04,2026-09-04T15:49:34Z,Coinbase,2,,,engine/technical/README.md,
BTC,crypto,tecnico,rsi14,67.6,,indice,2026-05-05,2026-09-04T15:49:34Z,Coinbase,2,,,engine/technical/README.md,
BTC,crypto,tecnico,rsi14,68.3,,indice,2026-05-06,2026-09-04T15:49:34Z,Coinbase,2,,,engine/technical/README.md,
BTC,crypto,tecnico,rsi14,62.0,,indice,2026-05-07,2026-09-04T15:49:34Z,Coinbase,2,,,engine/technical/README.md,
BTC,crypto,tecnico,rsi14,61.0,,indice,2026-05-08,2026-09-04T15:49:34Z,Coinbase,2,,,engine/technical/README.md,
BTC,crypto,tecnico,rsi14,62.6,,indice,2026-05-09,2026-09-04T15:49:34Z,Coinbase,2,,,engine/technical/README.md,
BTC,crypto,tecnico,rsi14,67.1,,indice,2026-05-10,2026-09-04T15:49:34Z,Coinbase,2,,,engine/technical/README.md,
BTC,crypto,tecnico,rsi14,64.3,,indice,2026-05-11,2026-09-04T15:49:34Z,Coinbase,2,,,engine/technical/README.md,
BTC,crypto,tecnico,rsi14,59.6,,indice,2026-05-12,2026-09-04T15:49:34Z,Coinbase,2,,,engine/technical/README.md,
BTC,crypto,tecnico,rsi14,54.8,,indice,2026-05-13,2026-09-04T15:49:34Z,Coinbase,2,,,engine/technical/README.md,
BTC,crypto,tecnico,rsi14,61.6,,indice,2026-05-14,2026-09-04T15:49:34Z,Coinbase,2,,,engine/technical/README.md,
BTC,crypto,tecnico,rsi14,54.4,,indice,2026-05-15,2026-09-04T15:49:34Z,Coinbase,2,,,engine/technical/README.md,
BTC,crypto,tecnico,rsi14,51.0,,indice,2026-05-16,2026-09-04T15:49:34Z,Coinbase,2,,,engine/technical/README.md,
BTC,crypto,tecnico,rsi14,48.6,,indice,2026-05-17,2026-09-04T15:49:34Z,Coinbase,2,,,engine/technical/README.md,
BTC,crypto,tecnico,rsi14,46.0,,indice,2026-05-18,2026-09-04T15:49:34Z,Coinbase,2,,,engine/technical/README.md,
BTC,crypto,tecnico,rsi14,46.6,,indice,2026-05-19,2026-09-04T15:49:34Z,Coinbase,2,,,engine/technical/README.md,
BTC,crypto,tecnico,rsi14,49.1,,indice,2026-05-20,2026-09-04T15:49:34Z,Coinbase,2,,,engine/technical/README.md,
BTC,crypto,tecnico,rsi14,49.6,,indice,2026-05-21,2026-09-04T15:49:34Z,Coinbase,2,,,engine/technical/README.md,
BTC,crypto,tecnico,rsi14,42.1,,indice,2026-05-22,2026-09-04T15:49:34Z,Coinbase,2,,,engine/technical/README.md,
BTC,crypto,tecnico,rsi14,47.1,,indice,2026-05-23,2026-09-04T15:49:34Z,Coinbase,2,,,engine/technical/README.md,
BTC,crypto,tecnico,rsi14,47.6,,indice,2026-05-24,2026-09-04T15:49:34Z,Coinbase,2,,,engine/technical/README.md,
BTC,crypto,tecnico,rsi14,48.9,,indice,2026-05-25,2026-09-04T15:49:34Z,Coinbase,2,,,engine/technical/README.md,
BTC,crypto,tecnico,rsi14,43.2,,indice,2026-05-26,2026-09-04T15:49:34Z,Coinbase,2,,,engine/technical/README.md,
BTC,crypto,tecnico,rsi14,38.7,,indice,2026-05-27,2026-09-04T15:49:34Z,Coinbase,2,,,engine/technical/README.md,
BTC,crypto,tecnico,rsi14,35.7,,indice,2026-05-28,2026-09-04T15:49:34Z,Coinbase,2,,,engine/technical/README.md,
BTC,crypto,tecnico,rsi14,35.1,,indice,2026-05-29,2026-09-04T15:49:34Z,Coinbase,2,,,engine/technical/README.md,
BTC,crypto,tecnico,rsi14,37.3,,indice,2026-05-30,2026-09-04T15:49:34Z,Coinbase,2,,,engine/technical/README.md,
BTC,crypto,tecnico,rsi14,36.8,,indice,2026-05-31,2026-09-04T15:49:34Z,Coinbase,2,,,engine/technical/README.md,
BTC,crypto,tecnico,rsi14,30.4,,indice,2026-06-01,2026-09-04T15:49:34Z,Coinbase,2,,,engine/technical/README.md,
BTC,crypto,tecnico,rsi14,21.8,,indice,2026-06-02,2026-09-04T15:49:34Z,Coinbase,2,,,engine/technical/README.md,
BTC,crypto,tecnico,rsi14,18.7,,indice,2026-06-03,2026-09-04T15:49:34Z,Coinbase,2,,,engine/technical/README.md,
BTC,crypto,tecnico,rsi14,18.4,,indice,2026-06-04,2026-09-04T15:49:34Z,Coinbase,2,,,engine/technical/README.md,
BTC,crypto,tecnico,rsi14,16.0,,indice,2026-06-05,2026-09-04T15:49:34Z,Coinbase,2,,,engine/technical/README.md,
BTC,crypto,tecnico,rsi14,15.9,,indice,2026-06-06,2026-09-04T15:49:34Z,Coinbase,2,,,engine/technical/README.md,
BTC,crypto,tecnico,rsi14,27.3,,indice,2026-06-07,2026-09-04T15:49:34Z,Coinbase,2,,,engine/technical/README.md,
BTC,crypto,tecnico,rsi14,26.8,,indice,2026-06-08,2026-09-04T15:49:34Z,Coinbase,2,,,engine/technical/README.md,
BTC,crypto,tecnico,rsi14,24.6,,indice,2026-06-09,2026-09-04T15:49:34Z,Coinbase,2,,,engine/technical/README.md,
BTC,crypto,tecnico,rsi14,24.2,,indice,2026-06-10,2026-09-04T15:49:34Z,Coinbase,2,,,engine/technical/README.md,
BTC,crypto,tecnico,rsi14,32.7,,indice,2026-06-11,2026-09-04T15:49:34Z,Coinbase,2,,,engine/technical/README.md,
BTC,crypto,tecnico,rsi14,32.9,,indice,2026-06-12,2026-09-04T15:49:34Z,Coinbase,2,,,engine/technical/README.md,
BTC,crypto,tecnico,rsi14,36.9,,indice,2026-06-13,2026-09-04T15:49:34Z,Coinbase,2,,,engine/technical/README.md,
BTC,crypto,tecnico,rsi14,41.3,,indice,2026-06-14,2026-09-04T15:49:34Z,Coinbase,2,,,engine/technical/README.md,
BTC,crypto,tecnico,rsi14,43.7,,indice,2026-06-15,2026-09-04T15:49:34Z,Coinbase,2,,,engine/technical/README.md,
BTC,crypto,tecnico,rsi14,41.4,,indice,2026-06-16,2026-09-04T15:49:34Z,Coinbase,2,,,engine/technical/README.md,
BTC,crypto,tecnico,rsi14,39.7,,indice,2026-06-17,2026-09-04T15:49:34Z,Coinbase,2,,,engine/technical/README.md,
BTC,crypto,tecnico,rsi14,36.1,,indice,2026-06-18,2026-09-04T15:49:34Z,Coinbase,2,,,engine/technical/README.md,
BTC,crypto,tecnico,rsi14,38.6,,indice,2026-06-19,2026-09-04T15:49:34Z,Coinbase,2,,,engine/technical/README.md,
BTC,crypto,tecnico,rsi14,42.1,,indice,2026-06-20,2026-09-04T15:49:34Z,Coinbase,2,,,engine/technical/README.md,
BTC,crypto,tecnico,rsi14,39.0,,indice,2026-06-21,2026-09-04T15:49:34Z,Coinbase,2,,,engine/technical/README.md,
BTC,crypto,tecnico,rsi14,43.2,,indice,2026-06-22,2026-09-04T15:49:34Z,Coinbase,2,,,engine/technical/README.md,
BTC,crypto,tecnico,rsi14,39.8,,indice,2026-06-23,2026-09-04T15:49:34Z,Coinbase,2,,,engine/technical/README.md,
BTC,crypto,tecnico,rsi14,35.5,,indice,2026-06-24,2026-09-04T15:49:34Z,Coinbase,2,,,engine/technical/README.md,
BTC,crypto,tecnico,rsi14,32.3,,indice,2026-06-25,2026-09-04T15:49:34Z,Coinbase,2,,,engine/technical/README.md,
BTC,crypto,tecnico,rsi14,33.2,,indice,2026-06-26,2026-09-04T15:49:34Z,Coinbase,2,,,engine/technical/README.md,
BTC,crypto,tecnico,rsi14,33.0,,indice,2026-06-27,2026-09-04T15:49:34Z,Coinbase,2,,,engine/technical/README.md,
BTC,crypto,tecnico,rsi14,31.6,,indice,2026-06-28,2026-09-04T15:49:34Z,Coinbase,2,,,engine/technical/README.md,
BTC,crypto,tecnico,rsi14,34.7,,indice,2026-06-29,2026-09-04T15:49:34Z,Coinbase,2,,,engine/technical/README.md,
BTC,crypto,tecnico,rsi14,30.3,,indice,2026-06-30,2026-09-04T15:49:34Z,Coinbase,2,,,engine/technical/README.md,
BTC,crypto,tecnico,rsi14,38.7,,indice,2026-07-01,2026-09-04T15:49:34Z,Coinbase,2,,,engine/technical/README.md,
BTC,crypto,tecnico,rsi14,44.4,,indice,2026-07-02,2026-09-04T15:49:34Z,Coinbase,2,,,engine/technical/README.md,
BTC,crypto,tecnico,rsi14,48.4,,indice,2026-07-03,2026-09-04T15:49:34Z,Coinbase,2,,,engine/technical/README.md,
BTC,crypto,tecnico,rsi14,50.7,,indice,2026-07-04,2026-09-04T15:49:34Z,Coinbase,2,,,engine/technical/README.md,
BTC,crypto,tecnico,rsi14,52.5,,indice,2026-07-05,2026-09-04T15:49:34Z,Coinbase,2,,,engine/technical/README.md,
BTC,crypto,tecnico,rsi14,54.0,,indice,2026-07-06,2026-09-04T15:49:34Z,Coinbase,2,,,engine/technical/README.md,
BTC,crypto,tecnico,rsi14,51.8,,indice,2026-07-07,2026-09-04T15:49:34Z,Coinbase,2,,,engine/technical/README.md,
BTC,crypto,tecnico,rsi14,47.0,,indice,2026-07-08,2026-09-04T15:49:34Z,Coinbase,2,,,engine/technical/README.md,
BTC,crypto,tecnico,rsi14,50.7,,indice,2026-07-09,2026-09-04T15:49:34Z,Coinbase,2,,,engine/technical/README.md,
BTC,crypto,tecnico,rsi14,54.9,,indice,2026-07-10,2026-09-04T15:49:34Z,Coinbase,2,,,engine/technical/README.md,
BTC,crypto,tecnico,rsi14,53.3,,indice,2026-07-11,2026-09-04T15:49:34Z,Coinbase,2,,,engine/technical/README.md,
BTC,crypto,tecnico,rsi14,53.3,,indice,2026-07-12,2026-09-04T15:49:34Z,Coinbase,2,,,engine/technical/README.md,
BTC,crypto,tecnico,rsi14,47.2,,indice,2026-07-13,2026-09-04T15:49:34Z,Coinbase,2,,,engine/technical/README.md,
BTC,crypto,tecnico,rsi14,57.0,,indice,2026-07-14,2026-09-04T15:49:34Z,Coinbase,2,,,engine/technical/README.md,
BTC,crypto,tecnico,rsi14,54.6,,indice,2026-07-15,2026-09-04T15:49:34Z,Coinbase,2,,,engine/technical/README.md,
BTC,crypto,tecnico,rsi14,51.2,,indice,2026-07-16,2026-09-04T15:49:34Z,Coinbase,2,,,engine/technical/README.md,
BTC,crypto,tecnico,rsi14,51.9,,indice,2026-07-17,2026-09-04T15:49:34Z,Coinbase,2,,,engine/technical/README.md,
BTC,crypto,tecnico,rsi14,55.6,,indice,2026-07-18,2026-09-04T15:49:34Z,Coinbase,2,,,engine/technical/README.md,
BTC,crypto,tecnico,rsi14,55.2,,indice,2026-07-19,2026-09-04T15:49:34Z,Coinbase,2,,,engine/technical/README.md,
BTC,crypto,tecnico,rsi14,58.1,,indice,2026-07-20,2026-09-04T11:17:40Z,Kraken,2,100,,engine/technical/README.md,
BTC,crypto,tecnico,rsi14,62.7,,indice,2026-07-21,2026-09-04T15:49:34Z,Coinbase,2,,,engine/technical/README.md,
BTC,crypto,tecnico,rsi14,60.0,,indice,2026-07-22,2026-09-04T15:49:34Z,Coinbase,2,,,engine/technical/README.md,
BTC,crypto,tecnico,rsi14,55.6,,indice,2026-07-23,2026-09-04T15:49:34Z,Coinbase,2,,,engine/technical/README.md,
BTC,crypto,tecnico,rsi14,51.0,,indice,2026-07-24,2026-09-04T15:49:34Z,Coinbase,2,,,engine/technical/README.md,
BTC,crypto,tecnico,rsi14,52.1,,indice,2026-07-25,2026-09-04T15:49:34Z,Coinbase,2,,,engine/technical/README.md,
BTC,crypto,tecnico,rsi14,55.9,,indice,2026-07-26,2026-09-04T15:49:34Z,Coinbase,2,,,engine/technical/README.md,
BTC,crypto,tecnico,rsi14,48.7,,indice,2026-07-27,2026-09-04T15:49:34Z,Coinbase,2,,,engine/technical/README.md,
BTC,crypto,tecnico,rsi14,49.0,,indice,2026-07-28,2026-09-04T15:49:34Z,Coinbase,2,,,engine/technical/README.md,
BTC,crypto,tecnico,rsi14,47.2,,indice,2026-07-29,2026-09-04T15:49:34Z,Coinbase,2,,,engine/technical/README.md,
BTC,crypto,tecnico,rsi14,49.8,,indice,2026-07-30,2026-09-04T15:49:34Z,Coinbase,2,,,engine/technical/README.md,
BTC,crypto,tecnico,rsi14,41.5,,indice,2026-07-31,2026-09-04T15:49:34Z,Coinbase,2,,,engine/technical/README.md,
BTC,crypto,tecnico,rsi14,41.3,,indice,2026-08-01,2026-09-04T15:49:34Z,Coinbase,2,,,engine/technical/README.md,
BTC,crypto,tecnico,rsi14,44.9,,indice,2026-08-02,2026-09-04T15:49:34Z,Coinbase,2,,,engine/technical/README.md,
BTC,crypto,tecnico,rsi14,45.6,,indice,2026-08-03,2026-09-04T15:49:34Z,Coinbase,2,,,engine/technical/README.md,
BTC,crypto,tecnico,rsi14,48.1,,indice,2026-08-04,2026-09-04T15:49:34Z,Coinbase,2,,,engine/technical/README.md,
BTC,crypto,tecnico,rsi14,50.4,,indice,2026-08-05,2026-09-04T15:49:34Z,Coinbase,2,,,engine/technical/README.md,
BTC,crypto,tecnico,rsi14,49.6,,indice,2026-08-06,2026-09-04T15:49:34Z,Coinbase,2,,,engine/technical/README.md,
BTC,crypto,tecnico,rsi14,52.1,,indice,2026-08-07,2026-09-04T15:49:34Z,Coinbase,2,,,engine/technical/README.md,
BTC,crypto,tecnico,rsi14,52.3,,indice,2026-08-08,2026-09-04T15:49:34Z,Coinbase,2,,,engine/technical/README.md,
BTC,crypto,tecnico,rsi14,51.6,,indice,2026-08-09,2026-09-04T15:49:34Z,Coinbase,2,,,engine/technical/README.md,
BTC,crypto,tecnico,rsi14,46.1,,indice,2026-08-10,2026-09-04T15:49:34Z,Coinbase,2,,,engine/technical/README.md,
BTC,crypto,tecnico,rsi14,43.9,,indice,2026-08-11,2026-09-04T15:49:34Z,Coinbase,2,,,engine/technical/README.md,
BTC,crypto,tecnico,rsi14,43.7,,indice,2026-08-12,2026-09-04T15:49:34Z,Coinbase,2,,,engine/technical/README.md,
BTC,crypto,tecnico,rsi14,43.6,,indice,2026-08-13,2026-09-04T15:49:34Z,Coinbase,2,,,engine/technical/README.md,
BTC,crypto,tecnico,rsi14,39.7,,indice,2026-08-14,2026-09-04T15:49:34Z,Coinbase,2,,,engine/technical/README.md,
BTC,crypto,tecnico,rsi14,40.2,,indice,2026-08-15,2026-09-04T15:49:34Z,Coinbase,2,,,engine/technical/README.md,
BTC,crypto,tecnico,rsi14,38.6,,indice,2026-08-16,2026-09-04T15:49:34Z,Coinbase,2,,,engine/technical/README.md,
BTC,crypto,tecnico,rsi14,51.7,,indice,2026-08-17,2026-09-04T15:49:34Z,Coinbase,2,,,engine/technical/README.md,
BTC,crypto,tecnico,rsi14,53.5,,indice,2026-08-18,2026-09-04T15:49:34Z,Coinbase,2,,,engine/technical/README.md,
BTC,crypto,tecnico,rsi14,71.0,,indice,2026-08-19,2026-09-04T15:49:34Z,Coinbase,2,,,engine/technical/README.md,
BTC,crypto,tecnico,rsi14,78.9,,indice,2026-08-20,2026-09-04T15:49:34Z,Coinbase,2,,,engine/technical/README.md,
BTC,crypto,tecnico,rsi14,85.1,,indice,2026-08-21,2026-09-04T15:49:34Z,Coinbase,2,,,engine/technical/README.md,
BTC,crypto,tecnico,rsi14,78.5,,indice,2026-08-22,2026-09-04T15:49:34Z,Coinbase,2,,,engine/technical/README.md,
BTC,crypto,tecnico,rsi14,79.5,,indice,2026-08-23,2026-09-04T15:49:34Z,Coinbase,2,,,engine/technical/README.md,
BTC,crypto,tecnico,rsi14,81.1,,indice,2026-08-24,2026-09-04T15:49:34Z,Coinbase,2,,,engine/technical/README.md,
BTC,crypto,tecnico,rsi14,78.6,,indice,2026-08-25,2026-09-04T15:49:34Z,Coinbase,2,,,engine/technical/README.md,
BTC,crypto,tecnico,rsi14,79.4,,indice,2026-08-26,2026-09-04T15:49:34Z,Coinbase,2,,,engine/technical/README.md,
BTC,crypto,tecnico,rsi14,81.1,,indice,2026-08-27,2026-09-04T15:49:34Z,Coinbase,2,,,engine/technical/README.md,
BTC,crypto,tecnico,rsi14,71.7,,indice,2026-08-28,2026-09-04T15:49:34Z,Coinbase,2,,,engine/technical/README.md,
BTC,crypto,tecnico,rsi14,72.5,,indice,2026-08-29,2026-09-04T15:49:34Z,Coinbase,2,,,engine/technical/README.md,
BTC,crypto,tecnico,rsi14,69.5,,indice,2026-08-30,2026-09-04T15:49:34Z,Coinbase,2,,,engine/technical/README.md,
BTC,crypto,tecnico,rsi14,70.9,,indice,2026-08-31,2026-09-04T15:49:34Z,Coinbase,2,,,engine/technical/README.md,
BTC,crypto,tecnico,rsi14,66.4,,indice,2026-09-01,2026-09-04T15:49:34Z,Coinbase,2,,,engine/technical/README.md,
BTC,crypto,tecnico,rsi14,66.1,,indice,2026-09-02,2026-09-04T15:49:34Z,Coinbase,2,,,engine/technical/README.md,
BTC,crypto,tecnico,rsi14,73.4,,indice,2026-09-03,2026-09-04T15:49:34Z,Coinbase,2,,,engine/technical/README.md,
BTC,crypto,tecnico,rsi14,72.4,,indice,2026-09-04,2026-09-04T10:11:47Z,Kraken,2,100,,engine/technical/README.md,
BTC,crypto,tecnico,sma100,86336.5134,,EUR,2026-01-01,2026-09-04T15:49:34Z,Coinbase,2,,,engine/technical/README.md,
BTC,crypto,tecnico,sma100,86139.0041,,EUR,2026-01-02,2026-09-04T15:49:34Z,Coinbase,2,,,engine/technical/README.md,
BTC,crypto,tecnico,sma100,85977.5825,,EUR,2026-01-03,2026-09-04T15:49:34Z,Coinbase,2,,,engine/technical/README.md,
BTC,crypto,tecnico,sma100,85821.4333,,EUR,2026-01-04,2026-09-04T15:49:34Z,Coinbase,2,,,engine/technical/README.md,
BTC,crypto,tecnico,sma100,85684.7251,,EUR,2026-01-05,2026-09-04T15:49:34Z,Coinbase,2,,,engine/technical/README.md,
BTC,crypto,tecnico,sma100,85527.8072,,EUR,2026-01-06,2026-09-04T15:49:34Z,Coinbase,2,,,engine/technical/README.md,
BTC,crypto,tecnico,sma100,85334.4294,,EUR,2026-01-07,2026-09-04T15:49:34Z,Coinbase,2,,,engine/technical/README.md,
BTC,crypto,tecnico,sma100,85143.3284,,EUR,2026-01-08,2026-09-04T15:49:34Z,Coinbase,2,,,engine/technical/README.md,
BTC,crypto,tecnico,sma100,84910.8301,,EUR,2026-01-09,2026-09-04T15:49:34Z,Coinbase,2,,,engine/technical/README.md,
BTC,crypto,tecnico,sma100,84660.3625,,EUR,2026-01-10,2026-09-04T15:49:34Z,Coinbase,2,,,engine/technical/README.md,
BTC,crypto,tecnico,sma100,84402.4685,,EUR,2026-01-11,2026-09-04T15:49:34Z,Coinbase,2,,,engine/technical/README.md,
BTC,crypto,tecnico,sma100,84144.2727,,EUR,2026-01-12,2026-09-04T15:49:34Z,Coinbase,2,,,engine/technical/README.md,
BTC,crypto,tecnico,sma100,83912.9216,,EUR,2026-01-13,2026-09-04T15:49:34Z,Coinbase,2,,,engine/technical/README.md,
BTC,crypto,tecnico,sma100,83683.3754,,EUR,2026-01-14,2026-09-04T15:49:34Z,Coinbase,2,,,engine/technical/README.md,
BTC,crypto,tecnico,sma100,83465.2483,,EUR,2026-01-15,2026-09-04T15:49:34Z,Coinbase,2,,,engine/technical/README.md,
BTC,crypto,tecnico,sma100,83228.0864,,EUR,2026-01-16,2026-09-04T15:49:34Z,Coinbase,2,,,engine/technical/README.md,
BTC,crypto,tecnico,sma100,82996.4613,,EUR,2026-01-17,2026-09-04T15:49:34Z,Coinbase,2,,,engine/technical/README.md,
BTC,crypto,tecnico,sma100,82819.9345,,EUR,2026-01-18,2026-09-04T15:49:34Z,Coinbase,2,,,engine/technical/README.md,
BTC,crypto,tecnico,sma100,82649.219,,EUR,2026-01-19,2026-09-04T15:49:34Z,Coinbase,2,,,engine/technical/README.md,
BTC,crypto,tecnico,sma100,82408.6997,,EUR,2026-01-20,2026-09-04T15:49:34Z,Coinbase,2,,,engine/technical/README.md,
BTC,crypto,tecnico,sma100,82177.2575,,EUR,2026-01-21,2026-09-04T15:49:34Z,Coinbase,2,,,engine/technical/README.md,
BTC,crypto,tecnico,sma100,81963.1565,,EUR,2026-01-22,2026-09-04T15:49:34Z,Coinbase,2,,,engine/technical/README.md,
BTC,crypto,tecnico,sma100,81768.4882,,EUR,2026-01-23,2026-09-04T15:49:34Z,Coinbase,2,,,engine/technical/README.md,
BTC,crypto,tecnico,sma100,81597.1638,,EUR,2026-01-24,2026-09-04T15:49:34Z,Coinbase,2,,,engine/technical/README.md,
BTC,crypto,tecnico,sma100,81412.7816,,EUR,2026-01-25,2026-09-04T15:49:34Z,Coinbase,2,,,engine/technical/README.md,
BTC,crypto,tecnico,sma100,81234.7783,,EUR,2026-01-26,2026-09-04T15:49:34Z,Coinbase,2,,,engine/technical/README.md,
BTC,crypto,tecnico,sma100,81043.5648,,EUR,2026-01-27,2026-09-04T15:49:34Z,Coinbase,2,,,engine/technical/README.md,
BTC,crypto,tecnico,sma100,80838.8499,,EUR,2026-01-28,2026-09-04T15:49:34Z,Coinbase,2,,,engine/technical/README.md,
BTC,crypto,tecnico,sma100,80611.5454,,EUR,2026-01-29,2026-09-04T15:49:34Z,Coinbase,2,,,engine/technical/README.md,
BTC,crypto,tecnico,sma100,80394.7046,,EUR,2026-01-30,2026-09-04T15:49:34Z,Coinbase,2,,,engine/technical/README.md,
BTC,crypto,tecnico,sma100,80112.7346,,EUR,2026-01-31,2026-09-04T15:49:34Z,Coinbase,2,,,engine/technical/README.md,
BTC,crypto,tecnico,sma100,79806.9446,,EUR,2026-02-01,2026-09-04T15:49:34Z,Coinbase,2,,,engine/technical/README.md,
BTC,crypto,tecnico,sma100,79514.2813,,EUR,2026-02-02,2026-09-04T15:49:34Z,Coinbase,2,,,engine/technical/README.md,
BTC,crypto,tecnico,sma100,79170.4613,,EUR,2026-02-03,2026-09-04T15:49:34Z,Coinbase,2,,,engine/technical/README.md,
BTC,crypto,tecnico,sma100,78810.3892,,EUR,2026-02-04,2026-09-04T15:49:34Z,Coinbase,2,,,engine/technical/README.md,
BTC,crypto,tecnico,sma100,78374.6799,,EUR,2026-02-05,2026-09-04T15:49:34Z,Coinbase,2,,,engine/technical/README.md,
BTC,crypto,tecnico,sma100,78024.6147,,EUR,2026-02-06,2026-09-04T15:49:34Z,Coinbase,2,,,engine/technical/README.md,
BTC,crypto,tecnico,sma100,77676.0011,,EUR,2026-02-07,2026-09-04T15:49:34Z,Coinbase,2,,,engine/technical/README.md,
BTC,crypto,tecnico,sma100,77322.6167,,EUR,2026-02-08,2026-09-04T15:49:34Z,Coinbase,2,,,engine/technical/README.md,
BTC,crypto,tecnico,sma100,76958.9398,,EUR,2026-02-09,2026-09-04T15:49:34Z,Coinbase,2,,,engine/technical/README.md,
BTC,crypto,tecnico,sma100,76579.7332,,EUR,2026-02-10,2026-09-04T15:49:34Z,Coinbase,2,,,engine/technical/README.md,
BTC,crypto,tecnico,sma100,76219.4954,,EUR,2026-02-11,2026-09-04T15:49:34Z,Coinbase,2,,,engine/technical/README.md,
BTC,crypto,tecnico,sma100,75893.888,,EUR,2026-02-12,2026-09-04T15:49:34Z,Coinbase,2,,,engine/technical/README.md,
BTC,crypto,tecnico,sma100,75570.5986,,EUR,2026-02-13,2026-09-04T15:49:34Z,Coinbase,2,,,engine/technical/README.md,
BTC,crypto,tecnico,sma100,75282.4479,,EUR,2026-02-14,2026-09-04T15:49:34Z,Coinbase,2,,,engine/technical/README.md,
BTC,crypto,tecnico,sma100,74969.6369,,EUR,2026-02-15,2026-09-04T15:49:34Z,Coinbase,2,,,engine/technical/README.md,
BTC,crypto,tecnico,sma100,74666.8207,,EUR,2026-02-16,2026-09-04T15:49:34Z,Coinbase,2,,,engine/technical/README.md,
BTC,crypto,tecnico,sma100,74330.13,,EUR,2026-02-17,2026-09-04T15:49:34Z,Coinbase,2,,,engine/technical/README.md,
BTC,crypto,tecnico,sma100,73977.1838,,EUR,2026-02-18,2026-09-04T15:49:34Z,Coinbase,2,,,engine/technical/README.md,
BTC,crypto,tecnico,sma100,73657.035,,EUR,2026-02-19,2026-09-04T15:49:34Z,Coinbase,2,,,engine/technical/README.md,
BTC,crypto,tecnico,sma100,73356.9447,,EUR,2026-02-20,2026-09-04T15:49:34Z,Coinbase,2,,,engine/technical/README.md,
BTC,crypto,tecnico,sma100,73076.9256,,EUR,2026-02-21,2026-09-04T15:49:34Z,Coinbase,2,,,engine/technical/README.md,
BTC,crypto,tecnico,sma100,72835.069,,EUR,2026-02-22,2026-09-04T15:49:34Z,Coinbase,2,,,engine/technical/README.md,
BTC,crypto,tecnico,sma100,72560.3905,,EUR,2026-02-23,2026-09-04T15:49:34Z,Coinbase,2,,,engine/technical/README.md,
BTC,crypto,tecnico,sma100,72294.4036,,EUR,2026-02-24,2026-09-04T15:49:34Z,Coinbase,2,,,engine/technical/README.md,
BTC,crypto,tecnico,sma100,72076.2321,,EUR,2026-02-25,2026-09-04T15:49:34Z,Coinbase,2,,,engine/technical/README.md,
BTC,crypto,tecnico,sma100,71846.0632,,EUR,2026-02-26,2026-09-04T15:49:34Z,Coinbase,2,,,engine/technical/README.md,
BTC,crypto,tecnico,sma100,71611.3914,,EUR,2026-02-27,2026-09-04T15:49:34Z,Coinbase,2,,,engine/technical/README.md,
BTC,crypto,tecnico,sma100,71428.8275,,EUR,2026-02-28,2026-09-04T15:49:34Z,Coinbase,2,,,engine/technical/README.md,
BTC,crypto,tecnico,sma100,71249.0162,,EUR,2026-03-01,2026-09-04T15:49:34Z,Coinbase,2,,,engine/technical/README.md,
BTC,crypto,tecnico,sma100,71101.5036,,EUR,2026-03-02,2026-09-04T15:49:34Z,Coinbase,2,,,engine/technical/README.md,
BTC,crypto,tecnico,sma100,70934.7742,,EUR,2026-03-03,2026-09-04T15:49:34Z,Coinbase,2,,,engine/technical/README.md,
BTC,crypto,tecnico,sma100,70793.2868,,EUR,2026-03-04,2026-09-04T15:49:34Z,Coinbase,2,,,engine/technical/README.md,
BTC,crypto,tecnico,sma100,70648.8084,,EUR,2026-03-05,2026-09-04T15:49:34Z,Coinbase,2,,,engine/technical/README.md,
BTC,crypto,tecnico,sma100,70455.3359,,EUR,2026-03-06,2026-09-04T15:49:34Z,Coinbase,2,,,engine/technical/README.md,
BTC,crypto,tecnico,sma100,70247.7854,,EUR,2026-03-07,2026-09-04T15:49:34Z,Coinbase,2,,,engine/technical/README.md,
BTC,crypto,tecnico,sma100,70036.2686,,EUR,2026-03-08,2026-09-04T15:49:34Z,Coinbase,2,,,engine/technical/README.md,
BTC,crypto,tecnico,sma100,69841.4304,,EUR,2026-03-09,2026-09-04T15:49:34Z,Coinbase,2,,,engine/technical/README.md,
BTC,crypto,tecnico,sma100,69664.9018,,EUR,2026-03-10,2026-09-04T15:49:34Z,Coinbase,2,,,engine/technical/README.md,
BTC,crypto,tecnico,sma100,69529.639,,EUR,2026-03-11,2026-09-04T15:49:34Z,Coinbase,2,,,engine/technical/README.md,
BTC,crypto,tecnico,sma100,69356.7933,,EUR,2026-03-12,2026-09-04T15:49:34Z,Coinbase,2,,,engine/technical/README.md,
BTC,crypto,tecnico,sma100,69176.8826,,EUR,2026-03-13,2026-09-04T15:49:34Z,Coinbase,2,,,engine/technical/README.md,
BTC,crypto,tecnico,sma100,69010.0787,,EUR,2026-03-14,2026-09-04T15:49:34Z,Coinbase,2,,,engine/technical/README.md,
BTC,crypto,tecnico,sma100,68879.0365,,EUR,2026-03-15,2026-09-04T15:49:34Z,Coinbase,2,,,engine/technical/README.md,
BTC,crypto,tecnico,sma100,68762.6621,,EUR,2026-03-16,2026-09-04T15:49:34Z,Coinbase,2,,,engine/technical/README.md,
BTC,crypto,tecnico,sma100,68626.7393,,EUR,2026-03-17,2026-09-04T15:49:34Z,Coinbase,2,,,engine/technical/README.md,
BTC,crypto,tecnico,sma100,68469.4942,,EUR,2026-03-18,2026-09-04T15:49:34Z,Coinbase,2,,,engine/technical/README.md,
BTC,crypto,tecnico,sma100,68276.8379,,EUR,2026-03-19,2026-09-04T15:49:34Z,Coinbase,2,,,engine/technical/README.md,
BTC,crypto,tecnico,sma100,68099.7113,,EUR,2026-03-20,2026-09-04T15:49:34Z,Coinbase,2,,,engine/technical/README.md,
BTC,crypto,tecnico,sma100,67907.4548,,EUR,2026-03-21,2026-09-04T15:49:34Z,Coinbase,2,,,engine/technical/README.md,
BTC,crypto,tecnico,sma100,67724.674,,EUR,2026-03-22,2026-09-04T15:49:34Z,Coinbase,2,,,engine/technical/README.md,
BTC,crypto,tecnico,sma100,67565.9895,,EUR,2026-03-23,2026-09-04T15:49:34Z,Coinbase,2,,,engine/technical/README.md,
BTC,crypto,tecnico,sma100,67421.8964,,EUR,2026-03-24,2026-09-04T15:49:34Z,Coinbase,2,,,engine/technical/README.md,
BTC,crypto,tecnico,sma100,67303.3317,,EUR,2026-03-25,2026-09-04T15:49:34Z,Coinbase,2,,,engine/technical/README.md,
BTC,crypto,tecnico,sma100,67151.9768,,EUR,2026-03-26,2026-09-04T15:49:34Z,Coinbase,2,,,engine/technical/README.md,
BTC,crypto,tecnico,sma100,66994.6152,,EUR,2026-03-27,2026-09-04T15:49:34Z,Coinbase,2,,,engine/technical/README.md,
BTC,crypto,tecnico,sma100,66842.6664,,EUR,2026-03-28,2026-09-04T15:49:34Z,Coinbase,2,,,engine/technical/README.md,
BTC,crypto,tecnico,sma100,66665.1718,,EUR,2026-03-29,2026-09-04T15:49:34Z,Coinbase,2,,,engine/technical/README.md,
BTC,crypto,tecnico,sma100,66493.2403,,EUR,2026-03-30,2026-09-04T15:49:34Z,Coinbase,2,,,engine/technical/README.md,
BTC,crypto,tecnico,sma100,66325.7728,,EUR,2026-03-31,2026-09-04T15:49:34Z,Coinbase,2,,,engine/technical/README.md,
BTC,crypto,tecnico,sma100,66160.3867,,EUR,2026-04-01,2026-09-04T15:49:34Z,Coinbase,2,,,engine/technical/README.md,
BTC,crypto,tecnico,sma100,65999.1007,,EUR,2026-04-02,2026-09-04T15:49:34Z,Coinbase,2,,,engine/technical/README.md,
BTC,crypto,tecnico,sma100,65836.7005,,EUR,2026-04-03,2026-09-04T15:49:34Z,Coinbase,2,,,engine/technical/README.md,
BTC,crypto,tecnico,sma100,65681.1249,,EUR,2026-04-04,2026-09-04T15:49:34Z,Coinbase,2,,,engine/technical/README.md,
BTC,crypto,tecnico,sma100,65538.7971,,EUR,2026-04-05,2026-09-04T15:49:34Z,Coinbase,2,,,engine/technical/README.md,
BTC,crypto,tecnico,sma100,65389.6869,,EUR,2026-04-06,2026-09-04T15:49:34Z,Coinbase,2,,,engine/technical/README.md,
BTC,crypto,tecnico,sma100,65258.761,,EUR,2026-04-07,2026-09-04T15:49:34Z,Coinbase,2,,,engine/technical/README.md,
BTC,crypto,tecnico,sma100,65128.173,,EUR,2026-04-08,2026-09-04T15:49:34Z,Coinbase,2,,,engine/technical/README.md,
BTC,crypto,tecnico,sma100,64990.2374,,EUR,2026-04-09,2026-09-04T15:49:34Z,Coinbase,2,,,engine/technical/README.md,
BTC,crypto,tecnico,sma100,64868.1776,,EUR,2026-04-10,2026-09-04T15:49:34Z,Coinbase,2,,,engine/technical/README.md,
BTC,crypto,tecnico,sma100,64736.4728,,EUR,2026-04-11,2026-09-04T15:49:34Z,Coinbase,2,,,engine/technical/README.md,
BTC,crypto,tecnico,sma100,64574.569,,EUR,2026-04-12,2026-09-04T15:49:34Z,Coinbase,2,,,engine/technical/README.md,
BTC,crypto,tecnico,sma100,64433.2898,,EUR,2026-04-13,2026-09-04T15:49:34Z,Coinbase,2,,,engine/technical/README.md,
BTC,crypto,tecnico,sma100,64280.0757,,EUR,2026-04-14,2026-09-04T15:49:34Z,Coinbase,2,,,engine/technical/README.md,
BTC,crypto,tecnico,sma100,64112.4541,,EUR,2026-04-15,2026-09-04T15:49:34Z,Coinbase,2,,,engine/technical/README.md,
BTC,crypto,tecnico,sma100,63948.5123,,EUR,2026-04-16,2026-09-04T15:49:34Z,Coinbase,2,,,engine/technical/README.md,
BTC,crypto,tecnico,sma100,63822.2738,,EUR,2026-04-17,2026-09-04T15:49:34Z,Coinbase,2,,,engine/technical/README.md,
BTC,crypto,tecnico,sma100,63685.0733,,EUR,2026-04-18,2026-09-04T15:49:34Z,Coinbase,2,,,engine/technical/README.md,
BTC,crypto,tecnico,sma100,63535.8946,,EUR,2026-04-19,2026-09-04T15:49:34Z,Coinbase,2,,,engine/technical/README.md,
BTC,crypto,tecnico,sma100,63401.9121,,EUR,2026-04-20,2026-09-04T15:49:34Z,Coinbase,2,,,engine/technical/README.md,
BTC,crypto,tecnico,sma100,63269.8776,,EUR,2026-04-21,2026-09-04T15:49:34Z,Coinbase,2,,,engine/technical/README.md,
BTC,crypto,tecnico,sma100,63156.1974,,EUR,2026-04-22,2026-09-04T15:49:34Z,Coinbase,2,,,engine/technical/README.md,
BTC,crypto,tecnico,sma100,63007.4758,,EUR,2026-04-23,2026-09-04T15:49:34Z,Coinbase,2,,,engine/technical/README.md,
BTC,crypto,tecnico,sma100,62835.8984,,EUR,2026-04-24,2026-09-04T15:49:34Z,Coinbase,2,,,engine/technical/README.md,
BTC,crypto,tecnico,sma100,62675.3299,,EUR,2026-04-25,2026-09-04T15:49:34Z,Coinbase,2,,,engine/technical/README.md,
BTC,crypto,tecnico,sma100,62524.0558,,EUR,2026-04-26,2026-09-04T15:49:34Z,Coinbase,2,,,engine/technical/README.md,
BTC,crypto,tecnico,sma100,62363.3504,,EUR,2026-04-27,2026-09-04T15:49:34Z,Coinbase,2,,,engine/technical/README.md,
BTC,crypto,tecnico,sma100,62209.0992,,EUR,2026-04-28,2026-09-04T15:49:34Z,Coinbase,2,,,engine/technical/README.md,
BTC,crypto,tecnico,sma100,62062.7085,,EUR,2026-04-29,2026-09-04T15:49:34Z,Coinbase,2,,,engine/technical/README.md,
BTC,crypto,tecnico,sma100,61960.4306,,EUR,2026-04-30,2026-09-04T15:49:34Z,Coinbase,2,,,engine/technical/README.md,
BTC,crypto,tecnico,sma100,61862.0294,,EUR,2026-05-01,2026-09-04T15:49:34Z,Coinbase,2,,,engine/technical/README.md,
BTC,crypto,tecnico,sma100,61772.0538,,EUR,2026-05-02,2026-09-04T15:49:34Z,Coinbase,2,,,engine/technical/README.md,
BTC,crypto,tecnico,sma100,61684.5737,,EUR,2026-05-03,2026-09-04T15:49:34Z,Coinbase,2,,,engine/technical/README.md,
BTC,crypto,tecnico,sma100,61613.7189,,EUR,2026-05-04,2026-09-04T15:49:34Z,Coinbase,2,,,engine/technical/README.md,
BTC,crypto,tecnico,sma100,61574.2612,,EUR,2026-05-05,2026-09-04T15:49:34Z,Coinbase,2,,,engine/technical/README.md,
BTC,crypto,tecnico,sma100,61524.1548,,EUR,2026-05-06,2026-09-04T15:49:34Z,Coinbase,2,,,engine/technical/README.md,
BTC,crypto,tecnico,sma100,61464.8535,,EUR,2026-05-07,2026-09-04T15:49:34Z,Coinbase,2,,,engine/technical/README.md,
BTC,crypto,tecnico,sma100,61400.6627,,EUR,2026-05-08,2026-09-04T15:49:34Z,Coinbase,2,,,engine/technical/README.md,
BTC,crypto,tecnico,sma100,61378.7794,,EUR,2026-05-09,2026-09-04T15:49:34Z,Coinbase,2,,,engine/technical/README.md,
BTC,crypto,tecnico,sma100,61367.1781,,EUR,2026-05-10,2026-09-04T15:49:34Z,Coinbase,2,,,engine/technical/README.md,
BTC,crypto,tecnico,sma100,61395.2559,,EUR,2026-05-11,2026-09-04T15:49:34Z,Coinbase,2,,,engine/technical/README.md,
BTC,crypto,tecnico,sma100,61432.0414,,EUR,2026-05-12,2026-09-04T15:49:34Z,Coinbase,2,,,engine/technical/README.md,
BTC,crypto,tecnico,sma100,61441.8177,,EUR,2026-05-13,2026-09-04T15:49:34Z,Coinbase,2,,,engine/technical/README.md,
BTC,crypto,tecnico,sma100,61496.2273,,EUR,2026-05-14,2026-09-04T15:49:34Z,Coinbase,2,,,engine/technical/README.md,
BTC,crypto,tecnico,sma100,61557.8062,,EUR,2026-05-15,2026-09-04T15:49:34Z,Coinbase,2,,,engine/technical/README.md,
BTC,crypto,tecnico,sma100,61696.7363,,EUR,2026-05-16,2026-09-04T15:49:34Z,Coinbase,2,,,engine/technical/README.md,
BTC,crypto,tecnico,sma100,61765.0561,,EUR,2026-05-17,2026-09-04T15:49:34Z,Coinbase,2,,,engine/technical/README.md,
BTC,crypto,tecnico,sma100,61837.7007,,EUR,2026-05-18,2026-09-04T15:49:34Z,Coinbase,2,,,engine/technical/README.md,
BTC,crypto,tecnico,sma100,61903.6981,,EUR,2026-05-19,2026-09-04T15:49:34Z,Coinbase,2,,,engine/technical/README.md,
BTC,crypto,tecnico,sma100,61981.2582,,EUR,2026-05-20,2026-09-04T15:49:34Z,Coinbase,2,,,engine/technical/README.md,
BTC,crypto,tecnico,sma100,62069.6969,,EUR,2026-05-21,2026-09-04T15:49:34Z,Coinbase,2,,,engine/technical/README.md,
BTC,crypto,tecnico,sma100,62155.6804,,EUR,2026-05-22,2026-09-04T15:49:34Z,Coinbase,2,,,engine/technical/README.md,
BTC,crypto,tecnico,sma100,62258.3243,,EUR,2026-05-23,2026-09-04T15:49:34Z,Coinbase,2,,,engine/technical/README.md,
BTC,crypto,tecnico,sma100,62339.252,,EUR,2026-05-24,2026-09-04T15:49:34Z,Coinbase,2,,,engine/technical/README.md,
BTC,crypto,tecnico,sma100,62414.1814,,EUR,2026-05-25,2026-09-04T15:49:34Z,Coinbase,2,,,engine/technical/README.md,
BTC,crypto,tecnico,sma100,62485.8145,,EUR,2026-05-26,2026-09-04T15:49:34Z,Coinbase,2,,,engine/technical/README.md,
BTC,crypto,tecnico,sma100,62544.3971,,EUR,2026-05-27,2026-09-04T15:49:34Z,Coinbase,2,,,engine/technical/README.md,
BTC,crypto,tecnico,sma100,62606.053,,EUR,2026-05-28,2026-09-04T15:49:34Z,Coinbase,2,,,engine/technical/README.md,
BTC,crypto,tecnico,sma100,62671.6368,,EUR,2026-05-29,2026-09-04T15:49:34Z,Coinbase,2,,,engine/technical/README.md,
BTC,crypto,tecnico,sma100,62735.2817,,EUR,2026-05-30,2026-09-04T15:49:34Z,Coinbase,2,,,engine/technical/README.md,
BTC,crypto,tecnico,sma100,62789.9427,,EUR,2026-05-31,2026-09-04T15:49:34Z,Coinbase,2,,,engine/technical/README.md,
BTC,crypto,tecnico,sma100,62826.0323,,EUR,2026-06-01,2026-09-04T15:49:34Z,Coinbase,2,,,engine/technical/README.md,
BTC,crypto,tecnico,sma100,62828.1619,,EUR,2026-06-02,2026-09-04T15:49:34Z,Coinbase,2,,,engine/technical/README.md,
BTC,crypto,tecnico,sma100,62831.7641,,EUR,2026-06-03,2026-09-04T15:49:34Z,Coinbase,2,,,engine/technical/README.md,
BTC,crypto,tecnico,sma100,62837.2269,,EUR,2026-06-04,2026-09-04T15:49:34Z,Coinbase,2,,,engine/technical/README.md,
BTC,crypto,tecnico,sma100,62791.8025,,EUR,2026-06-05,2026-09-04T15:49:34Z,Coinbase,2,,,engine/technical/README.md,
BTC,crypto,tecnico,sma100,62748.8413,,EUR,2026-06-06,2026-09-04T15:49:34Z,Coinbase,2,,,engine/technical/README.md,
BTC,crypto,tecnico,sma100,62740.5807,,EUR,2026-06-07,2026-09-04T15:49:34Z,Coinbase,2,,,engine/technical/README.md,
BTC,crypto,tecnico,sma100,62719.9751,,EUR,2026-06-08,2026-09-04T15:49:34Z,Coinbase,2,,,engine/technical/README.md,
BTC,crypto,tecnico,sma100,62695.5945,,EUR,2026-06-09,2026-09-04T15:49:34Z,Coinbase,2,,,engine/technical/README.md,
BTC,crypto,tecnico,sma100,62640.0277,,EUR,2026-06-10,2026-09-04T15:49:34Z,Coinbase,2,,,engine/technical/README.md,
BTC,crypto,tecnico,sma100,62601.0068,,EUR,2026-06-11,2026-09-04T15:49:34Z,Coinbase,2,,,engine/technical/README.md,
BTC,crypto,tecnico,sma100,62525.7529,,EUR,2026-06-12,2026-09-04T15:49:34Z,Coinbase,2,,,engine/technical/README.md,
BTC,crypto,tecnico,sma100,62472.2553,,EUR,2026-06-13,2026-09-04T15:49:34Z,Coinbase,2,,,engine/technical/README.md,
BTC,crypto,tecnico,sma100,62452.0227,,EUR,2026-06-14,2026-09-04T15:49:34Z,Coinbase,2,,,engine/technical/README.md,
BTC,crypto,tecnico,sma100,62443.8702,,EUR,2026-06-15,2026-09-04T15:49:34Z,Coinbase,2,,,engine/technical/README.md,
BTC,crypto,tecnico,sma100,62436.4182,,EUR,2026-06-16,2026-09-04T15:49:34Z,Coinbase,2,,,engine/technical/README.md,
BTC,crypto,tecnico,sma100,62407.2833,,EUR,2026-06-17,2026-09-04T15:49:34Z,Coinbase,2,,,engine/technical/README.md,
BTC,crypto,tecnico,sma100,62353.3733,,EUR,2026-06-18,2026-09-04T15:49:34Z,Coinbase,2,,,engine/technical/README.md,
BTC,crypto,tecnico,sma100,62298.8149,,EUR,2026-06-19,2026-09-04T15:49:34Z,Coinbase,2,,,engine/technical/README.md,
BTC,crypto,tecnico,sma100,62246.9316,,EUR,2026-06-20,2026-09-04T15:49:34Z,Coinbase,2,,,engine/technical/README.md,
BTC,crypto,tecnico,sma100,62177.5632,,EUR,2026-06-21,2026-09-04T15:49:34Z,Coinbase,2,,,engine/technical/README.md,
BTC,crypto,tecnico,sma100,62113.0697,,EUR,2026-06-22,2026-09-04T15:49:34Z,Coinbase,2,,,engine/technical/README.md,
BTC,crypto,tecnico,sma100,62026.4497,,EUR,2026-06-23,2026-09-04T15:49:34Z,Coinbase,2,,,engine/technical/README.md,
BTC,crypto,tecnico,sma100,61912.6333,,EUR,2026-06-24,2026-09-04T15:49:34Z,Coinbase,2,,,engine/technical/README.md,
BTC,crypto,tecnico,sma100,61797.4284,,EUR,2026-06-25,2026-09-04T15:49:34Z,Coinbase,2,,,engine/technical/README.md,
BTC,crypto,tecnico,sma100,61703.1335,,EUR,2026-06-26,2026-09-04T15:49:34Z,Coinbase,2,,,engine/technical/README.md,
BTC,crypto,tecnico,sma100,61625.7474,,EUR,2026-06-27,2026-09-04T15:49:34Z,Coinbase,2,,,engine/technical/README.md,
BTC,crypto,tecnico,sma100,61538.484,,EUR,2026-06-28,2026-09-04T15:49:34Z,Coinbase,2,,,engine/technical/README.md,
BTC,crypto,tecnico,sma100,61469.3004,,EUR,2026-06-29,2026-09-04T15:49:34Z,Coinbase,2,,,engine/technical/README.md,
BTC,crypto,tecnico,sma100,61395.2817,,EUR,2026-06-30,2026-09-04T15:49:34Z,Coinbase,2,,,engine/technical/README.md,
BTC,crypto,tecnico,sma100,61311.6316,,EUR,2026-07-01,2026-09-04T15:49:34Z,Coinbase,2,,,engine/technical/README.md,
BTC,crypto,tecnico,sma100,61242.4184,,EUR,2026-07-02,2026-09-04T15:49:34Z,Coinbase,2,,,engine/technical/README.md,
BTC,crypto,tecnico,sma100,61172.3364,,EUR,2026-07-03,2026-09-04T15:49:34Z,Coinbase,2,,,engine/technical/README.md,
BTC,crypto,tecnico,sma100,61127.9989,,EUR,2026-07-04,2026-09-04T15:49:34Z,Coinbase,2,,,engine/technical/README.md,
BTC,crypto,tecnico,sma100,61107.4641,,EUR,2026-07-05,2026-09-04T15:49:34Z,Coinbase,2,,,engine/technical/README.md,
BTC,crypto,tecnico,sma100,61090.0262,,EUR,2026-07-06,2026-09-04T15:49:34Z,Coinbase,2,,,engine/technical/README.md,
BTC,crypto,tecnico,sma100,61070.4196,,EUR,2026-07-07,2026-09-04T15:49:34Z,Coinbase,2,,,engine/technical/README.md,
BTC,crypto,tecnico,sma100,61033.07,,EUR,2026-07-08,2026-09-04T15:49:34Z,Coinbase,2,,,engine/technical/README.md,
BTC,crypto,tecnico,sma100,60996.4309,,EUR,2026-07-09,2026-09-04T15:49:34Z,Coinbase,2,,,engine/technical/README.md,
BTC,crypto,tecnico,sma100,60970.7963,,EUR,2026-07-10,2026-09-04T15:49:34Z,Coinbase,2,,,engine/technical/README.md,
BTC,crypto,tecnico,sma100,60949.7247,,EUR,2026-07-11,2026-09-04T15:49:34Z,Coinbase,2,,,engine/technical/README.md,
BTC,crypto,tecnico,sma100,60927.2172,,EUR,2026-07-12,2026-09-04T15:49:34Z,Coinbase,2,,,engine/technical/README.md,
BTC,crypto,tecnico,sma100,60890.0865,,EUR,2026-07-13,2026-09-04T15:49:34Z,Coinbase,2,,,engine/technical/README.md,
BTC,crypto,tecnico,sma100,60859.4221,,EUR,2026-07-14,2026-09-04T15:49:34Z,Coinbase,2,,,engine/technical/README.md,
BTC,crypto,tecnico,sma100,60827.094,,EUR,2026-07-15,2026-09-04T15:49:34Z,Coinbase,2,,,engine/technical/README.md,
BTC,crypto,tecnico,sma100,60769.1185,,EUR,2026-07-16,2026-09-04T15:49:34Z,Coinbase,2,,,engine/technical/README.md,
BTC,crypto,tecnico,sma100,60718.091,,EUR,2026-07-17,2026-09-04T15:49:34Z,Coinbase,2,,,engine/technical/README.md,
BTC,crypto,tecnico,sma100,60670.5364,,EUR,2026-07-18,2026-09-04T15:49:34Z,Coinbase,2,,,engine/technical/README.md,
BTC,crypto,tecnico,sma100,60613.9942,,EUR,2026-07-19,2026-09-04T15:49:34Z,Coinbase,2,,,engine/technical/README.md,
BTC,crypto,tecnico,sma100,60560.951,,EUR,2026-07-20,2026-09-04T11:17:40Z,Kraken,2,100,,engine/technical/README.md,
BTC,crypto,tecnico,sma100,60538.9164,,EUR,2026-07-21,2026-09-04T15:49:34Z,Coinbase,2,,,engine/technical/README.md,
BTC,crypto,tecnico,sma100,60485.5867,,EUR,2026-07-22,2026-09-04T15:49:34Z,Coinbase,2,,,engine/technical/README.md,
BTC,crypto,tecnico,sma100,60428.9271,,EUR,2026-07-23,2026-09-04T15:49:34Z,Coinbase,2,,,engine/technical/README.md,
BTC,crypto,tecnico,sma100,60358.7966,,EUR,2026-07-24,2026-09-04T15:49:34Z,Coinbase,2,,,engine/technical/README.md,
BTC,crypto,tecnico,sma100,60286.5452,,EUR,2026-07-25,2026-09-04T15:49:34Z,Coinbase,2,,,engine/technical/README.md,
BTC,crypto,tecnico,sma100,60204.6648,,EUR,2026-07-26,2026-09-04T15:49:34Z,Coinbase,2,,,engine/technical/README.md,
BTC,crypto,tecnico,sma100,60121.0288,,EUR,2026-07-27,2026-09-04T15:49:34Z,Coinbase,2,,,engine/technical/README.md,
BTC,crypto,tecnico,sma100,60052.8193,,EUR,2026-07-28,2026-09-04T15:49:34Z,Coinbase,2,,,engine/technical/README.md,
BTC,crypto,tecnico,sma100,59966.3699,,EUR,2026-07-29,2026-09-04T15:49:34Z,Coinbase,2,,,engine/technical/README.md,
BTC,crypto,tecnico,sma100,59878.1254,,EUR,2026-07-30,2026-09-04T15:49:34Z,Coinbase,2,,,engine/technical/README.md,
BTC,crypto,tecnico,sma100,59755.2463,,EUR,2026-07-31,2026-09-04T15:49:34Z,Coinbase,2,,,engine/technical/README.md,
BTC,crypto,tecnico,sma100,59629.7491,,EUR,2026-08-01,2026-09-04T15:49:34Z,Coinbase,2,,,engine/technical/README.md,
BTC,crypto,tecnico,sma100,59519.1193,,EUR,2026-08-02,2026-09-04T15:49:34Z,Coinbase,2,,,engine/technical/README.md,
BTC,crypto,tecnico,sma100,59407.7596,,EUR,2026-08-03,2026-09-04T15:49:34Z,Coinbase,2,,,engine/technical/README.md,
BTC,crypto,tecnico,sma100,59290.9978,,EUR,2026-08-04,2026-09-04T15:49:34Z,Coinbase,2,,,engine/technical/README.md,
BTC,crypto,tecnico,sma100,59189.9461,,EUR,2026-08-05,2026-09-04T15:49:34Z,Coinbase,2,,,engine/technical/README.md,
BTC,crypto,tecnico,sma100,59096.3156,,EUR,2026-08-06,2026-09-04T15:49:34Z,Coinbase,2,,,engine/technical/README.md,
BTC,crypto,tecnico,sma100,59009.0411,,EUR,2026-08-07,2026-09-04T15:49:34Z,Coinbase,2,,,engine/technical/README.md,
BTC,crypto,tecnico,sma100,58920.0026,,EUR,2026-08-08,2026-09-04T15:49:34Z,Coinbase,2,,,engine/technical/README.md,
BTC,crypto,tecnico,sma100,58813.5263,,EUR,2026-08-09,2026-09-04T15:49:34Z,Coinbase,2,,,engine/technical/README.md,
BTC,crypto,tecnico,sma100,58695.8746,,EUR,2026-08-10,2026-09-04T15:49:34Z,Coinbase,2,,,engine/technical/README.md,
BTC,crypto,tecnico,sma100,58576.9183,,EUR,2026-08-11,2026-09-04T15:49:34Z,Coinbase,2,,,engine/technical/README.md,
BTC,crypto,tecnico,sma100,58444.1288,,EUR,2026-08-12,2026-09-04T15:49:34Z,Coinbase,2,,,engine/technical/README.md,
BTC,crypto,tecnico,sma100,58303.5003,,EUR,2026-08-13,2026-09-04T15:49:34Z,Coinbase,2,,,engine/technical/README.md,
BTC,crypto,tecnico,sma100,58155.1123,,EUR,2026-08-14,2026-09-04T15:49:34Z,Coinbase,2,,,engine/technical/README.md,
BTC,crypto,tecnico,sma100,58017.9795,,EUR,2026-08-15,2026-09-04T15:49:34Z,Coinbase,2,,,engine/technical/README.md,
BTC,crypto,tecnico,sma100,57880.3764,,EUR,2026-08-16,2026-09-04T15:49:34Z,Coinbase,2,,,engine/technical/README.md,
BTC,crypto,tecnico,sma100,57752.1723,,EUR,2026-08-17,2026-09-04T15:49:34Z,Coinbase,2,,,engine/technical/README.md,
BTC,crypto,tecnico,sma100,57612.4919,,EUR,2026-08-18,2026-09-04T15:49:34Z,Coinbase,2,,,engine/technical/README.md,
BTC,crypto,tecnico,sma100,57511.8225,,EUR,2026-08-19,2026-09-04T15:49:34Z,Coinbase,2,,,engine/technical/README.md,
BTC,crypto,tecnico,sma100,57450.886,,EUR,2026-08-20,2026-09-04T15:49:34Z,Coinbase,2,,,engine/technical/README.md,
BTC,crypto,tecnico,sma100,57443.683,,EUR,2026-08-21,2026-09-04T15:49:34Z,Coinbase,2,,,engine/technical/README.md,
BTC,crypto,tecnico,sma100,57406.4418,,EUR,2026-08-22,2026-09-04T15:49:34Z,Coinbase,2,,,engine/technical/README.md,
BTC,crypto,tecnico,sma100,57391.2084,,EUR,2026-08-23,2026-09-04T15:49:34Z,Coinbase,2,,,engine/technical/README.md,
BTC,crypto,tecnico,sma100,57395.6501,,EUR,2026-08-24,2026-09-04T15:49:34Z,Coinbase,2,,,engine/technical/README.md,
BTC,crypto,tecnico,sma100,57401.3448,,EUR,2026-08-25,2026-09-04T15:49:34Z,Coinbase,2,,,engine/technical/README.md,
BTC,crypto,tecnico,sma100,57418.8491,,EUR,2026-08-26,2026-09-04T15:49:34Z,Coinbase,2,,,engine/technical/README.md,
BTC,crypto,tecnico,sma100,57446.4781,,EUR,2026-08-27,2026-09-04T15:49:34Z,Coinbase,2,,,engine/technical/README.md,
BTC,crypto,tecnico,sma100,57451.7248,,EUR,2026-08-28,2026-09-04T15:49:34Z,Coinbase,2,,,engine/technical/README.md,
BTC,crypto,tecnico,sma100,57459.8901,,EUR,2026-08-29,2026-09-04T15:49:34Z,Coinbase,2,,,engine/technical/README.md,
BTC,crypto,tecnico,sma100,57479.3841,,EUR,2026-08-30,2026-09-04T15:49:34Z,Coinbase,2,,,engine/technical/README.md,
BTC,crypto,tecnico,sma100,57495.0465,,EUR,2026-08-31,2026-09-04T15:49:34Z,Coinbase,2,,,engine/technical/README.md,
BTC,crypto,tecnico,sma100,57501.3928,,EUR,2026-09-01,2026-09-04T15:49:34Z,Coinbase,2,,,engine/technical/README.md,
BTC,crypto,tecnico,sma100,57504.6268,,EUR,2026-09-02,2026-09-04T15:49:34Z,Coinbase,2,,,engine/technical/README.md,
BTC,crypto,tecnico,sma100,57551.6819,,EUR,2026-09-03,2026-09-04T15:49:34Z,Coinbase,2,,,engine/technical/README.md,
BTC,crypto,tecnico,sma100,57608.663,,EUR,2026-09-04,2026-09-04T10:11:47Z,Kraken,2,100,,engine/technical/README.md,
BTC,crypto,tecnico,sma20,74678.659,,EUR,2026-01-01,2026-09-04T15:49:34Z,Coinbase,2,,,engine/technical/README.md,
BTC,crypto,tecnico,sma20,74671.671,,EUR,2026-01-02,2026-09-04T15:49:34Z,Coinbase,2,,,engine/technical/README.md,
BTC,crypto,tecnico,sma20,74782.928,,EUR,2026-01-03,2026-09-04T15:49:34Z,Coinbase,2,,,engine/technical/README.md,
BTC,crypto,tecnico,sma20,75015.072,,EUR,2026-01-04,2026-09-04T15:49:34Z,Coinbase,2,,,engine/technical/README.md,
BTC,crypto,tecnico,sma20,75283.826,,EUR,2026-01-05,2026-09-04T15:49:34Z,Coinbase,2,,,engine/technical/README.md,
BTC,crypto,tecnico,sma20,75624.026,,EUR,2026-01-06,2026-09-04T15:49:34Z,Coinbase,2,,,engine/technical/README.md,
BTC,crypto,tecnico,sma20,75887.5725,,EUR,2026-01-07,2026-09-04T15:49:34Z,Coinbase,2,,,engine/technical/README.md,
BTC,crypto,tecnico,sma20,76031.8725,,EUR,2026-01-08,2026-09-04T15:49:34Z,Coinbase,2,,,engine/technical/README.md,
BTC,crypto,tecnico,sma20,76150.188,,EUR,2026-01-09,2026-09-04T15:49:34Z,Coinbase,2,,,engine/technical/README.md,
BTC,crypto,tecnico,sma20,76254.8285,,EUR,2026-01-10,2026-09-04T15:49:34Z,Coinbase,2,,,engine/technical/README.md,
BTC,crypto,tecnico,sma20,76400.524,,EUR,2026-01-11,2026-09-04T15:49:34Z,Coinbase,2,,,engine/technical/README.md,
BTC,crypto,tecnico,sma20,76602.704,,EUR,2026-01-12,2026-09-04T15:49:34Z,Coinbase,2,,,engine/technical/README.md,
BTC,crypto,tecnico,sma20,76978.446,,EUR,2026-01-13,2026-09-04T15:49:34Z,Coinbase,2,,,engine/technical/README.md,
BTC,crypto,tecnico,sma20,77441.3655,,EUR,2026-01-14,2026-09-04T15:49:34Z,Coinbase,2,,,engine/technical/README.md,
BTC,crypto,tecnico,sma20,77849.6635,,EUR,2026-01-15,2026-09-04T15:49:34Z,Coinbase,2,,,engine/technical/README.md,
BTC,crypto,tecnico,sma20,78239.113,,EUR,2026-01-16,2026-09-04T15:49:34Z,Coinbase,2,,,engine/technical/README.md,
BTC,crypto,tecnico,sma20,78612.4515,,EUR,2026-01-17,2026-09-04T15:49:34Z,Coinbase,2,,,engine/technical/README.md,
BTC,crypto,tecnico,sma20,78938.844,,EUR,2026-01-18,2026-09-04T15:49:34Z,Coinbase,2,,,engine/technical/README.md,
BTC,crypto,tecnico,sma20,79153.6355,,EUR,2026-01-19,2026-09-04T15:49:34Z,Coinbase,2,,,engine/technical/README.md,
BTC,crypto,tecnico,sma20,79196.126,,EUR,2026-01-20,2026-09-04T15:49:34Z,Coinbase,2,,,engine/technical/README.md,
BTC,crypto,tecnico,sma20,79248.6095,,EUR,2026-01-21,2026-09-04T15:49:34Z,Coinbase,2,,,engine/technical/README.md,
BTC,crypto,tecnico,sma20,79215.2545,,EUR,2026-01-22,2026-09-04T15:49:34Z,Coinbase,2,,,engine/technical/README.md,
BTC,crypto,tecnico,sma20,79130.844,,EUR,2026-01-23,2026-09-04T15:49:34Z,Coinbase,2,,,engine/technical/README.md,
BTC,crypto,tecnico,sma20,78990.5935,,EUR,2026-01-24,2026-09-04T15:49:34Z,Coinbase,2,,,engine/technical/README.md,
BTC,crypto,tecnico,sma20,78633.7205,,EUR,2026-01-25,2026-09-04T15:49:34Z,Coinbase,2,,,engine/technical/README.md,
BTC,crypto,tecnico,sma20,78339.4965,,EUR,2026-01-26,2026-09-04T15:49:34Z,Coinbase,2,,,engine/technical/README.md,
BTC,crypto,tecnico,sma20,78139.258,,EUR,2026-01-27,2026-09-04T15:49:34Z,Coinbase,2,,,engine/technical/README.md,
BTC,crypto,tecnico,sma20,77957.541,,EUR,2026-01-28,2026-09-04T15:49:34Z,Coinbase,2,,,engine/technical/README.md,
BTC,crypto,tecnico,sma20,77599.759,,EUR,2026-01-29,2026-09-04T15:49:34Z,Coinbase,2,,,engine/technical/README.md,
BTC,crypto,tecnico,sma20,77261.327,,EUR,2026-01-30,2026-09-04T15:49:34Z,Coinbase,2,,,engine/technical/README.md,
BTC,crypto,tecnico,sma20,76680.305,,EUR,2026-01-31,2026-09-04T15:49:34Z,Coinbase,2,,,engine/technical/README.md,
BTC,crypto,tecnico,sma20,76017.7835,,EUR,2026-02-01,2026-09-04T15:49:34Z,Coinbase,2,,,engine/technical/README.md,
BTC,crypto,tecnico,sma20,75258.2445,,EUR,2026-02-02,2026-09-04T15:49:34Z,Coinbase,2,,,engine/technical/README.md,
BTC,crypto,tecnico,sma20,74298.4845,,EUR,2026-02-03,2026-09-04T15:49:34Z,Coinbase,2,,,engine/technical/README.md,
BTC,crypto,tecnico,sma20,73274.636,,EUR,2026-02-04,2026-09-04T15:49:34Z,Coinbase,2,,,engine/technical/README.md,
BTC,crypto,tecnico,sma20,71824.8985,,EUR,2026-02-05,2026-09-04T15:49:34Z,Coinbase,2,,,engine/technical/README.md,
BTC,crypto,tecnico,sma20,70712.854,,EUR,2026-02-06,2026-09-04T15:49:34Z,Coinbase,2,,,engine/technical/README.md,
BTC,crypto,tecnico,sma20,69622.5035,,EUR,2026-02-07,2026-09-04T15:49:34Z,Coinbase,2,,,engine/technical/README.md,
BTC,crypto,tecnico,sma20,68623.61,,EUR,2026-02-08,2026-09-04T15:49:34Z,Coinbase,2,,,engine/technical/README.md,
BTC,crypto,tecnico,sma20,67802.9405,,EUR,2026-02-09,2026-09-04T15:49:34Z,Coinbase,2,,,engine/technical/README.md,
BTC,crypto,tecnico,sma20,66869.491,,EUR,2026-02-10,2026-09-04T15:49:34Z,Coinbase,2,,,engine/technical/README.md,
BTC,crypto,tecnico,sma20,65886.5555,,EUR,2026-02-11,2026-09-04T15:49:34Z,Coinbase,2,,,engine/technical/README.md,
BTC,crypto,tecnico,sma20,64891.848,,EUR,2026-02-12,2026-09-04T15:49:34Z,Coinbase,2,,,engine/technical/README.md,
BTC,crypto,tecnico,sma20,64025.5535,,EUR,2026-02-13,2026-09-04T15:49:34Z,Coinbase,2,,,engine/technical/README.md,
BTC,crypto,tecnico,sma20,63320.7715,,EUR,2026-02-14,2026-09-04T15:49:34Z,Coinbase,2,,,engine/technical/README.md,
BTC,crypto,tecnico,sma20,62505.108,,EUR,2026-02-15,2026-09-04T15:49:34Z,Coinbase,2,,,engine/technical/README.md,
BTC,crypto,tecnico,sma20,61703.6285,,EUR,2026-02-16,2026-09-04T15:49:34Z,Coinbase,2,,,engine/technical/README.md,
BTC,crypto,tecnico,sma20,60828.037,,EUR,2026-02-17,2026-09-04T15:49:34Z,Coinbase,2,,,engine/technical/README.md,
BTC,crypto,tecnico,sma20,60113.668,,EUR,2026-02-18,2026-09-04T15:49:34Z,Coinbase,2,,,engine/technical/README.md,
BTC,crypto,tecnico,sma20,59409.098,,EUR,2026-02-19,2026-09-04T15:49:34Z,Coinbase,2,,,engine/technical/README.md,
BTC,crypto,tecnico,sma20,58964.6995,,EUR,2026-02-20,2026-09-04T15:49:34Z,Coinbase,2,,,engine/technical/README.md,
BTC,crypto,tecnico,sma20,58603.613,,EUR,2026-02-21,2026-09-04T15:49:34Z,Coinbase,2,,,engine/technical/README.md,
BTC,crypto,tecnico,sma20,58125.8445,,EUR,2026-02-22,2026-09-04T15:49:34Z,Coinbase,2,,,engine/technical/README.md,
BTC,crypto,tecnico,sma20,57663.818,,EUR,2026-02-23,2026-09-04T15:49:34Z,Coinbase,2,,,engine/technical/README.md,
BTC,crypto,tecnico,sma20,57291.623,,EUR,2026-02-24,2026-09-04T15:49:34Z,Coinbase,2,,,engine/technical/README.md,
BTC,crypto,tecnico,sma20,57501.731,,EUR,2026-02-25,2026-09-04T15:49:34Z,Coinbase,2,,,engine/technical/README.md,
BTC,crypto,tecnico,sma20,57370.063,,EUR,2026-02-26,2026-09-04T15:49:34Z,Coinbase,2,,,engine/technical/README.md,
BTC,crypto,tecnico,sma20,57222.0135,,EUR,2026-02-27,2026-09-04T15:49:34Z,Coinbase,2,,,engine/technical/README.md,
BTC,crypto,tecnico,sma20,57083.7555,,EUR,2026-02-28,2026-09-04T15:49:34Z,Coinbase,2,,,engine/technical/README.md,
BTC,crypto,tecnico,sma20,56935.6515,,EUR,2026-03-01,2026-09-04T15:49:34Z,Coinbase,2,,,engine/technical/README.md,
BTC,crypto,tecnico,sma20,56982.352,,EUR,2026-03-02,2026-09-04T15:49:34Z,Coinbase,2,,,engine/technical/README.md,
BTC,crypto,tecnico,sma20,57100.049,,EUR,2026-03-03,2026-09-04T15:49:34Z,Coinbase,2,,,engine/technical/README.md,
BTC,crypto,tecnico,sma20,57433.624,,EUR,2026-03-04,2026-09-04T15:49:34Z,Coinbase,2,,,engine/technical/README.md,
BTC,crypto,tecnico,sma20,57585.6245,,EUR,2026-03-05,2026-09-04T15:49:34Z,Coinbase,2,,,engine/technical/README.md,
BTC,crypto,tecnico,sma20,57573.538,,EUR,2026-03-06,2026-09-04T15:49:34Z,Coinbase,2,,,engine/technical/README.md,
BTC,crypto,tecnico,sma20,57573.479,,EUR,2026-03-07,2026-09-04T15:49:34Z,Coinbase,2,,,engine/technical/README.md,
BTC,crypto,tecnico,sma20,57530.9615,,EUR,2026-03-08,2026-09-04T15:49:34Z,Coinbase,2,,,engine/technical/README.md,
BTC,crypto,tecnico,sma20,57628.903,,EUR,2026-03-09,2026-09-04T15:49:34Z,Coinbase,2,,,engine/technical/README.md,
BTC,crypto,tecnico,sma20,57823.5415,,EUR,2026-03-10,2026-09-04T15:49:34Z,Coinbase,2,,,engine/technical/README.md,
BTC,crypto,tecnico,sma20,58018.4435,,EUR,2026-03-11,2026-09-04T15:49:34Z,Coinbase,2,,,engine/technical/README.md,
BTC,crypto,tecnico,sma20,58194.196,,EUR,2026-03-12,2026-09-04T15:49:34Z,Coinbase,2,,,engine/technical/README.md,
BTC,crypto,tecnico,sma20,58414.859,,EUR,2026-03-13,2026-09-04T15:49:34Z,Coinbase,2,,,engine/technical/README.md,
BTC,crypto,tecnico,sma20,58678.109,,EUR,2026-03-14,2026-09-04T15:49:34Z,Coinbase,2,,,engine/technical/README.md,
BTC,crypto,tecnico,sma20,59122.5495,,EUR,2026-03-15,2026-09-04T15:49:34Z,Coinbase,2,,,engine/technical/README.md,
BTC,crypto,tecnico,sma20,59656.0685,,EUR,2026-03-16,2026-09-04T15:49:34Z,Coinbase,2,,,engine/technical/README.md,
BTC,crypto,tecnico,sma20,59982.6135,,EUR,2026-03-17,2026-09-04T15:49:34Z,Coinbase,2,,,engine/technical/README.md,
BTC,crypto,tecnico,sma20,60229.7305,,EUR,2026-03-18,2026-09-04T15:49:34Z,Coinbase,2,,,engine/technical/README.md,
BTC,crypto,tecnico,sma20,60459.5125,,EUR,2026-03-19,2026-09-04T15:49:34Z,Coinbase,2,,,engine/technical/README.md,
BTC,crypto,tecnico,sma20,60668.376,,EUR,2026-03-20,2026-09-04T15:49:34Z,Coinbase,2,,,engine/technical/README.md,
BTC,crypto,tecnico,sma20,60851.8935,,EUR,2026-03-21,2026-09-04T15:49:34Z,Coinbase,2,,,engine/technical/README.md,
BTC,crypto,tecnico,sma20,60844.2585,,EUR,2026-03-22,2026-09-04T15:49:34Z,Coinbase,2,,,engine/technical/README.md,
BTC,crypto,tecnico,sma20,60956.4175,,EUR,2026-03-23,2026-09-04T15:49:34Z,Coinbase,2,,,engine/technical/README.md,
BTC,crypto,tecnico,sma20,60870.238,,EUR,2026-03-24,2026-09-04T15:49:34Z,Coinbase,2,,,engine/technical/README.md,
BTC,crypto,tecnico,sma20,60899.815,,EUR,2026-03-25,2026-09-04T15:49:34Z,Coinbase,2,,,engine/technical/README.md,
BTC,crypto,tecnico,sma20,60948.028,,EUR,2026-03-26,2026-09-04T15:49:34Z,Coinbase,2,,,engine/technical/README.md,
BTC,crypto,tecnico,sma20,60930.9665,,EUR,2026-03-27,2026-09-04T15:49:34Z,Coinbase,2,,,engine/technical/README.md,
BTC,crypto,tecnico,sma20,60951.9115,,EUR,2026-03-28,2026-09-04T15:49:34Z,Coinbase,2,,,engine/technical/README.md,
BTC,crypto,tecnico,sma20,60879.5055,,EUR,2026-03-29,2026-09-04T15:49:34Z,Coinbase,2,,,engine/technical/README.md,
BTC,crypto,tecnico,sma20,60779.045,,EUR,2026-03-30,2026-09-04T15:49:34Z,Coinbase,2,,,engine/technical/README.md,
BTC,crypto,tecnico,sma20,60685.167,,EUR,2026-03-31,2026-09-04T15:49:34Z,Coinbase,2,,,engine/technical/README.md,
BTC,crypto,tecnico,sma20,60562.209,,EUR,2026-04-01,2026-09-04T15:49:34Z,Coinbase,2,,,engine/technical/README.md,
BTC,crypto,tecnico,sma20,60356.544,,EUR,2026-04-02,2026-09-04T15:49:34Z,Coinbase,2,,,engine/technical/README.md,
BTC,crypto,tecnico,sma20,60142.8585,,EUR,2026-04-03,2026-09-04T15:49:34Z,Coinbase,2,,,engine/technical/README.md,
BTC,crypto,tecnico,sma20,59879.407,,EUR,2026-04-04,2026-09-04T15:49:34Z,Coinbase,2,,,engine/technical/README.md,
BTC,crypto,tecnico,sma20,59621.9945,,EUR,2026-04-05,2026-09-04T15:49:34Z,Coinbase,2,,,engine/technical/README.md,
BTC,crypto,tecnico,sma20,59400.0785,,EUR,2026-04-06,2026-09-04T15:49:34Z,Coinbase,2,,,engine/technical/README.md,
BTC,crypto,tecnico,sma20,59368.706,,EUR,2026-04-07,2026-09-04T15:49:34Z,Coinbase,2,,,engine/technical/README.md,
BTC,crypto,tecnico,sma20,59397.9915,,EUR,2026-04-08,2026-09-04T15:49:34Z,Coinbase,2,,,engine/technical/README.md,
BTC,crypto,tecnico,sma20,59421.81,,EUR,2026-04-09,2026-09-04T15:49:34Z,Coinbase,2,,,engine/technical/README.md,
BTC,crypto,tecnico,sma20,59554.2765,,EUR,2026-04-10,2026-09-04T15:49:34Z,Coinbase,2,,,engine/technical/README.md,
BTC,crypto,tecnico,sma20,59737.653,,EUR,2026-04-11,2026-09-04T15:49:34Z,Coinbase,2,,,engine/technical/README.md,
BTC,crypto,tecnico,sma20,59714.5685,,EUR,2026-04-12,2026-09-04T15:49:34Z,Coinbase,2,,,engine/technical/README.md,
BTC,crypto,tecnico,sma20,59839.895,,EUR,2026-04-13,2026-09-04T15:49:34Z,Coinbase,2,,,engine/technical/README.md,
BTC,crypto,tecnico,sma20,59898.792,,EUR,2026-04-14,2026-09-04T15:49:34Z,Coinbase,2,,,engine/technical/README.md,
BTC,crypto,tecnico,sma20,60086.2125,,EUR,2026-04-15,2026-09-04T15:49:34Z,Coinbase,2,,,engine/technical/README.md,
BTC,crypto,tecnico,sma20,60393.5115,,EUR,2026-04-16,2026-09-04T15:49:34Z,Coinbase,2,,,engine/technical/README.md,
BTC,crypto,tecnico,sma20,60785.6095,,EUR,2026-04-17,2026-09-04T15:49:34Z,Coinbase,2,,,engine/technical/README.md,
BTC,crypto,tecnico,sma20,61131.38,,EUR,2026-04-18,2026-09-04T15:49:34Z,Coinbase,2,,,engine/technical/README.md,
BTC,crypto,tecnico,sma20,61363.4595,,EUR,2026-04-19,2026-09-04T15:49:34Z,Coinbase,2,,,engine/technical/README.md,
BTC,crypto,tecnico,sma20,61635.525,,EUR,2026-04-20,2026-09-04T15:49:34Z,Coinbase,2,,,engine/technical/README.md,
BTC,crypto,tecnico,sma20,61947.9785,,EUR,2026-04-21,2026-09-04T15:49:34Z,Coinbase,2,,,engine/technical/README.md,
BTC,crypto,tecnico,sma20,62388.1875,,EUR,2026-04-22,2026-09-04T15:49:34Z,Coinbase,2,,,engine/technical/README.md,
BTC,crypto,tecnico,sma20,62832.3225,,EUR,2026-04-23,2026-09-04T15:49:34Z,Coinbase,2,,,engine/technical/README.md,
BTC,crypto,tecnico,sma20,63215.233,,EUR,2026-04-24,2026-09-04T15:49:34Z,Coinbase,2,,,engine/technical/README.md,
BTC,crypto,tecnico,sma20,63532.3275,,EUR,2026-04-25,2026-09-04T15:49:34Z,Coinbase,2,,,engine/technical/README.md,
BTC,crypto,tecnico,sma20,63910.9575,,EUR,2026-04-26,2026-09-04T15:49:34Z,Coinbase,2,,,engine/technical/README.md,
BTC,crypto,tecnico,sma20,64135.3985,,EUR,2026-04-27,2026-09-04T15:49:34Z,Coinbase,2,,,engine/technical/README.md,
BTC,crypto,tecnico,sma20,64343.475,,EUR,2026-04-28,2026-09-04T15:49:34Z,Coinbase,2,,,engine/technical/README.md,
BTC,crypto,tecnico,sma20,64515.991,,EUR,2026-04-29,2026-09-04T15:49:34Z,Coinbase,2,,,engine/technical/README.md,
BTC,crypto,tecnico,sma20,64657.391,,EUR,2026-04-30,2026-09-04T15:49:34Z,Coinbase,2,,,engine/technical/README.md,
BTC,crypto,tecnico,sma20,64876.3925,,EUR,2026-05-01,2026-09-04T15:49:34Z,Coinbase,2,,,engine/technical/README.md,
BTC,crypto,tecnico,sma20,65202.6785,,EUR,2026-05-02,2026-09-04T15:49:34Z,Coinbase,2,,,engine/technical/README.md,
BTC,crypto,tecnico,sma20,65387.2635,,EUR,2026-05-03,2026-09-04T15:49:34Z,Coinbase,2,,,engine/technical/README.md,
BTC,crypto,tecnico,sma20,65658.8095,,EUR,2026-05-04,2026-09-04T15:49:34Z,Coinbase,2,,,engine/technical/README.md,
BTC,crypto,tecnico,sma20,65942.756,,EUR,2026-05-05,2026-09-04T15:49:34Z,Coinbase,2,,,engine/technical/README.md,
BTC,crypto,tecnico,sma20,66217.709,,EUR,2026-05-06,2026-09-04T15:49:34Z,Coinbase,2,,,engine/technical/README.md,
BTC,crypto,tecnico,sma20,66352.1565,,EUR,2026-05-07,2026-09-04T15:49:34Z,Coinbase,2,,,engine/technical/README.md,
BTC,crypto,tecnico,sma20,66535.488,,EUR,2026-05-08,2026-09-04T15:49:34Z,Coinbase,2,,,engine/technical/README.md,
BTC,crypto,tecnico,sma20,66814.183,,EUR,2026-05-09,2026-09-04T15:49:34Z,Coinbase,2,,,engine/technical/README.md,
BTC,crypto,tecnico,sma20,67087.657,,EUR,2026-05-10,2026-09-04T15:49:34Z,Coinbase,2,,,engine/technical/README.md,
BTC,crypto,tecnico,sma20,67307.1965,,EUR,2026-05-11,2026-09-04T15:49:34Z,Coinbase,2,,,engine/technical/README.md,
BTC,crypto,tecnico,sma20,67397.0035,,EUR,2026-05-12,2026-09-04T15:49:34Z,Coinbase,2,,,engine/technical/README.md,
BTC,crypto,tecnico,sma20,67429.954,,EUR,2026-05-13,2026-09-04T15:49:34Z,Coinbase,2,,,engine/technical/README.md,
BTC,crypto,tecnico,sma20,67600.129,,EUR,2026-05-14,2026-09-04T15:49:34Z,Coinbase,2,,,engine/technical/README.md,
BTC,crypto,tecnico,sma20,67687.0175,,EUR,2026-05-15,2026-09-04T15:49:34Z,Coinbase,2,,,engine/technical/README.md,
BTC,crypto,tecnico,sma20,67688.301,,EUR,2026-05-16,2026-09-04T15:49:34Z,Coinbase,2,,,engine/technical/README.md,
BTC,crypto,tecnico,sma20,67721.3825,,EUR,2026-05-17,2026-09-04T15:49:34Z,Coinbase,2,,,engine/technical/README.md,
BTC,crypto,tecnico,sma20,67765.511,,EUR,2026-05-18,2026-09-04T15:49:34Z,Coinbase,2,,,engine/technical/README.md,
BTC,crypto,tecnico,sma20,67828.558,,EUR,2026-05-19,2026-09-04T15:49:34Z,Coinbase,2,,,engine/technical/README.md,
BTC,crypto,tecnico,sma20,67907.0785,,EUR,2026-05-20,2026-09-04T15:49:34Z,Coinbase,2,,,engine/technical/README.md,
BTC,crypto,tecnico,sma20,67907.8285,,EUR,2026-05-21,2026-09-04T15:49:34Z,Coinbase,2,,,engine/technical/README.md,
BTC,crypto,tecnico,sma20,67804.6885,,EUR,2026-05-22,2026-09-04T15:49:34Z,Coinbase,2,,,engine/technical/README.md,
BTC,crypto,tecnico,sma20,67760.601,,EUR,2026-05-23,2026-09-04T15:49:34Z,Coinbase,2,,,engine/technical/README.md,
BTC,crypto,tecnico,sma20,67653.219,,EUR,2026-05-24,2026-09-04T15:49:34Z,Coinbase,2,,,engine/technical/README.md,
BTC,crypto,tecnico,sma20,67520.3725,,EUR,2026-05-25,2026-09-04T15:49:34Z,Coinbase,2,,,engine/technical/README.md,
BTC,crypto,tecnico,sma20,67313.4065,,EUR,2026-05-26,2026-09-04T15:49:34Z,Coinbase,2,,,engine/technical/README.md,
BTC,crypto,tecnico,sma20,67101.3465,,EUR,2026-05-27,2026-09-04T15:49:34Z,Coinbase,2,,,engine/technical/README.md,
BTC,crypto,tecnico,sma20,66854.9885,,EUR,2026-05-28,2026-09-04T15:49:34Z,Coinbase,2,,,engine/technical/README.md,
BTC,crypto,tecnico,sma20,66577.955,,EUR,2026-05-29,2026-09-04T15:49:34Z,Coinbase,2,,,engine/technical/README.md,
BTC,crypto,tecnico,sma20,66249.616,,EUR,2026-05-30,2026-09-04T15:49:34Z,Coinbase,2,,,engine/technical/README.md,
BTC,crypto,tecnico,sma20,65938.1335,,EUR,2026-05-31,2026-09-04T15:49:34Z,Coinbase,2,,,engine/technical/README.md,
BTC,crypto,tecnico,sma20,65573.5675,,EUR,2026-06-01,2026-09-04T15:49:34Z,Coinbase,2,,,engine/technical/README.md,
BTC,crypto,tecnico,sma20,65057.5655,,EUR,2026-06-02,2026-09-04T15:49:34Z,Coinbase,2,,,engine/technical/README.md,
BTC,crypto,tecnico,sma20,64341.502,,EUR,2026-06-03,2026-09-04T15:49:34Z,Coinbase,2,,,engine/technical/README.md,
BTC,crypto,tecnico,sma20,63688.7265,,EUR,2026-06-04,2026-09-04T15:49:34Z,Coinbase,2,,,engine/technical/README.md,
BTC,crypto,tecnico,sma20,62977.062,,EUR,2026-06-05,2026-09-04T15:49:34Z,Coinbase,2,,,engine/technical/README.md,
BTC,crypto,tecnico,sma20,62288.989,,EUR,2026-06-06,2026-09-04T15:49:34Z,Coinbase,2,,,engine/technical/README.md,
BTC,crypto,tecnico,sma20,61736.4135,,EUR,2026-06-07,2026-09-04T15:49:34Z,Coinbase,2,,,engine/technical/README.md,
BTC,crypto,tecnico,sma20,61165.1405,,EUR,2026-06-08,2026-09-04T15:49:34Z,Coinbase,2,,,engine/technical/README.md,
BTC,crypto,tecnico,sma20,60507.333,,EUR,2026-06-09,2026-09-04T15:49:34Z,Coinbase,2,,,engine/technical/README.md,
BTC,crypto,tecnico,sma20,59834.006,,EUR,2026-06-10,2026-09-04T15:49:34Z,Coinbase,2,,,engine/technical/README.md,
BTC,crypto,tecnico,sma20,59326.681,,EUR,2026-06-11,2026-09-04T15:49:34Z,Coinbase,2,,,engine/technical/README.md,
BTC,crypto,tecnico,sma20,58770.767,,EUR,2026-06-12,2026-09-04T15:49:34Z,Coinbase,2,,,engine/technical/README.md,
BTC,crypto,tecnico,sma20,58250.641,,EUR,2026-06-13,2026-09-04T15:49:34Z,Coinbase,2,,,engine/technical/README.md,
BTC,crypto,tecnico,sma20,57762.7445,,EUR,2026-06-14,2026-09-04T15:49:34Z,Coinbase,2,,,engine/technical/README.md,
BTC,crypto,tecnico,sma20,57363.7575,,EUR,2026-06-15,2026-09-04T15:49:34Z,Coinbase,2,,,engine/technical/README.md,
BTC,crypto,tecnico,sma20,56991.067,,EUR,2026-06-16,2026-09-04T15:49:34Z,Coinbase,2,,,engine/technical/README.md,
BTC,crypto,tecnico,sma20,56635.0545,,EUR,2026-06-17,2026-09-04T15:49:34Z,Coinbase,2,,,engine/technical/README.md,
BTC,crypto,tecnico,sma20,56232.224,,EUR,2026-06-18,2026-09-04T15:49:34Z,Coinbase,2,,,engine/technical/README.md,
BTC,crypto,tecnico,sma20,55836.1095,,EUR,2026-06-19,2026-09-04T15:49:34Z,Coinbase,2,,,engine/technical/README.md,
BTC,crypto,tecnico,sma20,55479.1405,,EUR,2026-06-20,2026-09-04T15:49:34Z,Coinbase,2,,,engine/technical/README.md,
BTC,crypto,tecnico,sma20,55172.5135,,EUR,2026-06-21,2026-09-04T15:49:34Z,Coinbase,2,,,engine/technical/README.md,
BTC,crypto,tecnico,sma20,55102.648,,EUR,2026-06-22,2026-09-04T15:49:34Z,Coinbase,2,,,engine/technical/README.md,
BTC,crypto,tecnico,sma20,55095.9775,,EUR,2026-06-23,2026-09-04T15:49:34Z,Coinbase,2,,,engine/technical/README.md,
BTC,crypto,tecnico,sma20,55033.1005,,EUR,2026-06-24,2026-09-04T15:49:34Z,Coinbase,2,,,engine/technical/README.md,
BTC,crypto,tecnico,sma20,55010.743,,EUR,2026-06-25,2026-09-04T15:49:34Z,Coinbase,2,,,engine/technical/README.md,
BTC,crypto,tecnico,sma20,55001.1915,,EUR,2026-06-26,2026-09-04T15:49:34Z,Coinbase,2,,,engine/technical/README.md,
BTC,crypto,tecnico,sma20,54885.346,,EUR,2026-06-27,2026-09-04T15:49:34Z,Coinbase,2,,,engine/technical/README.md,
BTC,crypto,tecnico,sma20,54760.9205,,EUR,2026-06-28,2026-09-04T15:49:34Z,Coinbase,2,,,engine/technical/README.md,
BTC,crypto,tecnico,sma20,54720.423,,EUR,2026-06-29,2026-09-04T15:49:34Z,Coinbase,2,,,engine/technical/README.md,
BTC,crypto,tecnico,sma20,54620.5285,,EUR,2026-06-30,2026-09-04T15:49:34Z,Coinbase,2,,,engine/technical/README.md,
BTC,crypto,tecnico,sma20,54509.5415,,EUR,2026-07-01,2026-09-04T15:49:34Z,Coinbase,2,,,engine/technical/README.md,
BTC,crypto,tecnico,sma20,54453.5655,,EUR,2026-07-02,2026-09-04T15:49:34Z,Coinbase,2,,,engine/technical/README.md,
BTC,crypto,tecnico,sma20,54400.2205,,EUR,2026-07-03,2026-09-04T15:49:34Z,Coinbase,2,,,engine/technical/README.md,
BTC,crypto,tecnico,sma20,54327.909,,EUR,2026-07-04,2026-09-04T15:49:34Z,Coinbase,2,,,engine/technical/README.md,
BTC,crypto,tecnico,sma20,54248.936,,EUR,2026-07-05,2026-09-04T15:49:34Z,Coinbase,2,,,engine/technical/README.md,
BTC,crypto,tecnico,sma20,54219.9515,,EUR,2026-07-06,2026-09-04T15:49:34Z,Coinbase,2,,,engine/technical/README.md,
BTC,crypto,tecnico,sma20,54195.187,,EUR,2026-07-07,2026-09-04T15:49:34Z,Coinbase,2,,,engine/technical/README.md,
BTC,crypto,tecnico,sma20,54177.5285,,EUR,2026-07-08,2026-09-04T15:49:34Z,Coinbase,2,,,engine/technical/README.md,
BTC,crypto,tecnico,sma20,54173.247,,EUR,2026-07-09,2026-09-04T15:49:34Z,Coinbase,2,,,engine/technical/README.md,
BTC,crypto,tecnico,sma20,54181.5325,,EUR,2026-07-10,2026-09-04T15:49:34Z,Coinbase,2,,,engine/technical/README.md,
BTC,crypto,tecnico,sma20,54217.3515,,EUR,2026-07-11,2026-09-04T15:49:34Z,Coinbase,2,,,engine/technical/README.md,
BTC,crypto,tecnico,sma20,54213.596,,EUR,2026-07-12,2026-09-04T15:49:34Z,Coinbase,2,,,engine/technical/README.md,
BTC,crypto,tecnico,sma20,54197.591,,EUR,2026-07-13,2026-09-04T15:49:34Z,Coinbase,2,,,engine/technical/README.md,
BTC,crypto,tecnico,sma20,54355.9385,,EUR,2026-07-14,2026-09-04T15:49:34Z,Coinbase,2,,,engine/technical/README.md,
BTC,crypto,tecnico,sma20,54548.4065,,EUR,2026-07-15,2026-09-04T15:49:34Z,Coinbase,2,,,engine/technical/README.md,
BTC,crypto,tecnico,sma20,54698.631,,EUR,2026-07-16,2026-09-04T15:49:34Z,Coinbase,2,,,engine/technical/README.md,
BTC,crypto,tecnico,sma20,54859.7095,,EUR,2026-07-17,2026-09-04T15:49:34Z,Coinbase,2,,,engine/technical/README.md,
BTC,crypto,tecnico,sma20,55082.072,,EUR,2026-07-18,2026-09-04T15:49:34Z,Coinbase,2,,,engine/technical/README.md,
BTC,crypto,tecnico,sma20,55277.7455,,EUR,2026-07-19,2026-09-04T15:49:34Z,Coinbase,2,,,engine/technical/README.md,
BTC,crypto,tecnico,sma20,55576.54,,EUR,2026-07-20,2026-09-04T11:17:40Z,Kraken,2,100,,engine/technical/README.md,
BTC,crypto,tecnico,sma20,55850.9925,,EUR,2026-07-21,2026-09-04T15:49:34Z,Coinbase,2,,,engine/technical/README.md,
BTC,crypto,tecnico,sma20,56055.7365,,EUR,2026-07-22,2026-09-04T15:49:34Z,Coinbase,2,,,engine/technical/README.md,
BTC,crypto,tecnico,sma20,56181.7455,,EUR,2026-07-23,2026-09-04T15:49:34Z,Coinbase,2,,,engine/technical/README.md,
BTC,crypto,tecnico,sma20,56240.201,,EUR,2026-07-24,2026-09-04T15:49:34Z,Coinbase,2,,,engine/technical/README.md,
BTC,crypto,tecnico,sma20,56288.917,,EUR,2026-07-25,2026-09-04T15:49:34Z,Coinbase,2,,,engine/technical/README.md,
BTC,crypto,tecnico,sma20,56358.8025,,EUR,2026-07-26,2026-09-04T15:49:34Z,Coinbase,2,,,engine/technical/README.md,
BTC,crypto,tecnico,sma20,56384.426,,EUR,2026-07-27,2026-09-04T15:49:34Z,Coinbase,2,,,engine/technical/README.md,
BTC,crypto,tecnico,sma20,56462.206,,EUR,2026-07-28,2026-09-04T15:49:34Z,Coinbase,2,,,engine/technical/README.md,
BTC,crypto,tecnico,sma20,56485.22,,EUR,2026-07-29,2026-09-04T15:49:34Z,Coinbase,2,,,engine/technical/README.md,
BTC,crypto,tecnico,sma20,56484.624,,EUR,2026-07-30,2026-09-04T15:49:34Z,Coinbase,2,,,engine/technical/README.md,
BTC,crypto,tecnico,sma20,56415.7955,,EUR,2026-07-31,2026-09-04T15:49:34Z,Coinbase,2,,,engine/technical/README.md,
BTC,crypto,tecnico,sma20,56344.982,,EUR,2026-08-01,2026-09-04T15:49:34Z,Coinbase,2,,,engine/technical/README.md,
BTC,crypto,tecnico,sma20,56360.397,,EUR,2026-08-02,2026-09-04T15:49:34Z,Coinbase,2,,,engine/technical/README.md,
BTC,crypto,tecnico,sma20,56274.015,,EUR,2026-08-03,2026-09-04T15:49:34Z,Coinbase,2,,,engine/technical/README.md,
BTC,crypto,tecnico,sma20,56230.4765,,EUR,2026-08-04,2026-09-04T15:49:34Z,Coinbase,2,,,engine/technical/README.md,
BTC,crypto,tecnico,sma20,56239.5365,,EUR,2026-08-05,2026-09-04T15:49:34Z,Coinbase,2,,,engine/technical/README.md,
BTC,crypto,tecnico,sma20,56234.598,,EUR,2026-08-06,2026-09-04T15:49:34Z,Coinbase,2,,,engine/technical/README.md,
BTC,crypto,tecnico,sma20,56208.5145,,EUR,2026-08-07,2026-09-04T15:49:34Z,Coinbase,2,,,engine/technical/README.md,
BTC,crypto,tecnico,sma20,56187.433,,EUR,2026-08-08,2026-09-04T15:49:34Z,Coinbase,2,,,engine/technical/README.md,
BTC,crypto,tecnico,sma20,56136.2405,,EUR,2026-08-09,2026-09-04T15:49:34Z,Coinbase,2,,,engine/technical/README.md,
BTC,crypto,tecnico,sma20,55987.4695,,EUR,2026-08-10,2026-09-04T15:49:34Z,Coinbase,2,,,engine/technical/README.md,
BTC,crypto,tecnico,sma20,55843.9215,,EUR,2026-08-11,2026-09-04T15:49:34Z,Coinbase,2,,,engine/technical/README.md,
BTC,crypto,tecnico,sma20,55734.818,,EUR,2026-08-12,2026-09-04T15:49:34Z,Coinbase,2,,,engine/technical/README.md,
BTC,crypto,tecnico,sma20,55666.2745,,EUR,2026-08-13,2026-09-04T15:49:34Z,Coinbase,2,,,engine/technical/README.md,
BTC,crypto,tecnico,sma20,55560.5445,,EUR,2026-08-14,2026-09-04T15:49:34Z,Coinbase,2,,,engine/technical/README.md,
BTC,crypto,tecnico,sma20,55418.73,,EUR,2026-08-15,2026-09-04T15:49:34Z,Coinbase,2,,,engine/technical/README.md,
BTC,crypto,tecnico,sma20,55332.226,,EUR,2026-08-16,2026-09-04T15:49:34Z,Coinbase,2,,,engine/technical/README.md,
BTC,crypto,tecnico,sma20,55310.948,,EUR,2026-08-17,2026-09-04T15:49:34Z,Coinbase,2,,,engine/technical/README.md,
BTC,crypto,tecnico,sma20,55318.267,,EUR,2026-08-18,2026-09-04T15:49:34Z,Coinbase,2,,,engine/technical/README.md,
BTC,crypto,tecnico,sma20,55475.682,,EUR,2026-08-19,2026-09-04T15:49:34Z,Coinbase,2,,,engine/technical/README.md,
BTC,crypto,tecnico,sma20,55875.202,,EUR,2026-08-20,2026-09-04T15:49:34Z,Coinbase,2,,,engine/technical/README.md,
BTC,crypto,tecnico,sma20,56499.6235,,EUR,2026-08-21,2026-09-04T15:49:34Z,Coinbase,2,,,engine/technical/README.md,
BTC,crypto,tecnico,sma20,57036.7415,,EUR,2026-08-22,2026-09-04T15:49:34Z,Coinbase,2,,,engine/technical/README.md,
BTC,crypto,tecnico,sma20,57604.2615,,EUR,2026-08-23,2026-09-04T15:49:34Z,Coinbase,2,,,engine/technical/README.md,
BTC,crypto,tecnico,sma20,58211.5625,,EUR,2026-08-24,2026-09-04T15:49:34Z,Coinbase,2,,,engine/technical/README.md,
BTC,crypto,tecnico,sma20,58778.376,,EUR,2026-08-25,2026-09-04T15:49:34Z,Coinbase,2,,,engine/technical/README.md,
BTC,crypto,tecnico,sma20,59378.1785,,EUR,2026-08-26,2026-09-04T15:49:34Z,Coinbase,2,,,engine/technical/README.md,
BTC,crypto,tecnico,sma20,60015.743,,EUR,2026-08-27,2026-09-04T15:49:34Z,Coinbase,2,,,engine/technical/README.md,
BTC,crypto,tecnico,sma20,60565.6895,,EUR,2026-08-28,2026-09-04T15:49:34Z,Coinbase,2,,,engine/technical/README.md,
BTC,crypto,tecnico,sma20,61139.6475,,EUR,2026-08-29,2026-09-04T15:49:34Z,Coinbase,2,,,engine/technical/README.md,
BTC,crypto,tecnico,sma20,61722.236,,EUR,2026-08-30,2026-09-04T15:49:34Z,Coinbase,2,,,engine/technical/README.md,
BTC,crypto,tecnico,sma20,62351.242,,EUR,2026-08-31,2026-09-04T15:49:34Z,Coinbase,2,,,engine/technical/README.md,
BTC,crypto,tecnico,sma20,62939.539,,EUR,2026-09-01,2026-09-04T15:49:34Z,Coinbase,2,,,engine/technical/README.md,
BTC,crypto,tecnico,sma20,63526.005,,EUR,2026-09-02,2026-09-04T15:49:34Z,Coinbase,2,,,engine/technical/README.md,
BTC,crypto,tecnico,sma20,64296.2545,,EUR,2026-09-03,2026-09-04T15:49:34Z,Coinbase,2,,,engine/technical/README.md,
BTC,crypto,tecnico,sma20,65057.11,,EUR,2026-09-04,2026-09-04T10:11:47Z,Kraken,2,100,,engine/technical/README.md,
BTC,crypto,tecnico,sma200,91675.43145,,EUR,2026-01-01,2026-09-04T15:49:34Z,Coinbase,2,,,engine/technical/README.md,
BTC,crypto,tecnico,sma200,91597.12745,,EUR,2026-01-02,2026-09-04T15:49:34Z,Coinbase,2,,,engine/technical/README.md,
BTC,crypto,tecnico,sma200,91528.92895,,EUR,2026-01-03,2026-09-04T15:49:34Z,Coinbase,2,,,engine/technical/README.md,
BTC,crypto,tecnico,sma200,91462.80065,,EUR,2026-01-04,2026-09-04T15:49:34Z,Coinbase,2,,,engine/technical/README.md,
BTC,crypto,tecnico,sma200,91409.04955,,EUR,2026-01-05,2026-09-04T15:49:34Z,Coinbase,2,,,engine/technical/README.md,
BTC,crypto,tecnico,sma200,91361.68615,,EUR,2026-01-06,2026-09-04T15:49:34Z,Coinbase,2,,,engine/technical/README.md,
BTC,crypto,tecnico,sma200,91308.988,,EUR,2026-01-07,2026-09-04T15:49:34Z,Coinbase,2,,,engine/technical/README.md,
BTC,crypto,tecnico,sma200,91260.45115,,EUR,2026-01-08,2026-09-04T15:49:34Z,Coinbase,2,,,engine/technical/README.md,
BTC,crypto,tecnico,sma200,91195.0649,,EUR,2026-01-09,2026-09-04T15:49:34Z,Coinbase,2,,,engine/technical/README.md,
BTC,crypto,tecnico,sma200,91127.36935,,EUR,2026-01-10,2026-09-04T15:49:34Z,Coinbase,2,,,engine/technical/README.md,
BTC,crypto,tecnico,sma200,91058.70885,,EUR,2026-01-11,2026-09-04T15:49:34Z,Coinbase,2,,,engine/technical/README.md,
BTC,crypto,tecnico,sma200,90992.08915,,EUR,2026-01-12,2026-09-04T15:49:34Z,Coinbase,2,,,engine/technical/README.md,
BTC,crypto,tecnico,sma200,90944.5352,,EUR,2026-01-13,2026-09-04T15:49:34Z,Coinbase,2,,,engine/technical/README.md,
BTC,crypto,tecnico,sma200,90902.6724,,EUR,2026-01-14,2026-09-04T15:49:34Z,Coinbase,2,,,engine/technical/README.md,
BTC,crypto,tecnico,sma200,90852.2926,,EUR,2026-01-15,2026-09-04T15:49:34Z,Coinbase,2,,,engine/technical/README.md,
BTC,crypto,tecnico,sma200,90809.4329,,EUR,2026-01-16,2026-09-04T15:49:34Z,Coinbase,2,,,engine/technical/README.md,
BTC,crypto,tecnico,sma200,90772.078,,EUR,2026-01-17,2026-09-04T15:49:34Z,Coinbase,2,,,engine/technical/README.md,
BTC,crypto,tecnico,sma200,90713.6055,,EUR,2026-01-18,2026-09-04T15:49:34Z,Coinbase,2,,,engine/technical/README.md,
BTC,crypto,tecnico,sma200,90645.3739,,EUR,2026-01-19,2026-09-04T15:49:34Z,Coinbase,2,,,engine/technical/README.md,
BTC,crypto,tecnico,sma200,90563.0586,,EUR,2026-01-20,2026-09-04T15:49:34Z,Coinbase,2,,,engine/technical/README.md,
BTC,crypto,tecnico,sma200,90486.1607,,EUR,2026-01-21,2026-09-04T15:49:34Z,Coinbase,2,,,engine/technical/README.md,
BTC,crypto,tecnico,sma200,90403.14935,,EUR,2026-01-22,2026-09-04T15:49:34Z,Coinbase,2,,,engine/technical/README.md,
BTC,crypto,tecnico,sma200,90320.4608,,EUR,2026-01-23,2026-09-04T15:49:34Z,Coinbase,2,,,engine/technical/README.md,
BTC,crypto,tecnico,sma200,90232.64465,,EUR,2026-01-24,2026-09-04T15:49:34Z,Coinbase,2,,,engine/technical/README.md,
BTC,crypto,tecnico,sma200,90123.7207,,EUR,2026-01-25,2026-09-04T15:49:34Z,Coinbase,2,,,engine/technical/README.md,
BTC,crypto,tecnico,sma200,90001.3205,,EUR,2026-01-26,2026-09-04T15:49:34Z,Coinbase,2,,,engine/technical/README.md,
BTC,crypto,tecnico,sma200,89871.6959,,EUR,2026-01-27,2026-09-04T15:49:34Z,Coinbase,2,,,engine/technical/README.md,
BTC,crypto,tecnico,sma200,89744.5177,,EUR,2026-01-28,2026-09-04T15:49:34Z,Coinbase,2,,,engine/technical/README.md,
BTC,crypto,tecnico,sma200,89589.4982,,EUR,2026-01-29,2026-09-04T15:49:34Z,Coinbase,2,,,engine/technical/README.md,
BTC,crypto,tecnico,sma200,89431.42305,,EUR,2026-01-30,2026-09-04T15:49:34Z,Coinbase,2,,,engine/technical/README.md,
BTC,crypto,tecnico,sma200,89257.2933,,EUR,2026-01-31,2026-09-04T15:49:34Z,Coinbase,2,,,engine/technical/README.md,
BTC,crypto,tecnico,sma200,89072.0048,,EUR,2026-02-01,2026-09-04T15:49:34Z,Coinbase,2,,,engine/technical/README.md,
BTC,crypto,tecnico,sma200,88892.8492,,EUR,2026-02-02,2026-09-04T15:49:34Z,Coinbase,2,,,engine/technical/README.md,
BTC,crypto,tecnico,sma200,88705.98145,,EUR,2026-02-03,2026-09-04T15:49:34Z,Coinbase,2,,,engine/technical/README.md,
BTC,crypto,tecnico,sma200,88508.40575,,EUR,2026-02-04,2026-09-04T15:49:34Z,Coinbase,2,,,engine/technical/README.md,
BTC,crypto,tecnico,sma200,88270.98915,,EUR,2026-02-05,2026-09-04T15:49:34Z,Coinbase,2,,,engine/technical/README.md,
BTC,crypto,tecnico,sma200,88068.1346,,EUR,2026-02-06,2026-09-04T15:49:34Z,Coinbase,2,,,engine/technical/README.md,
BTC,crypto,tecnico,sma200,87850.81595,,EUR,2026-02-07,2026-09-04T15:49:34Z,Coinbase,2,,,engine/technical/README.md,
BTC,crypto,tecnico,sma200,87643.95125,,EUR,2026-02-08,2026-09-04T15:49:34Z,Coinbase,2,,,engine/technical/README.md,
BTC,crypto,tecnico,sma200,87434.99505,,EUR,2026-02-09,2026-09-04T15:49:34Z,Coinbase,2,,,engine/technical/README.md,
BTC,crypto,tecnico,sma200,87223.8764,,EUR,2026-02-10,2026-09-04T15:49:34Z,Coinbase,2,,,engine/technical/README.md,
BTC,crypto,tecnico,sma200,87004.1757,,EUR,2026-02-11,2026-09-04T15:49:34Z,Coinbase,2,,,engine/technical/README.md,
BTC,crypto,tecnico,sma200,86775.2398,,EUR,2026-02-12,2026-09-04T15:49:34Z,Coinbase,2,,,engine/technical/README.md,
BTC,crypto,tecnico,sma200,86556.4975,,EUR,2026-02-13,2026-09-04T15:49:34Z,Coinbase,2,,,engine/technical/README.md,
BTC,crypto,tecnico,sma200,86340.68965,,EUR,2026-02-14,2026-09-04T15:49:34Z,Coinbase,2,,,engine/technical/README.md,
BTC,crypto,tecnico,sma200,86115.35935,,EUR,2026-02-15,2026-09-04T15:49:34Z,Coinbase,2,,,engine/technical/README.md,
BTC,crypto,tecnico,sma200,85899.08755,,EUR,2026-02-16,2026-09-04T15:49:34Z,Coinbase,2,,,engine/technical/README.md,
BTC,crypto,tecnico,sma200,85694.66995,,EUR,2026-02-17,2026-09-04T15:49:34Z,Coinbase,2,,,engine/technical/README.md,
BTC,crypto,tecnico,sma200,85490.51835,,EUR,2026-02-18,2026-09-04T15:49:34Z,Coinbase,2,,,engine/technical/README.md,
BTC,crypto,tecnico,sma200,85281.61485,,EUR,2026-02-19,2026-09-04T15:49:34Z,Coinbase,2,,,engine/technical/README.md,
BTC,crypto,tecnico,sma200,85073.27195,,EUR,2026-02-20,2026-09-04T15:49:34Z,Coinbase,2,,,engine/technical/README.md,
BTC,crypto,tecnico,sma200,84868.92735,,EUR,2026-02-21,2026-09-04T15:49:34Z,Coinbase,2,,,engine/technical/README.md,
BTC,crypto,tecnico,sma200,84661.61735,,EUR,2026-02-22,2026-09-04T15:49:34Z,Coinbase,2,,,engine/technical/README.md,
BTC,crypto,tecnico,sma200,84432.6535,,EUR,2026-02-23,2026-09-04T15:49:34Z,Coinbase,2,,,engine/technical/README.md,
BTC,crypto,tecnico,sma200,84204.17615,,EUR,2026-02-24,2026-09-04T15:49:34Z,Coinbase,2,,,engine/technical/README.md,
BTC,crypto,tecnico,sma200,83993.77105,,EUR,2026-02-25,2026-09-04T15:49:34Z,Coinbase,2,,,engine/technical/README.md,
BTC,crypto,tecnico,sma200,83768.21225,,EUR,2026-02-26,2026-09-04T15:49:34Z,Coinbase,2,,,engine/technical/README.md,
BTC,crypto,tecnico,sma200,83536.25025,,EUR,2026-02-27,2026-09-04T15:49:34Z,Coinbase,2,,,engine/technical/README.md,
BTC,crypto,tecnico,sma200,83306.2071,,EUR,2026-02-28,2026-09-04T15:49:34Z,Coinbase,2,,,engine/technical/README.md,
BTC,crypto,tecnico,sma200,83061.3058,,EUR,2026-03-01,2026-09-04T15:49:34Z,Coinbase,2,,,engine/technical/README.md,
BTC,crypto,tecnico,sma200,82847.3478,,EUR,2026-03-02,2026-09-04T15:49:34Z,Coinbase,2,,,engine/technical/README.md,
BTC,crypto,tecnico,sma200,82639.4931,,EUR,2026-03-03,2026-09-04T15:49:34Z,Coinbase,2,,,engine/technical/README.md,
BTC,crypto,tecnico,sma200,82449.4051,,EUR,2026-03-04,2026-09-04T15:49:34Z,Coinbase,2,,,engine/technical/README.md,
BTC,crypto,tecnico,sma200,82253.07835,,EUR,2026-03-05,2026-09-04T15:49:34Z,Coinbase,2,,,engine/technical/README.md,
BTC,crypto,tecnico,sma200,82048.053,,EUR,2026-03-06,2026-09-04T15:49:34Z,Coinbase,2,,,engine/technical/README.md,
BTC,crypto,tecnico,sma200,81853.27595,,EUR,2026-03-07,2026-09-04T15:49:34Z,Coinbase,2,,,engine/technical/README.md,
BTC,crypto,tecnico,sma200,81649.15985,,EUR,2026-03-08,2026-09-04T15:49:34Z,Coinbase,2,,,engine/technical/README.md,
BTC,crypto,tecnico,sma200,81459.4899,,EUR,2026-03-09,2026-09-04T15:49:34Z,Coinbase,2,,,engine/technical/README.md,
BTC,crypto,tecnico,sma200,81264.29935,,EUR,2026-03-10,2026-09-04T15:49:34Z,Coinbase,2,,,engine/technical/README.md,
BTC,crypto,tecnico,sma200,81078.86735,,EUR,2026-03-11,2026-09-04T15:49:34Z,Coinbase,2,,,engine/technical/README.md,
BTC,crypto,tecnico,sma200,80900.7657,,EUR,2026-03-12,2026-09-04T15:49:34Z,Coinbase,2,,,engine/technical/README.md,
BTC,crypto,tecnico,sma200,80737.02395,,EUR,2026-03-13,2026-09-04T15:49:34Z,Coinbase,2,,,engine/technical/README.md,
BTC,crypto,tecnico,sma200,80568.8397,,EUR,2026-03-14,2026-09-04T15:49:34Z,Coinbase,2,,,engine/technical/README.md,
BTC,crypto,tecnico,sma200,80409.784,,EUR,2026-03-15,2026-09-04T15:49:34Z,Coinbase,2,,,engine/technical/README.md,
BTC,crypto,tecnico,sma200,80253.3859,,EUR,2026-03-16,2026-09-04T15:49:34Z,Coinbase,2,,,engine/technical/README.md,
BTC,crypto,tecnico,sma200,80109.80075,,EUR,2026-03-17,2026-09-04T15:49:34Z,Coinbase,2,,,engine/technical/README.md,
BTC,crypto,tecnico,sma200,79954.5616,,EUR,2026-03-18,2026-09-04T15:49:34Z,Coinbase,2,,,engine/technical/README.md,
BTC,crypto,tecnico,sma200,79793.50165,,EUR,2026-03-19,2026-09-04T15:49:34Z,Coinbase,2,,,engine/technical/README.md,
BTC,crypto,tecnico,sma200,79631.9372,,EUR,2026-03-20,2026-09-04T15:49:34Z,Coinbase,2,,,engine/technical/README.md,
BTC,crypto,tecnico,sma200,79452.12595,,EUR,2026-03-21,2026-09-04T15:49:34Z,Coinbase,2,,,engine/technical/README.md,
BTC,crypto,tecnico,sma200,79266.4339,,EUR,2026-03-22,2026-09-04T15:49:34Z,Coinbase,2,,,engine/technical/README.md,
BTC,crypto,tecnico,sma200,79096.7062,,EUR,2026-03-23,2026-09-04T15:49:34Z,Coinbase,2,,,engine/technical/README.md,
BTC,crypto,tecnico,sma200,78927.889,,EUR,2026-03-24,2026-09-04T15:49:34Z,Coinbase,2,,,engine/technical/README.md,
BTC,crypto,tecnico,sma200,78765.74405,,EUR,2026-03-25,2026-09-04T15:49:34Z,Coinbase,2,,,engine/technical/README.md,
BTC,crypto,tecnico,sma200,78589.59965,,EUR,2026-03-26,2026-09-04T15:49:34Z,Coinbase,2,,,engine/technical/README.md,
BTC,crypto,tecnico,sma200,78401.75615,,EUR,2026-03-27,2026-09-04T15:49:34Z,Coinbase,2,,,engine/technical/README.md,
BTC,crypto,tecnico,sma200,78213.6586,,EUR,2026-03-28,2026-09-04T15:49:34Z,Coinbase,2,,,engine/technical/README.md,
BTC,crypto,tecnico,sma200,78014.10955,,EUR,2026-03-29,2026-09-04T15:49:34Z,Coinbase,2,,,engine/technical/README.md,
BTC,crypto,tecnico,sma200,77813.12885,,EUR,2026-03-30,2026-09-04T15:49:34Z,Coinbase,2,,,engine/technical/README.md,
BTC,crypto,tecnico,sma200,77613.5194,,EUR,2026-03-31,2026-09-04T15:49:34Z,Coinbase,2,,,engine/technical/README.md,
BTC,crypto,tecnico,sma200,77414.69255,,EUR,2026-04-01,2026-09-04T15:49:34Z,Coinbase,2,,,engine/technical/README.md,
BTC,crypto,tecnico,sma200,77213.0843,,EUR,2026-04-02,2026-09-04T15:49:34Z,Coinbase,2,,,engine/technical/README.md,
BTC,crypto,tecnico,sma200,77013.41215,,EUR,2026-04-03,2026-09-04T15:49:34Z,Coinbase,2,,,engine/technical/README.md,
BTC,crypto,tecnico,sma200,76813.5342,,EUR,2026-04-04,2026-09-04T15:49:34Z,Coinbase,2,,,engine/technical/README.md,
BTC,crypto,tecnico,sma200,76620.8204,,EUR,2026-04-05,2026-09-04T15:49:34Z,Coinbase,2,,,engine/technical/README.md,
BTC,crypto,tecnico,sma200,76422.40655,,EUR,2026-04-06,2026-09-04T15:49:34Z,Coinbase,2,,,engine/technical/README.md,
BTC,crypto,tecnico,sma200,76237.2644,,EUR,2026-04-07,2026-09-04T15:49:34Z,Coinbase,2,,,engine/technical/README.md,
BTC,crypto,tecnico,sma200,76049.1057,,EUR,2026-04-08,2026-09-04T15:49:34Z,Coinbase,2,,,engine/technical/README.md,
BTC,crypto,tecnico,sma200,75865.0655,,EUR,2026-04-09,2026-09-04T15:49:34Z,Coinbase,2,,,engine/technical/README.md,
BTC,crypto,tecnico,sma200,75698.75745,,EUR,2026-04-10,2026-09-04T15:49:34Z,Coinbase,2,,,engine/technical/README.md,
BTC,crypto,tecnico,sma200,75536.4931,,EUR,2026-04-11,2026-09-04T15:49:34Z,Coinbase,2,,,engine/technical/README.md,
BTC,crypto,tecnico,sma200,75356.78655,,EUR,2026-04-12,2026-09-04T15:49:34Z,Coinbase,2,,,engine/technical/README.md,
BTC,crypto,tecnico,sma200,75205.43615,,EUR,2026-04-13,2026-09-04T15:49:34Z,Coinbase,2,,,engine/technical/README.md,
BTC,crypto,tecnico,sma200,75050.7545,,EUR,2026-04-14,2026-09-04T15:49:34Z,Coinbase,2,,,engine/technical/README.md,
BTC,crypto,tecnico,sma200,74898.5896,,EUR,2026-04-15,2026-09-04T15:49:34Z,Coinbase,2,,,engine/technical/README.md,
BTC,crypto,tecnico,sma200,74738.15975,,EUR,2026-04-16,2026-09-04T15:49:34Z,Coinbase,2,,,engine/technical/README.md,
BTC,crypto,tecnico,sma200,74578.3516,,EUR,2026-04-17,2026-09-04T15:49:34Z,Coinbase,2,,,engine/technical/README.md,
BTC,crypto,tecnico,sma200,74414.20085,,EUR,2026-04-18,2026-09-04T15:49:34Z,Coinbase,2,,,engine/technical/README.md,
BTC,crypto,tecnico,sma200,74223.36235,,EUR,2026-04-19,2026-09-04T15:49:34Z,Coinbase,2,,,engine/technical/README.md,
BTC,crypto,tecnico,sma200,74031.1373,,EUR,2026-04-20,2026-09-04T15:49:34Z,Coinbase,2,,,engine/technical/README.md,
BTC,crypto,tecnico,sma200,73836.17305,,EUR,2026-04-21,2026-09-04T15:49:34Z,Coinbase,2,,,engine/technical/README.md,
BTC,crypto,tecnico,sma200,73650.23505,,EUR,2026-04-22,2026-09-04T15:49:34Z,Coinbase,2,,,engine/technical/README.md,
BTC,crypto,tecnico,sma200,73460.1987,,EUR,2026-04-23,2026-09-04T15:49:34Z,Coinbase,2,,,engine/technical/README.md,
BTC,crypto,tecnico,sma200,73259.6369,,EUR,2026-04-24,2026-09-04T15:49:34Z,Coinbase,2,,,engine/technical/README.md,
BTC,crypto,tecnico,sma200,73070.2891,,EUR,2026-04-25,2026-09-04T15:49:34Z,Coinbase,2,,,engine/technical/README.md,
BTC,crypto,tecnico,sma200,72876.0711,,EUR,2026-04-26,2026-09-04T15:49:34Z,Coinbase,2,,,engine/technical/README.md,
BTC,crypto,tecnico,sma200,72679.90585,,EUR,2026-04-27,2026-09-04T15:49:34Z,Coinbase,2,,,engine/technical/README.md,
BTC,crypto,tecnico,sma200,72514.51685,,EUR,2026-04-28,2026-09-04T15:49:34Z,Coinbase,2,,,engine/technical/README.md,
BTC,crypto,tecnico,sma200,72355.96375,,EUR,2026-04-29,2026-09-04T15:49:34Z,Coinbase,2,,,engine/technical/README.md,
BTC,crypto,tecnico,sma200,72184.56515,,EUR,2026-04-30,2026-09-04T15:49:34Z,Coinbase,2,,,engine/technical/README.md,
BTC,crypto,tecnico,sma200,72019.64345,,EUR,2026-05-01,2026-09-04T15:49:34Z,Coinbase,2,,,engine/technical/README.md,
BTC,crypto,tecnico,sma200,71867.60515,,EUR,2026-05-02,2026-09-04T15:49:34Z,Coinbase,2,,,engine/technical/README.md,
BTC,crypto,tecnico,sma200,71726.53095,,EUR,2026-05-03,2026-09-04T15:49:34Z,Coinbase,2,,,engine/technical/README.md,
BTC,crypto,tecnico,sma200,71605.44135,,EUR,2026-05-04,2026-09-04T15:49:34Z,Coinbase,2,,,engine/technical/README.md,
BTC,crypto,tecnico,sma200,71493.5214,,EUR,2026-05-05,2026-09-04T15:49:34Z,Coinbase,2,,,engine/technical/README.md,
BTC,crypto,tecnico,sma200,71379.46655,,EUR,2026-05-06,2026-09-04T15:49:34Z,Coinbase,2,,,engine/technical/README.md,
BTC,crypto,tecnico,sma200,71254.20915,,EUR,2026-05-07,2026-09-04T15:49:34Z,Coinbase,2,,,engine/technical/README.md,
BTC,crypto,tecnico,sma200,71119.7563,,EUR,2026-05-08,2026-09-04T15:49:34Z,Coinbase,2,,,engine/technical/README.md,
BTC,crypto,tecnico,sma200,70995.1624,,EUR,2026-05-09,2026-09-04T15:49:34Z,Coinbase,2,,,engine/technical/README.md,
BTC,crypto,tecnico,sma200,70880.94135,,EUR,2026-05-10,2026-09-04T15:49:34Z,Coinbase,2,,,engine/technical/README.md,
BTC,crypto,tecnico,sma200,70753.99525,,EUR,2026-05-11,2026-09-04T15:49:34Z,Coinbase,2,,,engine/technical/README.md,
BTC,crypto,tecnico,sma200,70619.493,,EUR,2026-05-12,2026-09-04T15:49:34Z,Coinbase,2,,,engine/technical/README.md,
BTC,crypto,tecnico,sma200,70478.0495,,EUR,2026-05-13,2026-09-04T15:49:34Z,Coinbase,2,,,engine/technical/README.md,
BTC,crypto,tecnico,sma200,70333.3443,,EUR,2026-05-14,2026-09-04T15:49:34Z,Coinbase,2,,,engine/technical/README.md,
BTC,crypto,tecnico,sma200,70184.0977,,EUR,2026-05-15,2026-09-04T15:49:34Z,Coinbase,2,,,engine/technical/README.md,
BTC,crypto,tecnico,sma200,70035.7081,,EUR,2026-05-16,2026-09-04T15:49:34Z,Coinbase,2,,,engine/technical/README.md,
BTC,crypto,tecnico,sma200,69894.8354,,EUR,2026-05-17,2026-09-04T15:49:34Z,Coinbase,2,,,engine/technical/README.md,
BTC,crypto,tecnico,sma200,69756.8509,,EUR,2026-05-18,2026-09-04T15:49:34Z,Coinbase,2,,,engine/technical/README.md,
BTC,crypto,tecnico,sma200,69613.1574,,EUR,2026-05-19,2026-09-04T15:49:34Z,Coinbase,2,,,engine/technical/README.md,
BTC,crypto,tecnico,sma200,69470.099,,EUR,2026-05-20,2026-09-04T15:49:34Z,Coinbase,2,,,engine/technical/README.md,
BTC,crypto,tecnico,sma200,69324.71505,,EUR,2026-05-21,2026-09-04T15:49:34Z,Coinbase,2,,,engine/technical/README.md,
BTC,crypto,tecnico,sma200,69187.5879,,EUR,2026-05-22,2026-09-04T15:49:34Z,Coinbase,2,,,engine/technical/README.md,
BTC,crypto,tecnico,sma200,69076.10615,,EUR,2026-05-23,2026-09-04T15:49:34Z,Coinbase,2,,,engine/technical/README.md,
BTC,crypto,tecnico,sma200,68954.9253,,EUR,2026-05-24,2026-09-04T15:49:34Z,Coinbase,2,,,engine/technical/README.md,
BTC,crypto,tecnico,sma200,68848.31465,,EUR,2026-05-25,2026-09-04T15:49:34Z,Coinbase,2,,,engine/technical/README.md,
BTC,crypto,tecnico,sma200,68727.7257,,EUR,2026-05-26,2026-09-04T15:49:34Z,Coinbase,2,,,engine/technical/README.md,
BTC,crypto,tecnico,sma200,68605.6089,,EUR,2026-05-27,2026-09-04T15:49:34Z,Coinbase,2,,,engine/technical/README.md,
BTC,crypto,tecnico,sma200,68468.0915,,EUR,2026-05-28,2026-09-04T15:49:34Z,Coinbase,2,,,engine/technical/README.md,
BTC,crypto,tecnico,sma200,68324.4103,,EUR,2026-05-29,2026-09-04T15:49:34Z,Coinbase,2,,,engine/technical/README.md,
BTC,crypto,tecnico,sma200,68196.15835,,EUR,2026-05-30,2026-09-04T15:49:34Z,Coinbase,2,,,engine/technical/README.md,
BTC,crypto,tecnico,sma200,68073.4437,,EUR,2026-05-31,2026-09-04T15:49:34Z,Coinbase,2,,,engine/technical/README.md,
BTC,crypto,tecnico,sma200,67951.47895,,EUR,2026-06-01,2026-09-04T15:49:34Z,Coinbase,2,,,engine/technical/README.md,
BTC,crypto,tecnico,sma200,67831.61545,,EUR,2026-06-02,2026-09-04T15:49:34Z,Coinbase,2,,,engine/technical/README.md,
BTC,crypto,tecnico,sma200,67696.0773,,EUR,2026-06-03,2026-09-04T15:49:34Z,Coinbase,2,,,engine/technical/README.md,
BTC,crypto,tecnico,sma200,67565.81525,,EUR,2026-06-04,2026-09-04T15:49:34Z,Coinbase,2,,,engine/technical/README.md,
BTC,crypto,tecnico,sma200,67434.0173,,EUR,2026-06-05,2026-09-04T15:49:34Z,Coinbase,2,,,engine/technical/README.md,
BTC,crypto,tecnico,sma200,67297.45225,,EUR,2026-06-06,2026-09-04T15:49:34Z,Coinbase,2,,,engine/technical/README.md,
BTC,crypto,tecnico,sma200,67175.98605,,EUR,2026-06-07,2026-09-04T15:49:34Z,Coinbase,2,,,engine/technical/README.md,
BTC,crypto,tecnico,sma200,67074.4013,,EUR,2026-06-08,2026-09-04T15:49:34Z,Coinbase,2,,,engine/technical/README.md,
BTC,crypto,tecnico,sma200,66972.30535,,EUR,2026-06-09,2026-09-04T15:49:34Z,Coinbase,2,,,engine/technical/README.md,
BTC,crypto,tecnico,sma200,66870.76565,,EUR,2026-06-10,2026-09-04T15:49:34Z,Coinbase,2,,,engine/technical/README.md,
BTC,crypto,tecnico,sma200,66767.8905,,EUR,2026-06-11,2026-09-04T15:49:34Z,Coinbase,2,,,engine/technical/README.md,
BTC,crypto,tecnico,sma200,66659.51985,,EUR,2026-06-12,2026-09-04T15:49:34Z,Coinbase,2,,,engine/technical/README.md,
BTC,crypto,tecnico,sma200,66560.53185,,EUR,2026-06-13,2026-09-04T15:49:34Z,Coinbase,2,,,engine/technical/README.md,
BTC,crypto,tecnico,sma200,66453.6793,,EUR,2026-06-14,2026-09-04T15:49:34Z,Coinbase,2,,,engine/technical/README.md,
BTC,crypto,tecnico,sma200,66345.8278,,EUR,2026-06-15,2026-09-04T15:49:34Z,Coinbase,2,,,engine/technical/README.md,
BTC,crypto,tecnico,sma200,66236.3434,,EUR,2026-06-16,2026-09-04T15:49:34Z,Coinbase,2,,,engine/technical/README.md,
BTC,crypto,tecnico,sma200,66124.35685,,EUR,2026-06-17,2026-09-04T15:49:34Z,Coinbase,2,,,engine/technical/README.md,
BTC,crypto,tecnico,sma200,66009.13755,,EUR,2026-06-18,2026-09-04T15:49:34Z,Coinbase,2,,,engine/technical/README.md,
BTC,crypto,tecnico,sma200,65914.22695,,EUR,2026-06-19,2026-09-04T15:49:34Z,Coinbase,2,,,engine/technical/README.md,
BTC,crypto,tecnico,sma200,65801.86245,,EUR,2026-06-20,2026-09-04T15:49:34Z,Coinbase,2,,,engine/technical/README.md,
BTC,crypto,tecnico,sma200,65677.2229,,EUR,2026-06-21,2026-09-04T15:49:34Z,Coinbase,2,,,engine/technical/README.md,
BTC,crypto,tecnico,sma200,65561.5742,,EUR,2026-06-22,2026-09-04T15:49:34Z,Coinbase,2,,,engine/technical/README.md,
BTC,crypto,tecnico,sma200,65452.7431,,EUR,2026-06-23,2026-09-04T15:49:34Z,Coinbase,2,,,engine/technical/README.md,
BTC,crypto,tecnico,sma200,65337.6477,,EUR,2026-06-24,2026-09-04T15:49:34Z,Coinbase,2,,,engine/technical/README.md,
BTC,crypto,tecnico,sma200,65212.08385,,EUR,2026-06-25,2026-09-04T15:49:34Z,Coinbase,2,,,engine/technical/README.md,
BTC,crypto,tecnico,sma200,65086.31385,,EUR,2026-06-26,2026-09-04T15:49:34Z,Coinbase,2,,,engine/technical/README.md,
BTC,crypto,tecnico,sma200,64951.29265,,EUR,2026-06-27,2026-09-04T15:49:34Z,Coinbase,2,,,engine/technical/README.md,
BTC,crypto,tecnico,sma200,64819.09765,,EUR,2026-06-28,2026-09-04T15:49:34Z,Coinbase,2,,,engine/technical/README.md,
BTC,crypto,tecnico,sma200,64688.3776,,EUR,2026-06-29,2026-09-04T15:49:34Z,Coinbase,2,,,engine/technical/README.md,
BTC,crypto,tecnico,sma200,64559.97785,,EUR,2026-06-30,2026-09-04T15:49:34Z,Coinbase,2,,,engine/technical/README.md,
BTC,crypto,tecnico,sma200,64438.81055,,EUR,2026-07-01,2026-09-04T15:49:34Z,Coinbase,2,,,engine/technical/README.md,
BTC,crypto,tecnico,sma200,64332.1574,,EUR,2026-07-02,2026-09-04T15:49:34Z,Coinbase,2,,,engine/technical/README.md,
BTC,crypto,tecnico,sma200,64237.83405,,EUR,2026-07-03,2026-09-04T15:49:34Z,Coinbase,2,,,engine/technical/README.md,
BTC,crypto,tecnico,sma200,64139.98785,,EUR,2026-07-04,2026-09-04T15:49:34Z,Coinbase,2,,,engine/technical/README.md,
BTC,crypto,tecnico,sma200,64051.03965,,EUR,2026-07-05,2026-09-04T15:49:34Z,Coinbase,2,,,engine/technical/README.md,
BTC,crypto,tecnico,sma200,63966.3463,,EUR,2026-07-06,2026-09-04T15:49:34Z,Coinbase,2,,,engine/technical/README.md,
BTC,crypto,tecnico,sma200,63867.7957,,EUR,2026-07-07,2026-09-04T15:49:34Z,Coinbase,2,,,engine/technical/README.md,
BTC,crypto,tecnico,sma200,63763.15515,,EUR,2026-07-08,2026-09-04T15:49:34Z,Coinbase,2,,,engine/technical/README.md,
BTC,crypto,tecnico,sma200,63661.10185,,EUR,2026-07-09,2026-09-04T15:49:34Z,Coinbase,2,,,engine/technical/README.md,
BTC,crypto,tecnico,sma200,63565.5915,,EUR,2026-07-10,2026-09-04T15:49:34Z,Coinbase,2,,,engine/technical/README.md,
BTC,crypto,tecnico,sma200,63474.4127,,EUR,2026-07-11,2026-09-04T15:49:34Z,Coinbase,2,,,engine/technical/README.md,
BTC,crypto,tecnico,sma200,63381.95885,,EUR,2026-07-12,2026-09-04T15:49:34Z,Coinbase,2,,,engine/technical/README.md,
BTC,crypto,tecnico,sma200,63285.6057,,EUR,2026-07-13,2026-09-04T15:49:34Z,Coinbase,2,,,engine/technical/README.md,
BTC,crypto,tecnico,sma200,63199.1096,,EUR,2026-07-14,2026-09-04T15:49:34Z,Coinbase,2,,,engine/technical/README.md,
BTC,crypto,tecnico,sma200,63108.39045,,EUR,2026-07-15,2026-09-04T15:49:34Z,Coinbase,2,,,engine/technical/README.md,
BTC,crypto,tecnico,sma200,63013.93975,,EUR,2026-07-16,2026-09-04T15:49:34Z,Coinbase,2,,,engine/technical/README.md,
BTC,crypto,tecnico,sma200,62923.132,,EUR,2026-07-17,2026-09-04T15:49:34Z,Coinbase,2,,,engine/technical/README.md,
BTC,crypto,tecnico,sma200,62830.3869,,EUR,2026-07-18,2026-09-04T15:49:34Z,Coinbase,2,,,engine/technical/README.md,
BTC,crypto,tecnico,sma200,62741.0859,,EUR,2026-07-19,2026-09-04T15:49:34Z,Coinbase,2,,,engine/technical/README.md,
BTC,crypto,tecnico,sma200,62644.845,,EUR,2026-07-20,2026-09-04T11:17:40Z,Kraken,2,100,,engine/technical/README.md,
BTC,crypto,tecnico,sma200,62556.7427,,EUR,2026-07-21,2026-09-04T15:49:34Z,Coinbase,2,,,engine/technical/README.md,
BTC,crypto,tecnico,sma200,62459.43825,,EUR,2026-07-22,2026-09-04T15:49:34Z,Coinbase,2,,,engine/technical/README.md,
BTC,crypto,tecnico,sma200,62354.5014,,EUR,2026-07-23,2026-09-04T15:49:34Z,Coinbase,2,,,engine/technical/README.md,
BTC,crypto,tecnico,sma200,62235.62535,,EUR,2026-07-24,2026-09-04T15:49:34Z,Coinbase,2,,,engine/technical/README.md,
BTC,crypto,tecnico,sma200,62117.52875,,EUR,2026-07-25,2026-09-04T15:49:34Z,Coinbase,2,,,engine/technical/README.md,
BTC,crypto,tecnico,sma200,62013.4693,,EUR,2026-07-26,2026-09-04T15:49:34Z,Coinbase,2,,,engine/technical/README.md,
BTC,crypto,tecnico,sma200,61903.05105,,EUR,2026-07-27,2026-09-04T15:49:34Z,Coinbase,2,,,engine/technical/README.md,
BTC,crypto,tecnico,sma200,61794.35695,,EUR,2026-07-28,2026-09-04T15:49:34Z,Coinbase,2,,,engine/technical/README.md,
BTC,crypto,tecnico,sma200,61684.141,,EUR,2026-07-29,2026-09-04T15:49:34Z,Coinbase,2,,,engine/technical/README.md,
BTC,crypto,tecnico,sma200,61574.0015,,EUR,2026-07-30,2026-09-04T15:49:34Z,Coinbase,2,,,engine/technical/README.md,
BTC,crypto,tecnico,sma200,61455.72185,,EUR,2026-07-31,2026-09-04T15:49:34Z,Coinbase,2,,,engine/technical/README.md,
BTC,crypto,tecnico,sma200,61318.61245,,EUR,2026-08-01,2026-09-04T15:49:34Z,Coinbase,2,,,engine/technical/README.md,
BTC,crypto,tecnico,sma200,61177.50885,,EUR,2026-08-02,2026-09-04T15:49:34Z,Coinbase,2,,,engine/technical/README.md,
BTC,crypto,tecnico,sma200,61041.54475,,EUR,2026-08-03,2026-09-04T15:49:34Z,Coinbase,2,,,engine/technical/README.md,
BTC,crypto,tecnico,sma200,60907.5268,,EUR,2026-08-04,2026-09-04T15:49:34Z,Coinbase,2,,,engine/technical/README.md,
BTC,crypto,tecnico,sma200,60776.64825,,EUR,2026-08-05,2026-09-04T15:49:34Z,Coinbase,2,,,engine/technical/README.md,
BTC,crypto,tecnico,sma200,60652.7074,,EUR,2026-08-06,2026-09-04T15:49:34Z,Coinbase,2,,,engine/technical/README.md,
BTC,crypto,tecnico,sma200,60535.8748,,EUR,2026-08-07,2026-09-04T15:49:34Z,Coinbase,2,,,engine/technical/README.md,
BTC,crypto,tecnico,sma200,60440.2166,,EUR,2026-08-08,2026-09-04T15:49:34Z,Coinbase,2,,,engine/technical/README.md,
BTC,crypto,tecnico,sma200,60337.77785,,EUR,2026-08-09,2026-09-04T15:49:34Z,Coinbase,2,,,engine/technical/README.md,
BTC,crypto,tecnico,sma200,60233.9642,,EUR,2026-08-10,2026-09-04T15:49:34Z,Coinbase,2,,,engine/technical/README.md,
BTC,crypto,tecnico,sma200,60130.746,,EUR,2026-08-11,2026-09-04T15:49:34Z,Coinbase,2,,,engine/technical/README.md,
BTC,crypto,tecnico,sma200,60028.92385,,EUR,2026-08-12,2026-09-04T15:49:34Z,Coinbase,2,,,engine/technical/README.md,
BTC,crypto,tecnico,sma200,59938.88075,,EUR,2026-08-13,2026-09-04T15:49:34Z,Coinbase,2,,,engine/technical/README.md,
BTC,crypto,tecnico,sma200,59839.63355,,EUR,2026-08-14,2026-09-04T15:49:34Z,Coinbase,2,,,engine/technical/README.md,
BTC,crypto,tecnico,sma200,59741.4165,,EUR,2026-08-15,2026-09-04T15:49:34Z,Coinbase,2,,,engine/technical/README.md,
BTC,crypto,tecnico,sma200,59640.51955,,EUR,2026-08-16,2026-09-04T15:49:34Z,Coinbase,2,,,engine/technical/README.md,
BTC,crypto,tecnico,sma200,59565.47585,,EUR,2026-08-17,2026-09-04T15:49:34Z,Coinbase,2,,,engine/technical/README.md,
BTC,crypto,tecnico,sma200,59489.835,,EUR,2026-08-18,2026-09-04T15:49:34Z,Coinbase,2,,,engine/technical/README.md,
BTC,crypto,tecnico,sma200,59453.5392,,EUR,2026-08-19,2026-09-04T15:49:34Z,Coinbase,2,,,engine/technical/README.md,
BTC,crypto,tecnico,sma200,59441.4637,,EUR,2026-08-20,2026-09-04T15:49:34Z,Coinbase,2,,,engine/technical/README.md,
BTC,crypto,tecnico,sma200,59442.75035,,EUR,2026-08-21,2026-09-04T15:49:34Z,Coinbase,2,,,engine/technical/README.md,
BTC,crypto,tecnico,sma200,59451.33455,,EUR,2026-08-22,2026-09-04T15:49:34Z,Coinbase,2,,,engine/technical/README.md,
BTC,crypto,tecnico,sma200,59474.5073,,EUR,2026-08-23,2026-09-04T15:49:34Z,Coinbase,2,,,engine/technical/README.md,
BTC,crypto,tecnico,sma200,59546.1932,,EUR,2026-08-24,2026-09-04T15:49:34Z,Coinbase,2,,,engine/technical/README.md,
BTC,crypto,tecnico,sma200,59583.20045,,EUR,2026-08-25,2026-09-04T15:49:34Z,Coinbase,2,,,engine/technical/README.md,
BTC,crypto,tecnico,sma200,59628.2749,,EUR,2026-08-26,2026-09-04T15:49:34Z,Coinbase,2,,,engine/technical/README.md,
BTC,crypto,tecnico,sma200,59675.0881,,EUR,2026-08-27,2026-09-04T15:49:34Z,Coinbase,2,,,engine/technical/README.md,
BTC,crypto,tecnico,sma200,59716.4915,,EUR,2026-08-28,2026-09-04T15:49:34Z,Coinbase,2,,,engine/technical/README.md,
BTC,crypto,tecnico,sma200,59764.7935,,EUR,2026-08-29,2026-09-04T15:49:34Z,Coinbase,2,,,engine/technical/README.md,
BTC,crypto,tecnico,sma200,59817.53225,,EUR,2026-08-30,2026-09-04T15:49:34Z,Coinbase,2,,,engine/technical/README.md,
BTC,crypto,tecnico,sma200,59876.6854,,EUR,2026-08-31,2026-09-04T15:49:34Z,Coinbase,2,,,engine/technical/README.md,
BTC,crypto,tecnico,sma200,59920.3224,,EUR,2026-09-01,2026-09-04T15:49:34Z,Coinbase,2,,,engine/technical/README.md,
BTC,crypto,tecnico,sma200,59959.4041,,EUR,2026-09-02,2026-09-04T15:49:34Z,Coinbase,2,,,engine/technical/README.md,
BTC,crypto,tecnico,sma200,60018.7482,,EUR,2026-09-03,2026-09-04T15:49:34Z,Coinbase,2,,,engine/technical/README.md,
BTC,crypto,tecnico,sma200,60075.2905,,EUR,2026-09-04,2026-09-04T10:11:47Z,Kraken,2,100,,engine/technical/README.md,
BTC,crypto,tecnico,sma50,76799.4648,,EUR,2026-01-01,2026-09-04T15:49:34Z,Coinbase,2,,,engine/technical/README.md,
BTC,crypto,tecnico,sma50,76621.3956,,EUR,2026-01-02,2026-09-04T15:49:34Z,Coinbase,2,,,engine/technical/README.md,
BTC,crypto,tecnico,sma50,76542.0856,,EUR,2026-01-03,2026-09-04T15:49:34Z,Coinbase,2,,,engine/technical/README.md,
BTC,crypto,tecnico,sma50,76459.8584,,EUR,2026-01-04,2026-09-04T15:49:34Z,Coinbase,2,,,engine/technical/README.md,
BTC,crypto,tecnico,sma50,76442.2646,,EUR,2026-01-05,2026-09-04T15:49:34Z,Coinbase,2,,,engine/technical/README.md,
BTC,crypto,tecnico,sma50,76458.7392,,EUR,2026-01-06,2026-09-04T15:49:34Z,Coinbase,2,,,engine/technical/README.md,
BTC,crypto,tecnico,sma50,76417.4342,,EUR,2026-01-07,2026-09-04T15:49:34Z,Coinbase,2,,,engine/technical/README.md,
BTC,crypto,tecnico,sma50,76394.3042,,EUR,2026-01-08,2026-09-04T15:49:34Z,Coinbase,2,,,engine/technical/README.md,
BTC,crypto,tecnico,sma50,76450.0406,,EUR,2026-01-09,2026-09-04T15:49:34Z,Coinbase,2,,,engine/technical/README.md,
BTC,crypto,tecnico,sma50,76527.1656,,EUR,2026-01-10,2026-09-04T15:49:34Z,Coinbase,2,,,engine/technical/README.md,
BTC,crypto,tecnico,sma50,76619.249,,EUR,2026-01-11,2026-09-04T15:49:34Z,Coinbase,2,,,engine/technical/README.md,
BTC,crypto,tecnico,sma50,76672.7018,,EUR,2026-01-12,2026-09-04T15:49:34Z,Coinbase,2,,,engine/technical/README.md,
BTC,crypto,tecnico,sma50,76778.464,,EUR,2026-01-13,2026-09-04T15:49:34Z,Coinbase,2,,,engine/technical/README.md,
BTC,crypto,tecnico,sma50,76932.9098,,EUR,2026-01-14,2026-09-04T15:49:34Z,Coinbase,2,,,engine/technical/README.md,
BTC,crypto,tecnico,sma50,77019.4988,,EUR,2026-01-15,2026-09-04T15:49:34Z,Coinbase,2,,,engine/technical/README.md,
BTC,crypto,tecnico,sma50,77091.4106,,EUR,2026-01-16,2026-09-04T15:49:34Z,Coinbase,2,,,engine/technical/README.md,
BTC,crypto,tecnico,sma50,77164.5234,,EUR,2026-01-17,2026-09-04T15:49:34Z,Coinbase,2,,,engine/technical/README.md,
BTC,crypto,tecnico,sma50,77207.7402,,EUR,2026-01-18,2026-09-04T15:49:34Z,Coinbase,2,,,engine/technical/README.md,
BTC,crypto,tecnico,sma50,77239.6844,,EUR,2026-01-19,2026-09-04T15:49:34Z,Coinbase,2,,,engine/technical/README.md,
BTC,crypto,tecnico,sma50,77259.1606,,EUR,2026-01-20,2026-09-04T15:49:34Z,Coinbase,2,,,engine/technical/README.md,
BTC,crypto,tecnico,sma50,77220.9274,,EUR,2026-01-21,2026-09-04T15:49:34Z,Coinbase,2,,,engine/technical/README.md,
BTC,crypto,tecnico,sma50,77141.4678,,EUR,2026-01-22,2026-09-04T15:49:34Z,Coinbase,2,,,engine/technical/README.md,
BTC,crypto,tecnico,sma50,77073.199,,EUR,2026-01-23,2026-09-04T15:49:34Z,Coinbase,2,,,engine/technical/README.md,
BTC,crypto,tecnico,sma50,77044.368,,EUR,2026-01-24,2026-09-04T15:49:34Z,Coinbase,2,,,engine/technical/README.md,
BTC,crypto,tecnico,sma50,76969.8424,,EUR,2026-01-25,2026-09-04T15:49:34Z,Coinbase,2,,,engine/technical/README.md,
BTC,crypto,tecnico,sma50,76902.5068,,EUR,2026-01-26,2026-09-04T15:49:34Z,Coinbase,2,,,engine/technical/README.md,
BTC,crypto,tecnico,sma50,76828.1072,,EUR,2026-01-27,2026-09-04T15:49:34Z,Coinbase,2,,,engine/technical/README.md,
BTC,crypto,tecnico,sma50,76724.4086,,EUR,2026-01-28,2026-09-04T15:49:34Z,Coinbase,2,,,engine/technical/README.md,
BTC,crypto,tecnico,sma50,76564.3614,,EUR,2026-01-29,2026-09-04T15:49:34Z,Coinbase,2,,,engine/technical/README.md,
BTC,crypto,tecnico,sma50,76407.8162,,EUR,2026-01-30,2026-09-04T15:49:34Z,Coinbase,2,,,engine/technical/README.md,
BTC,crypto,tecnico,sma50,76200.0084,,EUR,2026-01-31,2026-09-04T15:49:34Z,Coinbase,2,,,engine/technical/README.md,
BTC,crypto,tecnico,sma50,75959.6788,,EUR,2026-02-01,2026-09-04T15:49:34Z,Coinbase,2,,,engine/technical/README.md,
BTC,crypto,tecnico,sma50,75790.8858,,EUR,2026-02-02,2026-09-04T15:49:34Z,Coinbase,2,,,engine/technical/README.md,
BTC,crypto,tecnico,sma50,75601.4242,,EUR,2026-02-03,2026-09-04T15:49:34Z,Coinbase,2,,,engine/technical/README.md,
BTC,crypto,tecnico,sma50,75343.4238,,EUR,2026-02-04,2026-09-04T15:49:34Z,Coinbase,2,,,engine/technical/README.md,
BTC,crypto,tecnico,sma50,74942.643,,EUR,2026-02-05,2026-09-04T15:49:34Z,Coinbase,2,,,engine/technical/README.md,
BTC,crypto,tecnico,sma50,74681.696,,EUR,2026-02-06,2026-09-04T15:49:34Z,Coinbase,2,,,engine/technical/README.md,
BTC,crypto,tecnico,sma50,74352.4222,,EUR,2026-02-07,2026-09-04T15:49:34Z,Coinbase,2,,,engine/technical/README.md,
BTC,crypto,tecnico,sma50,74034.1874,,EUR,2026-02-08,2026-09-04T15:49:34Z,Coinbase,2,,,engine/technical/README.md,
BTC,crypto,tecnico,sma50,73698.5376,,EUR,2026-02-09,2026-09-04T15:49:34Z,Coinbase,2,,,engine/technical/README.md,
BTC,crypto,tecnico,sma50,73351.027,,EUR,2026-02-10,2026-09-04T15:49:34Z,Coinbase,2,,,engine/technical/README.md,
BTC,crypto,tecnico,sma50,72997.9086,,EUR,2026-02-11,2026-09-04T15:49:34Z,Coinbase,2,,,engine/technical/README.md,
BTC,crypto,tecnico,sma50,72626.0384,,EUR,2026-02-12,2026-09-04T15:49:34Z,Coinbase,2,,,engine/technical/README.md,
BTC,crypto,tecnico,sma50,72307.0034,,EUR,2026-02-13,2026-09-04T15:49:34Z,Coinbase,2,,,engine/technical/README.md,
BTC,crypto,tecnico,sma50,72001.6232,,EUR,2026-02-14,2026-09-04T15:49:34Z,Coinbase,2,,,engine/technical/README.md,
BTC,crypto,tecnico,sma50,71670.4138,,EUR,2026-02-15,2026-09-04T15:49:34Z,Coinbase,2,,,engine/technical/README.md,
BTC,crypto,tecnico,sma50,71340.6098,,EUR,2026-02-16,2026-09-04T15:49:34Z,Coinbase,2,,,engine/technical/README.md,
BTC,crypto,tecnico,sma50,70999.097,,EUR,2026-02-17,2026-09-04T15:49:34Z,Coinbase,2,,,engine/technical/README.md,
BTC,crypto,tecnico,sma50,70622.1568,,EUR,2026-02-18,2026-09-04T15:49:34Z,Coinbase,2,,,engine/technical/README.md,
BTC,crypto,tecnico,sma50,70271.1904,,EUR,2026-02-19,2026-09-04T15:49:34Z,Coinbase,2,,,engine/technical/README.md,
BTC,crypto,tecnico,sma50,69914.4246,,EUR,2026-02-20,2026-09-04T15:49:34Z,Coinbase,2,,,engine/technical/README.md,
BTC,crypto,tecnico,sma50,69532.4556,,EUR,2026-02-21,2026-09-04T15:49:34Z,Coinbase,2,,,engine/technical/README.md,
BTC,crypto,tecnico,sma50,69128.0524,,EUR,2026-02-22,2026-09-04T15:49:34Z,Coinbase,2,,,engine/technical/README.md,
BTC,crypto,tecnico,sma50,68660.9226,,EUR,2026-02-23,2026-09-04T15:49:34Z,Coinbase,2,,,engine/technical/README.md,
BTC,crypto,tecnico,sma50,68146.5426,,EUR,2026-02-24,2026-09-04T15:49:34Z,Coinbase,2,,,engine/technical/README.md,
BTC,crypto,tecnico,sma50,67693.725,,EUR,2026-02-25,2026-09-04T15:49:34Z,Coinbase,2,,,engine/technical/README.md,
BTC,crypto,tecnico,sma50,67274.6922,,EUR,2026-02-26,2026-09-04T15:49:34Z,Coinbase,2,,,engine/technical/README.md,
BTC,crypto,tecnico,sma50,66828.4786,,EUR,2026-02-27,2026-09-04T15:49:34Z,Coinbase,2,,,engine/technical/README.md,
BTC,crypto,tecnico,sma50,66407.6144,,EUR,2026-02-28,2026-09-04T15:49:34Z,Coinbase,2,,,engine/technical/README.md,
BTC,crypto,tecnico,sma50,65970.8668,,EUR,2026-03-01,2026-09-04T15:49:34Z,Coinbase,2,,,engine/technical/README.md,
BTC,crypto,tecnico,sma50,65583.7582,,EUR,2026-03-02,2026-09-04T15:49:34Z,Coinbase,2,,,engine/technical/README.md,
BTC,crypto,tecnico,sma50,65196.8466,,EUR,2026-03-03,2026-09-04T15:49:34Z,Coinbase,2,,,engine/technical/README.md,
BTC,crypto,tecnico,sma50,64808.1096,,EUR,2026-03-04,2026-09-04T15:49:34Z,Coinbase,2,,,engine/technical/README.md,
BTC,crypto,tecnico,sma50,64364.707,,EUR,2026-03-05,2026-09-04T15:49:34Z,Coinbase,2,,,engine/technical/README.md,
BTC,crypto,tecnico,sma50,63891.173,,EUR,2026-03-06,2026-09-04T15:49:34Z,Coinbase,2,,,engine/technical/README.md,
BTC,crypto,tecnico,sma50,63404.1602,,EUR,2026-03-07,2026-09-04T15:49:34Z,Coinbase,2,,,engine/technical/README.md,
BTC,crypto,tecnico,sma50,62908.0138,,EUR,2026-03-08,2026-09-04T15:49:34Z,Coinbase,2,,,engine/technical/README.md,
BTC,crypto,tecnico,sma50,62475.1206,,EUR,2026-03-09,2026-09-04T15:49:34Z,Coinbase,2,,,engine/technical/README.md,
BTC,crypto,tecnico,sma50,62090.1192,,EUR,2026-03-10,2026-09-04T15:49:34Z,Coinbase,2,,,engine/technical/README.md,
BTC,crypto,tecnico,sma50,61800.1174,,EUR,2026-03-11,2026-09-04T15:49:34Z,Coinbase,2,,,engine/technical/README.md,
BTC,crypto,tecnico,sma50,61492.6592,,EUR,2026-03-12,2026-09-04T15:49:34Z,Coinbase,2,,,engine/technical/README.md,
BTC,crypto,tecnico,sma50,61212.2974,,EUR,2026-03-13,2026-09-04T15:49:34Z,Coinbase,2,,,engine/technical/README.md,
BTC,crypto,tecnico,sma50,60946.9584,,EUR,2026-03-14,2026-09-04T15:49:34Z,Coinbase,2,,,engine/technical/README.md,
BTC,crypto,tecnico,sma50,60713.705,,EUR,2026-03-15,2026-09-04T15:49:34Z,Coinbase,2,,,engine/technical/README.md,
BTC,crypto,tecnico,sma50,60555.4818,,EUR,2026-03-16,2026-09-04T15:49:34Z,Coinbase,2,,,engine/technical/README.md,
BTC,crypto,tecnico,sma50,60350.9718,,EUR,2026-03-17,2026-09-04T15:49:34Z,Coinbase,2,,,engine/technical/README.md,
BTC,crypto,tecnico,sma50,60110.8812,,EUR,2026-03-18,2026-09-04T15:49:34Z,Coinbase,2,,,engine/technical/README.md,
BTC,crypto,tecnico,sma50,59829.2672,,EUR,2026-03-19,2026-09-04T15:49:34Z,Coinbase,2,,,engine/technical/README.md,
BTC,crypto,tecnico,sma50,59635.0612,,EUR,2026-03-20,2026-09-04T15:49:34Z,Coinbase,2,,,engine/technical/README.md,
BTC,crypto,tecnico,sma50,59407.0934,,EUR,2026-03-21,2026-09-04T15:49:34Z,Coinbase,2,,,engine/technical/README.md,
BTC,crypto,tecnico,sma50,59249.3396,,EUR,2026-03-22,2026-09-04T15:49:34Z,Coinbase,2,,,engine/technical/README.md,
BTC,crypto,tecnico,sma50,59172.3002,,EUR,2026-03-23,2026-09-04T15:49:34Z,Coinbase,2,,,engine/technical/README.md,
BTC,crypto,tecnico,sma50,59052.907,,EUR,2026-03-24,2026-09-04T15:49:34Z,Coinbase,2,,,engine/technical/README.md,
BTC,crypto,tecnico,sma50,59005.2392,,EUR,2026-03-25,2026-09-04T15:49:34Z,Coinbase,2,,,engine/technical/README.md,
BTC,crypto,tecnico,sma50,58960.5298,,EUR,2026-03-26,2026-09-04T15:49:34Z,Coinbase,2,,,engine/technical/README.md,
BTC,crypto,tecnico,sma50,59046.5874,,EUR,2026-03-27,2026-09-04T15:49:34Z,Coinbase,2,,,engine/technical/README.md,
BTC,crypto,tecnico,sma50,59003.6368,,EUR,2026-03-28,2026-09-04T15:49:34Z,Coinbase,2,,,engine/technical/README.md,
BTC,crypto,tecnico,sma50,58977.9214,,EUR,2026-03-29,2026-09-04T15:49:34Z,Coinbase,2,,,engine/technical/README.md,
BTC,crypto,tecnico,sma50,58952.2932,,EUR,2026-03-30,2026-09-04T15:49:34Z,Coinbase,2,,,engine/technical/README.md,
BTC,crypto,tecnico,sma50,58953.008,,EUR,2026-03-31,2026-09-04T15:49:34Z,Coinbase,2,,,engine/technical/README.md,
BTC,crypto,tecnico,sma50,58969.7464,,EUR,2026-04-01,2026-09-04T15:49:34Z,Coinbase,2,,,engine/technical/README.md,
BTC,crypto,tecnico,sma50,59000.2928,,EUR,2026-04-02,2026-09-04T15:49:34Z,Coinbase,2,,,engine/technical/README.md,
BTC,crypto,tecnico,sma50,59047.3626,,EUR,2026-04-03,2026-09-04T15:49:34Z,Coinbase,2,,,engine/technical/README.md,
BTC,crypto,tecnico,sma50,59055.2464,,EUR,2026-04-04,2026-09-04T15:49:34Z,Coinbase,2,,,engine/technical/README.md,
BTC,crypto,tecnico,sma50,59075.971,,EUR,2026-04-05,2026-09-04T15:49:34Z,Coinbase,2,,,engine/technical/README.md,
BTC,crypto,tecnico,sma50,59108.96,,EUR,2026-04-06,2026-09-04T15:49:34Z,Coinbase,2,,,engine/technical/README.md,
BTC,crypto,tecnico,sma50,59176.9122,,EUR,2026-04-07,2026-09-04T15:49:34Z,Coinbase,2,,,engine/technical/README.md,
BTC,crypto,tecnico,sma50,59257.249,,EUR,2026-04-08,2026-09-04T15:49:34Z,Coinbase,2,,,engine/technical/README.md,
BTC,crypto,tecnico,sma50,59358.318,,EUR,2026-04-09,2026-09-04T15:49:34Z,Coinbase,2,,,engine/technical/README.md,
BTC,crypto,tecnico,sma50,59465.1648,,EUR,2026-04-10,2026-09-04T15:49:34Z,Coinbase,2,,,engine/technical/README.md,
BTC,crypto,tecnico,sma50,59558.521,,EUR,2026-04-11,2026-09-04T15:49:34Z,Coinbase,2,,,engine/technical/README.md,
BTC,crypto,tecnico,sma50,59616.6824,,EUR,2026-04-12,2026-09-04T15:49:34Z,Coinbase,2,,,engine/technical/README.md,
BTC,crypto,tecnico,sma50,59738.5272,,EUR,2026-04-13,2026-09-04T15:49:34Z,Coinbase,2,,,engine/technical/README.md,
BTC,crypto,tecnico,sma50,59899.2288,,EUR,2026-04-14,2026-09-04T15:49:34Z,Coinbase,2,,,engine/technical/README.md,
BTC,crypto,tecnico,sma50,60078.3656,,EUR,2026-04-15,2026-09-04T15:49:34Z,Coinbase,2,,,engine/technical/README.md,
BTC,crypto,tecnico,sma50,60203.2996,,EUR,2026-04-16,2026-09-04T15:49:34Z,Coinbase,2,,,engine/technical/README.md,
BTC,crypto,tecnico,sma50,60369.8554,,EUR,2026-04-17,2026-09-04T15:49:34Z,Coinbase,2,,,engine/technical/README.md,
BTC,crypto,tecnico,sma50,60541.668,,EUR,2026-04-18,2026-09-04T15:49:34Z,Coinbase,2,,,engine/technical/README.md,
BTC,crypto,tecnico,sma50,60664.1748,,EUR,2026-04-19,2026-09-04T15:49:34Z,Coinbase,2,,,engine/technical/README.md,
BTC,crypto,tecnico,sma50,60832.9574,,EUR,2026-04-20,2026-09-04T15:49:34Z,Coinbase,2,,,engine/technical/README.md,
BTC,crypto,tecnico,sma50,60955.997,,EUR,2026-04-21,2026-09-04T15:49:34Z,Coinbase,2,,,engine/technical/README.md,
BTC,crypto,tecnico,sma50,61115.5482,,EUR,2026-04-22,2026-09-04T15:49:34Z,Coinbase,2,,,engine/technical/README.md,
BTC,crypto,tecnico,sma50,61206.842,,EUR,2026-04-23,2026-09-04T15:49:34Z,Coinbase,2,,,engine/technical/README.md,
BTC,crypto,tecnico,sma50,61307.0898,,EUR,2026-04-24,2026-09-04T15:49:34Z,Coinbase,2,,,engine/technical/README.md,
BTC,crypto,tecnico,sma50,61459.4868,,EUR,2026-04-25,2026-09-04T15:49:34Z,Coinbase,2,,,engine/technical/README.md,
BTC,crypto,tecnico,sma50,61643.9514,,EUR,2026-04-26,2026-09-04T15:49:34Z,Coinbase,2,,,engine/technical/README.md,
BTC,crypto,tecnico,sma50,61818.687,,EUR,2026-04-27,2026-09-04T15:49:34Z,Coinbase,2,,,engine/technical/README.md,
BTC,crypto,tecnico,sma50,61943.0778,,EUR,2026-04-28,2026-09-04T15:49:34Z,Coinbase,2,,,engine/technical/README.md,
BTC,crypto,tecnico,sma50,62035.2978,,EUR,2026-04-29,2026-09-04T15:49:34Z,Coinbase,2,,,engine/technical/README.md,
BTC,crypto,tecnico,sma50,62120.7438,,EUR,2026-04-30,2026-09-04T15:49:34Z,Coinbase,2,,,engine/technical/README.md,
BTC,crypto,tecnico,sma50,62231.3996,,EUR,2026-05-01,2026-09-04T15:49:34Z,Coinbase,2,,,engine/technical/README.md,
BTC,crypto,tecnico,sma50,62331.8102,,EUR,2026-05-02,2026-09-04T15:49:34Z,Coinbase,2,,,engine/technical/README.md,
BTC,crypto,tecnico,sma50,62422.189,,EUR,2026-05-03,2026-09-04T15:49:34Z,Coinbase,2,,,engine/technical/README.md,
BTC,crypto,tecnico,sma50,62513.7328,,EUR,2026-05-04,2026-09-04T15:49:34Z,Coinbase,2,,,engine/technical/README.md,
BTC,crypto,tecnico,sma50,62593.0406,,EUR,2026-05-05,2026-09-04T15:49:34Z,Coinbase,2,,,engine/technical/README.md,
BTC,crypto,tecnico,sma50,62697.3378,,EUR,2026-05-06,2026-09-04T15:49:34Z,Coinbase,2,,,engine/technical/README.md,
BTC,crypto,tecnico,sma50,62818.8258,,EUR,2026-05-07,2026-09-04T15:49:34Z,Coinbase,2,,,engine/technical/README.md,
BTC,crypto,tecnico,sma50,62972.0582,,EUR,2026-05-08,2026-09-04T15:49:34Z,Coinbase,2,,,engine/technical/README.md,
BTC,crypto,tecnico,sma50,63122.4976,,EUR,2026-05-09,2026-09-04T15:49:34Z,Coinbase,2,,,engine/technical/README.md,
BTC,crypto,tecnico,sma50,63327.2628,,EUR,2026-05-10,2026-09-04T15:49:34Z,Coinbase,2,,,engine/technical/README.md,
BTC,crypto,tecnico,sma50,63541.1722,,EUR,2026-05-11,2026-09-04T15:49:34Z,Coinbase,2,,,engine/technical/README.md,
BTC,crypto,tecnico,sma50,63691.7826,,EUR,2026-05-12,2026-09-04T15:49:34Z,Coinbase,2,,,engine/technical/README.md,
BTC,crypto,tecnico,sma50,63830.7284,,EUR,2026-05-13,2026-09-04T15:49:34Z,Coinbase,2,,,engine/technical/README.md,
BTC,crypto,tecnico,sma50,63987.2154,,EUR,2026-05-14,2026-09-04T15:49:34Z,Coinbase,2,,,engine/technical/README.md,
BTC,crypto,tecnico,sma50,64155.0826,,EUR,2026-05-15,2026-09-04T15:49:34Z,Coinbase,2,,,engine/technical/README.md,
BTC,crypto,tecnico,sma50,64346.8852,,EUR,2026-05-16,2026-09-04T15:49:34Z,Coinbase,2,,,engine/technical/README.md,
BTC,crypto,tecnico,sma50,64526.4754,,EUR,2026-05-17,2026-09-04T15:49:34Z,Coinbase,2,,,engine/technical/README.md,
BTC,crypto,tecnico,sma50,64697.48,,EUR,2026-05-18,2026-09-04T15:49:34Z,Coinbase,2,,,engine/technical/README.md,
BTC,crypto,tecnico,sma50,64855.103,,EUR,2026-05-19,2026-09-04T15:49:34Z,Coinbase,2,,,engine/technical/README.md,
BTC,crypto,tecnico,sma50,65009.5084,,EUR,2026-05-20,2026-09-04T15:49:34Z,Coinbase,2,,,engine/technical/README.md,
BTC,crypto,tecnico,sma50,65169.6474,,EUR,2026-05-21,2026-09-04T15:49:34Z,Coinbase,2,,,engine/technical/README.md,
BTC,crypto,tecnico,sma50,65311.068,,EUR,2026-05-22,2026-09-04T15:49:34Z,Coinbase,2,,,engine/technical/README.md,
BTC,crypto,tecnico,sma50,65469.286,,EUR,2026-05-23,2026-09-04T15:49:34Z,Coinbase,2,,,engine/technical/README.md,
BTC,crypto,tecnico,sma50,65623.2576,,EUR,2026-05-24,2026-09-04T15:49:34Z,Coinbase,2,,,engine/technical/README.md,
BTC,crypto,tecnico,sma50,65752.3918,,EUR,2026-05-25,2026-09-04T15:49:34Z,Coinbase,2,,,engine/technical/README.md,
BTC,crypto,tecnico,sma50,65862.669,,EUR,2026-05-26,2026-09-04T15:49:34Z,Coinbase,2,,,engine/technical/README.md,
BTC,crypto,tecnico,sma50,65911.882,,EUR,2026-05-27,2026-09-04T15:49:34Z,Coinbase,2,,,engine/technical/README.md,
BTC,crypto,tecnico,sma50,65954.857,,EUR,2026-05-28,2026-09-04T15:49:34Z,Coinbase,2,,,engine/technical/README.md,
BTC,crypto,tecnico,sma50,65984.9556,,EUR,2026-05-29,2026-09-04T15:49:34Z,Coinbase,2,,,engine/technical/README.md,
BTC,crypto,tecnico,sma50,66005.3986,,EUR,2026-05-30,2026-09-04T15:49:34Z,Coinbase,2,,,engine/technical/README.md,
BTC,crypto,tecnico,sma50,66021.3644,,EUR,2026-05-31,2026-09-04T15:49:34Z,Coinbase,2,,,engine/technical/README.md,
BTC,crypto,tecnico,sma50,66035.3822,,EUR,2026-06-01,2026-09-04T15:49:34Z,Coinbase,2,,,engine/technical/README.md,
BTC,crypto,tecnico,sma50,65917.7966,,EUR,2026-06-02,2026-09-04T15:49:34Z,Coinbase,2,,,engine/technical/README.md,
BTC,crypto,tecnico,sma50,65764.2994,,EUR,2026-06-03,2026-09-04T15:49:34Z,Coinbase,2,,,engine/technical/README.md,
BTC,crypto,tecnico,sma50,65596.0882,,EUR,2026-06-04,2026-09-04T15:49:34Z,Coinbase,2,,,engine/technical/README.md,
BTC,crypto,tecnico,sma50,65380.3054,,EUR,2026-06-05,2026-09-04T15:49:34Z,Coinbase,2,,,engine/technical/README.md,
BTC,crypto,tecnico,sma50,65127.8272,,EUR,2026-06-06,2026-09-04T15:49:34Z,Coinbase,2,,,engine/technical/README.md,
BTC,crypto,tecnico,sma50,64939.4934,,EUR,2026-06-07,2026-09-04T15:49:34Z,Coinbase,2,,,engine/technical/README.md,
BTC,crypto,tecnico,sma50,64775.7754,,EUR,2026-06-08,2026-09-04T15:49:34Z,Coinbase,2,,,engine/technical/README.md,
BTC,crypto,tecnico,sma50,64558.2316,,EUR,2026-06-09,2026-09-04T15:49:34Z,Coinbase,2,,,engine/technical/README.md,
BTC,crypto,tecnico,sma50,64324.0584,,EUR,2026-06-10,2026-09-04T15:49:34Z,Coinbase,2,,,engine/technical/README.md,
BTC,crypto,tecnico,sma50,64086.4654,,EUR,2026-06-11,2026-09-04T15:49:34Z,Coinbase,2,,,engine/technical/README.md,
BTC,crypto,tecnico,sma50,63844.6638,,EUR,2026-06-12,2026-09-04T15:49:34Z,Coinbase,2,,,engine/technical/README.md,
BTC,crypto,tecnico,sma50,63637.4208,,EUR,2026-06-13,2026-09-04T15:49:34Z,Coinbase,2,,,engine/technical/README.md,
BTC,crypto,tecnico,sma50,63444.5586,,EUR,2026-06-14,2026-09-04T15:49:34Z,Coinbase,2,,,engine/technical/README.md,
BTC,crypto,tecnico,sma50,63243.789,,EUR,2026-06-15,2026-09-04T15:49:34Z,Coinbase,2,,,engine/technical/README.md,
BTC,crypto,tecnico,sma50,63054.1494,,EUR,2026-06-16,2026-09-04T15:49:34Z,Coinbase,2,,,engine/technical/README.md,
BTC,crypto,tecnico,sma50,62871.4888,,EUR,2026-06-17,2026-09-04T15:49:34Z,Coinbase,2,,,engine/technical/README.md,
BTC,crypto,tecnico,sma50,62671.4488,,EUR,2026-06-18,2026-09-04T15:49:34Z,Coinbase,2,,,engine/technical/README.md,
BTC,crypto,tecnico,sma50,62476.886,,EUR,2026-06-19,2026-09-04T15:49:34Z,Coinbase,2,,,engine/technical/README.md,
BTC,crypto,tecnico,sma50,62262.4636,,EUR,2026-06-20,2026-09-04T15:49:34Z,Coinbase,2,,,engine/technical/README.md,
BTC,crypto,tecnico,sma50,62023.3162,,EUR,2026-06-21,2026-09-04T15:49:34Z,Coinbase,2,,,engine/technical/README.md,
BTC,crypto,tecnico,sma50,61803.9504,,EUR,2026-06-22,2026-09-04T15:49:34Z,Coinbase,2,,,engine/technical/README.md,
BTC,crypto,tecnico,sma50,61539.1666,,EUR,2026-06-23,2026-09-04T15:49:34Z,Coinbase,2,,,engine/technical/README.md,
BTC,crypto,tecnico,sma50,61232.226,,EUR,2026-06-24,2026-09-04T15:49:34Z,Coinbase,2,,,engine/technical/README.md,
BTC,crypto,tecnico,sma50,60897.519,,EUR,2026-06-25,2026-09-04T15:49:34Z,Coinbase,2,,,engine/technical/README.md,
BTC,crypto,tecnico,sma50,60587.4412,,EUR,2026-06-26,2026-09-04T15:49:34Z,Coinbase,2,,,engine/technical/README.md,
BTC,crypto,tecnico,sma50,60279.4366,,EUR,2026-06-27,2026-09-04T15:49:34Z,Coinbase,2,,,engine/technical/README.md,
BTC,crypto,tecnico,sma50,59954.4704,,EUR,2026-06-28,2026-09-04T15:49:34Z,Coinbase,2,,,engine/technical/README.md,
BTC,crypto,tecnico,sma50,59611.338,,EUR,2026-06-29,2026-09-04T15:49:34Z,Coinbase,2,,,engine/technical/README.md,
BTC,crypto,tecnico,sma50,59249.3912,,EUR,2026-06-30,2026-09-04T15:49:34Z,Coinbase,2,,,engine/technical/README.md,
BTC,crypto,tecnico,sma50,58931.4806,,EUR,2026-07-01,2026-09-04T15:49:34Z,Coinbase,2,,,engine/technical/README.md,
BTC,crypto,tecnico,sma50,58654.1084,,EUR,2026-07-02,2026-09-04T15:49:34Z,Coinbase,2,,,engine/technical/README.md,
BTC,crypto,tecnico,sma50,58357.4574,,EUR,2026-07-03,2026-09-04T15:49:34Z,Coinbase,2,,,engine/technical/README.md,
BTC,crypto,tecnico,sma50,58100.9152,,EUR,2026-07-04,2026-09-04T15:49:34Z,Coinbase,2,,,engine/technical/README.md,
BTC,crypto,tecnico,sma50,57868.043,,EUR,2026-07-05,2026-09-04T15:49:34Z,Coinbase,2,,,engine/technical/README.md,
BTC,crypto,tecnico,sma50,57653.577,,EUR,2026-07-06,2026-09-04T15:49:34Z,Coinbase,2,,,engine/technical/README.md,
BTC,crypto,tecnico,sma50,57443.3592,,EUR,2026-07-07,2026-09-04T15:49:34Z,Coinbase,2,,,engine/technical/README.md,
BTC,crypto,tecnico,sma50,57211.037,,EUR,2026-07-08,2026-09-04T15:49:34Z,Coinbase,2,,,engine/technical/README.md,
BTC,crypto,tecnico,sma50,56983.3534,,EUR,2026-07-09,2026-09-04T15:49:34Z,Coinbase,2,,,engine/technical/README.md,
BTC,crypto,tecnico,sma50,56771.9452,,EUR,2026-07-10,2026-09-04T15:49:34Z,Coinbase,2,,,engine/technical/README.md,
BTC,crypto,tecnico,sma50,56588.3814,,EUR,2026-07-11,2026-09-04T15:49:34Z,Coinbase,2,,,engine/technical/README.md,
BTC,crypto,tecnico,sma50,56385.1484,,EUR,2026-07-12,2026-09-04T15:49:34Z,Coinbase,2,,,engine/technical/README.md,
BTC,crypto,tecnico,sma50,56156.9154,,EUR,2026-07-13,2026-09-04T15:49:34Z,Coinbase,2,,,engine/technical/README.md,
BTC,crypto,tecnico,sma50,55966.4524,,EUR,2026-07-14,2026-09-04T15:49:34Z,Coinbase,2,,,engine/technical/README.md,
BTC,crypto,tecnico,sma50,55791.519,,EUR,2026-07-15,2026-09-04T15:49:34Z,Coinbase,2,,,engine/technical/README.md,
BTC,crypto,tecnico,sma50,55626.355,,EUR,2026-07-16,2026-09-04T15:49:34Z,Coinbase,2,,,engine/technical/README.md,
BTC,crypto,tecnico,sma50,55481.325,,EUR,2026-07-17,2026-09-04T15:49:34Z,Coinbase,2,,,engine/technical/README.md,
BTC,crypto,tecnico,sma50,55356.1172,,EUR,2026-07-18,2026-09-04T15:49:34Z,Coinbase,2,,,engine/technical/README.md,
BTC,crypto,tecnico,sma50,55222.5898,,EUR,2026-07-19,2026-09-04T15:49:34Z,Coinbase,2,,,engine/technical/README.md,
BTC,crypto,tecnico,sma50,55103.904,,EUR,2026-07-20,2026-09-04T11:17:40Z,Kraken,2,100,,engine/technical/README.md,
BTC,crypto,tecnico,sma50,55042.4506,,EUR,2026-07-21,2026-09-04T15:49:34Z,Coinbase,2,,,engine/technical/README.md,
BTC,crypto,tecnico,sma50,55053.3768,,EUR,2026-07-22,2026-09-04T15:49:34Z,Coinbase,2,,,engine/technical/README.md,
BTC,crypto,tecnico,sma50,55093.5548,,EUR,2026-07-23,2026-09-04T15:49:34Z,Coinbase,2,,,engine/technical/README.md,
BTC,crypto,tecnico,sma50,55121.505,,EUR,2026-07-24,2026-09-04T15:49:34Z,Coinbase,2,,,engine/technical/README.md,
BTC,crypto,tecnico,sma50,55192.785,,EUR,2026-07-25,2026-09-04T15:49:34Z,Coinbase,2,,,engine/technical/README.md,
BTC,crypto,tecnico,sma50,55281.5024,,EUR,2026-07-26,2026-09-04T15:49:34Z,Coinbase,2,,,engine/technical/README.md,
BTC,crypto,tecnico,sma50,55302.5642,,EUR,2026-07-27,2026-09-04T15:49:34Z,Coinbase,2,,,engine/technical/README.md,
BTC,crypto,tecnico,sma50,55329.8632,,EUR,2026-07-28,2026-09-04T15:49:34Z,Coinbase,2,,,engine/technical/README.md,
BTC,crypto,tecnico,sma50,55374.5082,,EUR,2026-07-29,2026-09-04T15:49:34Z,Coinbase,2,,,engine/technical/README.md,
BTC,crypto,tecnico,sma50,55432.1924,,EUR,2026-07-30,2026-09-04T15:49:34Z,Coinbase,2,,,engine/technical/README.md,
BTC,crypto,tecnico,sma50,55424.0272,,EUR,2026-07-31,2026-09-04T15:49:34Z,Coinbase,2,,,engine/technical/README.md,
BTC,crypto,tecnico,sma50,55414.8344,,EUR,2026-08-01,2026-09-04T15:49:34Z,Coinbase,2,,,engine/technical/README.md,
BTC,crypto,tecnico,sma50,55400.8178,,EUR,2026-08-02,2026-09-04T15:49:34Z,Coinbase,2,,,engine/technical/README.md,
BTC,crypto,tecnico,sma50,55370.9606,,EUR,2026-08-03,2026-09-04T15:49:34Z,Coinbase,2,,,engine/technical/README.md,
BTC,crypto,tecnico,sma50,55338.2066,,EUR,2026-08-04,2026-09-04T15:49:34Z,Coinbase,2,,,engine/technical/README.md,
BTC,crypto,tecnico,sma50,55325.7428,,EUR,2026-08-05,2026-09-04T15:49:34Z,Coinbase,2,,,engine/technical/README.md,
BTC,crypto,tecnico,sma50,55321.1424,,EUR,2026-08-06,2026-09-04T15:49:34Z,Coinbase,2,,,engine/technical/README.md,
BTC,crypto,tecnico,sma50,55346.6334,,EUR,2026-08-07,2026-09-04T15:49:34Z,Coinbase,2,,,engine/technical/README.md,
BTC,crypto,tecnico,sma50,55363.1192,,EUR,2026-08-08,2026-09-04T15:49:34Z,Coinbase,2,,,engine/technical/README.md,
BTC,crypto,tecnico,sma50,55364.589,,EUR,2026-08-09,2026-09-04T15:49:34Z,Coinbase,2,,,engine/technical/README.md,
BTC,crypto,tecnico,sma50,55368.433,,EUR,2026-08-10,2026-09-04T15:49:34Z,Coinbase,2,,,engine/technical/README.md,
BTC,crypto,tecnico,sma50,55349.8862,,EUR,2026-08-11,2026-09-04T15:49:34Z,Coinbase,2,,,engine/technical/README.md,
BTC,crypto,tecnico,sma50,55349.091,,EUR,2026-08-12,2026-09-04T15:49:34Z,Coinbase,2,,,engine/technical/README.md,
BTC,crypto,tecnico,sma50,55374.7746,,EUR,2026-08-13,2026-09-04T15:49:34Z,Coinbase,2,,,engine/technical/README.md,
BTC,crypto,tecnico,sma50,55412.7056,,EUR,2026-08-14,2026-09-04T15:49:34Z,Coinbase,2,,,engine/technical/README.md,
BTC,crypto,tecnico,sma50,55448.5178,,EUR,2026-08-15,2026-09-04T15:49:34Z,Coinbase,2,,,engine/technical/README.md,
BTC,crypto,tecnico,sma50,55481.3162,,EUR,2026-08-16,2026-09-04T15:49:34Z,Coinbase,2,,,engine/technical/README.md,
BTC,crypto,tecnico,sma50,55549.8742,,EUR,2026-08-17,2026-09-04T15:49:34Z,Coinbase,2,,,engine/technical/README.md,
BTC,crypto,tecnico,sma50,55613.6458,,EUR,2026-08-18,2026-09-04T15:49:34Z,Coinbase,2,,,engine/technical/README.md,
BTC,crypto,tecnico,sma50,55774.2538,,EUR,2026-08-19,2026-09-04T15:49:34Z,Coinbase,2,,,engine/technical/README.md,
BTC,crypto,tecnico,sma50,55970.2914,,EUR,2026-08-20,2026-09-04T15:49:34Z,Coinbase,2,,,engine/technical/README.md,
BTC,crypto,tecnico,sma50,56233.2576,,EUR,2026-08-21,2026-09-04T15:49:34Z,Coinbase,2,,,engine/technical/README.md,
BTC,crypto,tecnico,sma50,56455.4262,,EUR,2026-08-22,2026-09-04T15:49:34Z,Coinbase,2,,,engine/technical/README.md,
BTC,crypto,tecnico,sma50,56681.5016,,EUR,2026-08-23,2026-09-04T15:49:34Z,Coinbase,2,,,engine/technical/README.md,
BTC,crypto,tecnico,sma50,56923.2572,,EUR,2026-08-24,2026-09-04T15:49:34Z,Coinbase,2,,,engine/technical/README.md,
BTC,crypto,tecnico,sma50,57149.1126,,EUR,2026-08-25,2026-09-04T15:49:34Z,Coinbase,2,,,engine/technical/README.md,
BTC,crypto,tecnico,sma50,57394.339,,EUR,2026-08-26,2026-09-04T15:49:34Z,Coinbase,2,,,engine/technical/README.md,
BTC,crypto,tecnico,sma50,57681.9192,,EUR,2026-08-27,2026-09-04T15:49:34Z,Coinbase,2,,,engine/technical/README.md,
BTC,crypto,tecnico,sma50,57920.0962,,EUR,2026-08-28,2026-09-04T15:49:34Z,Coinbase,2,,,engine/technical/README.md,
BTC,crypto,tecnico,sma50,58147.835,,EUR,2026-08-29,2026-09-04T15:49:34Z,Coinbase,2,,,engine/technical/README.md,
BTC,crypto,tecnico,sma50,58370.3868,,EUR,2026-08-30,2026-09-04T15:49:34Z,Coinbase,2,,,engine/technical/README.md,
BTC,crypto,tecnico,sma50,58604.9446,,EUR,2026-08-31,2026-09-04T15:49:34Z,Coinbase,2,,,engine/technical/README.md,
BTC,crypto,tecnico,sma50,58845.8702,,EUR,2026-09-01,2026-09-04T15:49:34Z,Coinbase,2,,,engine/technical/README.md,
BTC,crypto,tecnico,sma50,59042.8012,,EUR,2026-09-02,2026-09-04T15:49:34Z,Coinbase,2,,,engine/technical/README.md,
BTC,crypto,tecnico,sma50,59311.8448,,EUR,2026-09-03,2026-09-04T15:49:34Z,Coinbase,2,,,engine/technical/README.md,
BTC,crypto,tecnico,sma50,59591.894,,EUR,2026-09-04,2026-09-04T10:11:47Z,Kraken,2,100,,engine/technical/README.md,
BTC,crypto,tecnico,volatilidad_hist_30d_anualizada_pct,28.5,,%,2026-01-01,2026-09-04T15:49:34Z,Coinbase,2,,,engine/technical/README.md,
BTC,crypto,tecnico,volatilidad_hist_30d_anualizada_pct,28.2,,%,2026-01-02,2026-09-04T15:49:34Z,Coinbase,2,,,engine/technical/README.md,
BTC,crypto,tecnico,volatilidad_hist_30d_anualizada_pct,28.0,,%,2026-01-03,2026-09-04T15:49:34Z,Coinbase,2,,,engine/technical/README.md,
BTC,crypto,tecnico,volatilidad_hist_30d_anualizada_pct,26.3,,%,2026-01-04,2026-09-04T15:49:34Z,Coinbase,2,,,engine/technical/README.md,
BTC,crypto,tecnico,volatilidad_hist_30d_anualizada_pct,27.6,,%,2026-01-05,2026-09-04T15:49:34Z,Coinbase,2,,,engine/technical/README.md,
BTC,crypto,tecnico,volatilidad_hist_30d_anualizada_pct,27.3,,%,2026-01-06,2026-09-04T15:49:34Z,Coinbase,2,,,engine/technical/README.md,
BTC,crypto,tecnico,volatilidad_hist_30d_anualizada_pct,28.9,,%,2026-01-07,2026-09-04T15:49:34Z,Coinbase,2,,,engine/technical/README.md,
BTC,crypto,tecnico,volatilidad_hist_30d_anualizada_pct,27.7,,%,2026-01-08,2026-09-04T15:49:34Z,Coinbase,2,,,engine/technical/README.md,
BTC,crypto,tecnico,volatilidad_hist_30d_anualizada_pct,27.4,,%,2026-01-09,2026-09-04T15:49:34Z,Coinbase,2,,,engine/technical/README.md,
BTC,crypto,tecnico,volatilidad_hist_30d_anualizada_pct,27.4,,%,2026-01-10,2026-09-04T15:49:34Z,Coinbase,2,,,engine/technical/README.md,
BTC,crypto,tecnico,volatilidad_hist_30d_anualizada_pct,26.1,,%,2026-01-11,2026-09-04T15:49:34Z,Coinbase,2,,,engine/technical/README.md,
BTC,crypto,tecnico,volatilidad_hist_30d_anualizada_pct,26.1,,%,2026-01-12,2026-09-04T15:49:34Z,Coinbase,2,,,engine/technical/README.md,
BTC,crypto,tecnico,volatilidad_hist_30d_anualizada_pct,29.3,,%,2026-01-13,2026-09-04T15:49:34Z,Coinbase,2,,,engine/technical/README.md,
BTC,crypto,tecnico,volatilidad_hist_30d_anualizada_pct,28.3,,%,2026-01-14,2026-09-04T15:49:34Z,Coinbase,2,,,engine/technical/README.md,
BTC,crypto,tecnico,volatilidad_hist_30d_anualizada_pct,28.4,,%,2026-01-15,2026-09-04T15:49:34Z,Coinbase,2,,,engine/technical/README.md,
BTC,crypto,tecnico,volatilidad_hist_30d_anualizada_pct,27.3,,%,2026-01-16,2026-09-04T15:49:34Z,Coinbase,2,,,engine/technical/README.md,
BTC,crypto,tecnico,volatilidad_hist_30d_anualizada_pct,27.1,,%,2026-01-17,2026-09-04T15:49:34Z,Coinbase,2,,,engine/technical/README.md,
BTC,crypto,tecnico,volatilidad_hist_30d_anualizada_pct,26.3,,%,2026-01-18,2026-09-04T15:49:34Z,Coinbase,2,,,engine/technical/README.md,
BTC,crypto,tecnico,volatilidad_hist_30d_anualizada_pct,26.9,,%,2026-01-19,2026-09-04T15:49:34Z,Coinbase,2,,,engine/technical/README.md,
BTC,crypto,tecnico,volatilidad_hist_30d_anualizada_pct,33.2,,%,2026-01-20,2026-09-04T15:49:34Z,Coinbase,2,,,engine/technical/README.md,
BTC,crypto,tecnico,volatilidad_hist_30d_anualizada_pct,33.7,,%,2026-01-21,2026-09-04T15:49:34Z,Coinbase,2,,,engine/technical/README.md,
BTC,crypto,tecnico,volatilidad_hist_30d_anualizada_pct,33.3,,%,2026-01-22,2026-09-04T15:49:34Z,Coinbase,2,,,engine/technical/README.md,
BTC,crypto,tecnico,volatilidad_hist_30d_anualizada_pct,33.3,,%,2026-01-23,2026-09-04T15:49:34Z,Coinbase,2,,,engine/technical/README.md,
BTC,crypto,tecnico,volatilidad_hist_30d_anualizada_pct,33.3,,%,2026-01-24,2026-09-04T15:49:34Z,Coinbase,2,,,engine/technical/README.md,
BTC,crypto,tecnico,volatilidad_hist_30d_anualizada_pct,35.2,,%,2026-01-25,2026-09-04T15:49:34Z,Coinbase,2,,,engine/technical/README.md,
BTC,crypto,tecnico,volatilidad_hist_30d_anualizada_pct,35.7,,%,2026-01-26,2026-09-04T15:49:34Z,Coinbase,2,,,engine/technical/README.md,
BTC,crypto,tecnico,volatilidad_hist_30d_anualizada_pct,35.7,,%,2026-01-27,2026-09-04T15:49:34Z,Coinbase,2,,,engine/technical/README.md,
BTC,crypto,tecnico,volatilidad_hist_30d_anualizada_pct,35.6,,%,2026-01-28,2026-09-04T15:49:34Z,Coinbase,2,,,engine/technical/README.md,
BTC,crypto,tecnico,volatilidad_hist_30d_anualizada_pct,39.6,,%,2026-01-29,2026-09-04T15:49:34Z,Coinbase,2,,,engine/technical/README.md,
BTC,crypto,tecnico,volatilidad_hist_30d_anualizada_pct,39.6,,%,2026-01-30,2026-09-04T15:49:34Z,Coinbase,2,,,engine/technical/README.md,
BTC,crypto,tecnico,volatilidad_hist_30d_anualizada_pct,44.8,,%,2026-01-31,2026-09-04T15:49:34Z,Coinbase,2,,,engine/technical/README.md,
BTC,crypto,tecnico,volatilidad_hist_30d_anualizada_pct,44.7,,%,2026-02-01,2026-09-04T15:49:34Z,Coinbase,2,,,engine/technical/README.md,
BTC,crypto,tecnico,volatilidad_hist_30d_anualizada_pct,46.0,,%,2026-02-02,2026-09-04T15:49:34Z,Coinbase,2,,,engine/technical/README.md,
BTC,crypto,tecnico,volatilidad_hist_30d_anualizada_pct,47.2,,%,2026-02-03,2026-09-04T15:49:34Z,Coinbase,2,,,engine/technical/README.md,
BTC,crypto,tecnico,volatilidad_hist_30d_anualizada_pct,46.8,,%,2026-02-04,2026-09-04T15:49:34Z,Coinbase,2,,,engine/technical/README.md,
BTC,crypto,tecnico,volatilidad_hist_30d_anualizada_pct,67.3,,%,2026-02-05,2026-09-04T15:49:34Z,Coinbase,2,,,engine/technical/README.md,
BTC,crypto,tecnico,volatilidad_hist_30d_anualizada_pct,80.7,,%,2026-02-06,2026-09-04T15:49:34Z,Coinbase,2,,,engine/technical/README.md,
BTC,crypto,tecnico,volatilidad_hist_30d_anualizada_pct,80.7,,%,2026-02-07,2026-09-04T15:49:34Z,Coinbase,2,,,engine/technical/README.md,
BTC,crypto,tecnico,volatilidad_hist_30d_anualizada_pct,81.0,,%,2026-02-08,2026-09-04T15:49:34Z,Coinbase,2,,,engine/technical/README.md,
BTC,crypto,tecnico,volatilidad_hist_30d_anualizada_pct,81.0,,%,2026-02-09,2026-09-04T15:49:34Z,Coinbase,2,,,engine/technical/README.md,
BTC,crypto,tecnico,volatilidad_hist_30d_anualizada_pct,80.8,,%,2026-02-10,2026-09-04T15:49:34Z,Coinbase,2,,,engine/technical/README.md,
BTC,crypto,tecnico,volatilidad_hist_30d_anualizada_pct,80.9,,%,2026-02-11,2026-09-04T15:49:34Z,Coinbase,2,,,engine/technical/README.md,
BTC,crypto,tecnico,volatilidad_hist_30d_anualizada_pct,78.2,,%,2026-02-12,2026-09-04T15:49:34Z,Coinbase,2,,,engine/technical/README.md,
BTC,crypto,tecnico,volatilidad_hist_30d_anualizada_pct,79.7,,%,2026-02-13,2026-09-04T15:49:34Z,Coinbase,2,,,engine/technical/README.md,
BTC,crypto,tecnico,volatilidad_hist_30d_anualizada_pct,80.3,,%,2026-02-14,2026-09-04T15:49:34Z,Coinbase,2,,,engine/technical/README.md,
BTC,crypto,tecnico,volatilidad_hist_30d_anualizada_pct,80.2,,%,2026-02-15,2026-09-04T15:49:34Z,Coinbase,2,,,engine/technical/README.md,
BTC,crypto,tecnico,volatilidad_hist_30d_anualizada_pct,80.3,,%,2026-02-16,2026-09-04T15:49:34Z,Coinbase,2,,,engine/technical/README.md,
BTC,crypto,tecnico,volatilidad_hist_30d_anualizada_pct,80.3,,%,2026-02-17,2026-09-04T15:49:34Z,Coinbase,2,,,engine/technical/README.md,
BTC,crypto,tecnico,volatilidad_hist_30d_anualizada_pct,80.3,,%,2026-02-18,2026-09-04T15:49:34Z,Coinbase,2,,,engine/technical/README.md,
BTC,crypto,tecnico,volatilidad_hist_30d_anualizada_pct,79.1,,%,2026-02-19,2026-09-04T15:49:34Z,Coinbase,2,,,engine/technical/README.md,
BTC,crypto,tecnico,volatilidad_hist_30d_anualizada_pct,79.0,,%,2026-02-20,2026-09-04T15:49:34Z,Coinbase,2,,,engine/technical/README.md,
BTC,crypto,tecnico,volatilidad_hist_30d_anualizada_pct,79.0,,%,2026-02-21,2026-09-04T15:49:34Z,Coinbase,2,,,engine/technical/README.md,
BTC,crypto,tecnico,volatilidad_hist_30d_anualizada_pct,79.0,,%,2026-02-22,2026-09-04T15:49:34Z,Coinbase,2,,,engine/technical/README.md,
BTC,crypto,tecnico,volatilidad_hist_30d_anualizada_pct,79.8,,%,2026-02-23,2026-09-04T15:49:34Z,Coinbase,2,,,engine/technical/README.md,
BTC,crypto,tecnico,volatilidad_hist_30d_anualizada_pct,79.4,,%,2026-02-24,2026-09-04T15:49:34Z,Coinbase,2,,,engine/technical/README.md,
BTC,crypto,tecnico,volatilidad_hist_30d_anualizada_pct,82.2,,%,2026-02-25,2026-09-04T15:49:34Z,Coinbase,2,,,engine/technical/README.md,
BTC,crypto,tecnico,volatilidad_hist_30d_anualizada_pct,82.1,,%,2026-02-26,2026-09-04T15:49:34Z,Coinbase,2,,,engine/technical/README.md,
BTC,crypto,tecnico,volatilidad_hist_30d_anualizada_pct,82.2,,%,2026-02-27,2026-09-04T15:49:34Z,Coinbase,2,,,engine/technical/README.md,
BTC,crypto,tecnico,volatilidad_hist_30d_anualizada_pct,81.2,,%,2026-02-28,2026-09-04T15:49:34Z,Coinbase,2,,,engine/technical/README.md,
BTC,crypto,tecnico,volatilidad_hist_30d_anualizada_pct,81.1,,%,2026-03-01,2026-09-04T15:49:34Z,Coinbase,2,,,engine/technical/README.md,
BTC,crypto,tecnico,volatilidad_hist_30d_anualizada_pct,81.0,,%,2026-03-02,2026-09-04T15:49:34Z,Coinbase,2,,,engine/technical/README.md,
BTC,crypto,tecnico,volatilidad_hist_30d_anualizada_pct,80.6,,%,2026-03-03,2026-09-04T15:49:34Z,Coinbase,2,,,engine/technical/README.md,
BTC,crypto,tecnico,volatilidad_hist_30d_anualizada_pct,83.0,,%,2026-03-04,2026-09-04T15:49:34Z,Coinbase,2,,,engine/technical/README.md,
BTC,crypto,tecnico,volatilidad_hist_30d_anualizada_pct,82.1,,%,2026-03-05,2026-09-04T15:49:34Z,Coinbase,2,,,engine/technical/README.md,
BTC,crypto,tecnico,volatilidad_hist_30d_anualizada_pct,82.4,,%,2026-03-06,2026-09-04T15:49:34Z,Coinbase,2,,,engine/technical/README.md,
BTC,crypto,tecnico,volatilidad_hist_30d_anualizada_pct,63.5,,%,2026-03-07,2026-09-04T15:49:34Z,Coinbase,2,,,engine/technical/README.md,
BTC,crypto,tecnico,volatilidad_hist_30d_anualizada_pct,49.2,,%,2026-03-08,2026-09-04T15:49:34Z,Coinbase,2,,,engine/technical/README.md,
BTC,crypto,tecnico,volatilidad_hist_30d_anualizada_pct,49.9,,%,2026-03-09,2026-09-04T15:49:34Z,Coinbase,2,,,engine/technical/README.md,
BTC,crypto,tecnico,volatilidad_hist_30d_anualizada_pct,50.3,,%,2026-03-10,2026-09-04T15:49:34Z,Coinbase,2,,,engine/technical/README.md,
BTC,crypto,tecnico,volatilidad_hist_30d_anualizada_pct,50.2,,%,2026-03-11,2026-09-04T15:49:34Z,Coinbase,2,,,engine/technical/README.md,
BTC,crypto,tecnico,volatilidad_hist_30d_anualizada_pct,49.8,,%,2026-03-12,2026-09-04T15:49:34Z,Coinbase,2,,,engine/technical/README.md,
BTC,crypto,tecnico,volatilidad_hist_30d_anualizada_pct,49.0,,%,2026-03-13,2026-09-04T15:49:34Z,Coinbase,2,,,engine/technical/README.md,
BTC,crypto,tecnico,volatilidad_hist_30d_anualizada_pct,48.7,,%,2026-03-14,2026-09-04T15:49:34Z,Coinbase,2,,,engine/technical/README.md,
BTC,crypto,tecnico,volatilidad_hist_30d_anualizada_pct,47.4,,%,2026-03-15,2026-09-04T15:49:34Z,Coinbase,2,,,engine/technical/README.md,
BTC,crypto,tecnico,volatilidad_hist_30d_anualizada_pct,47.6,,%,2026-03-16,2026-09-04T15:49:34Z,Coinbase,2,,,engine/technical/README.md,
BTC,crypto,tecnico,volatilidad_hist_30d_anualizada_pct,47.6,,%,2026-03-17,2026-09-04T15:49:34Z,Coinbase,2,,,engine/technical/README.md,
BTC,crypto,tecnico,volatilidad_hist_30d_anualizada_pct,49.1,,%,2026-03-18,2026-09-04T15:49:34Z,Coinbase,2,,,engine/technical/README.md,
BTC,crypto,tecnico,volatilidad_hist_30d_anualizada_pct,49.7,,%,2026-03-19,2026-09-04T15:49:34Z,Coinbase,2,,,engine/technical/README.md,
BTC,crypto,tecnico,volatilidad_hist_30d_anualizada_pct,49.5,,%,2026-03-20,2026-09-04T15:49:34Z,Coinbase,2,,,engine/technical/README.md,
BTC,crypto,tecnico,volatilidad_hist_30d_anualizada_pct,50.2,,%,2026-03-21,2026-09-04T15:49:34Z,Coinbase,2,,,engine/technical/README.md,
BTC,crypto,tecnico,volatilidad_hist_30d_anualizada_pct,50.4,,%,2026-03-22,2026-09-04T15:49:34Z,Coinbase,2,,,engine/technical/README.md,
BTC,crypto,tecnico,volatilidad_hist_30d_anualizada_pct,52.2,,%,2026-03-23,2026-09-04T15:49:34Z,Coinbase,2,,,engine/technical/README.md,
BTC,crypto,tecnico,volatilidad_hist_30d_anualizada_pct,52.1,,%,2026-03-24,2026-09-04T15:49:34Z,Coinbase,2,,,engine/technical/README.md,
BTC,crypto,tecnico,volatilidad_hist_30d_anualizada_pct,49.8,,%,2026-03-25,2026-09-04T15:49:34Z,Coinbase,2,,,engine/technical/README.md,
BTC,crypto,tecnico,volatilidad_hist_30d_anualizada_pct,51.4,,%,2026-03-26,2026-09-04T15:49:34Z,Coinbase,2,,,engine/technical/README.md,
BTC,crypto,tecnico,volatilidad_hist_30d_anualizada_pct,49.2,,%,2026-03-27,2026-09-04T15:49:34Z,Coinbase,2,,,engine/technical/README.md,
BTC,crypto,tecnico,volatilidad_hist_30d_anualizada_pct,49.2,,%,2026-03-28,2026-09-04T15:49:34Z,Coinbase,2,,,engine/technical/README.md,
BTC,crypto,tecnico,volatilidad_hist_30d_anualizada_pct,48.4,,%,2026-03-29,2026-09-04T15:49:34Z,Coinbase,2,,,engine/technical/README.md,
BTC,crypto,tecnico,volatilidad_hist_30d_anualizada_pct,48.2,,%,2026-03-30,2026-09-04T15:49:34Z,Coinbase,2,,,engine/technical/README.md,
BTC,crypto,tecnico,volatilidad_hist_30d_anualizada_pct,48.0,,%,2026-03-31,2026-09-04T15:49:34Z,Coinbase,2,,,engine/technical/README.md,
BTC,crypto,tecnico,volatilidad_hist_30d_anualizada_pct,44.7,,%,2026-04-01,2026-09-04T15:49:34Z,Coinbase,2,,,engine/technical/README.md,
BTC,crypto,tecnico,volatilidad_hist_30d_anualizada_pct,44.9,,%,2026-04-02,2026-09-04T15:49:34Z,Coinbase,2,,,engine/technical/README.md,
BTC,crypto,tecnico,volatilidad_hist_30d_anualizada_pct,39.3,,%,2026-04-03,2026-09-04T15:49:34Z,Coinbase,2,,,engine/technical/README.md,
BTC,crypto,tecnico,volatilidad_hist_30d_anualizada_pct,38.7,,%,2026-04-04,2026-09-04T15:49:34Z,Coinbase,2,,,engine/technical/README.md,
BTC,crypto,tecnico,volatilidad_hist_30d_anualizada_pct,37.1,,%,2026-04-05,2026-09-04T15:49:34Z,Coinbase,2,,,engine/technical/README.md,
BTC,crypto,tecnico,volatilidad_hist_30d_anualizada_pct,36.9,,%,2026-04-06,2026-09-04T15:49:34Z,Coinbase,2,,,engine/technical/README.md,
BTC,crypto,tecnico,volatilidad_hist_30d_anualizada_pct,38.0,,%,2026-04-07,2026-09-04T15:49:34Z,Coinbase,2,,,engine/technical/README.md,
BTC,crypto,tecnico,volatilidad_hist_30d_anualizada_pct,37.0,,%,2026-04-08,2026-09-04T15:49:34Z,Coinbase,2,,,engine/technical/README.md,
BTC,crypto,tecnico,volatilidad_hist_30d_anualizada_pct,36.3,,%,2026-04-09,2026-09-04T15:49:34Z,Coinbase,2,,,engine/technical/README.md,
BTC,crypto,tecnico,volatilidad_hist_30d_anualizada_pct,36.4,,%,2026-04-10,2026-09-04T15:49:34Z,Coinbase,2,,,engine/technical/README.md,
BTC,crypto,tecnico,volatilidad_hist_30d_anualizada_pct,36.4,,%,2026-04-11,2026-09-04T15:49:34Z,Coinbase,2,,,engine/technical/README.md,
BTC,crypto,tecnico,volatilidad_hist_30d_anualizada_pct,37.4,,%,2026-04-12,2026-09-04T15:49:34Z,Coinbase,2,,,engine/technical/README.md,
BTC,crypto,tecnico,volatilidad_hist_30d_anualizada_pct,40.4,,%,2026-04-13,2026-09-04T15:49:34Z,Coinbase,2,,,engine/technical/README.md,
BTC,crypto,tecnico,volatilidad_hist_30d_anualizada_pct,39.8,,%,2026-04-14,2026-09-04T15:49:34Z,Coinbase,2,,,engine/technical/README.md,
BTC,crypto,tecnico,volatilidad_hist_30d_anualizada_pct,39.1,,%,2026-04-15,2026-09-04T15:49:34Z,Coinbase,2,,,engine/technical/README.md,
BTC,crypto,tecnico,volatilidad_hist_30d_anualizada_pct,38.8,,%,2026-04-16,2026-09-04T15:49:34Z,Coinbase,2,,,engine/technical/README.md,
BTC,crypto,tecnico,volatilidad_hist_30d_anualizada_pct,38.3,,%,2026-04-17,2026-09-04T15:49:34Z,Coinbase,2,,,engine/technical/README.md,
BTC,crypto,tecnico,volatilidad_hist_30d_anualizada_pct,37.4,,%,2026-04-18,2026-09-04T15:49:34Z,Coinbase,2,,,engine/technical/README.md,
BTC,crypto,tecnico,volatilidad_hist_30d_anualizada_pct,38.3,,%,2026-04-19,2026-09-04T15:49:34Z,Coinbase,2,,,engine/technical/README.md,
BTC,crypto,tecnico,volatilidad_hist_30d_anualizada_pct,38.1,,%,2026-04-20,2026-09-04T15:49:34Z,Coinbase,2,,,engine/technical/README.md,
BTC,crypto,tecnico,volatilidad_hist_30d_anualizada_pct,37.6,,%,2026-04-21,2026-09-04T15:49:34Z,Coinbase,2,,,engine/technical/README.md,
BTC,crypto,tecnico,volatilidad_hist_30d_anualizada_pct,36.4,,%,2026-04-22,2026-09-04T15:49:34Z,Coinbase,2,,,engine/technical/README.md,
BTC,crypto,tecnico,volatilidad_hist_30d_anualizada_pct,36.2,,%,2026-04-23,2026-09-04T15:49:34Z,Coinbase,2,,,engine/technical/README.md,
BTC,crypto,tecnico,volatilidad_hist_30d_anualizada_pct,36.5,,%,2026-04-24,2026-09-04T15:49:34Z,Coinbase,2,,,engine/technical/README.md,
BTC,crypto,tecnico,volatilidad_hist_30d_anualizada_pct,34.1,,%,2026-04-25,2026-09-04T15:49:34Z,Coinbase,2,,,engine/technical/README.md,
BTC,crypto,tecnico,volatilidad_hist_30d_anualizada_pct,31.4,,%,2026-04-26,2026-09-04T15:49:34Z,Coinbase,2,,,engine/technical/README.md,
BTC,crypto,tecnico,volatilidad_hist_30d_anualizada_pct,32.5,,%,2026-04-27,2026-09-04T15:49:34Z,Coinbase,2,,,engine/technical/README.md,
BTC,crypto,tecnico,volatilidad_hist_30d_anualizada_pct,32.9,,%,2026-04-28,2026-09-04T15:49:34Z,Coinbase,2,,,engine/technical/README.md,
BTC,crypto,tecnico,volatilidad_hist_30d_anualizada_pct,32.9,,%,2026-04-29,2026-09-04T15:49:34Z,Coinbase,2,,,engine/technical/README.md,
BTC,crypto,tecnico,volatilidad_hist_30d_anualizada_pct,32.7,,%,2026-04-30,2026-09-04T15:49:34Z,Coinbase,2,,,engine/technical/README.md,
BTC,crypto,tecnico,volatilidad_hist_30d_anualizada_pct,33.5,,%,2026-05-01,2026-09-04T15:49:34Z,Coinbase,2,,,engine/technical/README.md,
BTC,crypto,tecnico,volatilidad_hist_30d_anualizada_pct,32.9,,%,2026-05-02,2026-09-04T15:49:34Z,Coinbase,2,,,engine/technical/README.md,
BTC,crypto,tecnico,volatilidad_hist_30d_anualizada_pct,33.0,,%,2026-05-03,2026-09-04T15:49:34Z,Coinbase,2,,,engine/technical/README.md,
BTC,crypto,tecnico,volatilidad_hist_30d_anualizada_pct,33.5,,%,2026-05-04,2026-09-04T15:49:34Z,Coinbase,2,,,engine/technical/README.md,
BTC,crypto,tecnico,volatilidad_hist_30d_anualizada_pct,32.7,,%,2026-05-05,2026-09-04T15:49:34Z,Coinbase,2,,,engine/technical/README.md,
BTC,crypto,tecnico,volatilidad_hist_30d_anualizada_pct,32.5,,%,2026-05-06,2026-09-04T15:49:34Z,Coinbase,2,,,engine/technical/README.md,
BTC,crypto,tecnico,volatilidad_hist_30d_anualizada_pct,31.9,,%,2026-05-07,2026-09-04T15:49:34Z,Coinbase,2,,,engine/technical/README.md,
BTC,crypto,tecnico,volatilidad_hist_30d_anualizada_pct,31.7,,%,2026-05-08,2026-09-04T15:49:34Z,Coinbase,2,,,engine/technical/README.md,
BTC,crypto,tecnico,volatilidad_hist_30d_anualizada_pct,31.7,,%,2026-05-09,2026-09-04T15:49:34Z,Coinbase,2,,,engine/technical/README.md,
BTC,crypto,tecnico,volatilidad_hist_30d_anualizada_pct,32.0,,%,2026-05-10,2026-09-04T15:49:34Z,Coinbase,2,,,engine/technical/README.md,
BTC,crypto,tecnico,volatilidad_hist_30d_anualizada_pct,32.2,,%,2026-05-11,2026-09-04T15:49:34Z,Coinbase,2,,,engine/technical/README.md,
BTC,crypto,tecnico,volatilidad_hist_30d_anualizada_pct,30.6,,%,2026-05-12,2026-09-04T15:49:34Z,Coinbase,2,,,engine/technical/README.md,
BTC,crypto,tecnico,volatilidad_hist_30d_anualizada_pct,27.8,,%,2026-05-13,2026-09-04T15:49:34Z,Coinbase,2,,,engine/technical/README.md,
BTC,crypto,tecnico,volatilidad_hist_30d_anualizada_pct,28.8,,%,2026-05-14,2026-09-04T15:49:34Z,Coinbase,2,,,engine/technical/README.md,
BTC,crypto,tecnico,volatilidad_hist_30d_anualizada_pct,30.0,,%,2026-05-15,2026-09-04T15:49:34Z,Coinbase,2,,,engine/technical/README.md,
BTC,crypto,tecnico,volatilidad_hist_30d_anualizada_pct,30.4,,%,2026-05-16,2026-09-04T15:49:34Z,Coinbase,2,,,engine/technical/README.md,
BTC,crypto,tecnico,volatilidad_hist_30d_anualizada_pct,29.2,,%,2026-05-17,2026-09-04T15:49:34Z,Coinbase,2,,,engine/technical/README.md,
BTC,crypto,tecnico,volatilidad_hist_30d_anualizada_pct,28.7,,%,2026-05-18,2026-09-04T15:49:34Z,Coinbase,2,,,engine/technical/README.md,
BTC,crypto,tecnico,volatilidad_hist_30d_anualizada_pct,27.4,,%,2026-05-19,2026-09-04T15:49:34Z,Coinbase,2,,,engine/technical/README.md,
BTC,crypto,tecnico,volatilidad_hist_30d_anualizada_pct,26.3,,%,2026-05-20,2026-09-04T15:49:34Z,Coinbase,2,,,engine/technical/README.md,
BTC,crypto,tecnico,volatilidad_hist_30d_anualizada_pct,26.2,,%,2026-05-21,2026-09-04T15:49:34Z,Coinbase,2,,,engine/technical/README.md,
BTC,crypto,tecnico,volatilidad_hist_30d_anualizada_pct,26.0,,%,2026-05-22,2026-09-04T15:49:34Z,Coinbase,2,,,engine/technical/README.md,
BTC,crypto,tecnico,volatilidad_hist_30d_anualizada_pct,26.5,,%,2026-05-23,2026-09-04T15:49:34Z,Coinbase,2,,,engine/technical/README.md,
BTC,crypto,tecnico,volatilidad_hist_30d_anualizada_pct,26.1,,%,2026-05-24,2026-09-04T15:49:34Z,Coinbase,2,,,engine/technical/README.md,
BTC,crypto,tecnico,volatilidad_hist_30d_anualizada_pct,26.1,,%,2026-05-25,2026-09-04T15:49:34Z,Coinbase,2,,,engine/technical/README.md,
BTC,crypto,tecnico,volatilidad_hist_30d_anualizada_pct,26.4,,%,2026-05-26,2026-09-04T15:49:34Z,Coinbase,2,,,engine/technical/README.md,
BTC,crypto,tecnico,volatilidad_hist_30d_anualizada_pct,26.4,,%,2026-05-27,2026-09-04T15:49:34Z,Coinbase,2,,,engine/technical/README.md,
BTC,crypto,tecnico,volatilidad_hist_30d_anualizada_pct,26.4,,%,2026-05-28,2026-09-04T15:49:34Z,Coinbase,2,,,engine/technical/README.md,
BTC,crypto,tecnico,volatilidad_hist_30d_anualizada_pct,26.4,,%,2026-05-29,2026-09-04T15:49:34Z,Coinbase,2,,,engine/technical/README.md,
BTC,crypto,tecnico,volatilidad_hist_30d_anualizada_pct,26.5,,%,2026-05-30,2026-09-04T15:49:34Z,Coinbase,2,,,engine/technical/README.md,
BTC,crypto,tecnico,volatilidad_hist_30d_anualizada_pct,24.8,,%,2026-05-31,2026-09-04T15:49:34Z,Coinbase,2,,,engine/technical/README.md,
BTC,crypto,tecnico,volatilidad_hist_30d_anualizada_pct,26.5,,%,2026-06-01,2026-09-04T15:49:34Z,Coinbase,2,,,engine/technical/README.md,
BTC,crypto,tecnico,volatilidad_hist_30d_anualizada_pct,34.5,,%,2026-06-02,2026-09-04T15:49:34Z,Coinbase,2,,,engine/technical/README.md,
BTC,crypto,tecnico,volatilidad_hist_30d_anualizada_pct,35.1,,%,2026-06-03,2026-09-04T15:49:34Z,Coinbase,2,,,engine/technical/README.md,
BTC,crypto,tecnico,volatilidad_hist_30d_anualizada_pct,34.5,,%,2026-06-04,2026-09-04T15:49:34Z,Coinbase,2,,,engine/technical/README.md,
BTC,crypto,tecnico,volatilidad_hist_30d_anualizada_pct,35.7,,%,2026-06-05,2026-09-04T15:49:34Z,Coinbase,2,,,engine/technical/README.md,
BTC,crypto,tecnico,volatilidad_hist_30d_anualizada_pct,35.7,,%,2026-06-06,2026-09-04T15:49:34Z,Coinbase,2,,,engine/technical/README.md,
BTC,crypto,tecnico,volatilidad_hist_30d_anualizada_pct,39.2,,%,2026-06-07,2026-09-04T15:49:34Z,Coinbase,2,,,engine/technical/README.md,
BTC,crypto,tecnico,volatilidad_hist_30d_anualizada_pct,38.9,,%,2026-06-08,2026-09-04T15:49:34Z,Coinbase,2,,,engine/technical/README.md,
BTC,crypto,tecnico,volatilidad_hist_30d_anualizada_pct,38.0,,%,2026-06-09,2026-09-04T15:49:34Z,Coinbase,2,,,engine/technical/README.md,
BTC,crypto,tecnico,volatilidad_hist_30d_anualizada_pct,38.0,,%,2026-06-10,2026-09-04T15:49:34Z,Coinbase,2,,,engine/technical/README.md,
BTC,crypto,tecnico,volatilidad_hist_30d_anualizada_pct,40.3,,%,2026-06-11,2026-09-04T15:49:34Z,Coinbase,2,,,engine/technical/README.md,
BTC,crypto,tecnico,volatilidad_hist_30d_anualizada_pct,40.4,,%,2026-06-12,2026-09-04T15:49:34Z,Coinbase,2,,,engine/technical/README.md,
BTC,crypto,tecnico,volatilidad_hist_30d_anualizada_pct,39.3,,%,2026-06-13,2026-09-04T15:49:34Z,Coinbase,2,,,engine/technical/README.md,
BTC,crypto,tecnico,volatilidad_hist_30d_anualizada_pct,39.8,,%,2026-06-14,2026-09-04T15:49:34Z,Coinbase,2,,,engine/technical/README.md,
BTC,crypto,tecnico,volatilidad_hist_30d_anualizada_pct,40.1,,%,2026-06-15,2026-09-04T15:49:34Z,Coinbase,2,,,engine/technical/README.md,
BTC,crypto,tecnico,volatilidad_hist_30d_anualizada_pct,40.1,,%,2026-06-16,2026-09-04T15:49:34Z,Coinbase,2,,,engine/technical/README.md,
BTC,crypto,tecnico,volatilidad_hist_30d_anualizada_pct,40.1,,%,2026-06-17,2026-09-04T15:49:34Z,Coinbase,2,,,engine/technical/README.md,
BTC,crypto,tecnico,volatilidad_hist_30d_anualizada_pct,40.4,,%,2026-06-18,2026-09-04T15:49:34Z,Coinbase,2,,,engine/technical/README.md,
BTC,crypto,tecnico,volatilidad_hist_30d_anualizada_pct,40.4,,%,2026-06-19,2026-09-04T15:49:34Z,Coinbase,2,,,engine/technical/README.md,
BTC,crypto,tecnico,volatilidad_hist_30d_anualizada_pct,40.8,,%,2026-06-20,2026-09-04T15:49:34Z,Coinbase,2,,,engine/technical/README.md,
BTC,crypto,tecnico,volatilidad_hist_30d_anualizada_pct,40.4,,%,2026-06-21,2026-09-04T15:49:34Z,Coinbase,2,,,engine/technical/README.md,
BTC,crypto,tecnico,volatilidad_hist_30d_anualizada_pct,40.3,,%,2026-06-22,2026-09-04T15:49:34Z,Coinbase,2,,,engine/technical/README.md,
BTC,crypto,tecnico,volatilidad_hist_30d_anualizada_pct,40.4,,%,2026-06-23,2026-09-04T15:49:34Z,Coinbase,2,,,engine/technical/README.md,
BTC,crypto,tecnico,volatilidad_hist_30d_anualizada_pct,40.7,,%,2026-06-24,2026-09-04T15:49:34Z,Coinbase,2,,,engine/technical/README.md,
BTC,crypto,tecnico,volatilidad_hist_30d_anualizada_pct,40.8,,%,2026-06-25,2026-09-04T15:49:34Z,Coinbase,2,,,engine/technical/README.md,
BTC,crypto,tecnico,volatilidad_hist_30d_anualizada_pct,40.8,,%,2026-06-26,2026-09-04T15:49:34Z,Coinbase,2,,,engine/technical/README.md,
BTC,crypto,tecnico,volatilidad_hist_30d_anualizada_pct,40.8,,%,2026-06-27,2026-09-04T15:49:34Z,Coinbase,2,,,engine/technical/README.md,
BTC,crypto,tecnico,volatilidad_hist_30d_anualizada_pct,40.7,,%,2026-06-28,2026-09-04T15:49:34Z,Coinbase,2,,,engine/technical/README.md,
BTC,crypto,tecnico,volatilidad_hist_30d_anualizada_pct,40.9,,%,2026-06-29,2026-09-04T15:49:34Z,Coinbase,2,,,engine/technical/README.md,
BTC,crypto,tecnico,volatilidad_hist_30d_anualizada_pct,41.5,,%,2026-06-30,2026-09-04T15:49:34Z,Coinbase,2,,,engine/technical/README.md,
BTC,crypto,tecnico,volatilidad_hist_30d_anualizada_pct,42.3,,%,2026-07-01,2026-09-04T15:49:34Z,Coinbase,2,,,engine/technical/README.md,
BTC,crypto,tecnico,volatilidad_hist_30d_anualizada_pct,37.0,,%,2026-07-02,2026-09-04T15:49:34Z,Coinbase,2,,,engine/technical/README.md,
BTC,crypto,tecnico,volatilidad_hist_30d_anualizada_pct,35.0,,%,2026-07-03,2026-09-04T15:49:34Z,Coinbase,2,,,engine/technical/README.md,
BTC,crypto,tecnico,volatilidad_hist_30d_anualizada_pct,35.1,,%,2026-07-04,2026-09-04T15:49:34Z,Coinbase,2,,,engine/technical/README.md,
BTC,crypto,tecnico,volatilidad_hist_30d_anualizada_pct,32.7,,%,2026-07-05,2026-09-04T15:49:34Z,Coinbase,2,,,engine/technical/README.md,
BTC,crypto,tecnico,volatilidad_hist_30d_anualizada_pct,32.7,,%,2026-07-06,2026-09-04T15:49:34Z,Coinbase,2,,,engine/technical/README.md,
BTC,crypto,tecnico,volatilidad_hist_30d_anualizada_pct,30.1,,%,2026-07-07,2026-09-04T15:49:34Z,Coinbase,2,,,engine/technical/README.md,
BTC,crypto,tecnico,volatilidad_hist_30d_anualizada_pct,30.7,,%,2026-07-08,2026-09-04T15:49:34Z,Coinbase,2,,,engine/technical/README.md,
BTC,crypto,tecnico,volatilidad_hist_30d_anualizada_pct,30.0,,%,2026-07-09,2026-09-04T15:49:34Z,Coinbase,2,,,engine/technical/README.md,
BTC,crypto,tecnico,volatilidad_hist_30d_anualizada_pct,30.4,,%,2026-07-10,2026-09-04T15:49:34Z,Coinbase,2,,,engine/technical/README.md,
BTC,crypto,tecnico,volatilidad_hist_30d_anualizada_pct,28.7,,%,2026-07-11,2026-09-04T15:49:34Z,Coinbase,2,,,engine/technical/README.md,
BTC,crypto,tecnico,volatilidad_hist_30d_anualizada_pct,28.7,,%,2026-07-12,2026-09-04T15:49:34Z,Coinbase,2,,,engine/technical/README.md,
BTC,crypto,tecnico,volatilidad_hist_30d_anualizada_pct,29.2,,%,2026-07-13,2026-09-04T15:49:34Z,Coinbase,2,,,engine/technical/README.md,
BTC,crypto,tecnico,volatilidad_hist_30d_anualizada_pct,31.7,,%,2026-07-14,2026-09-04T15:49:34Z,Coinbase,2,,,engine/technical/README.md,
BTC,crypto,tecnico,volatilidad_hist_30d_anualizada_pct,31.7,,%,2026-07-15,2026-09-04T15:49:34Z,Coinbase,2,,,engine/technical/README.md,
BTC,crypto,tecnico,volatilidad_hist_30d_anualizada_pct,31.7,,%,2026-07-16,2026-09-04T15:49:34Z,Coinbase,2,,,engine/technical/README.md,
BTC,crypto,tecnico,volatilidad_hist_30d_anualizada_pct,31.6,,%,2026-07-17,2026-09-04T15:49:34Z,Coinbase,2,,,engine/technical/README.md,
BTC,crypto,tecnico,volatilidad_hist_30d_anualizada_pct,31.1,,%,2026-07-18,2026-09-04T15:49:34Z,Coinbase,2,,,engine/technical/README.md,
BTC,crypto,tecnico,volatilidad_hist_30d_anualizada_pct,31.0,,%,2026-07-19,2026-09-04T15:49:34Z,Coinbase,2,,,engine/technical/README.md,
BTC,crypto,tecnico,volatilidad_hist_30d_anualizada_pct,31.1,,%,2026-07-20,2026-09-04T11:17:40Z,Kraken,2,100,,engine/technical/README.md,
BTC,crypto,tecnico,volatilidad_hist_30d_anualizada_pct,31.1,,%,2026-07-21,2026-09-04T15:49:34Z,Coinbase,2,,,engine/technical/README.md,
BTC,crypto,tecnico,volatilidad_hist_30d_anualizada_pct,30.9,,%,2026-07-22,2026-09-04T15:49:34Z,Coinbase,2,,,engine/technical/README.md,
BTC,crypto,tecnico,volatilidad_hist_30d_anualizada_pct,30.7,,%,2026-07-23,2026-09-04T15:49:34Z,Coinbase,2,,,engine/technical/README.md,
BTC,crypto,tecnico,volatilidad_hist_30d_anualizada_pct,29.8,,%,2026-07-24,2026-09-04T15:49:34Z,Coinbase,2,,,engine/technical/README.md,
BTC,crypto,tecnico,volatilidad_hist_30d_anualizada_pct,28.6,,%,2026-07-25,2026-09-04T15:49:34Z,Coinbase,2,,,engine/technical/README.md,
BTC,crypto,tecnico,volatilidad_hist_30d_anualizada_pct,28.8,,%,2026-07-26,2026-09-04T15:49:34Z,Coinbase,2,,,engine/technical/README.md,
BTC,crypto,tecnico,volatilidad_hist_30d_anualizada_pct,30.2,,%,2026-07-27,2026-09-04T15:49:34Z,Coinbase,2,,,engine/technical/README.md,
BTC,crypto,tecnico,volatilidad_hist_30d_anualizada_pct,30.0,,%,2026-07-28,2026-09-04T15:49:34Z,Coinbase,2,,,engine/technical/README.md,
BTC,crypto,tecnico,volatilidad_hist_30d_anualizada_pct,30.0,,%,2026-07-29,2026-09-04T15:49:34Z,Coinbase,2,,,engine/technical/README.md,
BTC,crypto,tecnico,volatilidad_hist_30d_anualizada_pct,28.2,,%,2026-07-30,2026-09-04T15:49:34Z,Coinbase,2,,,engine/technical/README.md,
BTC,crypto,tecnico,volatilidad_hist_30d_anualizada_pct,29.2,,%,2026-07-31,2026-09-04T15:49:34Z,Coinbase,2,,,engine/technical/README.md,
BTC,crypto,tecnico,volatilidad_hist_30d_anualizada_pct,28.3,,%,2026-08-01,2026-09-04T15:49:34Z,Coinbase,2,,,engine/technical/README.md,
BTC,crypto,tecnico,volatilidad_hist_30d_anualizada_pct,27.9,,%,2026-08-02,2026-09-04T15:49:34Z,Coinbase,2,,,engine/technical/README.md,
BTC,crypto,tecnico,volatilidad_hist_30d_anualizada_pct,27.8,,%,2026-08-03,2026-09-04T15:49:34Z,Coinbase,2,,,engine/technical/README.md,
BTC,crypto,tecnico,volatilidad_hist_30d_anualizada_pct,27.7,,%,2026-08-04,2026-09-04T15:49:34Z,Coinbase,2,,,engine/technical/README.md,
BTC,crypto,tecnico,volatilidad_hist_30d_anualizada_pct,27.8,,%,2026-08-05,2026-09-04T15:49:34Z,Coinbase,2,,,engine/technical/README.md,
BTC,crypto,tecnico,volatilidad_hist_30d_anualizada_pct,27.6,,%,2026-08-06,2026-09-04T15:49:34Z,Coinbase,2,,,engine/technical/README.md,
BTC,crypto,tecnico,volatilidad_hist_30d_anualizada_pct,26.9,,%,2026-08-07,2026-09-04T15:49:34Z,Coinbase,2,,,engine/technical/README.md,
BTC,crypto,tecnico,volatilidad_hist_30d_anualizada_pct,26.5,,%,2026-08-08,2026-09-04T15:49:34Z,Coinbase,2,,,engine/technical/README.md,
BTC,crypto,tecnico,volatilidad_hist_30d_anualizada_pct,25.9,,%,2026-08-09,2026-09-04T15:49:34Z,Coinbase,2,,,engine/technical/README.md,
BTC,crypto,tecnico,volatilidad_hist_30d_anualizada_pct,26.3,,%,2026-08-10,2026-09-04T15:49:34Z,Coinbase,2,,,engine/technical/README.md,
BTC,crypto,tecnico,volatilidad_hist_30d_anualizada_pct,26.3,,%,2026-08-11,2026-09-04T15:49:34Z,Coinbase,2,,,engine/technical/README.md,
BTC,crypto,tecnico,volatilidad_hist_30d_anualizada_pct,25.3,,%,2026-08-12,2026-09-04T15:49:34Z,Coinbase,2,,,engine/technical/README.md,
BTC,crypto,tecnico,volatilidad_hist_30d_anualizada_pct,21.1,,%,2026-08-13,2026-09-04T15:49:34Z,Coinbase,2,,,engine/technical/README.md,
BTC,crypto,tecnico,volatilidad_hist_30d_anualizada_pct,21.2,,%,2026-08-14,2026-09-04T15:49:34Z,Coinbase,2,,,engine/technical/README.md,
BTC,crypto,tecnico,volatilidad_hist_30d_anualizada_pct,20.8,,%,2026-08-15,2026-09-04T15:49:34Z,Coinbase,2,,,engine/technical/README.md,
BTC,crypto,tecnico,volatilidad_hist_30d_anualizada_pct,20.8,,%,2026-08-16,2026-09-04T15:49:34Z,Coinbase,2,,,engine/technical/README.md,
BTC,crypto,tecnico,volatilidad_hist_30d_anualizada_pct,22.1,,%,2026-08-17,2026-09-04T15:49:34Z,Coinbase,2,,,engine/technical/README.md,
BTC,crypto,tecnico,volatilidad_hist_30d_anualizada_pct,22.1,,%,2026-08-18,2026-09-04T15:49:34Z,Coinbase,2,,,engine/technical/README.md,
BTC,crypto,tecnico,volatilidad_hist_30d_anualizada_pct,30.4,,%,2026-08-19,2026-09-04T15:49:34Z,Coinbase,2,,,engine/technical/README.md,
BTC,crypto,tecnico,volatilidad_hist_30d_anualizada_pct,34.6,,%,2026-08-20,2026-09-04T15:49:34Z,Coinbase,2,,,engine/technical/README.md,
BTC,crypto,tecnico,volatilidad_hist_30d_anualizada_pct,41.5,,%,2026-08-21,2026-09-04T15:49:34Z,Coinbase,2,,,engine/technical/README.md,
BTC,crypto,tecnico,volatilidad_hist_30d_anualizada_pct,41.8,,%,2026-08-22,2026-09-04T15:49:34Z,Coinbase,2,,,engine/technical/README.md,
BTC,crypto,tecnico,volatilidad_hist_30d_anualizada_pct,41.3,,%,2026-08-23,2026-09-04T15:49:34Z,Coinbase,2,,,engine/technical/README.md,
BTC,crypto,tecnico,volatilidad_hist_30d_anualizada_pct,41.5,,%,2026-08-24,2026-09-04T15:49:34Z,Coinbase,2,,,engine/technical/README.md,
BTC,crypto,tecnico,volatilidad_hist_30d_anualizada_pct,41.6,,%,2026-08-25,2026-09-04T15:49:34Z,Coinbase,2,,,engine/technical/README.md,
BTC,crypto,tecnico,volatilidad_hist_30d_anualizada_pct,40.3,,%,2026-08-26,2026-09-04T15:49:34Z,Coinbase,2,,,engine/technical/README.md,
BTC,crypto,tecnico,volatilidad_hist_30d_anualizada_pct,40.4,,%,2026-08-27,2026-09-04T15:49:34Z,Coinbase,2,,,engine/technical/README.md,
BTC,crypto,tecnico,volatilidad_hist_30d_anualizada_pct,41.7,,%,2026-08-28,2026-09-04T15:49:34Z,Coinbase,2,,,engine/technical/README.md,
BTC,crypto,tecnico,volatilidad_hist_30d_anualizada_pct,41.7,,%,2026-08-29,2026-09-04T15:49:34Z,Coinbase,2,,,engine/technical/README.md,
BTC,crypto,tecnico,volatilidad_hist_30d_anualizada_pct,40.0,,%,2026-08-30,2026-09-04T15:49:34Z,Coinbase,2,,,engine/technical/README.md,
BTC,crypto,tecnico,volatilidad_hist_30d_anualizada_pct,39.9,,%,2026-08-31,2026-09-04T15:49:34Z,Coinbase,2,,,engine/technical/README.md,
BTC,crypto,tecnico,volatilidad_hist_30d_anualizada_pct,40.5,,%,2026-09-01,2026-09-04T15:49:34Z,Coinbase,2,,,engine/technical/README.md,
BTC,crypto,tecnico,volatilidad_hist_30d_anualizada_pct,40.5,,%,2026-09-02,2026-09-04T15:49:34Z,Coinbase,2,,,engine/technical/README.md,
BTC,crypto,tecnico,volatilidad_hist_30d_anualizada_pct,42.8,,%,2026-09-03,2026-09-04T15:49:34Z,Coinbase,2,,,engine/technical/README.md,
BTC,crypto,tecnico,volatilidad_hist_30d_anualizada_pct,43.1,,%,2026-09-04,2026-09-04T10:11:47Z,Kraken,2,100,,engine/technical/README.md,
BTC,crypto,tecnico,volumen,116.488707,,unidades,2026-01-01,2026-09-04T15:49:34Z,Coinbase,2,,,engine/technical/README.md,
BTC,crypto,tecnico,volumen,313.541423,,unidades,2026-01-02,2026-09-04T15:49:34Z,Coinbase,2,,,engine/technical/README.md,
BTC,crypto,tecnico,volumen,115.29026,,unidades,2026-01-03,2026-09-04T15:49:34Z,Coinbase,2,,,engine/technical/README.md,
BTC,crypto,tecnico,volumen,259.796703,,unidades,2026-01-04,2026-09-04T15:49:34Z,Coinbase,2,,,engine/technical/README.md,
BTC,crypto,tecnico,volumen,309.953925,,unidades,2026-01-05,2026-09-04T15:49:34Z,Coinbase,2,,,engine/technical/README.md,
BTC,crypto,tecnico,volumen,252.459264,,unidades,2026-01-06,2026-09-04T15:49:34Z,Coinbase,2,,,engine/technical/README.md,
BTC,crypto,tecnico,volumen,224.329709,,unidades,2026-01-07,2026-09-04T15:49:34Z,Coinbase,2,,,engine/technical/README.md,
BTC,crypto,tecnico,volumen,231.608758,,unidades,2026-01-08,2026-09-04T15:49:34Z,Coinbase,2,,,engine/technical/README.md,
BTC,crypto,tecnico,volumen,354.488104,,unidades,2026-01-09,2026-09-04T15:49:34Z,Coinbase,2,,,engine/technical/README.md,
BTC,crypto,tecnico,volumen,59.601966,,unidades,2026-01-10,2026-09-04T15:49:34Z,Coinbase,2,,,engine/technical/README.md,
BTC,crypto,tecnico,volumen,120.839455,,unidades,2026-01-11,2026-09-04T15:49:34Z,Coinbase,2,,,engine/technical/README.md,
BTC,crypto,tecnico,volumen,249.969007,,unidades,2026-01-12,2026-09-04T15:49:34Z,Coinbase,2,,,engine/technical/README.md,
BTC,crypto,tecnico,volumen,312.166056,,unidades,2026-01-13,2026-09-04T15:49:34Z,Coinbase,2,,,engine/technical/README.md,
BTC,crypto,tecnico,volumen,316.689887,,unidades,2026-01-14,2026-09-04T15:49:34Z,Coinbase,2,,,engine/technical/README.md,
BTC,crypto,tecnico,volumen,252.138809,,unidades,2026-01-15,2026-09-04T15:49:34Z,Coinbase,2,,,engine/technical/README.md,
BTC,crypto,tecnico,volumen,152.518604,,unidades,2026-01-16,2026-09-04T15:49:34Z,Coinbase,2,,,engine/technical/README.md,
BTC,crypto,tecnico,volumen,70.475347,,unidades,2026-01-17,2026-09-04T15:49:34Z,Coinbase,2,,,engine/technical/README.md,
BTC,crypto,tecnico,volumen,107.432792,,unidades,2026-01-18,2026-09-04T15:49:34Z,Coinbase,2,,,engine/technical/README.md,
BTC,crypto,tecnico,volumen,181.784859,,unidades,2026-01-19,2026-09-04T15:49:34Z,Coinbase,2,,,engine/technical/README.md,
BTC,crypto,tecnico,volumen,362.026046,,unidades,2026-01-20,2026-09-04T15:49:34Z,Coinbase,2,,,engine/technical/README.md,
BTC,crypto,tecnico,volumen,309.532281,,unidades,2026-01-21,2026-09-04T15:49:34Z,Coinbase,2,,,engine/technical/README.md,
BTC,crypto,tecnico,volumen,166.980032,,unidades,2026-01-22,2026-09-04T15:49:34Z,Coinbase,2,,,engine/technical/README.md,
BTC,crypto,tecnico,volumen,194.969428,,unidades,2026-01-23,2026-09-04T15:49:34Z,Coinbase,2,,,engine/technical/README.md,
BTC,crypto,tecnico,volumen,67.057928,,unidades,2026-01-24,2026-09-04T15:49:34Z,Coinbase,2,,,engine/technical/README.md,
BTC,crypto,tecnico,volumen,299.848312,,unidades,2026-01-25,2026-09-04T15:49:34Z,Coinbase,2,,,engine/technical/README.md,
BTC,crypto,tecnico,volumen,265.027621,,unidades,2026-01-26,2026-09-04T15:49:34Z,Coinbase,2,,,engine/technical/README.md,
BTC,crypto,tecnico,volumen,227.486689,,unidades,2026-01-27,2026-09-04T15:49:34Z,Coinbase,2,,,engine/technical/README.md,
BTC,crypto,tecnico,volumen,250.937447,,unidades,2026-01-28,2026-09-04T15:49:34Z,Coinbase,2,,,engine/technical/README.md,
BTC,crypto,tecnico,volumen,490.527591,,unidades,2026-01-29,2026-09-04T15:49:34Z,Coinbase,2,,,engine/technical/README.md,
BTC,crypto,tecnico,volumen,536.835875,,unidades,2026-01-30,2026-09-04T15:49:34Z,Coinbase,2,,,engine/technical/README.md,
BTC,crypto,tecnico,volumen,569.103337,,unidades,2026-01-31,2026-09-04T15:49:34Z,Coinbase,2,,,engine/technical/README.md,
BTC,crypto,tecnico,volumen,666.230792,,unidades,2026-02-01,2026-09-04T15:49:34Z,Coinbase,2,,,engine/technical/README.md,
BTC,crypto,tecnico,volumen,708.544658,,unidades,2026-02-02,2026-09-04T15:49:34Z,Coinbase,2,,,engine/technical/README.md,
BTC,crypto,tecnico,volumen,563.815574,,unidades,2026-02-03,2026-09-04T15:49:34Z,Coinbase,2,,,engine/technical/README.md,
BTC,crypto,tecnico,volumen,579.468289,,unidades,2026-02-04,2026-09-04T15:49:34Z,Coinbase,2,,,engine/technical/README.md,
BTC,crypto,tecnico,volumen,1925.308592,,unidades,2026-02-05,2026-09-04T15:49:34Z,Coinbase,2,,,engine/technical/README.md,
BTC,crypto,tecnico,volumen,1558.46204,,unidades,2026-02-06,2026-09-04T15:49:34Z,Coinbase,2,,,engine/technical/README.md,
BTC,crypto,tecnico,volumen,426.096781,,unidades,2026-02-07,2026-09-04T15:49:34Z,Coinbase,2,,,engine/technical/README.md,
BTC,crypto,tecnico,volumen,453.363567,,unidades,2026-02-08,2026-09-04T15:49:34Z,Coinbase,2,,,engine/technical/README.md,
BTC,crypto,tecnico,volumen,553.459403,,unidades,2026-02-09,2026-09-04T15:49:34Z,Coinbase,2,,,engine/technical/README.md,
BTC,crypto,tecnico,volumen,418.726328,,unidades,2026-02-10,2026-09-04T15:49:34Z,Coinbase,2,,,engine/technical/README.md,
BTC,crypto,tecnico,volumen,522.64922,,unidades,2026-02-11,2026-09-04T15:49:34Z,Coinbase,2,,,engine/technical/README.md,
BTC,crypto,tecnico,volumen,585.680265,,unidades,2026-02-12,2026-09-04T15:49:34Z,Coinbase,2,,,engine/technical/README.md,
BTC,crypto,tecnico,volumen,465.881977,,unidades,2026-02-13,2026-09-04T15:49:34Z,Coinbase,2,,,engine/technical/README.md,
BTC,crypto,tecnico,volumen,241.176637,,unidades,2026-02-14,2026-09-04T15:49:34Z,Coinbase,2,,,engine/technical/README.md,
BTC,crypto,tecnico,volumen,279.915828,,unidades,2026-02-15,2026-09-04T15:49:34Z,Coinbase,2,,,engine/technical/README.md,
BTC,crypto,tecnico,volumen,295.941059,,unidades,2026-02-16,2026-09-04T15:49:34Z,Coinbase,2,,,engine/technical/README.md,
BTC,crypto,tecnico,volumen,264.857015,,unidades,2026-02-17,2026-09-04T15:49:34Z,Coinbase,2,,,engine/technical/README.md,
BTC,crypto,tecnico,volumen,348.956509,,unidades,2026-02-18,2026-09-04T15:49:34Z,Coinbase,2,,,engine/technical/README.md,
BTC,crypto,tecnico,volumen,382.593785,,unidades,2026-02-19,2026-09-04T15:49:34Z,Coinbase,2,,,engine/technical/README.md,
BTC,crypto,tecnico,volumen,396.994252,,unidades,2026-02-20,2026-09-04T15:49:34Z,Coinbase,2,,,engine/technical/README.md,
BTC,crypto,tecnico,volumen,129.7168,,unidades,2026-02-21,2026-09-04T15:49:34Z,Coinbase,2,,,engine/technical/README.md,
BTC,crypto,tecnico,volumen,134.548853,,unidades,2026-02-22,2026-09-04T15:49:34Z,Coinbase,2,,,engine/technical/README.md,
BTC,crypto,tecnico,volumen,518.519856,,unidades,2026-02-23,2026-09-04T15:49:34Z,Coinbase,2,,,engine/technical/README.md,
BTC,crypto,tecnico,volumen,427.154961,,unidades,2026-02-24,2026-09-04T15:49:34Z,Coinbase,2,,,engine/technical/README.md,
BTC,crypto,tecnico,volumen,478.722375,,unidades,2026-02-25,2026-09-04T15:49:34Z,Coinbase,2,,,engine/technical/README.md,
BTC,crypto,tecnico,volumen,315.196342,,unidades,2026-02-26,2026-09-04T15:49:34Z,Coinbase,2,,,engine/technical/README.md,
BTC,crypto,tecnico,volumen,395.545645,,unidades,2026-02-27,2026-09-04T15:49:34Z,Coinbase,2,,,engine/technical/README.md,
BTC,crypto,tecnico,volumen,549.249716,,unidades,2026-02-28,2026-09-04T15:49:34Z,Coinbase,2,,,engine/technical/README.md,
BTC,crypto,tecnico,volumen,458.741288,,unidades,2026-03-01,2026-09-04T15:49:34Z,Coinbase,2,,,engine/technical/README.md,
BTC,crypto,tecnico,volumen,442.895644,,unidades,2026-03-02,2026-09-04T15:49:34Z,Coinbase,2,,,engine/technical/README.md,
BTC,crypto,tecnico,volumen,445.731798,,unidades,2026-03-03,2026-09-04T15:49:34Z,Coinbase,2,,,engine/technical/README.md,
BTC,crypto,tecnico,volumen,739.545522,,unidades,2026-03-04,2026-09-04T15:49:34Z,Coinbase,2,,,engine/technical/README.md,
BTC,crypto,tecnico,volumen,482.98244,,unidades,2026-03-05,2026-09-04T15:49:34Z,Coinbase,2,,,engine/technical/README.md,
BTC,crypto,tecnico,volumen,429.664021,,unidades,2026-03-06,2026-09-04T15:49:34Z,Coinbase,2,,,engine/technical/README.md,
BTC,crypto,tecnico,volumen,174.536993,,unidades,2026-03-07,2026-09-04T15:49:34Z,Coinbase,2,,,engine/technical/README.md,
BTC,crypto,tecnico,volumen,254.054638,,unidades,2026-03-08,2026-09-04T15:49:34Z,Coinbase,2,,,engine/technical/README.md,
BTC,crypto,tecnico,volumen,402.253346,,unidades,2026-03-09,2026-09-04T15:49:34Z,Coinbase,2,,,engine/technical/README.md,
BTC,crypto,tecnico,volumen,451.164869,,unidades,2026-03-10,2026-09-04T15:49:34Z,Coinbase,2,,,engine/technical/README.md,
BTC,crypto,tecnico,volumen,308.450583,,unidades,2026-03-11,2026-09-04T15:49:34Z,Coinbase,2,,,engine/technical/README.md,
BTC,crypto,tecnico,volumen,275.19282,,unidades,2026-03-12,2026-09-04T15:49:34Z,Coinbase,2,,,engine/technical/README.md,
BTC,crypto,tecnico,volumen,533.138618,,unidades,2026-03-13,2026-09-04T15:49:34Z,Coinbase,2,,,engine/technical/README.md,
BTC,crypto,tecnico,volumen,150.460988,,unidades,2026-03-14,2026-09-04T15:49:34Z,Coinbase,2,,,engine/technical/README.md,
BTC,crypto,tecnico,volumen,308.551887,,unidades,2026-03-15,2026-09-04T15:49:34Z,Coinbase,2,,,engine/technical/README.md,
BTC,crypto,tecnico,volumen,614.635191,,unidades,2026-03-16,2026-09-04T15:49:34Z,Coinbase,2,,,engine/technical/README.md,
BTC,crypto,tecnico,volumen,356.511135,,unidades,2026-03-17,2026-09-04T15:49:34Z,Coinbase,2,,,engine/technical/README.md,
BTC,crypto,tecnico,volumen,331.259293,,unidades,2026-03-18,2026-09-04T15:49:34Z,Coinbase,2,,,engine/technical/README.md,
BTC,crypto,tecnico,volumen,449.88293,,unidades,2026-03-19,2026-09-04T15:49:34Z,Coinbase,2,,,engine/technical/README.md,
BTC,crypto,tecnico,volumen,367.344886,,unidades,2026-03-20,2026-09-04T15:49:34Z,Coinbase,2,,,engine/technical/README.md,
BTC,crypto,tecnico,volumen,120.448927,,unidades,2026-03-21,2026-09-04T15:49:34Z,Coinbase,2,,,engine/technical/README.md,
BTC,crypto,tecnico,volumen,333.442051,,unidades,2026-03-22,2026-09-04T15:49:34Z,Coinbase,2,,,engine/technical/README.md,
BTC,crypto,tecnico,volumen,500.02351,,unidades,2026-03-23,2026-09-04T15:49:34Z,Coinbase,2,,,engine/technical/README.md,
BTC,crypto,tecnico,volumen,384.663587,,unidades,2026-03-24,2026-09-04T15:49:34Z,Coinbase,2,,,engine/technical/README.md,
BTC,crypto,tecnico,volumen,369.010187,,unidades,2026-03-25,2026-09-04T15:49:34Z,Coinbase,2,,,engine/technical/README.md,
BTC,crypto,tecnico,volumen,364.28702,,unidades,2026-03-26,2026-09-04T15:49:34Z,Coinbase,2,,,engine/technical/README.md,
BTC,crypto,tecnico,volumen,442.640541,,unidades,2026-03-27,2026-09-04T15:49:34Z,Coinbase,2,,,engine/technical/README.md,
BTC,crypto,tecnico,volumen,218.512487,,unidades,2026-03-28,2026-09-04T15:49:34Z,Coinbase,2,,,engine/technical/README.md,
BTC,crypto,tecnico,volumen,172.508393,,unidades,2026-03-29,2026-09-04T15:49:34Z,Coinbase,2,,,engine/technical/README.md,
BTC,crypto,tecnico,volumen,311.56234,,unidades,2026-03-30,2026-09-04T15:49:34Z,Coinbase,2,,,engine/technical/README.md,
BTC,crypto,tecnico,volumen,327.719476,,unidades,2026-03-31,2026-09-04T15:49:34Z,Coinbase,2,,,engine/technical/README.md,
BTC,crypto,tecnico,volumen,365.851256,,unidades,2026-04-01,2026-09-04T15:49:34Z,Coinbase,2,,,engine/technical/README.md,
BTC,crypto,tecnico,volumen,313.812706,,unidades,2026-04-02,2026-09-04T15:49:34Z,Coinbase,2,,,engine/technical/README.md,
BTC,crypto,tecnico,volumen,167.466105,,unidades,2026-04-03,2026-09-04T15:49:34Z,Coinbase,2,,,engine/technical/README.md,
BTC,crypto,tecnico,volumen,151.592093,,unidades,2026-04-04,2026-09-04T15:49:34Z,Coinbase,2,,,engine/technical/README.md,
BTC,crypto,tecnico,volumen,274.53077,,unidades,2026-04-05,2026-09-04T15:49:34Z,Coinbase,2,,,engine/technical/README.md,
BTC,crypto,tecnico,volumen,411.843615,,unidades,2026-04-06,2026-09-04T15:49:34Z,Coinbase,2,,,engine/technical/README.md,
BTC,crypto,tecnico,volumen,652.42178,,unidades,2026-04-07,2026-09-04T15:49:34Z,Coinbase,2,,,engine/technical/README.md,
BTC,crypto,tecnico,volumen,437.586825,,unidades,2026-04-08,2026-09-04T15:49:34Z,Coinbase,2,,,engine/technical/README.md,
BTC,crypto,tecnico,volumen,431.485532,,unidades,2026-04-09,2026-09-04T15:49:34Z,Coinbase,2,,,engine/technical/README.md,
BTC,crypto,tecnico,volumen,378.259698,,unidades,2026-04-10,2026-09-04T15:49:34Z,Coinbase,2,,,engine/technical/README.md,
BTC,crypto,tecnico,volumen,145.816439,,unidades,2026-04-11,2026-09-04T15:49:34Z,Coinbase,2,,,engine/technical/README.md,
BTC,crypto,tecnico,volumen,313.530389,,unidades,2026-04-12,2026-09-04T15:49:34Z,Coinbase,2,,,engine/technical/README.md,
BTC,crypto,tecnico,volumen,434.150291,,unidades,2026-04-13,2026-09-04T15:49:34Z,Coinbase,2,,,engine/technical/README.md,
BTC,crypto,tecnico,volumen,482.138825,,unidades,2026-04-14,2026-09-04T15:49:34Z,Coinbase,2,,,engine/technical/README.md,
BTC,crypto,tecnico,volumen,318.505869,,unidades,2026-04-15,2026-09-04T15:49:34Z,Coinbase,2,,,engine/technical/README.md,
BTC,crypto,tecnico,volumen,348.057824,,unidades,2026-04-16,2026-09-04T15:49:34Z,Coinbase,2,,,engine/technical/README.md,
BTC,crypto,tecnico,volumen,460.560782,,unidades,2026-04-17,2026-09-04T15:49:34Z,Coinbase,2,,,engine/technical/README.md,
BTC,crypto,tecnico,volumen,294.43629,,unidades,2026-04-18,2026-09-04T15:49:34Z,Coinbase,2,,,engine/technical/README.md,
BTC,crypto,tecnico,volumen,294.730746,,unidades,2026-04-19,2026-09-04T15:49:34Z,Coinbase,2,,,engine/technical/README.md,
BTC,crypto,tecnico,volumen,362.059352,,unidades,2026-04-20,2026-09-04T15:49:34Z,Coinbase,2,,,engine/technical/README.md,
BTC,crypto,tecnico,volumen,352.908809,,unidades,2026-04-21,2026-09-04T15:49:34Z,Coinbase,2,,,engine/technical/README.md,
BTC,crypto,tecnico,volumen,488.288013,,unidades,2026-04-22,2026-09-04T15:49:34Z,Coinbase,2,,,engine/technical/README.md,
BTC,crypto,tecnico,volumen,338.224395,,unidades,2026-04-23,2026-09-04T15:49:34Z,Coinbase,2,,,engine/technical/README.md,
BTC,crypto,tecnico,volumen,286.855112,,unidades,2026-04-24,2026-09-04T15:49:34Z,Coinbase,2,,,engine/technical/README.md,
BTC,crypto,tecnico,volumen,123.800219,,unidades,2026-04-25,2026-09-04T15:49:34Z,Coinbase,2,,,engine/technical/README.md,
BTC,crypto,tecnico,volumen,200.54919,,unidades,2026-04-26,2026-09-04T15:49:34Z,Coinbase,2,,,engine/technical/README.md,
BTC,crypto,tecnico,volumen,272.509288,,unidades,2026-04-27,2026-09-04T15:49:34Z,Coinbase,2,,,engine/technical/README.md,
BTC,crypto,tecnico,volumen,242.249086,,unidades,2026-04-28,2026-09-04T15:49:34Z,Coinbase,2,,,engine/technical/README.md,
BTC,crypto,tecnico,volumen,306.352322,,unidades,2026-04-29,2026-09-04T15:49:34Z,Coinbase,2,,,engine/technical/README.md,
BTC,crypto,tecnico,volumen,208.448773,,unidades,2026-04-30,2026-09-04T15:49:34Z,Coinbase,2,,,engine/technical/README.md,
BTC,crypto,tecnico,volumen,249.682983,,unidades,2026-05-01,2026-09-04T15:49:34Z,Coinbase,2,,,engine/technical/README.md,
BTC,crypto,tecnico,volumen,106.488509,,unidades,2026-05-02,2026-09-04T15:49:34Z,Coinbase,2,,,engine/technical/README.md,
BTC,crypto,tecnico,volumen,147.765063,,unidades,2026-05-03,2026-09-04T15:49:34Z,Coinbase,2,,,engine/technical/README.md,
BTC,crypto,tecnico,volumen,403.042848,,unidades,2026-05-04,2026-09-04T15:49:34Z,Coinbase,2,,,engine/technical/README.md,
BTC,crypto,tecnico,volumen,318.815146,,unidades,2026-05-05,2026-09-04T15:49:34Z,Coinbase,2,,,engine/technical/README.md,
BTC,crypto,tecnico,volumen,337.834851,,unidades,2026-05-06,2026-09-04T15:49:34Z,Coinbase,2,,,engine/technical/README.md,
BTC,crypto,tecnico,volumen,251.883273,,unidades,2026-05-07,2026-09-04T15:49:34Z,Coinbase,2,,,engine/technical/README.md,
BTC,crypto,tecnico,volumen,144.259858,,unidades,2026-05-08,2026-09-04T15:49:34Z,Coinbase,2,,,engine/technical/README.md,
BTC,crypto,tecnico,volumen,75.848988,,unidades,2026-05-09,2026-09-04T15:49:34Z,Coinbase,2,,,engine/technical/README.md,
BTC,crypto,tecnico,volumen,141.636958,,unidades,2026-05-10,2026-09-04T15:49:34Z,Coinbase,2,,,engine/technical/README.md,
BTC,crypto,tecnico,volumen,188.830998,,unidades,2026-05-11,2026-09-04T15:49:34Z,Coinbase,2,,,engine/technical/README.md,
BTC,crypto,tecnico,volumen,155.019564,,unidades,2026-05-12,2026-09-04T15:49:34Z,Coinbase,2,,,engine/technical/README.md,
BTC,crypto,tecnico,volumen,227.080509,,unidades,2026-05-13,2026-09-04T15:49:34Z,Coinbase,2,,,engine/technical/README.md,
BTC,crypto,tecnico,volumen,241.756358,,unidades,2026-05-14,2026-09-04T15:49:34Z,Coinbase,2,,,engine/technical/README.md,
BTC,crypto,tecnico,volumen,266.02712,,unidades,2026-05-15,2026-09-04T15:49:34Z,Coinbase,2,,,engine/technical/README.md,
BTC,crypto,tecnico,volumen,122.633614,,unidades,2026-05-16,2026-09-04T15:49:34Z,Coinbase,2,,,engine/technical/README.md,
BTC,crypto,tecnico,volumen,105.756383,,unidades,2026-05-17,2026-09-04T15:49:34Z,Coinbase,2,,,engine/technical/README.md,
BTC,crypto,tecnico,volumen,281.077071,,unidades,2026-05-18,2026-09-04T15:49:34Z,Coinbase,2,,,engine/technical/README.md,
BTC,crypto,tecnico,volumen,163.932142,,unidades,2026-05-19,2026-09-04T15:49:34Z,Coinbase,2,,,engine/technical/README.md,
BTC,crypto,tecnico,volumen,159.125106,,unidades,2026-05-20,2026-09-04T15:49:34Z,Coinbase,2,,,engine/technical/README.md,
BTC,crypto,tecnico,volumen,231.858198,,unidades,2026-05-21,2026-09-04T15:49:34Z,Coinbase,2,,,engine/technical/README.md,
BTC,crypto,tecnico,volumen,212.235482,,unidades,2026-05-22,2026-09-04T15:49:34Z,Coinbase,2,,,engine/technical/README.md,
BTC,crypto,tecnico,volumen,215.07152,,unidades,2026-05-23,2026-09-04T15:49:34Z,Coinbase,2,,,engine/technical/README.md,
BTC,crypto,tecnico,volumen,145.206112,,unidades,2026-05-24,2026-09-04T15:49:34Z,Coinbase,2,,,engine/technical/README.md,
BTC,crypto,tecnico,volumen,135.557277,,unidades,2026-05-25,2026-09-04T15:49:34Z,Coinbase,2,,,engine/technical/README.md,
BTC,crypto,tecnico,volumen,233.391157,,unidades,2026-05-26,2026-09-04T15:49:34Z,Coinbase,2,,,engine/technical/README.md,
BTC,crypto,tecnico,volumen,275.093611,,unidades,2026-05-27,2026-09-04T15:49:34Z,Coinbase,2,,,engine/technical/README.md,
BTC,crypto,tecnico,volumen,426.304857,,unidades,2026-05-28,2026-09-04T15:49:34Z,Coinbase,2,,,engine/technical/README.md,
BTC,crypto,tecnico,volumen,325.713664,,unidades,2026-05-29,2026-09-04T15:49:34Z,Coinbase,2,,,engine/technical/README.md,
BTC,crypto,tecnico,volumen,75.610175,,unidades,2026-05-30,2026-09-04T15:49:34Z,Coinbase,2,,,engine/technical/README.md,
BTC,crypto,tecnico,volumen,91.783356,,unidades,2026-05-31,2026-09-04T15:49:34Z,Coinbase,2,,,engine/technical/README.md,
BTC,crypto,tecnico,volumen,429.470742,,unidades,2026-06-01,2026-09-04T15:49:34Z,Coinbase,2,,,engine/technical/README.md,
BTC,crypto,tecnico,volumen,705.026676,,unidades,2026-06-02,2026-09-04T15:49:34Z,Coinbase,2,,,engine/technical/README.md,
BTC,crypto,tecnico,volumen,614.291442,,unidades,2026-06-03,2026-09-04T15:49:34Z,Coinbase,2,,,engine/technical/README.md,
BTC,crypto,tecnico,volumen,814.184006,,unidades,2026-06-04,2026-09-04T15:49:34Z,Coinbase,2,,,engine/technical/README.md,
BTC,crypto,tecnico,volumen,1114.207942,,unidades,2026-06-05,2026-09-04T15:49:34Z,Coinbase,2,,,engine/technical/README.md,
BTC,crypto,tecnico,volumen,433.759025,,unidades,2026-06-06,2026-09-04T15:49:34Z,Coinbase,2,,,engine/technical/README.md,
BTC,crypto,tecnico,volumen,643.678405,,unidades,2026-06-07,2026-09-04T15:49:34Z,Coinbase,2,,,engine/technical/README.md,
BTC,crypto,tecnico,volumen,571.719412,,unidades,2026-06-08,2026-09-04T15:49:34Z,Coinbase,2,,,engine/technical/README.md,
BTC,crypto,tecnico,volumen,604.800281,,unidades,2026-06-09,2026-09-04T15:49:34Z,Coinbase,2,,,engine/technical/README.md,
BTC,crypto,tecnico,volumen,450.679428,,unidades,2026-06-10,2026-09-04T15:49:34Z,Coinbase,2,,,engine/technical/README.md,
BTC,crypto,tecnico,volumen,439.267745,,unidades,2026-06-11,2026-09-04T15:49:34Z,Coinbase,2,,,engine/technical/README.md,
BTC,crypto,tecnico,volumen,385.094976,,unidades,2026-06-12,2026-09-04T15:49:34Z,Coinbase,2,,,engine/technical/README.md,
BTC,crypto,tecnico,volumen,182.732826,,unidades,2026-06-13,2026-09-04T15:49:34Z,Coinbase,2,,,engine/technical/README.md,
BTC,crypto,tecnico,volumen,225.718218,,unidades,2026-06-14,2026-09-04T15:49:34Z,Coinbase,2,,,engine/technical/README.md,
BTC,crypto,tecnico,volumen,557.77272,,unidades,2026-06-15,2026-09-04T15:49:34Z,Coinbase,2,,,engine/technical/README.md,
BTC,crypto,tecnico,volumen,352.079135,,unidades,2026-06-16,2026-09-04T15:49:34Z,Coinbase,2,,,engine/technical/README.md,
BTC,crypto,tecnico,volumen,316.354851,,unidades,2026-06-17,2026-09-04T15:49:34Z,Coinbase,2,,,engine/technical/README.md,
BTC,crypto,tecnico,volumen,397.403897,,unidades,2026-06-18,2026-09-04T15:49:34Z,Coinbase,2,,,engine/technical/README.md,
BTC,crypto,tecnico,volumen,231.771692,,unidades,2026-06-19,2026-09-04T15:49:34Z,Coinbase,2,,,engine/technical/README.md,
BTC,crypto,tecnico,volumen,114.424572,,unidades,2026-06-20,2026-09-04T15:49:34Z,Coinbase,2,,,engine/technical/README.md,
BTC,crypto,tecnico,volumen,104.801565,,unidades,2026-06-21,2026-09-04T15:49:34Z,Coinbase,2,,,engine/technical/README.md,
BTC,crypto,tecnico,volumen,298.943131,,unidades,2026-06-22,2026-09-04T15:49:34Z,Coinbase,2,,,engine/technical/README.md,
BTC,crypto,tecnico,volumen,268.924932,,unidades,2026-06-23,2026-09-04T15:49:34Z,Coinbase,2,,,engine/technical/README.md,
BTC,crypto,tecnico,volumen,531.249034,,unidades,2026-06-24,2026-09-04T15:49:34Z,Coinbase,2,,,engine/technical/README.md,
BTC,crypto,tecnico,volumen,691.013479,,unidades,2026-06-25,2026-09-04T15:49:34Z,Coinbase,2,,,engine/technical/README.md,
BTC,crypto,tecnico,volumen,427.822558,,unidades,2026-06-26,2026-09-04T15:49:34Z,Coinbase,2,,,engine/technical/README.md,
BTC,crypto,tecnico,volumen,140.134652,,unidades,2026-06-27,2026-09-04T15:49:34Z,Coinbase,2,,,engine/technical/README.md,
BTC,crypto,tecnico,volumen,128.349869,,unidades,2026-06-28,2026-09-04T15:49:34Z,Coinbase,2,,,engine/technical/README.md,
BTC,crypto,tecnico,volumen,516.324091,,unidades,2026-06-29,2026-09-04T15:49:34Z,Coinbase,2,,,engine/technical/README.md,
BTC,crypto,tecnico,volumen,522.804851,,unidades,2026-06-30,2026-09-04T15:49:34Z,Coinbase,2,,,engine/technical/README.md,
BTC,crypto,tecnico,volumen,456.971856,,unidades,2026-07-01,2026-09-04T15:49:34Z,Coinbase,2,,,engine/technical/README.md,
BTC,crypto,tecnico,volumen,513.935525,,unidades,2026-07-02,2026-09-04T15:49:34Z,Coinbase,2,,,engine/technical/README.md,
BTC,crypto,tecnico,volumen,247.267314,,unidades,2026-07-03,2026-09-04T15:49:34Z,Coinbase,2,,,engine/technical/README.md,
BTC,crypto,tecnico,volumen,130.477562,,unidades,2026-07-04,2026-09-04T15:49:34Z,Coinbase,2,,,engine/technical/README.md,
BTC,crypto,tecnico,volumen,190.524261,,unidades,2026-07-05,2026-09-04T15:49:34Z,Coinbase,2,,,engine/technical/README.md,
BTC,crypto,tecnico,volumen,400.895972,,unidades,2026-07-06,2026-09-04T15:49:34Z,Coinbase,2,,,engine/technical/README.md,
BTC,crypto,tecnico,volumen,375.39408,,unidades,2026-07-07,2026-09-04T15:49:34Z,Coinbase,2,,,engine/technical/README.md,
BTC,crypto,tecnico,volumen,330.203811,,unidades,2026-07-08,2026-09-04T15:49:34Z,Coinbase,2,,,engine/technical/README.md,
BTC,crypto,tecnico,volumen,199.887051,,unidades,2026-07-09,2026-09-04T15:49:34Z,Coinbase,2,,,engine/technical/README.md,
BTC,crypto,tecnico,volumen,337.849222,,unidades,2026-07-10,2026-09-04T15:49:34Z,Coinbase,2,,,engine/technical/README.md,
BTC,crypto,tecnico,volumen,78.341876,,unidades,2026-07-11,2026-09-04T15:49:34Z,Coinbase,2,,,engine/technical/README.md,
BTC,crypto,tecnico,volumen,85.141741,,unidades,2026-07-12,2026-09-04T15:49:34Z,Coinbase,2,,,engine/technical/README.md,
BTC,crypto,tecnico,volumen,412.433924,,unidades,2026-07-13,2026-09-04T15:49:34Z,Coinbase,2,,,engine/technical/README.md,
BTC,crypto,tecnico,volumen,288.814044,,unidades,2026-07-14,2026-09-04T15:49:34Z,Coinbase,2,,,engine/technical/README.md,
BTC,crypto,tecnico,volumen,236.916438,,unidades,2026-07-15,2026-09-04T15:49:34Z,Coinbase,2,,,engine/technical/README.md,
BTC,crypto,tecnico,volumen,157.375335,,unidades,2026-07-16,2026-09-04T15:49:34Z,Coinbase,2,,,engine/technical/README.md,
BTC,crypto,tecnico,volumen,194.429676,,unidades,2026-07-17,2026-09-04T15:49:34Z,Coinbase,2,,,engine/technical/README.md,
BTC,crypto,tecnico,volumen,71.022306,,unidades,2026-07-18,2026-09-04T15:49:34Z,Coinbase,2,,,engine/technical/README.md,
BTC,crypto,tecnico,volumen,93.705766,,unidades,2026-07-19,2026-09-04T15:49:34Z,Coinbase,2,,,engine/technical/README.md,
BTC,crypto,tecnico,volumen,265.252838,,unidades,2026-07-21,2026-09-04T15:49:34Z,Coinbase,2,,,engine/technical/README.md,
BTC,crypto,tecnico,volumen,161.010365,,unidades,2026-07-22,2026-09-04T15:49:34Z,Coinbase,2,,,engine/technical/README.md,
BTC,crypto,tecnico,volumen,284.469611,,unidades,2026-07-23,2026-09-04T15:49:34Z,Coinbase,2,,,engine/technical/README.md,
BTC,crypto,tecnico,volumen,236.75202,,unidades,2026-07-24,2026-09-04T15:49:34Z,Coinbase,2,,,engine/technical/README.md,
BTC,crypto,tecnico,volumen,54.933244,,unidades,2026-07-25,2026-09-04T15:49:34Z,Coinbase,2,,,engine/technical/README.md,
BTC,crypto,tecnico,volumen,69.491793,,unidades,2026-07-26,2026-09-04T15:49:34Z,Coinbase,2,,,engine/technical/README.md,
BTC,crypto,tecnico,volumen,200.450323,,unidades,2026-07-27,2026-09-04T15:49:34Z,Coinbase,2,,,engine/technical/README.md,
BTC,crypto,tecnico,volumen,205.493289,,unidades,2026-07-28,2026-09-04T15:49:34Z,Coinbase,2,,,engine/technical/README.md,
BTC,crypto,tecnico,volumen,281.424467,,unidades,2026-07-29,2026-09-04T15:49:34Z,Coinbase,2,,,engine/technical/README.md,
BTC,crypto,tecnico,volumen,157.964264,,unidades,2026-07-30,2026-09-04T15:49:34Z,Coinbase,2,,,engine/technical/README.md,
BTC,crypto,tecnico,volumen,233.424593,,unidades,2026-07-31,2026-09-04T15:49:34Z,Coinbase,2,,,engine/technical/README.md,
BTC,crypto,tecnico,volumen,90.808506,,unidades,2026-08-01,2026-09-04T15:49:34Z,Coinbase,2,,,engine/technical/README.md,
BTC,crypto,tecnico,volumen,88.938097,,unidades,2026-08-02,2026-09-04T15:49:34Z,Coinbase,2,,,engine/technical/README.md,
BTC,crypto,tecnico,volumen,224.440415,,unidades,2026-08-03,2026-09-04T15:49:34Z,Coinbase,2,,,engine/technical/README.md,
BTC,crypto,tecnico,volumen,213.621868,,unidades,2026-08-04,2026-09-04T15:49:34Z,Coinbase,2,,,engine/technical/README.md,
BTC,crypto,tecnico,volumen,182.217111,,unidades,2026-08-05,2026-09-04T15:49:34Z,Coinbase,2,,,engine/technical/README.md,
BTC,crypto,tecnico,volumen,136.760293,,unidades,2026-08-06,2026-09-04T15:49:34Z,Coinbase,2,,,engine/technical/README.md,
BTC,crypto,tecnico,volumen,151.912223,,unidades,2026-08-07,2026-09-04T15:49:34Z,Coinbase,2,,,engine/technical/README.md,
BTC,crypto,tecnico,volumen,53.420718,,unidades,2026-08-08,2026-09-04T15:49:34Z,Coinbase,2,,,engine/technical/README.md,
BTC,crypto,tecnico,volumen,58.616126,,unidades,2026-08-09,2026-09-04T15:49:34Z,Coinbase,2,,,engine/technical/README.md,
BTC,crypto,tecnico,volumen,195.076893,,unidades,2026-08-10,2026-09-04T15:49:34Z,Coinbase,2,,,engine/technical/README.md,
BTC,crypto,tecnico,volumen,149.325883,,unidades,2026-08-11,2026-09-04T15:49:34Z,Coinbase,2,,,engine/technical/README.md,
BTC,crypto,tecnico,volumen,183.09509,,unidades,2026-08-12,2026-09-04T15:49:34Z,Coinbase,2,,,engine/technical/README.md,
BTC,crypto,tecnico,volumen,163.550144,,unidades,2026-08-13,2026-09-04T15:49:34Z,Coinbase,2,,,engine/technical/README.md,
BTC,crypto,tecnico,volumen,216.962495,,unidades,2026-08-14,2026-09-04T15:49:34Z,Coinbase,2,,,engine/technical/README.md,
BTC,crypto,tecnico,volumen,58.641141,,unidades,2026-08-15,2026-09-04T15:49:34Z,Coinbase,2,,,engine/technical/README.md,
BTC,crypto,tecnico,volumen,54.719727,,unidades,2026-08-16,2026-09-04T15:49:34Z,Coinbase,2,,,engine/technical/README.md,
BTC,crypto,tecnico,volumen,227.601456,,unidades,2026-08-17,2026-09-04T15:49:34Z,Coinbase,2,,,engine/technical/README.md,
BTC,crypto,tecnico,volumen,168.331906,,unidades,2026-08-18,2026-09-04T15:49:34Z,Coinbase,2,,,engine/technical/README.md,
BTC,crypto,tecnico,volumen,476.90304,,unidades,2026-08-19,2026-09-04T15:49:34Z,Coinbase,2,,,engine/technical/README.md,
BTC,crypto,tecnico,volumen,511.493189,,unidades,2026-08-20,2026-09-04T15:49:34Z,Coinbase,2,,,engine/technical/README.md,
BTC,crypto,tecnico,volumen,579.115851,,unidades,2026-08-21,2026-09-04T15:49:34Z,Coinbase,2,,,engine/technical/README.md,
BTC,crypto,tecnico,volumen,241.268144,,unidades,2026-08-22,2026-09-04T15:49:34Z,Coinbase,2,,,engine/technical/README.md,
BTC,crypto,tecnico,volumen,186.40666,,unidades,2026-08-23,2026-09-04T15:49:34Z,Coinbase,2,,,engine/technical/README.md,
BTC,crypto,tecnico,volumen,380.155016,,unidades,2026-08-24,2026-09-04T15:49:34Z,Coinbase,2,,,engine/technical/README.md,
BTC,crypto,tecnico,volumen,367.030666,,unidades,2026-08-25,2026-09-04T15:49:34Z,Coinbase,2,,,engine/technical/README.md,
BTC,crypto,tecnico,volumen,204.724014,,unidades,2026-08-26,2026-09-04T15:49:34Z,Coinbase,2,,,engine/technical/README.md,
BTC,crypto,tecnico,volumen,307.501092,,unidades,2026-08-27,2026-09-04T15:49:34Z,Coinbase,2,,,engine/technical/README.md,
BTC,crypto,tecnico,volumen,336.992307,,unidades,2026-08-28,2026-09-04T15:49:34Z,Coinbase,2,,,engine/technical/README.md,
BTC,crypto,tecnico,volumen,72.683961,,unidades,2026-08-29,2026-09-04T15:49:34Z,Coinbase,2,,,engine/technical/README.md,
BTC,crypto,tecnico,volumen,144.72365,,unidades,2026-08-30,2026-09-04T15:49:34Z,Coinbase,2,,,engine/technical/README.md,
BTC,crypto,tecnico,volumen,274.883225,,unidades,2026-08-31,2026-09-04T15:49:34Z,Coinbase,2,,,engine/technical/README.md,
BTC,crypto,tecnico,volumen,250.074993,,unidades,2026-09-01,2026-09-04T15:49:34Z,Coinbase,2,,,engine/technical/README.md,
BTC,crypto,tecnico,volumen,210.827181,,unidades,2026-09-02,2026-09-04T15:49:34Z,Coinbase,2,,,engine/technical/README.md,
BTC,crypto,tecnico,volumen,429.862454,,unidades,2026-09-03,2026-09-04T15:49:34Z,Coinbase,2,,,engine/technical/README.md,
