asset_id,asset_type,domain,metric,value,value_text,unit,data_as_of,retrieved_at,source,source_priority,confidence_pct,data_quality_pct,calculation_method,source_url
DOT,crypto,fundamental,fdv_mcap_ratio,1.0,,ratio,2026-09-03,2026-09-03T11:40:59Z,CoinGecko,2,,45,engine/crypto/README.md,
DOT,crypto,fundamental,fdv_mcap_ratio,1.0,,ratio,2026-09-04,2026-09-04T10:11:47Z,CoinGecko,2,,45,engine/crypto/README.md,
DOT,crypto,fundamental,market_cap_percentile_365d,3.2,,%,2026-09-03,2026-09-03T11:40:59Z,CoinGecko,2,,45,engine/crypto/README.md,
DOT,crypto,fundamental,market_cap_percentile_365d,3.7,,%,2026-09-04,2026-09-04T10:11:47Z,CoinGecko,2,,45,engine/crypto/README.md,
DOT,crypto,fundamental,supply_pct_of_max,81.0,,%,2026-09-03,2026-09-03T11:40:59Z,CoinGecko,2,,45,engine/crypto/README.md,
DOT,crypto,fundamental,supply_pct_of_max,81.0,,%,2026-09-04,2026-09-04T10:11:47Z,CoinGecko,2,,45,engine/crypto/README.md,
DOT,crypto,tecnico,atr14,0.104558,,EUR,2026-01-01,2026-09-04T15:50:42Z,Coinbase,2,,,engine/technical/README.md,
DOT,crypto,tecnico,atr14,0.109947,,EUR,2026-01-02,2026-09-04T15:50:42Z,Coinbase,2,,,engine/technical/README.md,
DOT,crypto,tecnico,atr14,0.108522,,EUR,2026-01-03,2026-09-04T15:50:42Z,Coinbase,2,,,engine/technical/README.md,
DOT,crypto,tecnico,atr14,0.105056,,EUR,2026-01-04,2026-09-04T15:50:42Z,Coinbase,2,,,engine/technical/README.md,
DOT,crypto,tecnico,atr14,0.106124,,EUR,2026-01-05,2026-09-04T15:50:42Z,Coinbase,2,,,engine/technical/README.md,
DOT,crypto,tecnico,atr14,0.107829,,EUR,2026-01-06,2026-09-04T15:50:42Z,Coinbase,2,,,engine/technical/README.md,
DOT,crypto,tecnico,atr14,0.107984,,EUR,2026-01-07,2026-09-04T15:50:42Z,Coinbase,2,,,engine/technical/README.md,
DOT,crypto,tecnico,atr14,0.105271,,EUR,2026-01-08,2026-09-04T15:50:42Z,Coinbase,2,,,engine/technical/README.md,
DOT,crypto,tecnico,atr14,0.103466,,EUR,2026-01-09,2026-09-04T15:50:42Z,Coinbase,2,,,engine/technical/README.md,
DOT,crypto,tecnico,atr14,0.099647,,EUR,2026-01-10,2026-09-04T15:50:42Z,Coinbase,2,,,engine/technical/README.md,
DOT,crypto,tecnico,atr14,0.097529,,EUR,2026-01-11,2026-09-04T15:50:42Z,Coinbase,2,,,engine/technical/README.md,
DOT,crypto,tecnico,atr14,0.09842,,EUR,2026-01-12,2026-09-04T15:50:42Z,Coinbase,2,,,engine/technical/README.md,
DOT,crypto,tecnico,atr14,0.109247,,EUR,2026-01-13,2026-09-04T15:50:42Z,Coinbase,2,,,engine/technical/README.md,
DOT,crypto,tecnico,atr14,0.107158,,EUR,2026-01-14,2026-09-04T15:50:42Z,Coinbase,2,,,engine/technical/README.md,
DOT,crypto,tecnico,atr14,0.108075,,EUR,2026-01-15,2026-09-04T15:50:42Z,Coinbase,2,,,engine/technical/README.md,
DOT,crypto,tecnico,atr14,0.105356,,EUR,2026-01-16,2026-09-04T15:50:42Z,Coinbase,2,,,engine/technical/README.md,
DOT,crypto,tecnico,atr14,0.104973,,EUR,2026-01-17,2026-09-04T15:50:42Z,Coinbase,2,,,engine/technical/README.md,
DOT,crypto,tecnico,atr14,0.105332,,EUR,2026-01-18,2026-09-04T15:50:42Z,Coinbase,2,,,engine/technical/README.md,
DOT,crypto,tecnico,atr14,0.110666,,EUR,2026-01-19,2026-09-04T15:50:42Z,Coinbase,2,,,engine/technical/README.md,
DOT,crypto,tecnico,atr14,0.113475,,EUR,2026-01-20,2026-09-04T15:50:42Z,Coinbase,2,,,engine/technical/README.md,
DOT,crypto,tecnico,atr14,0.113227,,EUR,2026-01-21,2026-09-04T15:50:42Z,Coinbase,2,,,engine/technical/README.md,
DOT,crypto,tecnico,atr14,0.109425,,EUR,2026-01-22,2026-09-04T15:50:42Z,Coinbase,2,,,engine/technical/README.md,
DOT,crypto,tecnico,atr14,0.107323,,EUR,2026-01-23,2026-09-04T15:50:42Z,Coinbase,2,,,engine/technical/README.md,
DOT,crypto,tecnico,atr14,0.1018,,EUR,2026-01-24,2026-09-04T15:50:42Z,Coinbase,2,,,engine/technical/README.md,
DOT,crypto,tecnico,atr14,0.103815,,EUR,2026-01-25,2026-09-04T15:50:42Z,Coinbase,2,,,engine/technical/README.md,
DOT,crypto,tecnico,atr14,0.099971,,EUR,2026-01-26,2026-09-04T15:50:42Z,Coinbase,2,,,engine/technical/README.md,
DOT,crypto,tecnico,atr14,0.09783,,EUR,2026-01-27,2026-09-04T15:50:42Z,Coinbase,2,,,engine/technical/README.md,
DOT,crypto,tecnico,atr14,0.093699,,EUR,2026-01-28,2026-09-04T15:50:42Z,Coinbase,2,,,engine/technical/README.md,
DOT,crypto,tecnico,atr14,0.097006,,EUR,2026-01-29,2026-09-04T15:50:42Z,Coinbase,2,,,engine/technical/README.md,
DOT,crypto,tecnico,atr14,0.094363,,EUR,2026-01-30,2026-09-04T15:50:42Z,Coinbase,2,,,engine/technical/README.md,
DOT,crypto,tecnico,atr14,0.104051,,EUR,2026-01-31,2026-09-04T15:50:42Z,Coinbase,2,,,engine/technical/README.md,
DOT,crypto,tecnico,atr14,0.103048,,EUR,2026-02-01,2026-09-04T15:50:42Z,Coinbase,2,,,engine/technical/README.md,
DOT,crypto,tecnico,atr14,0.103544,,EUR,2026-02-02,2026-09-04T15:50:42Z,Coinbase,2,,,engine/technical/README.md,
DOT,crypto,tecnico,atr14,0.104005,,EUR,2026-02-03,2026-09-04T15:50:42Z,Coinbase,2,,,engine/technical/README.md,
DOT,crypto,tecnico,atr14,0.102291,,EUR,2026-02-04,2026-09-04T15:50:42Z,Coinbase,2,,,engine/technical/README.md,
DOT,crypto,tecnico,atr14,0.108556,,EUR,2026-02-05,2026-09-04T15:50:42Z,Coinbase,2,,,engine/technical/README.md,
DOT,crypto,tecnico,atr14,0.118659,,EUR,2026-02-06,2026-09-04T15:50:42Z,Coinbase,2,,,engine/technical/README.md,
DOT,crypto,tecnico,atr14,0.114469,,EUR,2026-02-07,2026-09-04T15:50:42Z,Coinbase,2,,,engine/technical/README.md,
DOT,crypto,tecnico,atr14,0.10915,,EUR,2026-02-08,2026-09-04T15:50:42Z,Coinbase,2,,,engine/technical/README.md,
DOT,crypto,tecnico,atr14,0.105639,,EUR,2026-02-09,2026-09-04T15:50:42Z,Coinbase,2,,,engine/technical/README.md,
DOT,crypto,tecnico,atr14,0.101665,,EUR,2026-02-10,2026-09-04T15:50:42Z,Coinbase,2,,,engine/technical/README.md,
DOT,crypto,tecnico,atr14,0.098689,,EUR,2026-02-11,2026-09-04T15:50:42Z,Coinbase,2,,,engine/technical/README.md,
DOT,crypto,tecnico,atr14,0.095211,,EUR,2026-02-12,2026-09-04T15:50:42Z,Coinbase,2,,,engine/technical/README.md,
DOT,crypto,tecnico,atr14,0.09341,,EUR,2026-02-13,2026-09-04T15:50:42Z,Coinbase,2,,,engine/technical/README.md,
DOT,crypto,tecnico,atr14,0.092452,,EUR,2026-02-14,2026-09-04T15:50:42Z,Coinbase,2,,,engine/technical/README.md,
DOT,crypto,tecnico,atr14,0.092991,,EUR,2026-02-15,2026-09-04T15:50:42Z,Coinbase,2,,,engine/technical/README.md,
DOT,crypto,tecnico,atr14,0.090635,,EUR,2026-02-16,2026-09-04T15:50:42Z,Coinbase,2,,,engine/technical/README.md,
DOT,crypto,tecnico,atr14,0.087018,,EUR,2026-02-17,2026-09-04T15:50:42Z,Coinbase,2,,,engine/technical/README.md,
DOT,crypto,tecnico,atr14,0.085088,,EUR,2026-02-18,2026-09-04T15:50:42Z,Coinbase,2,,,engine/technical/README.md,
DOT,crypto,tecnico,atr14,0.081868,,EUR,2026-02-19,2026-09-04T15:50:42Z,Coinbase,2,,,engine/technical/README.md,
DOT,crypto,tecnico,atr14,0.08102,,EUR,2026-02-20,2026-09-04T15:50:42Z,Coinbase,2,,,engine/technical/README.md,
DOT,crypto,tecnico,atr14,0.078804,,EUR,2026-02-21,2026-09-04T15:50:42Z,Coinbase,2,,,engine/technical/README.md,
DOT,crypto,tecnico,atr14,0.076747,,EUR,2026-02-22,2026-09-04T15:50:42Z,Coinbase,2,,,engine/technical/README.md,
DOT,crypto,tecnico,atr14,0.075551,,EUR,2026-02-23,2026-09-04T15:50:42Z,Coinbase,2,,,engine/technical/README.md,
DOT,crypto,tecnico,atr14,0.073011,,EUR,2026-02-24,2026-09-04T15:50:42Z,Coinbase,2,,,engine/technical/README.md,
DOT,crypto,tecnico,atr14,0.09851,,EUR,2026-02-25,2026-09-04T15:50:42Z,Coinbase,2,,,engine/technical/README.md,
DOT,crypto,tecnico,atr14,0.10076,,EUR,2026-02-26,2026-09-04T15:50:42Z,Coinbase,2,,,engine/technical/README.md,
DOT,crypto,tecnico,atr14,0.10142,,EUR,2026-02-27,2026-09-04T15:50:42Z,Coinbase,2,,,engine/technical/README.md,
DOT,crypto,tecnico,atr14,0.107033,,EUR,2026-02-28,2026-09-04T15:50:42Z,Coinbase,2,,,engine/technical/README.md,
DOT,crypto,tecnico,atr14,0.109387,,EUR,2026-03-01,2026-09-04T15:50:42Z,Coinbase,2,,,engine/technical/README.md,
DOT,crypto,tecnico,atr14,0.109431,,EUR,2026-03-02,2026-09-04T15:50:42Z,Coinbase,2,,,engine/technical/README.md,
DOT,crypto,tecnico,atr14,0.106615,,EUR,2026-03-03,2026-09-04T15:50:42Z,Coinbase,2,,,engine/technical/README.md,
DOT,crypto,tecnico,atr14,0.102571,,EUR,2026-03-04,2026-09-04T15:50:42Z,Coinbase,2,,,engine/technical/README.md,
DOT,crypto,tecnico,atr14,0.09953,,EUR,2026-03-05,2026-09-04T15:50:42Z,Coinbase,2,,,engine/technical/README.md,
DOT,crypto,tecnico,atr14,0.098135,,EUR,2026-03-06,2026-09-04T15:50:42Z,Coinbase,2,,,engine/technical/README.md,
DOT,crypto,tecnico,atr14,0.09684,,EUR,2026-03-07,2026-09-04T15:50:42Z,Coinbase,2,,,engine/technical/README.md,
DOT,crypto,tecnico,atr14,0.094208,,EUR,2026-03-08,2026-09-04T15:50:42Z,Coinbase,2,,,engine/technical/README.md,
DOT,crypto,tecnico,atr14,0.091051,,EUR,2026-03-09,2026-09-04T15:50:42Z,Coinbase,2,,,engine/technical/README.md,
DOT,crypto,tecnico,atr14,0.088118,,EUR,2026-03-10,2026-09-04T15:50:42Z,Coinbase,2,,,engine/technical/README.md,
DOT,crypto,tecnico,atr14,0.086824,,EUR,2026-03-11,2026-09-04T15:50:42Z,Coinbase,2,,,engine/technical/README.md,
DOT,crypto,tecnico,atr14,0.08348,,EUR,2026-03-12,2026-09-04T15:50:42Z,Coinbase,2,,,engine/technical/README.md,
DOT,crypto,tecnico,atr14,0.083231,,EUR,2026-03-13,2026-09-04T15:50:42Z,Coinbase,2,,,engine/technical/README.md,
DOT,crypto,tecnico,atr14,0.080857,,EUR,2026-03-14,2026-09-04T15:50:42Z,Coinbase,2,,,engine/technical/README.md,
DOT,crypto,tecnico,atr14,0.077939,,EUR,2026-03-15,2026-09-04T15:50:42Z,Coinbase,2,,,engine/technical/README.md,
DOT,crypto,tecnico,atr14,0.085943,,EUR,2026-03-16,2026-09-04T15:50:42Z,Coinbase,2,,,engine/technical/README.md,
DOT,crypto,tecnico,atr14,0.084805,,EUR,2026-03-17,2026-09-04T15:50:42Z,Coinbase,2,,,engine/technical/README.md,
DOT,crypto,tecnico,atr14,0.086604,,EUR,2026-03-18,2026-09-04T15:50:42Z,Coinbase,2,,,engine/technical/README.md,
DOT,crypto,tecnico,atr14,0.086847,,EUR,2026-03-19,2026-09-04T15:50:42Z,Coinbase,2,,,engine/technical/README.md,
DOT,crypto,tecnico,atr14,0.084929,,EUR,2026-03-20,2026-09-04T15:50:42Z,Coinbase,2,,,engine/technical/README.md,
DOT,crypto,tecnico,atr14,0.082434,,EUR,2026-03-21,2026-09-04T15:50:42Z,Coinbase,2,,,engine/technical/README.md,
DOT,crypto,tecnico,atr14,0.082975,,EUR,2026-03-22,2026-09-04T15:50:42Z,Coinbase,2,,,engine/technical/README.md,
DOT,crypto,tecnico,atr14,0.084191,,EUR,2026-03-23,2026-09-04T15:50:42Z,Coinbase,2,,,engine/technical/README.md,
DOT,crypto,tecnico,atr14,0.082463,,EUR,2026-03-24,2026-09-04T15:50:42Z,Coinbase,2,,,engine/technical/README.md,
DOT,crypto,tecnico,atr14,0.07943,,EUR,2026-03-25,2026-09-04T15:50:42Z,Coinbase,2,,,engine/technical/README.md,
DOT,crypto,tecnico,atr14,0.078042,,EUR,2026-03-26,2026-09-04T15:50:42Z,Coinbase,2,,,engine/technical/README.md,
DOT,crypto,tecnico,atr14,0.076753,,EUR,2026-03-27,2026-09-04T15:50:42Z,Coinbase,2,,,engine/technical/README.md,
DOT,crypto,tecnico,atr14,0.074128,,EUR,2026-03-28,2026-09-04T15:50:42Z,Coinbase,2,,,engine/technical/README.md,
DOT,crypto,tecnico,atr14,0.072405,,EUR,2026-03-29,2026-09-04T15:50:42Z,Coinbase,2,,,engine/technical/README.md,
DOT,crypto,tecnico,atr14,0.070804,,EUR,2026-03-30,2026-09-04T15:50:42Z,Coinbase,2,,,engine/technical/README.md,
DOT,crypto,tecnico,atr14,0.068604,,EUR,2026-03-31,2026-09-04T15:50:42Z,Coinbase,2,,,engine/technical/README.md,
DOT,crypto,tecnico,atr14,0.067275,,EUR,2026-04-01,2026-09-04T15:50:42Z,Coinbase,2,,,engine/technical/README.md,
DOT,crypto,tecnico,atr14,0.066041,,EUR,2026-04-02,2026-09-04T15:50:42Z,Coinbase,2,,,engine/technical/README.md,
DOT,crypto,tecnico,atr14,0.062752,,EUR,2026-04-03,2026-09-04T15:50:42Z,Coinbase,2,,,engine/technical/README.md,
DOT,crypto,tecnico,atr14,0.060413,,EUR,2026-04-04,2026-09-04T15:50:42Z,Coinbase,2,,,engine/technical/README.md,
DOT,crypto,tecnico,atr14,0.058241,,EUR,2026-04-05,2026-09-04T15:50:42Z,Coinbase,2,,,engine/technical/README.md,
DOT,crypto,tecnico,atr14,0.059081,,EUR,2026-04-06,2026-09-04T15:50:42Z,Coinbase,2,,,engine/technical/README.md,
DOT,crypto,tecnico,atr14,0.061289,,EUR,2026-04-07,2026-09-04T15:50:42Z,Coinbase,2,,,engine/technical/README.md,
DOT,crypto,tecnico,atr14,0.061197,,EUR,2026-04-08,2026-09-04T15:50:42Z,Coinbase,2,,,engine/technical/README.md,
DOT,crypto,tecnico,atr14,0.064683,,EUR,2026-04-09,2026-09-04T15:50:42Z,Coinbase,2,,,engine/technical/README.md,
DOT,crypto,tecnico,atr14,0.062206,,EUR,2026-04-10,2026-09-04T15:50:42Z,Coinbase,2,,,engine/technical/README.md,
DOT,crypto,tecnico,atr14,0.06062,,EUR,2026-04-11,2026-09-04T15:50:42Z,Coinbase,2,,,engine/technical/README.md,
DOT,crypto,tecnico,atr14,0.059861,,EUR,2026-04-12,2026-09-04T15:50:42Z,Coinbase,2,,,engine/technical/README.md,
DOT,crypto,tecnico,atr14,0.061299,,EUR,2026-04-13,2026-09-04T15:50:42Z,Coinbase,2,,,engine/technical/README.md,
DOT,crypto,tecnico,atr14,0.061207,,EUR,2026-04-14,2026-09-04T15:50:42Z,Coinbase,2,,,engine/technical/README.md,
DOT,crypto,tecnico,atr14,0.059692,,EUR,2026-04-15,2026-09-04T15:50:42Z,Coinbase,2,,,engine/technical/README.md,
DOT,crypto,tecnico,atr14,0.066142,,EUR,2026-04-16,2026-09-04T15:50:42Z,Coinbase,2,,,engine/technical/README.md,
DOT,crypto,tecnico,atr14,0.065704,,EUR,2026-04-17,2026-09-04T15:50:42Z,Coinbase,2,,,engine/technical/README.md,
DOT,crypto,tecnico,atr14,0.065296,,EUR,2026-04-18,2026-09-04T15:50:42Z,Coinbase,2,,,engine/technical/README.md,
DOT,crypto,tecnico,atr14,0.063489,,EUR,2026-04-19,2026-09-04T15:50:42Z,Coinbase,2,,,engine/technical/README.md,
DOT,crypto,tecnico,atr14,0.061097,,EUR,2026-04-20,2026-09-04T15:50:42Z,Coinbase,2,,,engine/technical/README.md,
DOT,crypto,tecnico,atr14,0.05959,,EUR,2026-04-21,2026-09-04T15:50:42Z,Coinbase,2,,,engine/technical/README.md,
DOT,crypto,tecnico,atr14,0.058191,,EUR,2026-04-22,2026-09-04T15:50:42Z,Coinbase,2,,,engine/technical/README.md,
DOT,crypto,tecnico,atr14,0.05832,,EUR,2026-04-23,2026-09-04T15:50:42Z,Coinbase,2,,,engine/technical/README.md,
DOT,crypto,tecnico,atr14,0.056297,,EUR,2026-04-24,2026-09-04T15:50:42Z,Coinbase,2,,,engine/technical/README.md,
DOT,crypto,tecnico,atr14,0.054419,,EUR,2026-04-25,2026-09-04T15:50:42Z,Coinbase,2,,,engine/technical/README.md,
DOT,crypto,tecnico,atr14,0.052675,,EUR,2026-04-26,2026-09-04T15:50:42Z,Coinbase,2,,,engine/technical/README.md,
DOT,crypto,tecnico,atr14,0.053198,,EUR,2026-04-27,2026-09-04T15:50:42Z,Coinbase,2,,,engine/technical/README.md,
DOT,crypto,tecnico,atr14,0.050827,,EUR,2026-04-28,2026-09-04T15:50:42Z,Coinbase,2,,,engine/technical/README.md,
DOT,crypto,tecnico,atr14,0.051482,,EUR,2026-04-29,2026-09-04T15:50:42Z,Coinbase,2,,,engine/technical/README.md,
DOT,crypto,tecnico,atr14,0.050662,,EUR,2026-04-30,2026-09-04T15:50:42Z,Coinbase,2,,,engine/technical/README.md,
DOT,crypto,tecnico,atr14,0.048472,,EUR,2026-05-01,2026-09-04T15:50:42Z,Coinbase,2,,,engine/technical/README.md,
DOT,crypto,tecnico,atr14,0.047867,,EUR,2026-05-02,2026-09-04T15:50:42Z,Coinbase,2,,,engine/technical/README.md,
DOT,crypto,tecnico,atr14,0.045162,,EUR,2026-05-03,2026-09-04T15:50:42Z,Coinbase,2,,,engine/technical/README.md,
DOT,crypto,tecnico,atr14,0.044793,,EUR,2026-05-04,2026-09-04T15:50:42Z,Coinbase,2,,,engine/technical/README.md,
DOT,crypto,tecnico,atr14,0.045879,,EUR,2026-05-05,2026-09-04T15:50:42Z,Coinbase,2,,,engine/technical/README.md,
DOT,crypto,tecnico,atr14,0.046174,,EUR,2026-05-06,2026-09-04T15:50:42Z,Coinbase,2,,,engine/technical/README.md,
DOT,crypto,tecnico,atr14,0.045018,,EUR,2026-05-07,2026-09-04T15:50:42Z,Coinbase,2,,,engine/technical/README.md,
DOT,crypto,tecnico,atr14,0.047517,,EUR,2026-05-08,2026-09-04T15:50:42Z,Coinbase,2,,,engine/technical/README.md,
DOT,crypto,tecnico,atr14,0.04698,,EUR,2026-05-09,2026-09-04T15:50:42Z,Coinbase,2,,,engine/technical/README.md,
DOT,crypto,tecnico,atr14,0.048624,,EUR,2026-05-10,2026-09-04T15:50:42Z,Coinbase,2,,,engine/technical/README.md,
DOT,crypto,tecnico,atr14,0.048008,,EUR,2026-05-11,2026-09-04T15:50:42Z,Coinbase,2,,,engine/technical/README.md,
DOT,crypto,tecnico,atr14,0.048151,,EUR,2026-05-12,2026-09-04T15:50:42Z,Coinbase,2,,,engine/technical/README.md,
DOT,crypto,tecnico,atr14,0.051854,,EUR,2026-05-13,2026-09-04T15:50:42Z,Coinbase,2,,,engine/technical/README.md,
DOT,crypto,tecnico,atr14,0.055293,,EUR,2026-05-14,2026-09-04T15:50:42Z,Coinbase,2,,,engine/technical/README.md,
DOT,crypto,tecnico,atr14,0.056344,,EUR,2026-05-15,2026-09-04T15:50:42Z,Coinbase,2,,,engine/technical/README.md,
DOT,crypto,tecnico,atr14,0.055891,,EUR,2026-05-16,2026-09-04T15:50:42Z,Coinbase,2,,,engine/technical/README.md,
DOT,crypto,tecnico,atr14,0.056898,,EUR,2026-05-17,2026-09-04T15:50:42Z,Coinbase,2,,,engine/technical/README.md,
DOT,crypto,tecnico,atr14,0.055691,,EUR,2026-05-18,2026-09-04T15:50:42Z,Coinbase,2,,,engine/technical/README.md,
DOT,crypto,tecnico,atr14,0.053856,,EUR,2026-05-19,2026-09-04T15:50:42Z,Coinbase,2,,,engine/technical/README.md,
DOT,crypto,tecnico,atr14,0.051438,,EUR,2026-05-20,2026-09-04T15:50:42Z,Coinbase,2,,,engine/technical/README.md,
DOT,crypto,tecnico,atr14,0.05205,,EUR,2026-05-21,2026-09-04T15:50:42Z,Coinbase,2,,,engine/technical/README.md,
DOT,crypto,tecnico,atr14,0.054046,,EUR,2026-05-22,2026-09-04T15:50:42Z,Coinbase,2,,,engine/technical/README.md,
DOT,crypto,tecnico,atr14,0.058043,,EUR,2026-05-23,2026-09-04T15:50:42Z,Coinbase,2,,,engine/technical/README.md,
DOT,crypto,tecnico,atr14,0.057468,,EUR,2026-05-24,2026-09-04T15:50:42Z,Coinbase,2,,,engine/technical/README.md,
DOT,crypto,tecnico,atr14,0.056935,,EUR,2026-05-25,2026-09-04T15:50:42Z,Coinbase,2,,,engine/technical/README.md,
DOT,crypto,tecnico,atr14,0.056439,,EUR,2026-05-26,2026-09-04T15:50:42Z,Coinbase,2,,,engine/technical/README.md,
DOT,crypto,tecnico,atr14,0.055265,,EUR,2026-05-27,2026-09-04T15:50:42Z,Coinbase,2,,,engine/technical/README.md,
DOT,crypto,tecnico,atr14,0.054889,,EUR,2026-05-28,2026-09-04T15:50:42Z,Coinbase,2,,,engine/technical/README.md,
DOT,crypto,tecnico,atr14,0.053826,,EUR,2026-05-29,2026-09-04T15:50:42Z,Coinbase,2,,,engine/technical/README.md,
DOT,crypto,tecnico,atr14,0.052124,,EUR,2026-05-30,2026-09-04T15:50:42Z,Coinbase,2,,,engine/technical/README.md,
DOT,crypto,tecnico,atr14,0.051258,,EUR,2026-05-31,2026-09-04T15:50:42Z,Coinbase,2,,,engine/technical/README.md,
DOT,crypto,tecnico,atr14,0.051882,,EUR,2026-06-01,2026-09-04T15:50:42Z,Coinbase,2,,,engine/technical/README.md,
DOT,crypto,tecnico,atr14,0.053891,,EUR,2026-06-02,2026-09-04T15:50:42Z,Coinbase,2,,,engine/technical/README.md,
DOT,crypto,tecnico,atr14,0.054327,,EUR,2026-06-03,2026-09-04T15:50:42Z,Coinbase,2,,,engine/technical/README.md,
DOT,crypto,tecnico,atr14,0.056875,,EUR,2026-06-04,2026-09-04T15:50:42Z,Coinbase,2,,,engine/technical/README.md,
DOT,crypto,tecnico,atr14,0.059955,,EUR,2026-06-05,2026-09-04T15:50:42Z,Coinbase,2,,,engine/technical/README.md,
DOT,crypto,tecnico,atr14,0.060673,,EUR,2026-06-06,2026-09-04T15:50:42Z,Coinbase,2,,,engine/technical/README.md,
DOT,crypto,tecnico,atr14,0.059196,,EUR,2026-06-07,2026-09-04T15:50:42Z,Coinbase,2,,,engine/technical/README.md,
DOT,crypto,tecnico,atr14,0.057825,,EUR,2026-06-08,2026-09-04T15:50:42Z,Coinbase,2,,,engine/technical/README.md,
DOT,crypto,tecnico,atr14,0.056552,,EUR,2026-06-09,2026-09-04T15:50:42Z,Coinbase,2,,,engine/technical/README.md,
DOT,crypto,tecnico,atr14,0.05537,,EUR,2026-06-10,2026-09-04T15:50:42Z,Coinbase,2,,,engine/technical/README.md,
DOT,crypto,tecnico,atr14,0.054272,,EUR,2026-06-11,2026-09-04T15:50:42Z,Coinbase,2,,,engine/technical/README.md,
DOT,crypto,tecnico,atr14,0.052538,,EUR,2026-06-12,2026-09-04T15:50:42Z,Coinbase,2,,,engine/technical/README.md,
DOT,crypto,tecnico,atr14,0.050928,,EUR,2026-06-13,2026-09-04T15:50:42Z,Coinbase,2,,,engine/technical/README.md,
DOT,crypto,tecnico,atr14,0.050148,,EUR,2026-06-14,2026-09-04T15:50:42Z,Coinbase,2,,,engine/technical/README.md,
DOT,crypto,tecnico,atr14,0.050137,,EUR,2026-06-15,2026-09-04T15:50:42Z,Coinbase,2,,,engine/technical/README.md,
DOT,crypto,tecnico,atr14,0.049413,,EUR,2026-06-16,2026-09-04T15:50:42Z,Coinbase,2,,,engine/technical/README.md,
DOT,crypto,tecnico,atr14,0.048741,,EUR,2026-06-17,2026-09-04T15:50:42Z,Coinbase,2,,,engine/technical/README.md,
DOT,crypto,tecnico,atr14,0.049545,,EUR,2026-06-18,2026-09-04T15:50:42Z,Coinbase,2,,,engine/technical/README.md,
DOT,crypto,tecnico,atr14,0.047435,,EUR,2026-06-19,2026-09-04T15:50:42Z,Coinbase,2,,,engine/technical/README.md,
DOT,crypto,tecnico,atr14,0.046189,,EUR,2026-06-20,2026-09-04T15:50:42Z,Coinbase,2,,,engine/technical/README.md,
DOT,crypto,tecnico,atr14,0.045033,,EUR,2026-06-21,2026-09-04T15:50:42Z,Coinbase,2,,,engine/technical/README.md,
DOT,crypto,tecnico,atr14,0.045388,,EUR,2026-06-22,2026-09-04T15:50:42Z,Coinbase,2,,,engine/technical/README.md,
DOT,crypto,tecnico,atr14,0.045003,,EUR,2026-06-23,2026-09-04T15:50:42Z,Coinbase,2,,,engine/technical/README.md,
DOT,crypto,tecnico,atr14,0.046074,,EUR,2026-06-24,2026-09-04T15:50:42Z,Coinbase,2,,,engine/technical/README.md,
DOT,crypto,tecnico,atr14,0.047783,,EUR,2026-06-25,2026-09-04T15:50:42Z,Coinbase,2,,,engine/technical/README.md,
DOT,crypto,tecnico,atr14,0.047941,,EUR,2026-06-26,2026-09-04T15:50:42Z,Coinbase,2,,,engine/technical/README.md,
DOT,crypto,tecnico,atr14,0.047374,,EUR,2026-06-27,2026-09-04T15:50:42Z,Coinbase,2,,,engine/technical/README.md,
DOT,crypto,tecnico,atr14,0.045419,,EUR,2026-06-28,2026-09-04T15:50:42Z,Coinbase,2,,,engine/technical/README.md,
DOT,crypto,tecnico,atr14,0.044318,,EUR,2026-06-29,2026-09-04T15:50:42Z,Coinbase,2,,,engine/technical/README.md,
DOT,crypto,tecnico,atr14,0.042581,,EUR,2026-06-30,2026-09-04T15:50:42Z,Coinbase,2,,,engine/technical/README.md,
DOT,crypto,tecnico,atr14,0.042396,,EUR,2026-07-01,2026-09-04T15:50:42Z,Coinbase,2,,,engine/technical/README.md,
DOT,crypto,tecnico,atr14,0.041511,,EUR,2026-07-02,2026-09-04T15:50:42Z,Coinbase,2,,,engine/technical/README.md,
DOT,crypto,tecnico,atr14,0.041403,,EUR,2026-07-03,2026-09-04T15:50:42Z,Coinbase,2,,,engine/technical/README.md,
DOT,crypto,tecnico,atr14,0.040588,,EUR,2026-07-04,2026-09-04T15:50:42Z,Coinbase,2,,,engine/technical/README.md,
DOT,crypto,tecnico,atr14,0.039832,,EUR,2026-07-05,2026-09-04T15:50:42Z,Coinbase,2,,,engine/technical/README.md,
DOT,crypto,tecnico,atr14,0.040558,,EUR,2026-07-06,2026-09-04T15:50:42Z,Coinbase,2,,,engine/technical/README.md,
DOT,crypto,tecnico,atr14,0.040518,,EUR,2026-07-07,2026-09-04T15:50:42Z,Coinbase,2,,,engine/technical/README.md,
DOT,crypto,tecnico,atr14,0.040481,,EUR,2026-07-08,2026-09-04T15:50:42Z,Coinbase,2,,,engine/technical/README.md,
DOT,crypto,tecnico,atr14,0.039018,,EUR,2026-07-09,2026-09-04T15:50:42Z,Coinbase,2,,,engine/technical/README.md,
DOT,crypto,tecnico,atr14,0.041231,,EUR,2026-07-10,2026-09-04T15:50:42Z,Coinbase,2,,,engine/technical/README.md,
DOT,crypto,tecnico,atr14,0.040429,,EUR,2026-07-11,2026-09-04T15:50:42Z,Coinbase,2,,,engine/technical/README.md,
DOT,crypto,tecnico,atr14,0.039684,,EUR,2026-07-12,2026-09-04T15:50:42Z,Coinbase,2,,,engine/technical/README.md,
DOT,crypto,tecnico,atr14,0.038993,,EUR,2026-07-13,2026-09-04T15:50:42Z,Coinbase,2,,,engine/technical/README.md,
DOT,crypto,tecnico,atr14,0.03835,,EUR,2026-07-14,2026-09-04T15:50:42Z,Coinbase,2,,,engine/technical/README.md,
DOT,crypto,tecnico,atr14,0.037754,,EUR,2026-07-15,2026-09-04T15:50:42Z,Coinbase,2,,,engine/technical/README.md,
DOT,crypto,tecnico,atr14,0.038628,,EUR,2026-07-16,2026-09-04T15:50:42Z,Coinbase,2,,,engine/technical/README.md,
DOT,crypto,tecnico,atr14,0.038012,,EUR,2026-07-17,2026-09-04T15:50:42Z,Coinbase,2,,,engine/technical/README.md,
DOT,crypto,tecnico,atr14,0.036726,,EUR,2026-07-18,2026-09-04T15:50:42Z,Coinbase,2,,,engine/technical/README.md,
DOT,crypto,tecnico,atr14,0.036959,,EUR,2026-07-19,2026-09-04T15:50:42Z,Coinbase,2,,,engine/technical/README.md,
DOT,crypto,tecnico,atr14,0.036462,,EUR,2026-07-20,2026-09-04T15:50:42Z,Coinbase,2,,,engine/technical/README.md,
DOT,crypto,tecnico,atr14,0.036001,,EUR,2026-07-21,2026-09-04T15:50:42Z,Coinbase,2,,,engine/technical/README.md,
DOT,crypto,tecnico,atr14,0.034858,,EUR,2026-07-22,2026-09-04T15:50:42Z,Coinbase,2,,,engine/technical/README.md,
DOT,crypto,tecnico,atr14,0.033797,,EUR,2026-07-23,2026-09-04T15:50:42Z,Coinbase,2,,,engine/technical/README.md,
DOT,crypto,tecnico,atr14,0.033525,,EUR,2026-07-24,2026-09-04T15:50:42Z,Coinbase,2,,,engine/technical/README.md,
DOT,crypto,tecnico,atr14,0.032559,,EUR,2026-07-25,2026-09-04T15:50:42Z,Coinbase,2,,,engine/technical/README.md,
DOT,crypto,tecnico,atr14,0.030948,,EUR,2026-07-26,2026-09-04T15:50:42Z,Coinbase,2,,,engine/technical/README.md,
DOT,crypto,tecnico,atr14,0.033737,,EUR,2026-07-27,2026-09-04T15:50:42Z,Coinbase,2,,,engine/technical/README.md,
DOT,crypto,tecnico,atr14,0.032756,,EUR,2026-07-28,2026-09-04T15:50:42Z,Coinbase,2,,,engine/technical/README.md,
DOT,crypto,tecnico,atr14,0.031845,,EUR,2026-07-29,2026-09-04T15:50:42Z,Coinbase,2,,,engine/technical/README.md,
DOT,crypto,tecnico,atr14,0.030285,,EUR,2026-07-30,2026-09-04T15:50:42Z,Coinbase,2,,,engine/technical/README.md,
DOT,crypto,tecnico,atr14,0.02955,,EUR,2026-07-31,2026-09-04T15:50:42Z,Coinbase,2,,,engine/technical/README.md,
DOT,crypto,tecnico,atr14,0.028868,,EUR,2026-08-01,2026-09-04T15:50:42Z,Coinbase,2,,,engine/technical/README.md,
DOT,crypto,tecnico,atr14,0.028234,,EUR,2026-08-02,2026-09-04T15:50:42Z,Coinbase,2,,,engine/technical/README.md,
DOT,crypto,tecnico,atr14,0.029075,,EUR,2026-08-03,2026-09-04T15:50:42Z,Coinbase,2,,,engine/technical/README.md,
DOT,crypto,tecnico,atr14,0.029855,,EUR,2026-08-04,2026-09-04T15:50:42Z,Coinbase,2,,,engine/technical/README.md,
DOT,crypto,tecnico,atr14,0.031294,,EUR,2026-08-05,2026-09-04T15:50:42Z,Coinbase,2,,,engine/technical/README.md,
DOT,crypto,tecnico,atr14,0.031202,,EUR,2026-08-06,2026-09-04T15:50:42Z,Coinbase,2,,,engine/technical/README.md,
DOT,crypto,tecnico,atr14,0.030402,,EUR,2026-08-07,2026-09-04T15:50:42Z,Coinbase,2,,,engine/technical/README.md,
DOT,crypto,tecnico,atr14,0.028944,,EUR,2026-08-08,2026-09-04T15:50:42Z,Coinbase,2,,,engine/technical/README.md,
DOT,crypto,tecnico,atr14,0.028305,,EUR,2026-08-09,2026-09-04T15:50:42Z,Coinbase,2,,,engine/technical/README.md,
DOT,crypto,tecnico,atr14,0.027712,,EUR,2026-08-10,2026-09-04T15:50:42Z,Coinbase,2,,,engine/technical/README.md,
DOT,crypto,tecnico,atr14,0.027161,,EUR,2026-08-11,2026-09-04T15:50:42Z,Coinbase,2,,,engine/technical/README.md,
DOT,crypto,tecnico,atr14,0.028078,,EUR,2026-08-12,2026-09-04T15:50:42Z,Coinbase,2,,,engine/technical/README.md,
DOT,crypto,tecnico,atr14,0.027501,,EUR,2026-08-13,2026-09-04T15:50:42Z,Coinbase,2,,,engine/technical/README.md,
DOT,crypto,tecnico,atr14,0.026966,,EUR,2026-08-14,2026-09-04T15:50:42Z,Coinbase,2,,,engine/technical/README.md,
DOT,crypto,tecnico,atr14,0.026468,,EUR,2026-08-15,2026-09-04T15:50:42Z,Coinbase,2,,,engine/technical/README.md,
DOT,crypto,tecnico,atr14,0.026006,,EUR,2026-08-16,2026-09-04T15:50:42Z,Coinbase,2,,,engine/technical/README.md,
DOT,crypto,tecnico,atr14,0.025577,,EUR,2026-08-17,2026-09-04T15:50:42Z,Coinbase,2,,,engine/technical/README.md,
DOT,crypto,tecnico,atr14,0.025893,,EUR,2026-08-18,2026-09-04T15:50:42Z,Coinbase,2,,,engine/technical/README.md,
DOT,crypto,tecnico,atr14,0.026901,,EUR,2026-08-19,2026-09-04T15:50:42Z,Coinbase,2,,,engine/technical/README.md,
DOT,crypto,tecnico,atr14,0.029979,,EUR,2026-08-20,2026-09-04T15:50:42Z,Coinbase,2,,,engine/technical/README.md,
DOT,crypto,tecnico,atr14,0.034266,,EUR,2026-08-21,2026-09-04T15:50:42Z,Coinbase,2,,,engine/technical/README.md,
DOT,crypto,tecnico,atr14,0.04039,,EUR,2026-08-22,2026-09-04T15:50:42Z,Coinbase,2,,,engine/technical/README.md,
DOT,crypto,tecnico,atr14,0.041791,,EUR,2026-08-23,2026-09-04T15:50:42Z,Coinbase,2,,,engine/technical/README.md,
DOT,crypto,tecnico,atr14,0.040949,,EUR,2026-08-24,2026-09-04T15:50:42Z,Coinbase,2,,,engine/technical/README.md,
DOT,crypto,tecnico,atr14,0.043024,,EUR,2026-08-25,2026-09-04T15:50:42Z,Coinbase,2,,,engine/technical/README.md,
DOT,crypto,tecnico,atr14,0.042808,,EUR,2026-08-26,2026-09-04T15:50:42Z,Coinbase,2,,,engine/technical/README.md,
DOT,crypto,tecnico,atr14,0.041893,,EUR,2026-08-27,2026-09-04T15:50:42Z,Coinbase,2,,,engine/technical/README.md,
DOT,crypto,tecnico,atr14,0.042472,,EUR,2026-08-28,2026-09-04T15:50:42Z,Coinbase,2,,,engine/technical/README.md,
DOT,crypto,tecnico,atr14,0.040153,,EUR,2026-08-29,2026-09-04T15:50:42Z,Coinbase,2,,,engine/technical/README.md,
DOT,crypto,tecnico,atr14,0.040856,,EUR,2026-08-30,2026-09-04T15:50:42Z,Coinbase,2,,,engine/technical/README.md,
DOT,crypto,tecnico,atr14,0.040081,,EUR,2026-08-31,2026-09-04T15:50:42Z,Coinbase,2,,,engine/technical/README.md,
DOT,crypto,tecnico,atr14,0.03936,,EUR,2026-09-01,2026-09-04T15:50:42Z,Coinbase,2,,,engine/technical/README.md,
DOT,crypto,tecnico,atr14,0.03997,,EUR,2026-09-02,2026-09-04T15:50:42Z,Coinbase,2,,,engine/technical/README.md,
DOT,crypto,tecnico,atr14,0.038117,,EUR,2026-09-03,2026-09-03T12:15:39Z,Kraken,2,100,,engine/technical/README.md,
DOT,crypto,tecnico,atr14,0.03768,,EUR,2026-09-04,2026-09-04T10:11:47Z,Kraken,2,100,,engine/technical/README.md,
DOT,crypto,tecnico,atr14_pct_precio,6.15,,%,2026-01-01,2026-09-04T15:50:42Z,Coinbase,2,,,engine/technical/README.md,
DOT,crypto,tecnico,atr14_pct_precio,5.94,,%,2026-01-02,2026-09-04T15:50:42Z,Coinbase,2,,,engine/technical/README.md,
DOT,crypto,tecnico,atr14_pct_precio,5.96,,%,2026-01-03,2026-09-04T15:50:42Z,Coinbase,2,,,engine/technical/README.md,
DOT,crypto,tecnico,atr14_pct_precio,5.74,,%,2026-01-04,2026-09-04T15:50:42Z,Coinbase,2,,,engine/technical/README.md,
DOT,crypto,tecnico,atr14_pct_precio,5.62,,%,2026-01-05,2026-09-04T15:50:42Z,Coinbase,2,,,engine/technical/README.md,
DOT,crypto,tecnico,atr14_pct_precio,5.68,,%,2026-01-06,2026-09-04T15:50:42Z,Coinbase,2,,,engine/technical/README.md,
DOT,crypto,tecnico,atr14_pct_precio,5.87,,%,2026-01-07,2026-09-04T15:50:42Z,Coinbase,2,,,engine/technical/README.md,
DOT,crypto,tecnico,atr14_pct_precio,5.78,,%,2026-01-08,2026-09-04T15:50:42Z,Coinbase,2,,,engine/technical/README.md,
DOT,crypto,tecnico,atr14_pct_precio,5.78,,%,2026-01-09,2026-09-04T15:50:42Z,Coinbase,2,,,engine/technical/README.md,
DOT,crypto,tecnico,atr14_pct_precio,5.54,,%,2026-01-10,2026-09-04T15:50:42Z,Coinbase,2,,,engine/technical/README.md,
DOT,crypto,tecnico,atr14_pct_precio,5.48,,%,2026-01-11,2026-09-04T15:50:42Z,Coinbase,2,,,engine/technical/README.md,
DOT,crypto,tecnico,atr14_pct_precio,5.59,,%,2026-01-12,2026-09-04T15:50:42Z,Coinbase,2,,,engine/technical/README.md,
DOT,crypto,tecnico,atr14_pct_precio,5.6,,%,2026-01-13,2026-09-04T15:50:42Z,Coinbase,2,,,engine/technical/README.md,
DOT,crypto,tecnico,atr14_pct_precio,5.61,,%,2026-01-14,2026-09-04T15:50:42Z,Coinbase,2,,,engine/technical/README.md,
DOT,crypto,tecnico,atr14_pct_precio,5.94,,%,2026-01-15,2026-09-04T15:50:42Z,Coinbase,2,,,engine/technical/README.md,
DOT,crypto,tecnico,atr14_pct_precio,5.76,,%,2026-01-16,2026-09-04T15:50:42Z,Coinbase,2,,,engine/technical/README.md,
DOT,crypto,tecnico,atr14_pct_precio,5.58,,%,2026-01-17,2026-09-04T15:50:42Z,Coinbase,2,,,engine/technical/README.md,
DOT,crypto,tecnico,atr14_pct_precio,5.92,,%,2026-01-18,2026-09-04T15:50:42Z,Coinbase,2,,,engine/technical/README.md,
DOT,crypto,tecnico,atr14_pct_precio,6.36,,%,2026-01-19,2026-09-04T15:50:42Z,Coinbase,2,,,engine/technical/README.md,
DOT,crypto,tecnico,atr14_pct_precio,7.0,,%,2026-01-20,2026-09-04T15:50:42Z,Coinbase,2,,,engine/technical/README.md,
DOT,crypto,tecnico,atr14_pct_precio,6.74,,%,2026-01-21,2026-09-04T15:50:42Z,Coinbase,2,,,engine/technical/README.md,
DOT,crypto,tecnico,atr14_pct_precio,6.67,,%,2026-01-22,2026-09-04T15:50:42Z,Coinbase,2,,,engine/technical/README.md,
DOT,crypto,tecnico,atr14_pct_precio,6.58,,%,2026-01-23,2026-09-04T15:50:42Z,Coinbase,2,,,engine/technical/README.md,
DOT,crypto,tecnico,atr14_pct_precio,6.25,,%,2026-01-24,2026-09-04T15:50:42Z,Coinbase,2,,,engine/technical/README.md,
DOT,crypto,tecnico,atr14_pct_precio,6.74,,%,2026-01-25,2026-09-04T15:50:42Z,Coinbase,2,,,engine/technical/README.md,
DOT,crypto,tecnico,atr14_pct_precio,6.33,,%,2026-01-26,2026-09-04T15:50:42Z,Coinbase,2,,,engine/technical/README.md,
DOT,crypto,tecnico,atr14_pct_precio,6.27,,%,2026-01-27,2026-09-04T15:50:42Z,Coinbase,2,,,engine/technical/README.md,
DOT,crypto,tecnico,atr14_pct_precio,6.01,,%,2026-01-28,2026-09-04T15:50:42Z,Coinbase,2,,,engine/technical/README.md,
DOT,crypto,tecnico,atr14_pct_precio,6.69,,%,2026-01-29,2026-09-04T15:50:42Z,Coinbase,2,,,engine/technical/README.md,
DOT,crypto,tecnico,atr14_pct_precio,6.65,,%,2026-01-30,2026-09-04T15:50:42Z,Coinbase,2,,,engine/technical/README.md,
DOT,crypto,tecnico,atr14_pct_precio,7.88,,%,2026-01-31,2026-09-04T15:50:42Z,Coinbase,2,,,engine/technical/README.md,
DOT,crypto,tecnico,atr14_pct_precio,8.18,,%,2026-02-01,2026-09-04T15:50:42Z,Coinbase,2,,,engine/technical/README.md,
DOT,crypto,tecnico,atr14_pct_precio,7.9,,%,2026-02-02,2026-09-04T15:50:42Z,Coinbase,2,,,engine/technical/README.md,
DOT,crypto,tecnico,atr14_pct_precio,8.19,,%,2026-02-03,2026-09-04T15:50:42Z,Coinbase,2,,,engine/technical/README.md,
DOT,crypto,tecnico,atr14_pct_precio,8.32,,%,2026-02-04,2026-09-04T15:50:42Z,Coinbase,2,,,engine/technical/README.md,
DOT,crypto,tecnico,atr14_pct_precio,10.24,,%,2026-02-05,2026-09-04T15:50:42Z,Coinbase,2,,,engine/technical/README.md,
DOT,crypto,tecnico,atr14_pct_precio,10.32,,%,2026-02-06,2026-09-04T15:50:42Z,Coinbase,2,,,engine/technical/README.md,
DOT,crypto,tecnico,atr14_pct_precio,9.87,,%,2026-02-07,2026-09-04T15:50:42Z,Coinbase,2,,,engine/technical/README.md,
DOT,crypto,tecnico,atr14_pct_precio,9.57,,%,2026-02-08,2026-09-04T15:50:42Z,Coinbase,2,,,engine/technical/README.md,
DOT,crypto,tecnico,atr14_pct_precio,9.52,,%,2026-02-09,2026-09-04T15:50:42Z,Coinbase,2,,,engine/technical/README.md,
DOT,crypto,tecnico,atr14_pct_precio,9.41,,%,2026-02-10,2026-09-04T15:50:42Z,Coinbase,2,,,engine/technical/README.md,
DOT,crypto,tecnico,atr14_pct_precio,9.31,,%,2026-02-11,2026-09-04T15:50:42Z,Coinbase,2,,,engine/technical/README.md,
DOT,crypto,tecnico,atr14_pct_precio,8.82,,%,2026-02-12,2026-09-04T15:50:42Z,Coinbase,2,,,engine/technical/README.md,
DOT,crypto,tecnico,atr14_pct_precio,8.27,,%,2026-02-13,2026-09-04T15:50:42Z,Coinbase,2,,,engine/technical/README.md,
DOT,crypto,tecnico,atr14_pct_precio,7.7,,%,2026-02-14,2026-09-04T15:50:42Z,Coinbase,2,,,engine/technical/README.md,
DOT,crypto,tecnico,atr14_pct_precio,8.09,,%,2026-02-15,2026-09-04T15:50:42Z,Coinbase,2,,,engine/technical/README.md,
DOT,crypto,tecnico,atr14_pct_precio,7.81,,%,2026-02-16,2026-09-04T15:50:42Z,Coinbase,2,,,engine/technical/README.md,
DOT,crypto,tecnico,atr14_pct_precio,7.63,,%,2026-02-17,2026-09-04T15:50:42Z,Coinbase,2,,,engine/technical/README.md,
DOT,crypto,tecnico,atr14_pct_precio,7.67,,%,2026-02-18,2026-09-04T15:50:42Z,Coinbase,2,,,engine/technical/README.md,
DOT,crypto,tecnico,atr14_pct_precio,7.51,,%,2026-02-19,2026-09-04T15:50:42Z,Coinbase,2,,,engine/technical/README.md,
DOT,crypto,tecnico,atr14_pct_precio,7.11,,%,2026-02-20,2026-09-04T15:50:42Z,Coinbase,2,,,engine/technical/README.md,
DOT,crypto,tecnico,atr14_pct_precio,6.85,,%,2026-02-21,2026-09-04T15:50:42Z,Coinbase,2,,,engine/technical/README.md,
DOT,crypto,tecnico,atr14_pct_precio,6.91,,%,2026-02-22,2026-09-04T15:50:42Z,Coinbase,2,,,engine/technical/README.md,
DOT,crypto,tecnico,atr14_pct_precio,7.0,,%,2026-02-23,2026-09-04T15:50:42Z,Coinbase,2,,,engine/technical/README.md,
DOT,crypto,tecnico,atr14_pct_precio,6.95,,%,2026-02-24,2026-09-04T15:50:42Z,Coinbase,2,,,engine/technical/README.md,
DOT,crypto,tecnico,atr14_pct_precio,6.99,,%,2026-02-25,2026-09-04T15:50:42Z,Coinbase,2,,,engine/technical/README.md,
DOT,crypto,tecnico,atr14_pct_precio,7.35,,%,2026-02-26,2026-09-04T15:50:42Z,Coinbase,2,,,engine/technical/README.md,
DOT,crypto,tecnico,atr14_pct_precio,7.51,,%,2026-02-27,2026-09-04T15:50:42Z,Coinbase,2,,,engine/technical/README.md,
DOT,crypto,tecnico,atr14_pct_precio,7.59,,%,2026-02-28,2026-09-04T15:50:42Z,Coinbase,2,,,engine/technical/README.md,
DOT,crypto,tecnico,atr14_pct_precio,8.35,,%,2026-03-01,2026-09-04T15:50:42Z,Coinbase,2,,,engine/technical/README.md,
DOT,crypto,tecnico,atr14_pct_precio,8.55,,%,2026-03-02,2026-09-04T15:50:42Z,Coinbase,2,,,engine/technical/README.md,
DOT,crypto,tecnico,atr14_pct_precio,8.08,,%,2026-03-03,2026-09-04T15:50:42Z,Coinbase,2,,,engine/technical/README.md,
DOT,crypto,tecnico,atr14_pct_precio,7.77,,%,2026-03-04,2026-09-04T15:50:42Z,Coinbase,2,,,engine/technical/README.md,
DOT,crypto,tecnico,atr14_pct_precio,7.6,,%,2026-03-05,2026-09-04T15:50:42Z,Coinbase,2,,,engine/technical/README.md,
DOT,crypto,tecnico,atr14_pct_precio,7.61,,%,2026-03-06,2026-09-04T15:50:42Z,Coinbase,2,,,engine/technical/README.md,
DOT,crypto,tecnico,atr14_pct_precio,7.75,,%,2026-03-07,2026-09-04T15:50:42Z,Coinbase,2,,,engine/technical/README.md,
DOT,crypto,tecnico,atr14_pct_precio,7.42,,%,2026-03-08,2026-09-04T15:50:42Z,Coinbase,2,,,engine/technical/README.md,
DOT,crypto,tecnico,atr14_pct_precio,7.11,,%,2026-03-09,2026-09-04T15:50:42Z,Coinbase,2,,,engine/technical/README.md,
DOT,crypto,tecnico,atr14_pct_precio,6.88,,%,2026-03-10,2026-09-04T15:50:42Z,Coinbase,2,,,engine/technical/README.md,
DOT,crypto,tecnico,atr14_pct_precio,6.53,,%,2026-03-11,2026-09-04T15:50:42Z,Coinbase,2,,,engine/technical/README.md,
DOT,crypto,tecnico,atr14_pct_precio,6.28,,%,2026-03-12,2026-09-04T15:50:42Z,Coinbase,2,,,engine/technical/README.md,
DOT,crypto,tecnico,atr14_pct_precio,6.5,,%,2026-03-13,2026-09-04T15:50:42Z,Coinbase,2,,,engine/technical/README.md,
DOT,crypto,tecnico,atr14_pct_precio,6.52,,%,2026-03-14,2026-09-04T15:50:42Z,Coinbase,2,,,engine/technical/README.md,
DOT,crypto,tecnico,atr14_pct_precio,6.19,,%,2026-03-15,2026-09-04T15:50:42Z,Coinbase,2,,,engine/technical/README.md,
DOT,crypto,tecnico,atr14_pct_precio,5.97,,%,2026-03-16,2026-09-04T15:50:42Z,Coinbase,2,,,engine/technical/README.md,
DOT,crypto,tecnico,atr14_pct_precio,6.01,,%,2026-03-17,2026-09-04T15:50:42Z,Coinbase,2,,,engine/technical/README.md,
DOT,crypto,tecnico,atr14_pct_precio,6.32,,%,2026-03-18,2026-09-04T15:50:42Z,Coinbase,2,,,engine/technical/README.md,
DOT,crypto,tecnico,atr14_pct_precio,6.63,,%,2026-03-19,2026-09-04T15:50:42Z,Coinbase,2,,,engine/technical/README.md,
DOT,crypto,tecnico,atr14_pct_precio,6.53,,%,2026-03-20,2026-09-04T15:50:42Z,Coinbase,2,,,engine/technical/README.md,
DOT,crypto,tecnico,atr14_pct_precio,6.54,,%,2026-03-21,2026-09-04T15:50:42Z,Coinbase,2,,,engine/technical/README.md,
DOT,crypto,tecnico,atr14_pct_precio,6.75,,%,2026-03-22,2026-09-04T15:50:42Z,Coinbase,2,,,engine/technical/README.md,
DOT,crypto,tecnico,atr14_pct_precio,6.9,,%,2026-03-23,2026-09-04T15:50:42Z,Coinbase,2,,,engine/technical/README.md,
DOT,crypto,tecnico,atr14_pct_precio,6.82,,%,2026-03-24,2026-09-04T15:50:42Z,Coinbase,2,,,engine/technical/README.md,
DOT,crypto,tecnico,atr14_pct_precio,6.79,,%,2026-03-25,2026-09-04T15:50:42Z,Coinbase,2,,,engine/technical/README.md,
DOT,crypto,tecnico,atr14_pct_precio,6.79,,%,2026-03-26,2026-09-04T15:50:42Z,Coinbase,2,,,engine/technical/README.md,
DOT,crypto,tecnico,atr14_pct_precio,6.85,,%,2026-03-27,2026-09-04T15:50:42Z,Coinbase,2,,,engine/technical/README.md,
DOT,crypto,tecnico,atr14_pct_precio,6.74,,%,2026-03-28,2026-09-04T15:50:42Z,Coinbase,2,,,engine/technical/README.md,
DOT,crypto,tecnico,atr14_pct_precio,6.58,,%,2026-03-29,2026-09-04T15:50:42Z,Coinbase,2,,,engine/technical/README.md,
DOT,crypto,tecnico,atr14_pct_precio,6.56,,%,2026-03-30,2026-09-04T15:50:42Z,Coinbase,2,,,engine/technical/README.md,
DOT,crypto,tecnico,atr14_pct_precio,6.29,,%,2026-03-31,2026-09-04T15:50:42Z,Coinbase,2,,,engine/technical/README.md,
DOT,crypto,tecnico,atr14_pct_precio,6.17,,%,2026-04-01,2026-09-04T15:50:42Z,Coinbase,2,,,engine/technical/README.md,
DOT,crypto,tecnico,atr14_pct_precio,6.17,,%,2026-04-02,2026-09-04T15:50:42Z,Coinbase,2,,,engine/technical/README.md,
DOT,crypto,tecnico,atr14_pct_precio,5.81,,%,2026-04-03,2026-09-04T15:50:42Z,Coinbase,2,,,engine/technical/README.md,
DOT,crypto,tecnico,atr14_pct_precio,5.59,,%,2026-04-04,2026-09-04T15:50:42Z,Coinbase,2,,,engine/technical/README.md,
DOT,crypto,tecnico,atr14_pct_precio,5.34,,%,2026-04-05,2026-09-04T15:50:42Z,Coinbase,2,,,engine/technical/README.md,
DOT,crypto,tecnico,atr14_pct_precio,5.47,,%,2026-04-06,2026-09-04T15:50:42Z,Coinbase,2,,,engine/technical/README.md,
DOT,crypto,tecnico,atr14_pct_precio,5.47,,%,2026-04-07,2026-09-04T15:50:42Z,Coinbase,2,,,engine/technical/README.md,
DOT,crypto,tecnico,atr14_pct_precio,5.67,,%,2026-04-08,2026-09-04T15:50:42Z,Coinbase,2,,,engine/technical/README.md,
DOT,crypto,tecnico,atr14_pct_precio,5.83,,%,2026-04-09,2026-09-04T15:50:42Z,Coinbase,2,,,engine/technical/README.md,
DOT,crypto,tecnico,atr14_pct_precio,5.6,,%,2026-04-10,2026-09-04T15:50:42Z,Coinbase,2,,,engine/technical/README.md,
DOT,crypto,tecnico,atr14_pct_precio,5.56,,%,2026-04-11,2026-09-04T15:50:42Z,Coinbase,2,,,engine/technical/README.md,
DOT,crypto,tecnico,atr14_pct_precio,5.7,,%,2026-04-12,2026-09-04T15:50:42Z,Coinbase,2,,,engine/technical/README.md,
DOT,crypto,tecnico,atr14_pct_precio,5.89,,%,2026-04-13,2026-09-04T15:50:42Z,Coinbase,2,,,engine/technical/README.md,
DOT,crypto,tecnico,atr14_pct_precio,6.18,,%,2026-04-14,2026-09-04T15:50:42Z,Coinbase,2,,,engine/technical/README.md,
DOT,crypto,tecnico,atr14_pct_precio,5.97,,%,2026-04-15,2026-09-04T15:50:42Z,Coinbase,2,,,engine/technical/README.md,
DOT,crypto,tecnico,atr14_pct_precio,5.91,,%,2026-04-16,2026-09-04T15:50:42Z,Coinbase,2,,,engine/technical/README.md,
DOT,crypto,tecnico,atr14_pct_precio,5.76,,%,2026-04-17,2026-09-04T15:50:42Z,Coinbase,2,,,engine/technical/README.md,
DOT,crypto,tecnico,atr14_pct_precio,6.05,,%,2026-04-18,2026-09-04T15:50:42Z,Coinbase,2,,,engine/technical/README.md,
DOT,crypto,tecnico,atr14_pct_precio,5.99,,%,2026-04-19,2026-09-04T15:50:42Z,Coinbase,2,,,engine/technical/README.md,
DOT,crypto,tecnico,atr14_pct_precio,5.61,,%,2026-04-20,2026-09-04T15:50:42Z,Coinbase,2,,,engine/technical/README.md,
DOT,crypto,tecnico,atr14_pct_precio,5.47,,%,2026-04-21,2026-09-04T15:50:42Z,Coinbase,2,,,engine/technical/README.md,
DOT,crypto,tecnico,atr14_pct_precio,5.34,,%,2026-04-22,2026-09-04T15:50:42Z,Coinbase,2,,,engine/technical/README.md,
DOT,crypto,tecnico,atr14_pct_precio,5.5,,%,2026-04-23,2026-09-04T15:50:42Z,Coinbase,2,,,engine/technical/README.md,
DOT,crypto,tecnico,atr14_pct_precio,5.26,,%,2026-04-24,2026-09-04T15:50:42Z,Coinbase,2,,,engine/technical/README.md,
DOT,crypto,tecnico,atr14_pct_precio,5.13,,%,2026-04-25,2026-09-04T15:50:42Z,Coinbase,2,,,engine/technical/README.md,
DOT,crypto,tecnico,atr14_pct_precio,4.88,,%,2026-04-26,2026-09-04T15:50:42Z,Coinbase,2,,,engine/technical/README.md,
DOT,crypto,tecnico,atr14_pct_precio,5.02,,%,2026-04-27,2026-09-04T15:50:42Z,Coinbase,2,,,engine/technical/README.md,
DOT,crypto,tecnico,atr14_pct_precio,4.84,,%,2026-04-28,2026-09-04T15:50:42Z,Coinbase,2,,,engine/technical/README.md,
DOT,crypto,tecnico,atr14_pct_precio,4.95,,%,2026-04-29,2026-09-04T15:50:42Z,Coinbase,2,,,engine/technical/README.md,
DOT,crypto,tecnico,atr14_pct_precio,4.92,,%,2026-04-30,2026-09-04T15:50:42Z,Coinbase,2,,,engine/technical/README.md,
DOT,crypto,tecnico,atr14_pct_precio,4.71,,%,2026-05-01,2026-09-04T15:50:42Z,Coinbase,2,,,engine/technical/README.md,
DOT,crypto,tecnico,atr14_pct_precio,4.6,,%,2026-05-02,2026-09-04T15:50:42Z,Coinbase,2,,,engine/technical/README.md,
DOT,crypto,tecnico,atr14_pct_precio,4.38,,%,2026-05-03,2026-09-04T15:50:42Z,Coinbase,2,,,engine/technical/README.md,
DOT,crypto,tecnico,atr14_pct_precio,4.27,,%,2026-05-04,2026-09-04T15:50:42Z,Coinbase,2,,,engine/technical/README.md,
DOT,crypto,tecnico,atr14_pct_precio,4.17,,%,2026-05-05,2026-09-04T15:50:42Z,Coinbase,2,,,engine/technical/README.md,
DOT,crypto,tecnico,atr14_pct_precio,4.12,,%,2026-05-06,2026-09-04T15:50:42Z,Coinbase,2,,,engine/technical/README.md,
DOT,crypto,tecnico,atr14_pct_precio,4.06,,%,2026-05-07,2026-09-04T15:50:42Z,Coinbase,2,,,engine/technical/README.md,
DOT,crypto,tecnico,atr14_pct_precio,4.1,,%,2026-05-08,2026-09-04T15:50:42Z,Coinbase,2,,,engine/technical/README.md,
DOT,crypto,tecnico,atr14_pct_precio,4.12,,%,2026-05-09,2026-09-04T15:50:42Z,Coinbase,2,,,engine/technical/README.md,
DOT,crypto,tecnico,atr14_pct_precio,4.16,,%,2026-05-10,2026-09-04T15:50:42Z,Coinbase,2,,,engine/technical/README.md,
DOT,crypto,tecnico,atr14_pct_precio,4.17,,%,2026-05-11,2026-09-04T15:50:42Z,Coinbase,2,,,engine/technical/README.md,
DOT,crypto,tecnico,atr14_pct_precio,4.22,,%,2026-05-12,2026-09-04T15:50:42Z,Coinbase,2,,,engine/technical/README.md,
DOT,crypto,tecnico,atr14_pct_precio,4.59,,%,2026-05-13,2026-09-04T15:50:42Z,Coinbase,2,,,engine/technical/README.md,
DOT,crypto,tecnico,atr14_pct_precio,4.73,,%,2026-05-14,2026-09-04T15:50:42Z,Coinbase,2,,,engine/technical/README.md,
DOT,crypto,tecnico,atr14_pct_precio,4.99,,%,2026-05-15,2026-09-04T15:50:42Z,Coinbase,2,,,engine/technical/README.md,
DOT,crypto,tecnico,atr14_pct_precio,5.13,,%,2026-05-16,2026-09-04T15:50:42Z,Coinbase,2,,,engine/technical/README.md,
DOT,crypto,tecnico,atr14_pct_precio,5.32,,%,2026-05-17,2026-09-04T15:50:42Z,Coinbase,2,,,engine/technical/README.md,
DOT,crypto,tecnico,atr14_pct_precio,5.16,,%,2026-05-18,2026-09-04T15:50:42Z,Coinbase,2,,,engine/technical/README.md,
DOT,crypto,tecnico,atr14_pct_precio,5.08,,%,2026-05-19,2026-09-04T15:50:42Z,Coinbase,2,,,engine/technical/README.md,
DOT,crypto,tecnico,atr14_pct_precio,4.81,,%,2026-05-20,2026-09-04T15:50:42Z,Coinbase,2,,,engine/technical/README.md,
DOT,crypto,tecnico,atr14_pct_precio,4.69,,%,2026-05-21,2026-09-04T15:50:42Z,Coinbase,2,,,engine/technical/README.md,
DOT,crypto,tecnico,atr14_pct_precio,5.0,,%,2026-05-22,2026-09-04T15:50:42Z,Coinbase,2,,,engine/technical/README.md,
DOT,crypto,tecnico,atr14_pct_precio,5.23,,%,2026-05-23,2026-09-04T15:50:42Z,Coinbase,2,,,engine/technical/README.md,
DOT,crypto,tecnico,atr14_pct_precio,5.37,,%,2026-05-24,2026-09-04T15:50:42Z,Coinbase,2,,,engine/technical/README.md,
DOT,crypto,tecnico,atr14_pct_precio,5.27,,%,2026-05-25,2026-09-04T15:50:42Z,Coinbase,2,,,engine/technical/README.md,
DOT,crypto,tecnico,atr14_pct_precio,5.23,,%,2026-05-26,2026-09-04T15:50:42Z,Coinbase,2,,,engine/technical/README.md,
DOT,crypto,tecnico,atr14_pct_precio,5.21,,%,2026-05-27,2026-09-04T15:50:42Z,Coinbase,2,,,engine/technical/README.md,
DOT,crypto,tecnico,atr14_pct_precio,5.28,,%,2026-05-28,2026-09-04T15:50:42Z,Coinbase,2,,,engine/technical/README.md,
DOT,crypto,tecnico,atr14_pct_precio,5.23,,%,2026-05-29,2026-09-04T15:50:42Z,Coinbase,2,,,engine/technical/README.md,
DOT,crypto,tecnico,atr14_pct_precio,5.11,,%,2026-05-30,2026-09-04T15:50:42Z,Coinbase,2,,,engine/technical/README.md,
DOT,crypto,tecnico,atr14_pct_precio,5.03,,%,2026-05-31,2026-09-04T15:50:42Z,Coinbase,2,,,engine/technical/README.md,
DOT,crypto,tecnico,atr14_pct_precio,5.24,,%,2026-06-01,2026-09-04T15:50:42Z,Coinbase,2,,,engine/technical/README.md,
DOT,crypto,tecnico,atr14_pct_precio,5.79,,%,2026-06-02,2026-09-04T15:50:42Z,Coinbase,2,,,engine/technical/README.md,
DOT,crypto,tecnico,atr14_pct_precio,5.72,,%,2026-06-03,2026-09-04T15:50:42Z,Coinbase,2,,,engine/technical/README.md,
DOT,crypto,tecnico,atr14_pct_precio,6.39,,%,2026-06-04,2026-09-04T15:50:42Z,Coinbase,2,,,engine/technical/README.md,
DOT,crypto,tecnico,atr14_pct_precio,7.22,,%,2026-06-05,2026-09-04T15:50:42Z,Coinbase,2,,,engine/technical/README.md,
DOT,crypto,tecnico,atr14_pct_precio,7.4,,%,2026-06-06,2026-09-04T15:50:42Z,Coinbase,2,,,engine/technical/README.md,
DOT,crypto,tecnico,atr14_pct_precio,6.96,,%,2026-06-07,2026-09-04T15:50:42Z,Coinbase,2,,,engine/technical/README.md,
DOT,crypto,tecnico,atr14_pct_precio,6.88,,%,2026-06-08,2026-09-04T15:50:42Z,Coinbase,2,,,engine/technical/README.md,
DOT,crypto,tecnico,atr14_pct_precio,6.81,,%,2026-06-09,2026-09-04T15:50:42Z,Coinbase,2,,,engine/technical/README.md,
DOT,crypto,tecnico,atr14_pct_precio,6.92,,%,2026-06-10,2026-09-04T15:50:42Z,Coinbase,2,,,engine/technical/README.md,
DOT,crypto,tecnico,atr14_pct_precio,6.62,,%,2026-06-11,2026-09-04T15:50:42Z,Coinbase,2,,,engine/technical/README.md,
DOT,crypto,tecnico,atr14_pct_precio,6.33,,%,2026-06-12,2026-09-04T15:50:42Z,Coinbase,2,,,engine/technical/README.md,
DOT,crypto,tecnico,atr14_pct_precio,5.99,,%,2026-06-13,2026-09-04T15:50:42Z,Coinbase,2,,,engine/technical/README.md,
DOT,crypto,tecnico,atr14_pct_precio,5.83,,%,2026-06-14,2026-09-04T15:50:42Z,Coinbase,2,,,engine/technical/README.md,
DOT,crypto,tecnico,atr14_pct_precio,5.7,,%,2026-06-15,2026-09-04T15:50:42Z,Coinbase,2,,,engine/technical/README.md,
DOT,crypto,tecnico,atr14_pct_precio,5.62,,%,2026-06-16,2026-09-04T15:50:42Z,Coinbase,2,,,engine/technical/README.md,
DOT,crypto,tecnico,atr14_pct_precio,5.6,,%,2026-06-17,2026-09-04T15:50:42Z,Coinbase,2,,,engine/technical/README.md,
DOT,crypto,tecnico,atr14_pct_precio,5.83,,%,2026-06-18,2026-09-04T15:50:42Z,Coinbase,2,,,engine/technical/README.md,
DOT,crypto,tecnico,atr14_pct_precio,5.72,,%,2026-06-19,2026-09-04T15:50:42Z,Coinbase,2,,,engine/technical/README.md,
DOT,crypto,tecnico,atr14_pct_precio,5.43,,%,2026-06-20,2026-09-04T15:50:42Z,Coinbase,2,,,engine/technical/README.md,
DOT,crypto,tecnico,atr14_pct_precio,5.43,,%,2026-06-21,2026-09-04T15:50:42Z,Coinbase,2,,,engine/technical/README.md,
DOT,crypto,tecnico,atr14_pct_precio,5.54,,%,2026-06-22,2026-09-04T15:50:42Z,Coinbase,2,,,engine/technical/README.md,
DOT,crypto,tecnico,atr14_pct_precio,5.63,,%,2026-06-23,2026-09-04T15:50:42Z,Coinbase,2,,,engine/technical/README.md,
DOT,crypto,tecnico,atr14_pct_precio,5.83,,%,2026-06-24,2026-09-04T15:50:42Z,Coinbase,2,,,engine/technical/README.md,
DOT,crypto,tecnico,atr14_pct_precio,6.46,,%,2026-06-25,2026-09-04T15:50:42Z,Coinbase,2,,,engine/technical/README.md,
DOT,crypto,tecnico,atr14_pct_precio,6.48,,%,2026-06-26,2026-09-04T15:50:42Z,Coinbase,2,,,engine/technical/README.md,
DOT,crypto,tecnico,atr14_pct_precio,6.67,,%,2026-06-27,2026-09-04T15:50:42Z,Coinbase,2,,,engine/technical/README.md,
DOT,crypto,tecnico,atr14_pct_precio,6.4,,%,2026-06-28,2026-09-04T15:50:42Z,Coinbase,2,,,engine/technical/README.md,
DOT,crypto,tecnico,atr14_pct_precio,6.16,,%,2026-06-29,2026-09-04T15:50:42Z,Coinbase,2,,,engine/technical/README.md,
DOT,crypto,tecnico,atr14_pct_precio,5.91,,%,2026-06-30,2026-09-04T15:50:42Z,Coinbase,2,,,engine/technical/README.md,
DOT,crypto,tecnico,atr14_pct_precio,5.81,,%,2026-07-01,2026-09-04T15:50:42Z,Coinbase,2,,,engine/technical/README.md,
DOT,crypto,tecnico,atr14_pct_precio,5.61,,%,2026-07-02,2026-09-04T15:50:42Z,Coinbase,2,,,engine/technical/README.md,
DOT,crypto,tecnico,atr14_pct_precio,5.38,,%,2026-07-03,2026-09-04T15:50:42Z,Coinbase,2,,,engine/technical/README.md,
DOT,crypto,tecnico,atr14_pct_precio,5.27,,%,2026-07-04,2026-09-04T15:50:42Z,Coinbase,2,,,engine/technical/README.md,
DOT,crypto,tecnico,atr14_pct_precio,5.17,,%,2026-07-05,2026-09-04T15:50:42Z,Coinbase,2,,,engine/technical/README.md,
DOT,crypto,tecnico,atr14_pct_precio,5.2,,%,2026-07-06,2026-09-04T15:50:42Z,Coinbase,2,,,engine/technical/README.md,
DOT,crypto,tecnico,atr14_pct_precio,5.4,,%,2026-07-07,2026-09-04T15:50:42Z,Coinbase,2,,,engine/technical/README.md,
DOT,crypto,tecnico,atr14_pct_precio,5.55,,%,2026-07-08,2026-09-04T15:50:42Z,Coinbase,2,,,engine/technical/README.md,
DOT,crypto,tecnico,atr14_pct_precio,5.42,,%,2026-07-09,2026-09-04T15:50:42Z,Coinbase,2,,,engine/technical/README.md,
DOT,crypto,tecnico,atr14_pct_precio,5.35,,%,2026-07-10,2026-09-04T15:50:42Z,Coinbase,2,,,engine/technical/README.md,
DOT,crypto,tecnico,atr14_pct_precio,5.39,,%,2026-07-11,2026-09-04T15:50:42Z,Coinbase,2,,,engine/technical/README.md,
DOT,crypto,tecnico,atr14_pct_precio,5.36,,%,2026-07-12,2026-09-04T15:50:42Z,Coinbase,2,,,engine/technical/README.md,
DOT,crypto,tecnico,atr14_pct_precio,5.34,,%,2026-07-13,2026-09-04T15:50:42Z,Coinbase,2,,,engine/technical/README.md,
DOT,crypto,tecnico,atr14_pct_precio,5.18,,%,2026-07-14,2026-09-04T15:50:42Z,Coinbase,2,,,engine/technical/README.md,
DOT,crypto,tecnico,atr14_pct_precio,5.1,,%,2026-07-15,2026-09-04T15:50:42Z,Coinbase,2,,,engine/technical/README.md,
DOT,crypto,tecnico,atr14_pct_precio,5.15,,%,2026-07-16,2026-09-04T15:50:42Z,Coinbase,2,,,engine/technical/README.md,
DOT,crypto,tecnico,atr14_pct_precio,5.07,,%,2026-07-17,2026-09-04T15:50:42Z,Coinbase,2,,,engine/technical/README.md,
DOT,crypto,tecnico,atr14_pct_precio,5.03,,%,2026-07-18,2026-09-04T15:50:42Z,Coinbase,2,,,engine/technical/README.md,
DOT,crypto,tecnico,atr14_pct_precio,5.13,,%,2026-07-19,2026-09-04T15:50:42Z,Coinbase,2,,,engine/technical/README.md,
DOT,crypto,tecnico,atr14_pct_precio,4.99,,%,2026-07-20,2026-09-04T15:50:42Z,Coinbase,2,,,engine/technical/README.md,
DOT,crypto,tecnico,atr14_pct_precio,4.86,,%,2026-07-21,2026-09-04T15:50:42Z,Coinbase,2,,,engine/technical/README.md,
DOT,crypto,tecnico,atr14_pct_precio,4.78,,%,2026-07-22,2026-09-04T15:50:42Z,Coinbase,2,,,engine/technical/README.md,
DOT,crypto,tecnico,atr14_pct_precio,4.69,,%,2026-07-23,2026-09-04T15:50:42Z,Coinbase,2,,,engine/technical/README.md,
DOT,crypto,tecnico,atr14_pct_precio,4.72,,%,2026-07-24,2026-09-04T15:50:42Z,Coinbase,2,,,engine/technical/README.md,
DOT,crypto,tecnico,atr14_pct_precio,4.52,,%,2026-07-25,2026-09-04T15:50:42Z,Coinbase,2,,,engine/technical/README.md,
DOT,crypto,tecnico,atr14_pct_precio,4.24,,%,2026-07-26,2026-09-04T15:50:42Z,Coinbase,2,,,engine/technical/README.md,
DOT,crypto,tecnico,atr14_pct_precio,5.04,,%,2026-07-27,2026-09-04T15:50:42Z,Coinbase,2,,,engine/technical/README.md,
DOT,crypto,tecnico,atr14_pct_precio,4.89,,%,2026-07-28,2026-09-04T15:50:42Z,Coinbase,2,,,engine/technical/README.md,
DOT,crypto,tecnico,atr14_pct_precio,4.75,,%,2026-07-29,2026-09-04T15:50:42Z,Coinbase,2,,,engine/technical/README.md,
DOT,crypto,tecnico,atr14_pct_precio,4.52,,%,2026-07-30,2026-09-04T15:50:42Z,Coinbase,2,,,engine/technical/README.md,
DOT,crypto,tecnico,atr14_pct_precio,4.48,,%,2026-07-31,2026-09-04T15:50:42Z,Coinbase,2,,,engine/technical/README.md,
DOT,crypto,tecnico,atr14_pct_precio,4.25,,%,2026-08-01,2026-09-04T15:50:42Z,Coinbase,2,,,engine/technical/README.md,
DOT,crypto,tecnico,atr14_pct_precio,4.09,,%,2026-08-02,2026-09-04T15:50:42Z,Coinbase,2,,,engine/technical/README.md,
DOT,crypto,tecnico,atr14_pct_precio,4.04,,%,2026-08-03,2026-09-04T15:50:42Z,Coinbase,2,,,engine/technical/README.md,
DOT,crypto,tecnico,atr14_pct_precio,3.98,,%,2026-08-04,2026-09-04T15:50:42Z,Coinbase,2,,,engine/technical/README.md,
DOT,crypto,tecnico,atr14_pct_precio,4.29,,%,2026-08-05,2026-09-04T15:50:42Z,Coinbase,2,,,engine/technical/README.md,
DOT,crypto,tecnico,atr14_pct_precio,4.39,,%,2026-08-06,2026-09-04T15:50:42Z,Coinbase,2,,,engine/technical/README.md,
DOT,crypto,tecnico,atr14_pct_precio,4.28,,%,2026-08-07,2026-09-04T15:50:42Z,Coinbase,2,,,engine/technical/README.md,
DOT,crypto,tecnico,atr14_pct_precio,4.08,,%,2026-08-08,2026-09-04T15:50:42Z,Coinbase,2,,,engine/technical/README.md,
DOT,crypto,tecnico,atr14_pct_precio,4.1,,%,2026-08-09,2026-09-04T15:50:42Z,Coinbase,2,,,engine/technical/README.md,
DOT,crypto,tecnico,atr14_pct_precio,3.96,,%,2026-08-10,2026-09-04T15:50:42Z,Coinbase,2,,,engine/technical/README.md,
DOT,crypto,tecnico,atr14_pct_precio,3.94,,%,2026-08-11,2026-09-04T15:50:42Z,Coinbase,2,,,engine/technical/README.md,
DOT,crypto,tecnico,atr14_pct_precio,4.19,,%,2026-08-12,2026-09-04T15:50:42Z,Coinbase,2,,,engine/technical/README.md,
DOT,crypto,tecnico,atr14_pct_precio,4.1,,%,2026-08-13,2026-09-04T15:50:42Z,Coinbase,2,,,engine/technical/README.md,
DOT,crypto,tecnico,atr14_pct_precio,4.09,,%,2026-08-14,2026-09-04T15:50:42Z,Coinbase,2,,,engine/technical/README.md,
DOT,crypto,tecnico,atr14_pct_precio,4.01,,%,2026-08-15,2026-09-04T15:50:42Z,Coinbase,2,,,engine/technical/README.md,
DOT,crypto,tecnico,atr14_pct_precio,4.0,,%,2026-08-16,2026-09-04T15:50:42Z,Coinbase,2,,,engine/technical/README.md,
DOT,crypto,tecnico,atr14_pct_precio,3.88,,%,2026-08-17,2026-09-04T15:50:42Z,Coinbase,2,,,engine/technical/README.md,
DOT,crypto,tecnico,atr14_pct_precio,3.98,,%,2026-08-18,2026-09-04T15:50:42Z,Coinbase,2,,,engine/technical/README.md,
DOT,crypto,tecnico,atr14_pct_precio,3.96,,%,2026-08-19,2026-09-04T15:50:42Z,Coinbase,2,,,engine/technical/README.md,
DOT,crypto,tecnico,atr14_pct_precio,4.16,,%,2026-08-20,2026-09-04T15:50:42Z,Coinbase,2,,,engine/technical/README.md,
DOT,crypto,tecnico,atr14_pct_precio,4.28,,%,2026-08-21,2026-09-04T15:50:42Z,Coinbase,2,,,engine/technical/README.md,
DOT,crypto,tecnico,atr14_pct_precio,5.11,,%,2026-08-22,2026-09-04T15:50:42Z,Coinbase,2,,,engine/technical/README.md,
DOT,crypto,tecnico,atr14_pct_precio,5.29,,%,2026-08-23,2026-09-04T15:50:42Z,Coinbase,2,,,engine/technical/README.md,
DOT,crypto,tecnico,atr14_pct_precio,5.32,,%,2026-08-24,2026-09-04T15:50:42Z,Coinbase,2,,,engine/technical/README.md,
DOT,crypto,tecnico,atr14_pct_precio,5.89,,%,2026-08-25,2026-09-04T15:50:42Z,Coinbase,2,,,engine/technical/README.md,
DOT,crypto,tecnico,atr14_pct_precio,5.71,,%,2026-08-26,2026-09-04T15:50:42Z,Coinbase,2,,,engine/technical/README.md,
DOT,crypto,tecnico,atr14_pct_precio,5.51,,%,2026-08-27,2026-09-04T15:50:42Z,Coinbase,2,,,engine/technical/README.md,
DOT,crypto,tecnico,atr14_pct_precio,5.82,,%,2026-08-28,2026-09-04T15:50:42Z,Coinbase,2,,,engine/technical/README.md,
DOT,crypto,tecnico,atr14_pct_precio,5.5,,%,2026-08-29,2026-09-04T15:50:42Z,Coinbase,2,,,engine/technical/README.md,
DOT,crypto,tecnico,atr14_pct_precio,5.75,,%,2026-08-30,2026-09-04T15:50:42Z,Coinbase,2,,,engine/technical/README.md,
DOT,crypto,tecnico,atr14_pct_precio,5.49,,%,2026-08-31,2026-09-04T15:50:42Z,Coinbase,2,,,engine/technical/README.md,
DOT,crypto,tecnico,atr14_pct_precio,5.24,,%,2026-09-01,2026-09-04T15:50:42Z,Coinbase,2,,,engine/technical/README.md,
DOT,crypto,tecnico,atr14_pct_precio,5.33,,%,2026-09-02,2026-09-04T15:50:42Z,Coinbase,2,,,engine/technical/README.md,
DOT,crypto,tecnico,atr14_pct_precio,5.16,,%,2026-09-03,2026-09-03T12:15:39Z,Kraken,2,100,,engine/technical/README.md,
DOT,crypto,tecnico,atr14_pct_precio,4.99,,%,2026-09-04,2026-09-04T10:11:47Z,Kraken,2,100,,engine/technical/README.md,
DOT,crypto,tecnico,confluencia_sesgo,,mixto (2/4 señales alcistas — sin confluencia clara),categorico,2026-09-03,2026-09-03T11:40:59Z,Kraken,2,100,,engine/technical/README.md,
DOT,crypto,tecnico,confluencia_sesgo,,mixto (3/4 señales alcistas — sin confluencia clara),categorico,2026-09-04,2026-09-04T10:11:47Z,Kraken,2,100,,engine/technical/README.md,
DOT,crypto,tecnico,posicion_rango_90d_pct,40.2,,%,2026-09-03,2026-09-03T11:40:59Z,Kraken,2,100,,engine/technical/README.md,
DOT,crypto,tecnico,posicion_rango_90d_pct,47.2,,%,2026-09-04,2026-09-04T10:11:47Z,Kraken,2,100,,engine/technical/README.md,
DOT,crypto,tecnico,precio,1.7,,EUR,2026-01-01,2026-09-04T15:50:42Z,Coinbase,2,,,engine/technical/README.md,
DOT,crypto,tecnico,precio,1.85,,EUR,2026-01-02,2026-09-04T15:50:42Z,Coinbase,2,,,engine/technical/README.md,
DOT,crypto,tecnico,precio,1.82,,EUR,2026-01-03,2026-09-04T15:50:42Z,Coinbase,2,,,engine/technical/README.md,
DOT,crypto,tecnico,precio,1.83,,EUR,2026-01-04,2026-09-04T15:50:42Z,Coinbase,2,,,engine/technical/README.md,
DOT,crypto,tecnico,precio,1.89,,EUR,2026-01-05,2026-09-04T15:50:42Z,Coinbase,2,,,engine/technical/README.md,
DOT,crypto,tecnico,precio,1.9,,EUR,2026-01-06,2026-09-04T15:50:42Z,Coinbase,2,,,engine/technical/README.md,
DOT,crypto,tecnico,precio,1.84,,EUR,2026-01-07,2026-09-04T15:50:42Z,Coinbase,2,,,engine/technical/README.md,
DOT,crypto,tecnico,precio,1.82,,EUR,2026-01-08,2026-09-04T15:50:42Z,Coinbase,2,,,engine/technical/README.md,
DOT,crypto,tecnico,precio,1.79,,EUR,2026-01-09,2026-09-04T15:50:42Z,Coinbase,2,,,engine/technical/README.md,
DOT,crypto,tecnico,precio,1.8,,EUR,2026-01-10,2026-09-04T15:50:42Z,Coinbase,2,,,engine/technical/README.md,
DOT,crypto,tecnico,precio,1.78,,EUR,2026-01-11,2026-09-04T15:50:42Z,Coinbase,2,,,engine/technical/README.md,
DOT,crypto,tecnico,precio,1.76,,EUR,2026-01-12,2026-09-04T15:50:42Z,Coinbase,2,,,engine/technical/README.md,
DOT,crypto,tecnico,precio,1.95,,EUR,2026-01-13,2026-09-04T15:50:42Z,Coinbase,2,,,engine/technical/README.md,
DOT,crypto,tecnico,precio,1.91,,EUR,2026-01-14,2026-09-04T15:50:42Z,Coinbase,2,,,engine/technical/README.md,
DOT,crypto,tecnico,precio,1.82,,EUR,2026-01-15,2026-09-04T15:50:42Z,Coinbase,2,,,engine/technical/README.md,
DOT,crypto,tecnico,precio,1.83,,EUR,2026-01-16,2026-09-04T15:50:42Z,Coinbase,2,,,engine/technical/README.md,
DOT,crypto,tecnico,precio,1.88,,EUR,2026-01-17,2026-09-04T15:50:42Z,Coinbase,2,,,engine/technical/README.md,
DOT,crypto,tecnico,precio,1.78,,EUR,2026-01-18,2026-09-04T15:50:42Z,Coinbase,2,,,engine/technical/README.md,
DOT,crypto,tecnico,precio,1.74,,EUR,2026-01-19,2026-09-04T15:50:42Z,Coinbase,2,,,engine/technical/README.md,
DOT,crypto,tecnico,precio,1.62,,EUR,2026-01-20,2026-09-04T15:50:42Z,Coinbase,2,,,engine/technical/README.md,
DOT,crypto,tecnico,precio,1.68,,EUR,2026-01-21,2026-09-04T15:50:42Z,Coinbase,2,,,engine/technical/README.md,
DOT,crypto,tecnico,precio,1.64,,EUR,2026-01-22,2026-09-04T15:50:42Z,Coinbase,2,,,engine/technical/README.md,
DOT,crypto,tecnico,precio,1.63,,EUR,2026-01-23,2026-09-04T15:50:42Z,Coinbase,2,,,engine/technical/README.md,
DOT,crypto,tecnico,precio,1.63,,EUR,2026-01-24,2026-09-04T15:50:42Z,Coinbase,2,,,engine/technical/README.md,
DOT,crypto,tecnico,precio,1.54,,EUR,2026-01-25,2026-09-04T15:50:42Z,Coinbase,2,,,engine/technical/README.md,
DOT,crypto,tecnico,precio,1.58,,EUR,2026-01-26,2026-09-04T15:50:42Z,Coinbase,2,,,engine/technical/README.md,
DOT,crypto,tecnico,precio,1.56,,EUR,2026-01-27,2026-09-04T15:50:42Z,Coinbase,2,,,engine/technical/README.md,
DOT,crypto,tecnico,precio,1.56,,EUR,2026-01-28,2026-09-04T15:50:42Z,Coinbase,2,,,engine/technical/README.md,
DOT,crypto,tecnico,precio,1.45,,EUR,2026-01-29,2026-09-04T15:50:42Z,Coinbase,2,,,engine/technical/README.md,
DOT,crypto,tecnico,precio,1.42,,EUR,2026-01-30,2026-09-04T15:50:42Z,Coinbase,2,,,engine/technical/README.md,
DOT,crypto,tecnico,precio,1.32,,EUR,2026-01-31,2026-09-04T15:50:42Z,Coinbase,2,,,engine/technical/README.md,
DOT,crypto,tecnico,precio,1.26,,EUR,2026-02-01,2026-09-04T15:50:42Z,Coinbase,2,,,engine/technical/README.md,
DOT,crypto,tecnico,precio,1.31,,EUR,2026-02-02,2026-09-04T15:50:42Z,Coinbase,2,,,engine/technical/README.md,
DOT,crypto,tecnico,precio,1.27,,EUR,2026-02-03,2026-09-04T15:50:42Z,Coinbase,2,,,engine/technical/README.md,
DOT,crypto,tecnico,precio,1.23,,EUR,2026-02-04,2026-09-04T15:50:42Z,Coinbase,2,,,engine/technical/README.md,
DOT,crypto,tecnico,precio,1.06,,EUR,2026-02-05,2026-09-04T15:50:42Z,Coinbase,2,,,engine/technical/README.md,
DOT,crypto,tecnico,precio,1.15,,EUR,2026-02-06,2026-09-04T15:50:42Z,Coinbase,2,,,engine/technical/README.md,
DOT,crypto,tecnico,precio,1.16,,EUR,2026-02-07,2026-09-04T15:50:42Z,Coinbase,2,,,engine/technical/README.md,
DOT,crypto,tecnico,precio,1.14,,EUR,2026-02-08,2026-09-04T15:50:42Z,Coinbase,2,,,engine/technical/README.md,
DOT,crypto,tecnico,precio,1.11,,EUR,2026-02-09,2026-09-04T15:50:42Z,Coinbase,2,,,engine/technical/README.md,
DOT,crypto,tecnico,precio,1.08,,EUR,2026-02-10,2026-09-04T15:50:42Z,Coinbase,2,,,engine/technical/README.md,
DOT,crypto,tecnico,precio,1.06,,EUR,2026-02-11,2026-09-04T15:50:42Z,Coinbase,2,,,engine/technical/README.md,
DOT,crypto,tecnico,precio,1.08,,EUR,2026-02-12,2026-09-04T15:50:42Z,Coinbase,2,,,engine/technical/README.md,
DOT,crypto,tecnico,precio,1.13,,EUR,2026-02-13,2026-09-04T15:50:42Z,Coinbase,2,,,engine/technical/README.md,
DOT,crypto,tecnico,precio,1.2,,EUR,2026-02-14,2026-09-04T15:50:42Z,Coinbase,2,,,engine/technical/README.md,
DOT,crypto,tecnico,precio,1.15,,EUR,2026-02-15,2026-09-04T15:50:42Z,Coinbase,2,,,engine/technical/README.md,
DOT,crypto,tecnico,precio,1.16,,EUR,2026-02-16,2026-09-04T15:50:42Z,Coinbase,2,,,engine/technical/README.md,
DOT,crypto,tecnico,precio,1.14,,EUR,2026-02-17,2026-09-04T15:50:42Z,Coinbase,2,,,engine/technical/README.md,
DOT,crypto,tecnico,precio,1.11,,EUR,2026-02-18,2026-09-04T15:50:42Z,Coinbase,2,,,engine/technical/README.md,
DOT,crypto,tecnico,precio,1.09,,EUR,2026-02-19,2026-09-04T15:50:42Z,Coinbase,2,,,engine/technical/README.md,
DOT,crypto,tecnico,precio,1.14,,EUR,2026-02-20,2026-09-04T15:50:42Z,Coinbase,2,,,engine/technical/README.md,
DOT,crypto,tecnico,precio,1.15,,EUR,2026-02-21,2026-09-04T15:50:42Z,Coinbase,2,,,engine/technical/README.md,
DOT,crypto,tecnico,precio,1.11,,EUR,2026-02-22,2026-09-04T15:50:42Z,Coinbase,2,,,engine/technical/README.md,
DOT,crypto,tecnico,precio,1.08,,EUR,2026-02-23,2026-09-04T15:50:42Z,Coinbase,2,,,engine/technical/README.md,
DOT,crypto,tecnico,precio,1.05,,EUR,2026-02-24,2026-09-04T15:50:42Z,Coinbase,2,,,engine/technical/README.md,
DOT,crypto,tecnico,precio,1.41,,EUR,2026-02-25,2026-09-04T15:50:42Z,Coinbase,2,,,engine/technical/README.md,
DOT,crypto,tecnico,precio,1.37,,EUR,2026-02-26,2026-09-04T15:50:42Z,Coinbase,2,,,engine/technical/README.md,
DOT,crypto,tecnico,precio,1.35,,EUR,2026-02-27,2026-09-04T15:50:42Z,Coinbase,2,,,engine/technical/README.md,
DOT,crypto,tecnico,precio,1.41,,EUR,2026-02-28,2026-09-04T15:50:42Z,Coinbase,2,,,engine/technical/README.md,
DOT,crypto,tecnico,precio,1.31,,EUR,2026-03-01,2026-09-04T15:50:42Z,Coinbase,2,,,engine/technical/README.md,
DOT,crypto,tecnico,precio,1.28,,EUR,2026-03-02,2026-09-04T15:50:42Z,Coinbase,2,,,engine/technical/README.md,
DOT,crypto,tecnico,precio,1.32,,EUR,2026-03-03,2026-09-04T15:50:42Z,Coinbase,2,,,engine/technical/README.md,
DOT,crypto,tecnico,precio,1.32,,EUR,2026-03-04,2026-09-04T15:50:42Z,Coinbase,2,,,engine/technical/README.md,
DOT,crypto,tecnico,precio,1.31,,EUR,2026-03-05,2026-09-04T15:50:42Z,Coinbase,2,,,engine/technical/README.md,
DOT,crypto,tecnico,precio,1.29,,EUR,2026-03-06,2026-09-04T15:50:42Z,Coinbase,2,,,engine/technical/README.md,
DOT,crypto,tecnico,precio,1.25,,EUR,2026-03-07,2026-09-04T15:50:42Z,Coinbase,2,,,engine/technical/README.md,
DOT,crypto,tecnico,precio,1.27,,EUR,2026-03-08,2026-09-04T15:50:42Z,Coinbase,2,,,engine/technical/README.md,
DOT,crypto,tecnico,precio,1.28,,EUR,2026-03-09,2026-09-04T15:50:42Z,Coinbase,2,,,engine/technical/README.md,
DOT,crypto,tecnico,precio,1.28,,EUR,2026-03-10,2026-09-04T15:50:42Z,Coinbase,2,,,engine/technical/README.md,
DOT,crypto,tecnico,precio,1.33,,EUR,2026-03-11,2026-09-04T15:50:42Z,Coinbase,2,,,engine/technical/README.md,
DOT,crypto,tecnico,precio,1.33,,EUR,2026-03-12,2026-09-04T15:50:42Z,Coinbase,2,,,engine/technical/README.md,
DOT,crypto,tecnico,precio,1.28,,EUR,2026-03-13,2026-09-04T15:50:42Z,Coinbase,2,,,engine/technical/README.md,
DOT,crypto,tecnico,precio,1.24,,EUR,2026-03-14,2026-09-04T15:50:42Z,Coinbase,2,,,engine/technical/README.md,
DOT,crypto,tecnico,precio,1.26,,EUR,2026-03-15,2026-09-04T15:50:42Z,Coinbase,2,,,engine/technical/README.md,
DOT,crypto,tecnico,precio,1.44,,EUR,2026-03-16,2026-09-04T15:50:42Z,Coinbase,2,,,engine/technical/README.md,
DOT,crypto,tecnico,precio,1.41,,EUR,2026-03-17,2026-09-04T15:50:42Z,Coinbase,2,,,engine/technical/README.md,
DOT,crypto,tecnico,precio,1.37,,EUR,2026-03-18,2026-09-04T15:50:42Z,Coinbase,2,,,engine/technical/README.md,
DOT,crypto,tecnico,precio,1.31,,EUR,2026-03-19,2026-09-04T15:50:42Z,Coinbase,2,,,engine/technical/README.md,
DOT,crypto,tecnico,precio,1.3,,EUR,2026-03-20,2026-09-04T15:50:42Z,Coinbase,2,,,engine/technical/README.md,
DOT,crypto,tecnico,precio,1.26,,EUR,2026-03-21,2026-09-04T15:50:42Z,Coinbase,2,,,engine/technical/README.md,
DOT,crypto,tecnico,precio,1.23,,EUR,2026-03-22,2026-09-04T15:50:42Z,Coinbase,2,,,engine/technical/README.md,
DOT,crypto,tecnico,precio,1.22,,EUR,2026-03-23,2026-09-04T15:50:42Z,Coinbase,2,,,engine/technical/README.md,
DOT,crypto,tecnico,precio,1.21,,EUR,2026-03-24,2026-09-04T15:50:42Z,Coinbase,2,,,engine/technical/README.md,
DOT,crypto,tecnico,precio,1.17,,EUR,2026-03-25,2026-09-04T15:50:42Z,Coinbase,2,,,engine/technical/README.md,
DOT,crypto,tecnico,precio,1.15,,EUR,2026-03-26,2026-09-04T15:50:42Z,Coinbase,2,,,engine/technical/README.md,
DOT,crypto,tecnico,precio,1.12,,EUR,2026-03-27,2026-09-04T15:50:42Z,Coinbase,2,,,engine/technical/README.md,
DOT,crypto,tecnico,precio,1.1,,EUR,2026-03-28,2026-09-04T15:50:42Z,Coinbase,2,,,engine/technical/README.md,
DOT,crypto,tecnico,precio,1.1,,EUR,2026-03-29,2026-09-04T15:50:42Z,Coinbase,2,,,engine/technical/README.md,
DOT,crypto,tecnico,precio,1.08,,EUR,2026-03-30,2026-09-04T15:50:42Z,Coinbase,2,,,engine/technical/README.md,
DOT,crypto,tecnico,precio,1.09,,EUR,2026-03-31,2026-09-04T15:50:42Z,Coinbase,2,,,engine/technical/README.md,
DOT,crypto,tecnico,precio,1.09,,EUR,2026-04-01,2026-09-04T15:50:42Z,Coinbase,2,,,engine/technical/README.md,
DOT,crypto,tecnico,precio,1.07,,EUR,2026-04-02,2026-09-04T15:50:42Z,Coinbase,2,,,engine/technical/README.md,
DOT,crypto,tecnico,precio,1.08,,EUR,2026-04-03,2026-09-04T15:50:42Z,Coinbase,2,,,engine/technical/README.md,
DOT,crypto,tecnico,precio,1.08,,EUR,2026-04-04,2026-09-04T15:50:42Z,Coinbase,2,,,engine/technical/README.md,
DOT,crypto,tecnico,precio,1.09,,EUR,2026-04-05,2026-09-04T15:50:42Z,Coinbase,2,,,engine/technical/README.md,
DOT,crypto,tecnico,precio,1.08,,EUR,2026-04-06,2026-09-04T15:50:42Z,Coinbase,2,,,engine/technical/README.md,
DOT,crypto,tecnico,precio,1.12,,EUR,2026-04-07,2026-09-04T15:50:42Z,Coinbase,2,,,engine/technical/README.md,
DOT,crypto,tecnico,precio,1.08,,EUR,2026-04-08,2026-09-04T15:50:42Z,Coinbase,2,,,engine/technical/README.md,
DOT,crypto,tecnico,precio,1.11,,EUR,2026-04-09,2026-09-04T15:50:42Z,Coinbase,2,,,engine/technical/README.md,
DOT,crypto,tecnico,precio,1.11,,EUR,2026-04-10,2026-09-04T15:50:42Z,Coinbase,2,,,engine/technical/README.md,
DOT,crypto,tecnico,precio,1.09,,EUR,2026-04-11,2026-09-04T15:50:42Z,Coinbase,2,,,engine/technical/README.md,
DOT,crypto,tecnico,precio,1.05,,EUR,2026-04-12,2026-09-04T15:50:42Z,Coinbase,2,,,engine/technical/README.md,
DOT,crypto,tecnico,precio,1.04,,EUR,2026-04-13,2026-09-04T15:50:42Z,Coinbase,2,,,engine/technical/README.md,
DOT,crypto,tecnico,precio,0.99,,EUR,2026-04-14,2026-09-04T15:50:42Z,Coinbase,2,,,engine/technical/README.md,
DOT,crypto,tecnico,precio,1.0,,EUR,2026-04-15,2026-09-04T15:50:42Z,Coinbase,2,,,engine/technical/README.md,
DOT,crypto,tecnico,precio,1.12,,EUR,2026-04-16,2026-09-04T15:50:42Z,Coinbase,2,,,engine/technical/README.md,
DOT,crypto,tecnico,precio,1.14,,EUR,2026-04-17,2026-09-04T15:50:42Z,Coinbase,2,,,engine/technical/README.md,
DOT,crypto,tecnico,precio,1.08,,EUR,2026-04-18,2026-09-04T15:50:42Z,Coinbase,2,,,engine/technical/README.md,
DOT,crypto,tecnico,precio,1.06,,EUR,2026-04-19,2026-09-04T15:50:42Z,Coinbase,2,,,engine/technical/README.md,
DOT,crypto,tecnico,precio,1.09,,EUR,2026-04-20,2026-09-04T15:50:42Z,Coinbase,2,,,engine/technical/README.md,
DOT,crypto,tecnico,precio,1.09,,EUR,2026-04-21,2026-09-04T15:50:42Z,Coinbase,2,,,engine/technical/README.md,
DOT,crypto,tecnico,precio,1.09,,EUR,2026-04-22,2026-09-04T15:50:42Z,Coinbase,2,,,engine/technical/README.md,
DOT,crypto,tecnico,precio,1.06,,EUR,2026-04-23,2026-09-04T15:50:42Z,Coinbase,2,,,engine/technical/README.md,
DOT,crypto,tecnico,precio,1.07,,EUR,2026-04-24,2026-09-04T15:50:42Z,Coinbase,2,,,engine/technical/README.md,
DOT,crypto,tecnico,precio,1.06,,EUR,2026-04-25,2026-09-04T15:50:42Z,Coinbase,2,,,engine/technical/README.md,
DOT,crypto,tecnico,precio,1.08,,EUR,2026-04-26,2026-09-04T15:50:42Z,Coinbase,2,,,engine/technical/README.md,
DOT,crypto,tecnico,precio,1.06,,EUR,2026-04-27,2026-09-04T15:50:42Z,Coinbase,2,,,engine/technical/README.md,
DOT,crypto,tecnico,precio,1.05,,EUR,2026-04-28,2026-09-04T15:50:42Z,Coinbase,2,,,engine/technical/README.md,
DOT,crypto,tecnico,precio,1.04,,EUR,2026-04-29,2026-09-04T15:50:42Z,Coinbase,2,,,engine/technical/README.md,
DOT,crypto,tecnico,precio,1.03,,EUR,2026-04-30,2026-09-04T15:50:42Z,Coinbase,2,,,engine/technical/README.md,
DOT,crypto,tecnico,precio,1.03,,EUR,2026-05-01,2026-09-04T15:50:42Z,Coinbase,2,,,engine/technical/README.md,
DOT,crypto,tecnico,precio,1.04,,EUR,2026-05-02,2026-09-04T15:50:42Z,Coinbase,2,,,engine/technical/README.md,
DOT,crypto,tecnico,precio,1.03,,EUR,2026-05-03,2026-09-04T15:50:42Z,Coinbase,2,,,engine/technical/README.md,
DOT,crypto,tecnico,precio,1.05,,EUR,2026-05-04,2026-09-04T15:50:42Z,Coinbase,2,,,engine/technical/README.md,
DOT,crypto,tecnico,precio,1.1,,EUR,2026-05-05,2026-09-04T15:50:42Z,Coinbase,2,,,engine/technical/README.md,
DOT,crypto,tecnico,precio,1.12,,EUR,2026-05-06,2026-09-04T15:50:42Z,Coinbase,2,,,engine/technical/README.md,
DOT,crypto,tecnico,precio,1.11,,EUR,2026-05-07,2026-09-04T15:50:42Z,Coinbase,2,,,engine/technical/README.md,
DOT,crypto,tecnico,precio,1.16,,EUR,2026-05-08,2026-09-04T15:50:42Z,Coinbase,2,,,engine/technical/README.md,
DOT,crypto,tecnico,precio,1.14,,EUR,2026-05-09,2026-09-04T15:50:42Z,Coinbase,2,,,engine/technical/README.md,
DOT,crypto,tecnico,precio,1.17,,EUR,2026-05-10,2026-09-04T15:50:42Z,Coinbase,2,,,engine/technical/README.md,
DOT,crypto,tecnico,precio,1.15,,EUR,2026-05-11,2026-09-04T15:50:42Z,Coinbase,2,,,engine/technical/README.md,
DOT,crypto,tecnico,precio,1.14,,EUR,2026-05-12,2026-09-04T15:50:42Z,Coinbase,2,,,engine/technical/README.md,
DOT,crypto,tecnico,precio,1.13,,EUR,2026-05-13,2026-09-04T15:50:42Z,Coinbase,2,,,engine/technical/README.md,
DOT,crypto,tecnico,precio,1.17,,EUR,2026-05-14,2026-09-04T15:50:42Z,Coinbase,2,,,engine/technical/README.md,
DOT,crypto,tecnico,precio,1.13,,EUR,2026-05-15,2026-09-04T15:50:42Z,Coinbase,2,,,engine/technical/README.md,
DOT,crypto,tecnico,precio,1.09,,EUR,2026-05-16,2026-09-04T15:50:42Z,Coinbase,2,,,engine/technical/README.md,
DOT,crypto,tecnico,precio,1.07,,EUR,2026-05-17,2026-09-04T15:50:42Z,Coinbase,2,,,engine/technical/README.md,
DOT,crypto,tecnico,precio,1.08,,EUR,2026-05-18,2026-09-04T15:50:42Z,Coinbase,2,,,engine/technical/README.md,
DOT,crypto,tecnico,precio,1.06,,EUR,2026-05-19,2026-09-04T15:50:42Z,Coinbase,2,,,engine/technical/README.md,
DOT,crypto,tecnico,precio,1.07,,EUR,2026-05-20,2026-09-04T15:50:42Z,Coinbase,2,,,engine/technical/README.md,
DOT,crypto,tecnico,precio,1.11,,EUR,2026-05-21,2026-09-04T15:50:42Z,Coinbase,2,,,engine/technical/README.md,
DOT,crypto,tecnico,precio,1.08,,EUR,2026-05-22,2026-09-04T15:50:42Z,Coinbase,2,,,engine/technical/README.md,
DOT,crypto,tecnico,precio,1.11,,EUR,2026-05-23,2026-09-04T15:50:42Z,Coinbase,2,,,engine/technical/README.md,
DOT,crypto,tecnico,precio,1.07,,EUR,2026-05-24,2026-09-04T15:50:42Z,Coinbase,2,,,engine/technical/README.md,
DOT,crypto,tecnico,precio,1.08,,EUR,2026-05-25,2026-09-04T15:50:42Z,Coinbase,2,,,engine/technical/README.md,
DOT,crypto,tecnico,precio,1.08,,EUR,2026-05-26,2026-09-04T15:50:42Z,Coinbase,2,,,engine/technical/README.md,
DOT,crypto,tecnico,precio,1.06,,EUR,2026-05-27,2026-09-04T15:50:42Z,Coinbase,2,,,engine/technical/README.md,
DOT,crypto,tecnico,precio,1.04,,EUR,2026-05-28,2026-09-04T15:50:42Z,Coinbase,2,,,engine/technical/README.md,
DOT,crypto,tecnico,precio,1.03,,EUR,2026-05-29,2026-09-04T15:50:42Z,Coinbase,2,,,engine/technical/README.md,
DOT,crypto,tecnico,precio,1.02,,EUR,2026-05-30,2026-09-04T15:50:42Z,Coinbase,2,,,engine/technical/README.md,
DOT,crypto,tecnico,precio,1.02,,EUR,2026-05-31,2026-09-04T15:50:42Z,Coinbase,2,,,engine/technical/README.md,
DOT,crypto,tecnico,precio,0.99,,EUR,2026-06-01,2026-09-04T15:50:42Z,Coinbase,2,,,engine/technical/README.md,
DOT,crypto,tecnico,precio,0.93,,EUR,2026-06-02,2026-09-04T15:50:42Z,Coinbase,2,,,engine/technical/README.md,
DOT,crypto,tecnico,precio,0.95,,EUR,2026-06-03,2026-09-04T15:50:42Z,Coinbase,2,,,engine/technical/README.md,
DOT,crypto,tecnico,precio,0.89,,EUR,2026-06-04,2026-09-04T15:50:42Z,Coinbase,2,,,engine/technical/README.md,
DOT,crypto,tecnico,precio,0.83,,EUR,2026-06-05,2026-09-04T15:50:42Z,Coinbase,2,,,engine/technical/README.md,
DOT,crypto,tecnico,precio,0.82,,EUR,2026-06-06,2026-09-04T15:50:42Z,Coinbase,2,,,engine/technical/README.md,
DOT,crypto,tecnico,precio,0.85,,EUR,2026-06-07,2026-09-04T15:50:42Z,Coinbase,2,,,engine/technical/README.md,
DOT,crypto,tecnico,precio,0.84,,EUR,2026-06-08,2026-09-04T15:50:42Z,Coinbase,2,,,engine/technical/README.md,
DOT,crypto,tecnico,precio,0.83,,EUR,2026-06-09,2026-09-04T15:50:42Z,Coinbase,2,,,engine/technical/README.md,
DOT,crypto,tecnico,precio,0.8,,EUR,2026-06-10,2026-09-04T15:50:42Z,Coinbase,2,,,engine/technical/README.md,
DOT,crypto,tecnico,precio,0.82,,EUR,2026-06-11,2026-09-04T15:50:42Z,Coinbase,2,,,engine/technical/README.md,
DOT,crypto,tecnico,precio,0.83,,EUR,2026-06-12,2026-09-04T15:50:42Z,Coinbase,2,,,engine/technical/README.md,
DOT,crypto,tecnico,precio,0.85,,EUR,2026-06-13,2026-09-04T15:50:42Z,Coinbase,2,,,engine/technical/README.md,
DOT,crypto,tecnico,precio,0.86,,EUR,2026-06-14,2026-09-04T15:50:42Z,Coinbase,2,,,engine/technical/README.md,
DOT,crypto,tecnico,precio,0.88,,EUR,2026-06-15,2026-09-04T15:50:42Z,Coinbase,2,,,engine/technical/README.md,
DOT,crypto,tecnico,precio,0.88,,EUR,2026-06-16,2026-09-04T15:50:42Z,Coinbase,2,,,engine/technical/README.md,
DOT,crypto,tecnico,precio,0.87,,EUR,2026-06-17,2026-09-04T15:50:42Z,Coinbase,2,,,engine/technical/README.md,
DOT,crypto,tecnico,precio,0.85,,EUR,2026-06-18,2026-09-04T15:50:42Z,Coinbase,2,,,engine/technical/README.md,
DOT,crypto,tecnico,precio,0.83,,EUR,2026-06-19,2026-09-04T15:50:42Z,Coinbase,2,,,engine/technical/README.md,
DOT,crypto,tecnico,precio,0.85,,EUR,2026-06-20,2026-09-04T15:50:42Z,Coinbase,2,,,engine/technical/README.md,
DOT,crypto,tecnico,precio,0.83,,EUR,2026-06-21,2026-09-04T15:50:42Z,Coinbase,2,,,engine/technical/README.md,
DOT,crypto,tecnico,precio,0.82,,EUR,2026-06-22,2026-09-04T15:50:42Z,Coinbase,2,,,engine/technical/README.md,
DOT,crypto,tecnico,precio,0.8,,EUR,2026-06-23,2026-09-04T15:50:42Z,Coinbase,2,,,engine/technical/README.md,
DOT,crypto,tecnico,precio,0.79,,EUR,2026-06-24,2026-09-04T15:50:42Z,Coinbase,2,,,engine/technical/README.md,
DOT,crypto,tecnico,precio,0.74,,EUR,2026-06-25,2026-09-04T15:50:42Z,Coinbase,2,,,engine/technical/README.md,
DOT,crypto,tecnico,precio,0.74,,EUR,2026-06-26,2026-09-04T15:50:42Z,Coinbase,2,,,engine/technical/README.md,
DOT,crypto,tecnico,precio,0.71,,EUR,2026-06-27,2026-09-04T15:50:42Z,Coinbase,2,,,engine/technical/README.md,
DOT,crypto,tecnico,precio,0.71,,EUR,2026-06-28,2026-09-04T15:50:42Z,Coinbase,2,,,engine/technical/README.md,
DOT,crypto,tecnico,precio,0.72,,EUR,2026-06-29,2026-09-04T15:50:42Z,Coinbase,2,,,engine/technical/README.md,
DOT,crypto,tecnico,precio,0.72,,EUR,2026-06-30,2026-09-04T15:50:42Z,Coinbase,2,,,engine/technical/README.md,
DOT,crypto,tecnico,precio,0.73,,EUR,2026-07-01,2026-09-04T15:50:42Z,Coinbase,2,,,engine/technical/README.md,
DOT,crypto,tecnico,precio,0.74,,EUR,2026-07-02,2026-09-04T15:50:42Z,Coinbase,2,,,engine/technical/README.md,
DOT,crypto,tecnico,precio,0.77,,EUR,2026-07-03,2026-09-04T15:50:42Z,Coinbase,2,,,engine/technical/README.md,
DOT,crypto,tecnico,precio,0.77,,EUR,2026-07-04,2026-09-04T15:50:42Z,Coinbase,2,,,engine/technical/README.md,
DOT,crypto,tecnico,precio,0.77,,EUR,2026-07-05,2026-09-04T15:50:42Z,Coinbase,2,,,engine/technical/README.md,
DOT,crypto,tecnico,precio,0.78,,EUR,2026-07-06,2026-09-04T15:50:42Z,Coinbase,2,,,engine/technical/README.md,
DOT,crypto,tecnico,precio,0.75,,EUR,2026-07-07,2026-09-04T15:50:42Z,Coinbase,2,,,engine/technical/README.md,
DOT,crypto,tecnico,precio,0.73,,EUR,2026-07-08,2026-09-04T15:50:42Z,Coinbase,2,,,engine/technical/README.md,
DOT,crypto,tecnico,precio,0.72,,EUR,2026-07-09,2026-09-04T15:50:42Z,Coinbase,2,,,engine/technical/README.md,
DOT,crypto,tecnico,precio,0.77,,EUR,2026-07-10,2026-09-04T15:50:42Z,Coinbase,2,,,engine/technical/README.md,
DOT,crypto,tecnico,precio,0.75,,EUR,2026-07-11,2026-09-04T15:50:42Z,Coinbase,2,,,engine/technical/README.md,
DOT,crypto,tecnico,precio,0.74,,EUR,2026-07-12,2026-09-04T15:50:42Z,Coinbase,2,,,engine/technical/README.md,
DOT,crypto,tecnico,precio,0.73,,EUR,2026-07-13,2026-09-04T15:50:42Z,Coinbase,2,,,engine/technical/README.md,
DOT,crypto,tecnico,precio,0.74,,EUR,2026-07-14,2026-09-04T15:50:42Z,Coinbase,2,,,engine/technical/README.md,
DOT,crypto,tecnico,precio,0.74,,EUR,2026-07-15,2026-09-04T15:50:42Z,Coinbase,2,,,engine/technical/README.md,
DOT,crypto,tecnico,precio,0.75,,EUR,2026-07-16,2026-09-04T15:50:42Z,Coinbase,2,,,engine/technical/README.md,
DOT,crypto,tecnico,precio,0.75,,EUR,2026-07-17,2026-09-04T15:50:42Z,Coinbase,2,,,engine/technical/README.md,
DOT,crypto,tecnico,precio,0.73,,EUR,2026-07-18,2026-09-04T15:50:42Z,Coinbase,2,,,engine/technical/README.md,
DOT,crypto,tecnico,precio,0.72,,EUR,2026-07-19,2026-09-04T15:50:42Z,Coinbase,2,,,engine/technical/README.md,
DOT,crypto,tecnico,precio,0.73,,EUR,2026-07-20,2026-09-04T15:50:42Z,Coinbase,2,,,engine/technical/README.md,
DOT,crypto,tecnico,precio,0.74,,EUR,2026-07-21,2026-09-04T15:50:42Z,Coinbase,2,,,engine/technical/README.md,
DOT,crypto,tecnico,precio,0.73,,EUR,2026-07-22,2026-09-04T15:50:42Z,Coinbase,2,,,engine/technical/README.md,
DOT,crypto,tecnico,precio,0.72,,EUR,2026-07-23,2026-09-04T15:50:42Z,Coinbase,2,,,engine/technical/README.md,
DOT,crypto,tecnico,precio,0.71,,EUR,2026-07-24,2026-09-04T15:50:42Z,Coinbase,2,,,engine/technical/README.md,
DOT,crypto,tecnico,precio,0.72,,EUR,2026-07-25,2026-09-04T15:50:42Z,Coinbase,2,,,engine/technical/README.md,
DOT,crypto,tecnico,precio,0.73,,EUR,2026-07-26,2026-09-04T15:50:42Z,Coinbase,2,,,engine/technical/README.md,
DOT,crypto,tecnico,precio,0.67,,EUR,2026-07-27,2026-09-04T15:50:42Z,Coinbase,2,,,engine/technical/README.md,
DOT,crypto,tecnico,precio,0.67,,EUR,2026-07-28,2026-09-04T15:50:42Z,Coinbase,2,,,engine/technical/README.md,
DOT,crypto,tecnico,precio,0.67,,EUR,2026-07-29,2026-09-04T15:50:42Z,Coinbase,2,,,engine/technical/README.md,
DOT,crypto,tecnico,precio,0.67,,EUR,2026-07-30,2026-09-04T15:50:42Z,Coinbase,2,,,engine/technical/README.md,
DOT,crypto,tecnico,precio,0.66,,EUR,2026-07-31,2026-09-04T15:50:42Z,Coinbase,2,,,engine/technical/README.md,
DOT,crypto,tecnico,precio,0.68,,EUR,2026-08-01,2026-09-04T15:50:42Z,Coinbase,2,,,engine/technical/README.md,
DOT,crypto,tecnico,precio,0.69,,EUR,2026-08-02,2026-09-04T15:50:42Z,Coinbase,2,,,engine/technical/README.md,
DOT,crypto,tecnico,precio,0.72,,EUR,2026-08-03,2026-09-04T15:50:42Z,Coinbase,2,,,engine/technical/README.md,
DOT,crypto,tecnico,precio,0.75,,EUR,2026-08-04,2026-09-04T15:50:42Z,Coinbase,2,,,engine/technical/README.md,
DOT,crypto,tecnico,precio,0.73,,EUR,2026-08-05,2026-09-04T15:50:42Z,Coinbase,2,,,engine/technical/README.md,
DOT,crypto,tecnico,precio,0.71,,EUR,2026-08-06,2026-09-04T15:50:42Z,Coinbase,2,,,engine/technical/README.md,
DOT,crypto,tecnico,precio,0.71,,EUR,2026-08-07,2026-09-04T15:50:42Z,Coinbase,2,,,engine/technical/README.md,
DOT,crypto,tecnico,precio,0.71,,EUR,2026-08-08,2026-09-04T15:50:42Z,Coinbase,2,,,engine/technical/README.md,
DOT,crypto,tecnico,precio,0.69,,EUR,2026-08-09,2026-09-04T15:50:42Z,Coinbase,2,,,engine/technical/README.md,
DOT,crypto,tecnico,precio,0.7,,EUR,2026-08-10,2026-09-04T15:50:42Z,Coinbase,2,,,engine/technical/README.md,
DOT,crypto,tecnico,precio,0.69,,EUR,2026-08-11,2026-09-04T15:50:42Z,Coinbase,2,,,engine/technical/README.md,
DOT,crypto,tecnico,precio,0.67,,EUR,2026-08-12,2026-09-04T15:50:42Z,Coinbase,2,,,engine/technical/README.md,
DOT,crypto,tecnico,precio,0.67,,EUR,2026-08-13,2026-09-04T15:50:42Z,Coinbase,2,,,engine/technical/README.md,
DOT,crypto,tecnico,precio,0.66,,EUR,2026-08-14,2026-09-04T15:50:42Z,Coinbase,2,,,engine/technical/README.md,
DOT,crypto,tecnico,precio,0.66,,EUR,2026-08-15,2026-09-04T15:50:42Z,Coinbase,2,,,engine/technical/README.md,
DOT,crypto,tecnico,precio,0.65,,EUR,2026-08-16,2026-09-04T15:50:42Z,Coinbase,2,,,engine/technical/README.md,
DOT,crypto,tecnico,precio,0.66,,EUR,2026-08-17,2026-09-04T15:50:42Z,Coinbase,2,,,engine/technical/README.md,
DOT,crypto,tecnico,precio,0.65,,EUR,2026-08-18,2026-09-04T15:50:42Z,Coinbase,2,,,engine/technical/README.md,
DOT,crypto,tecnico,precio,0.68,,EUR,2026-08-19,2026-09-04T15:50:42Z,Coinbase,2,,,engine/technical/README.md,
DOT,crypto,tecnico,precio,0.72,,EUR,2026-08-20,2026-09-04T15:50:42Z,Coinbase,2,,,engine/technical/README.md,
DOT,crypto,tecnico,precio,0.8,,EUR,2026-08-21,2026-09-04T15:50:42Z,Coinbase,2,,,engine/technical/README.md,
DOT,crypto,tecnico,precio,0.79,,EUR,2026-08-22,2026-09-04T15:50:42Z,Coinbase,2,,,engine/technical/README.md,
DOT,crypto,tecnico,precio,0.79,,EUR,2026-08-23,2026-09-04T15:50:42Z,Coinbase,2,,,engine/technical/README.md,
DOT,crypto,tecnico,precio,0.77,,EUR,2026-08-24,2026-09-04T15:50:42Z,Coinbase,2,,,engine/technical/README.md,
DOT,crypto,tecnico,precio,0.73,,EUR,2026-08-25,2026-09-04T15:50:42Z,Coinbase,2,,,engine/technical/README.md,
DOT,crypto,tecnico,precio,0.75,,EUR,2026-08-26,2026-09-04T15:50:42Z,Coinbase,2,,,engine/technical/README.md,
DOT,crypto,tecnico,precio,0.76,,EUR,2026-08-27,2026-09-04T15:50:42Z,Coinbase,2,,,engine/technical/README.md,
DOT,crypto,tecnico,precio,0.73,,EUR,2026-08-28,2026-09-04T15:50:42Z,Coinbase,2,,,engine/technical/README.md,
DOT,crypto,tecnico,precio,0.73,,EUR,2026-08-29,2026-09-04T15:50:42Z,Coinbase,2,,,engine/technical/README.md,
DOT,crypto,tecnico,precio,0.71,,EUR,2026-08-30,2026-09-04T15:50:42Z,Coinbase,2,,,engine/technical/README.md,
DOT,crypto,tecnico,precio,0.73,,EUR,2026-08-31,2026-09-04T15:50:42Z,Coinbase,2,,,engine/technical/README.md,
DOT,crypto,tecnico,precio,0.7506,,EUR,2026-09-01,2026-09-04T15:50:42Z,Coinbase,2,,,engine/technical/README.md,
DOT,crypto,tecnico,precio,0.7501,,EUR,2026-09-02,2026-09-04T15:50:42Z,Coinbase,2,,,engine/technical/README.md,
DOT,crypto,tecnico,precio,0.7393,,EUR,2026-09-03,2026-09-03T11:40:59Z,Kraken,2,100,,engine/technical/README.md,
DOT,crypto,tecnico,precio,0.7553,,EUR,2026-09-04,2026-09-04T10:11:47Z,Kraken,2,100,,engine/technical/README.md,
DOT,crypto,tecnico,rsi14,52.6,,indice,2026-01-01,2026-09-04T15:50:42Z,Coinbase,2,,,engine/technical/README.md,
DOT,crypto,tecnico,rsi14,60.3,,indice,2026-01-02,2026-09-04T15:50:42Z,Coinbase,2,,,engine/technical/README.md,
DOT,crypto,tecnico,rsi14,58.2,,indice,2026-01-03,2026-09-04T15:50:42Z,Coinbase,2,,,engine/technical/README.md,
DOT,crypto,tecnico,rsi14,58.8,,indice,2026-01-04,2026-09-04T15:50:42Z,Coinbase,2,,,engine/technical/README.md,
DOT,crypto,tecnico,rsi14,61.7,,indice,2026-01-05,2026-09-04T15:50:42Z,Coinbase,2,,,engine/technical/README.md,
DOT,crypto,tecnico,rsi14,62.2,,indice,2026-01-06,2026-09-04T15:50:42Z,Coinbase,2,,,engine/technical/README.md,
DOT,crypto,tecnico,rsi14,57.5,,indice,2026-01-07,2026-09-04T15:50:42Z,Coinbase,2,,,engine/technical/README.md,
DOT,crypto,tecnico,rsi14,55.9,,indice,2026-01-08,2026-09-04T15:50:42Z,Coinbase,2,,,engine/technical/README.md,
DOT,crypto,tecnico,rsi14,53.6,,indice,2026-01-09,2026-09-04T15:50:42Z,Coinbase,2,,,engine/technical/README.md,
DOT,crypto,tecnico,rsi14,54.3,,indice,2026-01-10,2026-09-04T15:50:42Z,Coinbase,2,,,engine/technical/README.md,
DOT,crypto,tecnico,rsi14,52.7,,indice,2026-01-11,2026-09-04T15:50:42Z,Coinbase,2,,,engine/technical/README.md,
DOT,crypto,tecnico,rsi14,51.0,,indice,2026-01-12,2026-09-04T15:50:42Z,Coinbase,2,,,engine/technical/README.md,
DOT,crypto,tecnico,rsi14,63.0,,indice,2026-01-13,2026-09-04T15:50:42Z,Coinbase,2,,,engine/technical/README.md,
DOT,crypto,tecnico,rsi14,59.7,,indice,2026-01-14,2026-09-04T15:50:42Z,Coinbase,2,,,engine/technical/README.md,
DOT,crypto,tecnico,rsi14,52.9,,indice,2026-01-15,2026-09-04T15:50:42Z,Coinbase,2,,,engine/technical/README.md,
DOT,crypto,tecnico,rsi14,53.6,,indice,2026-01-16,2026-09-04T15:50:42Z,Coinbase,2,,,engine/technical/README.md,
DOT,crypto,tecnico,rsi14,56.7,,indice,2026-01-17,2026-09-04T15:50:42Z,Coinbase,2,,,engine/technical/README.md,
DOT,crypto,tecnico,rsi14,49.5,,indice,2026-01-18,2026-09-04T15:50:42Z,Coinbase,2,,,engine/technical/README.md,
DOT,crypto,tecnico,rsi14,47.0,,indice,2026-01-19,2026-09-04T15:50:42Z,Coinbase,2,,,engine/technical/README.md,
DOT,crypto,tecnico,rsi14,40.3,,indice,2026-01-20,2026-09-04T15:50:42Z,Coinbase,2,,,engine/technical/README.md,
DOT,crypto,tecnico,rsi14,44.5,,indice,2026-01-21,2026-09-04T15:50:42Z,Coinbase,2,,,engine/technical/README.md,
DOT,crypto,tecnico,rsi14,42.3,,indice,2026-01-22,2026-09-04T15:50:42Z,Coinbase,2,,,engine/technical/README.md,
DOT,crypto,tecnico,rsi14,41.8,,indice,2026-01-23,2026-09-04T15:50:42Z,Coinbase,2,,,engine/technical/README.md,
DOT,crypto,tecnico,rsi14,41.8,,indice,2026-01-24,2026-09-04T15:50:42Z,Coinbase,2,,,engine/technical/README.md,
DOT,crypto,tecnico,rsi14,36.8,,indice,2026-01-25,2026-09-04T15:50:42Z,Coinbase,2,,,engine/technical/README.md,
DOT,crypto,tecnico,rsi14,40.2,,indice,2026-01-26,2026-09-04T15:50:42Z,Coinbase,2,,,engine/technical/README.md,
DOT,crypto,tecnico,rsi14,39.1,,indice,2026-01-27,2026-09-04T15:50:42Z,Coinbase,2,,,engine/technical/README.md,
DOT,crypto,tecnico,rsi14,39.1,,indice,2026-01-28,2026-09-04T15:50:42Z,Coinbase,2,,,engine/technical/README.md,
DOT,crypto,tecnico,rsi14,33.1,,indice,2026-01-29,2026-09-04T15:50:42Z,Coinbase,2,,,engine/technical/README.md,
DOT,crypto,tecnico,rsi14,31.7,,indice,2026-01-30,2026-09-04T15:50:42Z,Coinbase,2,,,engine/technical/README.md,
DOT,crypto,tecnico,rsi14,27.5,,indice,2026-01-31,2026-09-04T15:50:42Z,Coinbase,2,,,engine/technical/README.md,
DOT,crypto,tecnico,rsi14,25.3,,indice,2026-02-01,2026-09-04T15:50:42Z,Coinbase,2,,,engine/technical/README.md,
DOT,crypto,tecnico,rsi14,30.3,,indice,2026-02-02,2026-09-04T15:50:42Z,Coinbase,2,,,engine/technical/README.md,
DOT,crypto,tecnico,rsi14,28.6,,indice,2026-02-03,2026-09-04T15:50:42Z,Coinbase,2,,,engine/technical/README.md,
DOT,crypto,tecnico,rsi14,27.0,,indice,2026-02-04,2026-09-04T15:50:42Z,Coinbase,2,,,engine/technical/README.md,
DOT,crypto,tecnico,rsi14,21.6,,indice,2026-02-05,2026-09-04T15:50:42Z,Coinbase,2,,,engine/technical/README.md,
DOT,crypto,tecnico,rsi14,29.7,,indice,2026-02-06,2026-09-04T15:50:42Z,Coinbase,2,,,engine/technical/README.md,
DOT,crypto,tecnico,rsi14,30.5,,indice,2026-02-07,2026-09-04T15:50:42Z,Coinbase,2,,,engine/technical/README.md,
DOT,crypto,tecnico,rsi14,29.7,,indice,2026-02-08,2026-09-04T15:50:42Z,Coinbase,2,,,engine/technical/README.md,
DOT,crypto,tecnico,rsi14,28.6,,indice,2026-02-09,2026-09-04T15:50:42Z,Coinbase,2,,,engine/technical/README.md,
DOT,crypto,tecnico,rsi14,27.4,,indice,2026-02-10,2026-09-04T15:50:42Z,Coinbase,2,,,engine/technical/README.md,
DOT,crypto,tecnico,rsi14,26.6,,indice,2026-02-11,2026-09-04T15:50:42Z,Coinbase,2,,,engine/technical/README.md,
DOT,crypto,tecnico,rsi14,28.8,,indice,2026-02-12,2026-09-04T15:50:42Z,Coinbase,2,,,engine/technical/README.md,
DOT,crypto,tecnico,rsi14,34.1,,indice,2026-02-13,2026-09-04T15:50:42Z,Coinbase,2,,,engine/technical/README.md,
DOT,crypto,tecnico,rsi14,40.7,,indice,2026-02-14,2026-09-04T15:50:42Z,Coinbase,2,,,engine/technical/README.md,
DOT,crypto,tecnico,rsi14,37.8,,indice,2026-02-15,2026-09-04T15:50:42Z,Coinbase,2,,,engine/technical/README.md,
DOT,crypto,tecnico,rsi14,38.8,,indice,2026-02-16,2026-09-04T15:50:42Z,Coinbase,2,,,engine/technical/README.md,
DOT,crypto,tecnico,rsi14,37.5,,indice,2026-02-17,2026-09-04T15:50:42Z,Coinbase,2,,,engine/technical/README.md,
DOT,crypto,tecnico,rsi14,35.7,,indice,2026-02-18,2026-09-04T15:50:42Z,Coinbase,2,,,engine/technical/README.md,
DOT,crypto,tecnico,rsi14,34.5,,indice,2026-02-19,2026-09-04T15:50:42Z,Coinbase,2,,,engine/technical/README.md,
DOT,crypto,tecnico,rsi14,40.0,,indice,2026-02-20,2026-09-04T15:50:42Z,Coinbase,2,,,engine/technical/README.md,
DOT,crypto,tecnico,rsi14,41.0,,indice,2026-02-21,2026-09-04T15:50:42Z,Coinbase,2,,,engine/technical/README.md,
DOT,crypto,tecnico,rsi14,38.1,,indice,2026-02-22,2026-09-04T15:50:42Z,Coinbase,2,,,engine/technical/README.md,
DOT,crypto,tecnico,rsi14,36.1,,indice,2026-02-23,2026-09-04T15:50:42Z,Coinbase,2,,,engine/technical/README.md,
DOT,crypto,tecnico,rsi14,34.1,,indice,2026-02-24,2026-09-04T15:50:42Z,Coinbase,2,,,engine/technical/README.md,
DOT,crypto,tecnico,rsi14,61.5,,indice,2026-02-25,2026-09-04T15:50:42Z,Coinbase,2,,,engine/technical/README.md,
DOT,crypto,tecnico,rsi14,58.6,,indice,2026-02-26,2026-09-04T15:50:42Z,Coinbase,2,,,engine/technical/README.md,
DOT,crypto,tecnico,rsi14,57.1,,indice,2026-02-27,2026-09-04T15:50:42Z,Coinbase,2,,,engine/technical/README.md,
DOT,crypto,tecnico,rsi14,60.3,,indice,2026-02-28,2026-09-04T15:50:42Z,Coinbase,2,,,engine/technical/README.md,
DOT,crypto,tecnico,rsi14,53.2,,indice,2026-03-01,2026-09-04T15:50:42Z,Coinbase,2,,,engine/technical/README.md,
DOT,crypto,tecnico,rsi14,51.3,,indice,2026-03-02,2026-09-04T15:50:42Z,Coinbase,2,,,engine/technical/README.md,
DOT,crypto,tecnico,rsi14,53.7,,indice,2026-03-03,2026-09-04T15:50:42Z,Coinbase,2,,,engine/technical/README.md,
DOT,crypto,tecnico,rsi14,53.7,,indice,2026-03-04,2026-09-04T15:50:42Z,Coinbase,2,,,engine/technical/README.md,
DOT,crypto,tecnico,rsi14,52.9,,indice,2026-03-05,2026-09-04T15:50:42Z,Coinbase,2,,,engine/technical/README.md,
DOT,crypto,tecnico,rsi14,51.3,,indice,2026-03-06,2026-09-04T15:50:42Z,Coinbase,2,,,engine/technical/README.md,
DOT,crypto,tecnico,rsi14,48.2,,indice,2026-03-07,2026-09-04T15:50:42Z,Coinbase,2,,,engine/technical/README.md,
DOT,crypto,tecnico,rsi14,49.9,,indice,2026-03-08,2026-09-04T15:50:42Z,Coinbase,2,,,engine/technical/README.md,
DOT,crypto,tecnico,rsi14,50.7,,indice,2026-03-09,2026-09-04T15:50:42Z,Coinbase,2,,,engine/technical/README.md,
DOT,crypto,tecnico,rsi14,50.7,,indice,2026-03-10,2026-09-04T15:50:42Z,Coinbase,2,,,engine/technical/README.md,
DOT,crypto,tecnico,rsi14,55.1,,indice,2026-03-11,2026-09-04T15:50:42Z,Coinbase,2,,,engine/technical/README.md,
DOT,crypto,tecnico,rsi14,55.1,,indice,2026-03-12,2026-09-04T15:50:42Z,Coinbase,2,,,engine/technical/README.md,
DOT,crypto,tecnico,rsi14,49.9,,indice,2026-03-13,2026-09-04T15:50:42Z,Coinbase,2,,,engine/technical/README.md,
DOT,crypto,tecnico,rsi14,46.2,,indice,2026-03-14,2026-09-04T15:50:42Z,Coinbase,2,,,engine/technical/README.md,
DOT,crypto,tecnico,rsi14,48.3,,indice,2026-03-15,2026-09-04T15:50:42Z,Coinbase,2,,,engine/technical/README.md,
DOT,crypto,tecnico,rsi14,62.3,,indice,2026-03-16,2026-09-04T15:50:42Z,Coinbase,2,,,engine/technical/README.md,
DOT,crypto,tecnico,rsi14,59.4,,indice,2026-03-17,2026-09-04T15:50:42Z,Coinbase,2,,,engine/technical/README.md,
DOT,crypto,tecnico,rsi14,55.7,,indice,2026-03-18,2026-09-04T15:50:42Z,Coinbase,2,,,engine/technical/README.md,
DOT,crypto,tecnico,rsi14,50.6,,indice,2026-03-19,2026-09-04T15:50:42Z,Coinbase,2,,,engine/technical/README.md,
DOT,crypto,tecnico,rsi14,49.8,,indice,2026-03-20,2026-09-04T15:50:42Z,Coinbase,2,,,engine/technical/README.md,
DOT,crypto,tecnico,rsi14,46.5,,indice,2026-03-21,2026-09-04T15:50:42Z,Coinbase,2,,,engine/technical/README.md,
DOT,crypto,tecnico,rsi14,44.2,,indice,2026-03-22,2026-09-04T15:50:42Z,Coinbase,2,,,engine/technical/README.md,
DOT,crypto,tecnico,rsi14,43.4,,indice,2026-03-23,2026-09-04T15:50:42Z,Coinbase,2,,,engine/technical/README.md,
DOT,crypto,tecnico,rsi14,42.6,,indice,2026-03-24,2026-09-04T15:50:42Z,Coinbase,2,,,engine/technical/README.md,
DOT,crypto,tecnico,rsi14,39.5,,indice,2026-03-25,2026-09-04T15:50:42Z,Coinbase,2,,,engine/technical/README.md,
DOT,crypto,tecnico,rsi14,37.9,,indice,2026-03-26,2026-09-04T15:50:42Z,Coinbase,2,,,engine/technical/README.md,
DOT,crypto,tecnico,rsi14,35.7,,indice,2026-03-27,2026-09-04T15:50:42Z,Coinbase,2,,,engine/technical/README.md,
DOT,crypto,tecnico,rsi14,34.3,,indice,2026-03-28,2026-09-04T15:50:42Z,Coinbase,2,,,engine/technical/README.md,
DOT,crypto,tecnico,rsi14,34.3,,indice,2026-03-29,2026-09-04T15:50:42Z,Coinbase,2,,,engine/technical/README.md,
DOT,crypto,tecnico,rsi14,32.8,,indice,2026-03-30,2026-09-04T15:50:42Z,Coinbase,2,,,engine/technical/README.md,
DOT,crypto,tecnico,rsi14,34.3,,indice,2026-03-31,2026-09-04T15:50:42Z,Coinbase,2,,,engine/technical/README.md,
DOT,crypto,tecnico,rsi14,34.3,,indice,2026-04-01,2026-09-04T15:50:42Z,Coinbase,2,,,engine/technical/README.md,
DOT,crypto,tecnico,rsi14,32.6,,indice,2026-04-02,2026-09-04T15:50:42Z,Coinbase,2,,,engine/technical/README.md,
DOT,crypto,tecnico,rsi14,34.4,,indice,2026-04-03,2026-09-04T15:50:42Z,Coinbase,2,,,engine/technical/README.md,
DOT,crypto,tecnico,rsi14,34.4,,indice,2026-04-04,2026-09-04T15:50:42Z,Coinbase,2,,,engine/technical/README.md,
DOT,crypto,tecnico,rsi14,36.4,,indice,2026-04-05,2026-09-04T15:50:42Z,Coinbase,2,,,engine/technical/README.md,
DOT,crypto,tecnico,rsi14,35.2,,indice,2026-04-06,2026-09-04T15:50:42Z,Coinbase,2,,,engine/technical/README.md,
DOT,crypto,tecnico,rsi14,43.0,,indice,2026-04-07,2026-09-04T15:50:42Z,Coinbase,2,,,engine/technical/README.md,
DOT,crypto,tecnico,rsi14,38.1,,indice,2026-04-08,2026-09-04T15:50:42Z,Coinbase,2,,,engine/technical/README.md,
DOT,crypto,tecnico,rsi14,43.3,,indice,2026-04-09,2026-09-04T15:50:42Z,Coinbase,2,,,engine/technical/README.md,
DOT,crypto,tecnico,rsi14,43.3,,indice,2026-04-10,2026-09-04T15:50:42Z,Coinbase,2,,,engine/technical/README.md,
DOT,crypto,tecnico,rsi14,40.7,,indice,2026-04-11,2026-09-04T15:50:42Z,Coinbase,2,,,engine/technical/README.md,
DOT,crypto,tecnico,rsi14,35.9,,indice,2026-04-12,2026-09-04T15:50:42Z,Coinbase,2,,,engine/technical/README.md,
DOT,crypto,tecnico,rsi14,34.8,,indice,2026-04-13,2026-09-04T15:50:42Z,Coinbase,2,,,engine/technical/README.md,
DOT,crypto,tecnico,rsi14,29.9,,indice,2026-04-14,2026-09-04T15:50:42Z,Coinbase,2,,,engine/technical/README.md,
DOT,crypto,tecnico,rsi14,32.0,,indice,2026-04-15,2026-09-04T15:50:42Z,Coinbase,2,,,engine/technical/README.md,
DOT,crypto,tecnico,rsi14,50.8,,indice,2026-04-16,2026-09-04T15:50:42Z,Coinbase,2,,,engine/technical/README.md,
DOT,crypto,tecnico,rsi14,53.1,,indice,2026-04-17,2026-09-04T15:50:42Z,Coinbase,2,,,engine/technical/README.md,
DOT,crypto,tecnico,rsi14,46.1,,indice,2026-04-18,2026-09-04T15:50:42Z,Coinbase,2,,,engine/technical/README.md,
DOT,crypto,tecnico,rsi14,44.0,,indice,2026-04-19,2026-09-04T15:50:42Z,Coinbase,2,,,engine/technical/README.md,
DOT,crypto,tecnico,rsi14,47.8,,indice,2026-04-20,2026-09-04T15:50:42Z,Coinbase,2,,,engine/technical/README.md,
DOT,crypto,tecnico,rsi14,47.8,,indice,2026-04-21,2026-09-04T15:50:42Z,Coinbase,2,,,engine/technical/README.md,
DOT,crypto,tecnico,rsi14,47.8,,indice,2026-04-22,2026-09-04T15:50:42Z,Coinbase,2,,,engine/technical/README.md,
DOT,crypto,tecnico,rsi14,44.0,,indice,2026-04-23,2026-09-04T15:50:42Z,Coinbase,2,,,engine/technical/README.md,
DOT,crypto,tecnico,rsi14,45.6,,indice,2026-04-24,2026-09-04T15:50:42Z,Coinbase,2,,,engine/technical/README.md,
DOT,crypto,tecnico,rsi14,44.3,,indice,2026-04-25,2026-09-04T15:50:42Z,Coinbase,2,,,engine/technical/README.md,
DOT,crypto,tecnico,rsi14,47.5,,indice,2026-04-26,2026-09-04T15:50:42Z,Coinbase,2,,,engine/technical/README.md,
DOT,crypto,tecnico,rsi14,44.7,,indice,2026-04-27,2026-09-04T15:50:42Z,Coinbase,2,,,engine/technical/README.md,
DOT,crypto,tecnico,rsi14,43.3,,indice,2026-04-28,2026-09-04T15:50:42Z,Coinbase,2,,,engine/technical/README.md,
DOT,crypto,tecnico,rsi14,41.9,,indice,2026-04-29,2026-09-04T15:50:42Z,Coinbase,2,,,engine/technical/README.md,
DOT,crypto,tecnico,rsi14,40.5,,indice,2026-04-30,2026-09-04T15:50:42Z,Coinbase,2,,,engine/technical/README.md,
DOT,crypto,tecnico,rsi14,40.5,,indice,2026-05-01,2026-09-04T15:50:42Z,Coinbase,2,,,engine/technical/README.md,
DOT,crypto,tecnico,rsi14,42.8,,indice,2026-05-02,2026-09-04T15:50:42Z,Coinbase,2,,,engine/technical/README.md,
DOT,crypto,tecnico,rsi14,41.1,,indice,2026-05-03,2026-09-04T15:50:42Z,Coinbase,2,,,engine/technical/README.md,
DOT,crypto,tecnico,rsi14,45.6,,indice,2026-05-04,2026-09-04T15:50:42Z,Coinbase,2,,,engine/technical/README.md,
DOT,crypto,tecnico,rsi14,54.9,,indice,2026-05-05,2026-09-04T15:50:42Z,Coinbase,2,,,engine/technical/README.md,
DOT,crypto,tecnico,rsi14,58.0,,indice,2026-05-06,2026-09-04T15:50:42Z,Coinbase,2,,,engine/technical/README.md,
DOT,crypto,tecnico,rsi14,56.0,,indice,2026-05-07,2026-09-04T15:50:42Z,Coinbase,2,,,engine/technical/README.md,
DOT,crypto,tecnico,rsi14,63.1,,indice,2026-05-08,2026-09-04T15:50:42Z,Coinbase,2,,,engine/technical/README.md,
DOT,crypto,tecnico,rsi14,59.0,,indice,2026-05-09,2026-09-04T15:50:42Z,Coinbase,2,,,engine/technical/README.md,
DOT,crypto,tecnico,rsi14,62.9,,indice,2026-05-10,2026-09-04T15:50:42Z,Coinbase,2,,,engine/technical/README.md,
DOT,crypto,tecnico,rsi14,58.9,,indice,2026-05-11,2026-09-04T15:50:42Z,Coinbase,2,,,engine/technical/README.md,
DOT,crypto,tecnico,rsi14,56.9,,indice,2026-05-12,2026-09-04T15:50:42Z,Coinbase,2,,,engine/technical/README.md,
DOT,crypto,tecnico,rsi14,54.9,,indice,2026-05-13,2026-09-04T15:50:42Z,Coinbase,2,,,engine/technical/README.md,
DOT,crypto,tecnico,rsi14,60.8,,indice,2026-05-14,2026-09-04T15:50:42Z,Coinbase,2,,,engine/technical/README.md,
DOT,crypto,tecnico,rsi14,53.3,,indice,2026-05-15,2026-09-04T15:50:42Z,Coinbase,2,,,engine/technical/README.md,
DOT,crypto,tecnico,rsi14,47.1,,indice,2026-05-16,2026-09-04T15:50:42Z,Coinbase,2,,,engine/technical/README.md,
DOT,crypto,tecnico,rsi14,44.3,,indice,2026-05-17,2026-09-04T15:50:42Z,Coinbase,2,,,engine/technical/README.md,
DOT,crypto,tecnico,rsi14,46.1,,indice,2026-05-18,2026-09-04T15:50:42Z,Coinbase,2,,,engine/technical/README.md,
DOT,crypto,tecnico,rsi14,43.2,,indice,2026-05-19,2026-09-04T15:50:42Z,Coinbase,2,,,engine/technical/README.md,
DOT,crypto,tecnico,rsi14,45.0,,indice,2026-05-20,2026-09-04T15:50:42Z,Coinbase,2,,,engine/technical/README.md,
DOT,crypto,tecnico,rsi14,51.8,,indice,2026-05-21,2026-09-04T15:50:42Z,Coinbase,2,,,engine/technical/README.md,
DOT,crypto,tecnico,rsi14,47.1,,indice,2026-05-22,2026-09-04T15:50:42Z,Coinbase,2,,,engine/technical/README.md,
DOT,crypto,tecnico,rsi14,51.8,,indice,2026-05-23,2026-09-04T15:50:42Z,Coinbase,2,,,engine/technical/README.md,
DOT,crypto,tecnico,rsi14,45.9,,indice,2026-05-24,2026-09-04T15:50:42Z,Coinbase,2,,,engine/technical/README.md,
DOT,crypto,tecnico,rsi14,47.5,,indice,2026-05-25,2026-09-04T15:50:42Z,Coinbase,2,,,engine/technical/README.md,
DOT,crypto,tecnico,rsi14,47.5,,indice,2026-05-26,2026-09-04T15:50:42Z,Coinbase,2,,,engine/technical/README.md,
DOT,crypto,tecnico,rsi14,44.5,,indice,2026-05-27,2026-09-04T15:50:42Z,Coinbase,2,,,engine/technical/README.md,
DOT,crypto,tecnico,rsi14,41.6,,indice,2026-05-28,2026-09-04T15:50:42Z,Coinbase,2,,,engine/technical/README.md,
DOT,crypto,tecnico,rsi14,40.2,,indice,2026-05-29,2026-09-04T15:50:42Z,Coinbase,2,,,engine/technical/README.md,
DOT,crypto,tecnico,rsi14,38.8,,indice,2026-05-30,2026-09-04T15:50:42Z,Coinbase,2,,,engine/technical/README.md,
DOT,crypto,tecnico,rsi14,38.8,,indice,2026-05-31,2026-09-04T15:50:42Z,Coinbase,2,,,engine/technical/README.md,
DOT,crypto,tecnico,rsi14,34.6,,indice,2026-06-01,2026-09-04T15:50:42Z,Coinbase,2,,,engine/technical/README.md,
DOT,crypto,tecnico,rsi14,28.1,,indice,2026-06-02,2026-09-04T15:50:42Z,Coinbase,2,,,engine/technical/README.md,
DOT,crypto,tecnico,rsi14,32.7,,indice,2026-06-03,2026-09-04T15:50:42Z,Coinbase,2,,,engine/technical/README.md,
DOT,crypto,tecnico,rsi14,27.1,,indice,2026-06-04,2026-09-04T15:50:42Z,Coinbase,2,,,engine/technical/README.md,
DOT,crypto,tecnico,rsi14,22.9,,indice,2026-06-05,2026-09-04T15:50:42Z,Coinbase,2,,,engine/technical/README.md,
DOT,crypto,tecnico,rsi14,22.3,,indice,2026-06-06,2026-09-04T15:50:42Z,Coinbase,2,,,engine/technical/README.md,
DOT,crypto,tecnico,rsi14,28.5,,indice,2026-06-07,2026-09-04T15:50:42Z,Coinbase,2,,,engine/technical/README.md,
DOT,crypto,tecnico,rsi14,27.7,,indice,2026-06-08,2026-09-04T15:50:42Z,Coinbase,2,,,engine/technical/README.md,
DOT,crypto,tecnico,rsi14,26.9,,indice,2026-06-09,2026-09-04T15:50:42Z,Coinbase,2,,,engine/technical/README.md,
DOT,crypto,tecnico,rsi14,24.6,,indice,2026-06-10,2026-09-04T15:50:42Z,Coinbase,2,,,engine/technical/README.md,
DOT,crypto,tecnico,rsi14,29.0,,indice,2026-06-11,2026-09-04T15:50:42Z,Coinbase,2,,,engine/technical/README.md,
DOT,crypto,tecnico,rsi14,31.2,,indice,2026-06-12,2026-09-04T15:50:42Z,Coinbase,2,,,engine/technical/README.md,
DOT,crypto,tecnico,rsi14,35.4,,indice,2026-06-13,2026-09-04T15:50:42Z,Coinbase,2,,,engine/technical/README.md,
DOT,crypto,tecnico,rsi14,37.5,,indice,2026-06-14,2026-09-04T15:50:42Z,Coinbase,2,,,engine/technical/README.md,
DOT,crypto,tecnico,rsi14,41.5,,indice,2026-06-15,2026-09-04T15:50:42Z,Coinbase,2,,,engine/technical/README.md,
DOT,crypto,tecnico,rsi14,41.5,,indice,2026-06-16,2026-09-04T15:50:42Z,Coinbase,2,,,engine/technical/README.md,
DOT,crypto,tecnico,rsi14,40.0,,indice,2026-06-17,2026-09-04T15:50:42Z,Coinbase,2,,,engine/technical/README.md,
DOT,crypto,tecnico,rsi14,37.1,,indice,2026-06-18,2026-09-04T15:50:42Z,Coinbase,2,,,engine/technical/README.md,
DOT,crypto,tecnico,rsi14,34.5,,indice,2026-06-19,2026-09-04T15:50:42Z,Coinbase,2,,,engine/technical/README.md,
DOT,crypto,tecnico,rsi14,39.2,,indice,2026-06-20,2026-09-04T15:50:42Z,Coinbase,2,,,engine/technical/README.md,
DOT,crypto,tecnico,rsi14,36.4,,indice,2026-06-21,2026-09-04T15:50:42Z,Coinbase,2,,,engine/technical/README.md,
DOT,crypto,tecnico,rsi14,35.0,,indice,2026-06-22,2026-09-04T15:50:42Z,Coinbase,2,,,engine/technical/README.md,
DOT,crypto,tecnico,rsi14,32.4,,indice,2026-06-23,2026-09-04T15:50:42Z,Coinbase,2,,,engine/technical/README.md,
DOT,crypto,tecnico,rsi14,31.1,,indice,2026-06-24,2026-09-04T15:50:42Z,Coinbase,2,,,engine/technical/README.md,
DOT,crypto,tecnico,rsi14,25.8,,indice,2026-06-25,2026-09-04T15:50:42Z,Coinbase,2,,,engine/technical/README.md,
DOT,crypto,tecnico,rsi14,25.8,,indice,2026-06-26,2026-09-04T15:50:42Z,Coinbase,2,,,engine/technical/README.md,
DOT,crypto,tecnico,rsi14,23.0,,indice,2026-06-27,2026-09-04T15:50:42Z,Coinbase,2,,,engine/technical/README.md,
DOT,crypto,tecnico,rsi14,23.0,,indice,2026-06-28,2026-09-04T15:50:42Z,Coinbase,2,,,engine/technical/README.md,
DOT,crypto,tecnico,rsi14,26.1,,indice,2026-06-29,2026-09-04T15:50:42Z,Coinbase,2,,,engine/technical/README.md,
DOT,crypto,tecnico,rsi14,26.1,,indice,2026-06-30,2026-09-04T15:50:42Z,Coinbase,2,,,engine/technical/README.md,
DOT,crypto,tecnico,rsi14,29.3,,indice,2026-07-01,2026-09-04T15:50:42Z,Coinbase,2,,,engine/technical/README.md,
DOT,crypto,tecnico,rsi14,32.5,,indice,2026-07-02,2026-09-04T15:50:42Z,Coinbase,2,,,engine/technical/README.md,
DOT,crypto,tecnico,rsi14,41.1,,indice,2026-07-03,2026-09-04T15:50:42Z,Coinbase,2,,,engine/technical/README.md,
DOT,crypto,tecnico,rsi14,41.1,,indice,2026-07-04,2026-09-04T15:50:42Z,Coinbase,2,,,engine/technical/README.md,
DOT,crypto,tecnico,rsi14,41.1,,indice,2026-07-05,2026-09-04T15:50:42Z,Coinbase,2,,,engine/technical/README.md,
DOT,crypto,tecnico,rsi14,44.1,,indice,2026-07-06,2026-09-04T15:50:42Z,Coinbase,2,,,engine/technical/README.md,
DOT,crypto,tecnico,rsi14,37.9,,indice,2026-07-07,2026-09-04T15:50:42Z,Coinbase,2,,,engine/technical/README.md,
DOT,crypto,tecnico,rsi14,34.5,,indice,2026-07-08,2026-09-04T15:50:42Z,Coinbase,2,,,engine/technical/README.md,
DOT,crypto,tecnico,rsi14,32.8,,indice,2026-07-09,2026-09-04T15:50:42Z,Coinbase,2,,,engine/technical/README.md,
DOT,crypto,tecnico,rsi14,46.4,,indice,2026-07-10,2026-09-04T15:50:42Z,Coinbase,2,,,engine/technical/README.md,
DOT,crypto,tecnico,rsi14,42.7,,indice,2026-07-11,2026-09-04T15:50:42Z,Coinbase,2,,,engine/technical/README.md,
DOT,crypto,tecnico,rsi14,40.9,,indice,2026-07-12,2026-09-04T15:50:42Z,Coinbase,2,,,engine/technical/README.md,
DOT,crypto,tecnico,rsi14,39.2,,indice,2026-07-13,2026-09-04T15:50:42Z,Coinbase,2,,,engine/technical/README.md,
DOT,crypto,tecnico,rsi14,41.8,,indice,2026-07-14,2026-09-04T15:50:42Z,Coinbase,2,,,engine/technical/README.md,
DOT,crypto,tecnico,rsi14,41.8,,indice,2026-07-15,2026-09-04T15:50:42Z,Coinbase,2,,,engine/technical/README.md,
DOT,crypto,tecnico,rsi14,44.7,,indice,2026-07-16,2026-09-04T15:50:42Z,Coinbase,2,,,engine/technical/README.md,
DOT,crypto,tecnico,rsi14,44.7,,indice,2026-07-17,2026-09-04T15:50:42Z,Coinbase,2,,,engine/technical/README.md,
DOT,crypto,tecnico,rsi14,40.2,,indice,2026-07-18,2026-09-04T15:50:42Z,Coinbase,2,,,engine/technical/README.md,
DOT,crypto,tecnico,rsi14,38.1,,indice,2026-07-19,2026-09-04T15:50:42Z,Coinbase,2,,,engine/technical/README.md,
DOT,crypto,tecnico,rsi14,41.3,,indice,2026-07-20,2026-09-04T15:50:42Z,Coinbase,2,,,engine/technical/README.md,
DOT,crypto,tecnico,rsi14,44.5,,indice,2026-07-21,2026-09-04T15:50:42Z,Coinbase,2,,,engine/technical/README.md,
DOT,crypto,tecnico,rsi14,42.1,,indice,2026-07-22,2026-09-04T15:50:42Z,Coinbase,2,,,engine/technical/README.md,
DOT,crypto,tecnico,rsi14,39.7,,indice,2026-07-23,2026-09-04T15:50:42Z,Coinbase,2,,,engine/technical/README.md,
DOT,crypto,tecnico,rsi14,37.5,,indice,2026-07-24,2026-09-04T15:50:42Z,Coinbase,2,,,engine/technical/README.md,
DOT,crypto,tecnico,rsi14,41.1,,indice,2026-07-25,2026-09-04T15:50:42Z,Coinbase,2,,,engine/technical/README.md,
DOT,crypto,tecnico,rsi14,44.5,,indice,2026-07-26,2026-09-04T15:50:42Z,Coinbase,2,,,engine/technical/README.md,
DOT,crypto,tecnico,rsi14,32.3,,indice,2026-07-27,2026-09-04T15:50:42Z,Coinbase,2,,,engine/technical/README.md,
DOT,crypto,tecnico,rsi14,32.3,,indice,2026-07-28,2026-09-04T15:50:42Z,Coinbase,2,,,engine/technical/README.md,
DOT,crypto,tecnico,rsi14,32.3,,indice,2026-07-29,2026-09-04T15:50:42Z,Coinbase,2,,,engine/technical/README.md,
DOT,crypto,tecnico,rsi14,32.3,,indice,2026-07-30,2026-09-04T15:50:42Z,Coinbase,2,,,engine/technical/README.md,
DOT,crypto,tecnico,rsi14,30.5,,indice,2026-07-31,2026-09-04T15:50:42Z,Coinbase,2,,,engine/technical/README.md,
DOT,crypto,tecnico,rsi14,38.2,,indice,2026-08-01,2026-09-04T15:50:42Z,Coinbase,2,,,engine/technical/README.md,
DOT,crypto,tecnico,rsi14,41.6,,indice,2026-08-02,2026-09-04T15:50:42Z,Coinbase,2,,,engine/technical/README.md,
DOT,crypto,tecnico,rsi14,50.6,,indice,2026-08-03,2026-09-04T15:50:42Z,Coinbase,2,,,engine/technical/README.md,
DOT,crypto,tecnico,rsi14,57.6,,indice,2026-08-04,2026-09-04T15:50:42Z,Coinbase,2,,,engine/technical/README.md,
DOT,crypto,tecnico,rsi14,52.3,,indice,2026-08-05,2026-09-04T15:50:42Z,Coinbase,2,,,engine/technical/README.md,
DOT,crypto,tecnico,rsi14,47.5,,indice,2026-08-06,2026-09-04T15:50:42Z,Coinbase,2,,,engine/technical/README.md,
DOT,crypto,tecnico,rsi14,47.5,,indice,2026-08-07,2026-09-04T15:50:42Z,Coinbase,2,,,engine/technical/README.md,
DOT,crypto,tecnico,rsi14,47.5,,indice,2026-08-08,2026-09-04T15:50:42Z,Coinbase,2,,,engine/technical/README.md,
DOT,crypto,tecnico,rsi14,42.7,,indice,2026-08-09,2026-09-04T15:50:42Z,Coinbase,2,,,engine/technical/README.md,
DOT,crypto,tecnico,rsi14,45.7,,indice,2026-08-10,2026-09-04T15:50:42Z,Coinbase,2,,,engine/technical/README.md,
DOT,crypto,tecnico,rsi14,43.3,,indice,2026-08-11,2026-09-04T15:50:42Z,Coinbase,2,,,engine/technical/README.md,
DOT,crypto,tecnico,rsi14,38.8,,indice,2026-08-12,2026-09-04T15:50:42Z,Coinbase,2,,,engine/technical/README.md,
DOT,crypto,tecnico,rsi14,38.8,,indice,2026-08-13,2026-09-04T15:50:42Z,Coinbase,2,,,engine/technical/README.md,
DOT,crypto,tecnico,rsi14,36.7,,indice,2026-08-14,2026-09-04T15:50:42Z,Coinbase,2,,,engine/technical/README.md,
DOT,crypto,tecnico,rsi14,36.7,,indice,2026-08-15,2026-09-04T15:50:42Z,Coinbase,2,,,engine/technical/README.md,
DOT,crypto,tecnico,rsi14,34.4,,indice,2026-08-16,2026-09-04T15:50:42Z,Coinbase,2,,,engine/technical/README.md,
DOT,crypto,tecnico,rsi14,38.5,,indice,2026-08-17,2026-09-04T15:50:42Z,Coinbase,2,,,engine/technical/README.md,
DOT,crypto,tecnico,rsi14,36.1,,indice,2026-08-18,2026-09-04T15:50:42Z,Coinbase,2,,,engine/technical/README.md,
DOT,crypto,tecnico,rsi14,46.8,,indice,2026-08-19,2026-09-04T15:50:42Z,Coinbase,2,,,engine/technical/README.md,
DOT,crypto,tecnico,rsi14,57.1,,indice,2026-08-20,2026-09-04T15:50:42Z,Coinbase,2,,,engine/technical/README.md,
DOT,crypto,tecnico,rsi14,69.7,,indice,2026-08-21,2026-09-04T15:50:42Z,Coinbase,2,,,engine/technical/README.md,
DOT,crypto,tecnico,rsi14,67.1,,indice,2026-08-22,2026-09-04T15:50:42Z,Coinbase,2,,,engine/technical/README.md,
DOT,crypto,tecnico,rsi14,67.1,,indice,2026-08-23,2026-09-04T15:50:42Z,Coinbase,2,,,engine/technical/README.md,
DOT,crypto,tecnico,rsi14,61.6,,indice,2026-08-24,2026-09-04T15:50:42Z,Coinbase,2,,,engine/technical/README.md,
DOT,crypto,tecnico,rsi14,52.4,,indice,2026-08-25,2026-09-04T15:50:42Z,Coinbase,2,,,engine/technical/README.md,
DOT,crypto,tecnico,rsi14,56.0,,indice,2026-08-26,2026-09-04T15:50:42Z,Coinbase,2,,,engine/technical/README.md,
DOT,crypto,tecnico,rsi14,57.7,,indice,2026-08-27,2026-09-04T15:50:42Z,Coinbase,2,,,engine/technical/README.md,
DOT,crypto,tecnico,rsi14,51.3,,indice,2026-08-28,2026-09-04T15:50:42Z,Coinbase,2,,,engine/technical/README.md,
DOT,crypto,tecnico,rsi14,51.3,,indice,2026-08-29,2026-09-04T15:50:42Z,Coinbase,2,,,engine/technical/README.md,
DOT,crypto,tecnico,rsi14,47.3,,indice,2026-08-30,2026-09-04T15:50:42Z,Coinbase,2,,,engine/technical/README.md,
DOT,crypto,tecnico,rsi14,51.4,,indice,2026-08-31,2026-09-04T15:50:42Z,Coinbase,2,,,engine/technical/README.md,
DOT,crypto,tecnico,rsi14,55.3,,indice,2026-09-01,2026-09-04T15:50:42Z,Coinbase,2,,,engine/technical/README.md,
DOT,crypto,tecnico,rsi14,55.1,,indice,2026-09-02,2026-09-04T15:50:42Z,Coinbase,2,,,engine/technical/README.md,
DOT,crypto,tecnico,rsi14,52.9,,indice,2026-09-03,2026-09-03T11:40:59Z,Kraken,2,100,,engine/technical/README.md,
DOT,crypto,tecnico,rsi14,55.6,,indice,2026-09-04,2026-09-04T10:11:47Z,Kraken,2,100,,engine/technical/README.md,
DOT,crypto,tecnico,sma100,2.3694,,EUR,2026-01-01,2026-09-04T15:50:42Z,Coinbase,2,,,engine/technical/README.md,
DOT,crypto,tecnico,sma100,2.3539,,EUR,2026-01-02,2026-09-04T15:50:42Z,Coinbase,2,,,engine/technical/README.md,
DOT,crypto,tecnico,sma100,2.3393,,EUR,2026-01-03,2026-09-04T15:50:42Z,Coinbase,2,,,engine/technical/README.md,
DOT,crypto,tecnico,sma100,2.324,,EUR,2026-01-04,2026-09-04T15:50:42Z,Coinbase,2,,,engine/technical/README.md,
DOT,crypto,tecnico,sma100,2.3097,,EUR,2026-01-05,2026-09-04T15:50:42Z,Coinbase,2,,,engine/technical/README.md,
DOT,crypto,tecnico,sma100,2.2945,,EUR,2026-01-06,2026-09-04T15:50:42Z,Coinbase,2,,,engine/technical/README.md,
DOT,crypto,tecnico,sma100,2.2789,,EUR,2026-01-07,2026-09-04T15:50:42Z,Coinbase,2,,,engine/technical/README.md,
DOT,crypto,tecnico,sma100,2.2637,,EUR,2026-01-08,2026-09-04T15:50:42Z,Coinbase,2,,,engine/technical/README.md,
DOT,crypto,tecnico,sma100,2.2464,,EUR,2026-01-09,2026-09-04T15:50:42Z,Coinbase,2,,,engine/technical/README.md,
DOT,crypto,tecnico,sma100,2.2277,,EUR,2026-01-10,2026-09-04T15:50:42Z,Coinbase,2,,,engine/technical/README.md,
DOT,crypto,tecnico,sma100,2.2087,,EUR,2026-01-11,2026-09-04T15:50:42Z,Coinbase,2,,,engine/technical/README.md,
DOT,crypto,tecnico,sma100,2.1907,,EUR,2026-01-12,2026-09-04T15:50:42Z,Coinbase,2,,,engine/technical/README.md,
DOT,crypto,tecnico,sma100,2.1752,,EUR,2026-01-13,2026-09-04T15:50:42Z,Coinbase,2,,,engine/technical/README.md,
DOT,crypto,tecnico,sma100,2.1567,,EUR,2026-01-14,2026-09-04T15:50:42Z,Coinbase,2,,,engine/technical/README.md,
DOT,crypto,tecnico,sma100,2.1393,,EUR,2026-01-15,2026-09-04T15:50:42Z,Coinbase,2,,,engine/technical/README.md,
DOT,crypto,tecnico,sma100,2.1215,,EUR,2026-01-16,2026-09-04T15:50:42Z,Coinbase,2,,,engine/technical/README.md,
DOT,crypto,tecnico,sma100,2.105,,EUR,2026-01-17,2026-09-04T15:50:42Z,Coinbase,2,,,engine/technical/README.md,
DOT,crypto,tecnico,sma100,2.0956,,EUR,2026-01-18,2026-09-04T15:50:42Z,Coinbase,2,,,engine/technical/README.md,
DOT,crypto,tecnico,sma100,2.0869,,EUR,2026-01-19,2026-09-04T15:50:42Z,Coinbase,2,,,engine/technical/README.md,
DOT,crypto,tecnico,sma100,2.0751,,EUR,2026-01-20,2026-09-04T15:50:42Z,Coinbase,2,,,engine/technical/README.md,
DOT,crypto,tecnico,sma100,2.0626,,EUR,2026-01-21,2026-09-04T15:50:42Z,Coinbase,2,,,engine/technical/README.md,
DOT,crypto,tecnico,sma100,2.0509,,EUR,2026-01-22,2026-09-04T15:50:42Z,Coinbase,2,,,engine/technical/README.md,
DOT,crypto,tecnico,sma100,2.0402,,EUR,2026-01-23,2026-09-04T15:50:42Z,Coinbase,2,,,engine/technical/README.md,
DOT,crypto,tecnico,sma100,2.0307,,EUR,2026-01-24,2026-09-04T15:50:42Z,Coinbase,2,,,engine/technical/README.md,
DOT,crypto,tecnico,sma100,2.0213,,EUR,2026-01-25,2026-09-04T15:50:42Z,Coinbase,2,,,engine/technical/README.md,
DOT,crypto,tecnico,sma100,2.0119,,EUR,2026-01-26,2026-09-04T15:50:42Z,Coinbase,2,,,engine/technical/README.md,
DOT,crypto,tecnico,sma100,2.0017,,EUR,2026-01-27,2026-09-04T15:50:42Z,Coinbase,2,,,engine/technical/README.md,
DOT,crypto,tecnico,sma100,1.9908,,EUR,2026-01-28,2026-09-04T15:50:42Z,Coinbase,2,,,engine/technical/README.md,
DOT,crypto,tecnico,sma100,1.9794,,EUR,2026-01-29,2026-09-04T15:50:42Z,Coinbase,2,,,engine/technical/README.md,
DOT,crypto,tecnico,sma100,1.9684,,EUR,2026-01-30,2026-09-04T15:50:42Z,Coinbase,2,,,engine/technical/README.md,
DOT,crypto,tecnico,sma100,1.9558,,EUR,2026-01-31,2026-09-04T15:50:42Z,Coinbase,2,,,engine/technical/README.md,
DOT,crypto,tecnico,sma100,1.942,,EUR,2026-02-01,2026-09-04T15:50:42Z,Coinbase,2,,,engine/technical/README.md,
DOT,crypto,tecnico,sma100,1.9286,,EUR,2026-02-02,2026-09-04T15:50:42Z,Coinbase,2,,,engine/technical/README.md,
DOT,crypto,tecnico,sma100,1.9139,,EUR,2026-02-03,2026-09-04T15:50:42Z,Coinbase,2,,,engine/technical/README.md,
DOT,crypto,tecnico,sma100,1.8992,,EUR,2026-02-04,2026-09-04T15:50:42Z,Coinbase,2,,,engine/technical/README.md,
DOT,crypto,tecnico,sma100,1.8836,,EUR,2026-02-05,2026-09-04T15:50:42Z,Coinbase,2,,,engine/technical/README.md,
DOT,crypto,tecnico,sma100,1.8685,,EUR,2026-02-06,2026-09-04T15:50:42Z,Coinbase,2,,,engine/technical/README.md,
DOT,crypto,tecnico,sma100,1.8553,,EUR,2026-02-07,2026-09-04T15:50:42Z,Coinbase,2,,,engine/technical/README.md,
DOT,crypto,tecnico,sma100,1.8417,,EUR,2026-02-08,2026-09-04T15:50:42Z,Coinbase,2,,,engine/technical/README.md,
DOT,crypto,tecnico,sma100,1.8271,,EUR,2026-02-09,2026-09-04T15:50:42Z,Coinbase,2,,,engine/technical/README.md,
DOT,crypto,tecnico,sma100,1.812,,EUR,2026-02-10,2026-09-04T15:50:42Z,Coinbase,2,,,engine/technical/README.md,
DOT,crypto,tecnico,sma100,1.8002,,EUR,2026-02-11,2026-09-04T15:50:42Z,Coinbase,2,,,engine/technical/README.md,
DOT,crypto,tecnico,sma100,1.7891,,EUR,2026-02-12,2026-09-04T15:50:42Z,Coinbase,2,,,engine/technical/README.md,
DOT,crypto,tecnico,sma100,1.7772,,EUR,2026-02-13,2026-09-04T15:50:42Z,Coinbase,2,,,engine/technical/README.md,
DOT,crypto,tecnico,sma100,1.7661,,EUR,2026-02-14,2026-09-04T15:50:42Z,Coinbase,2,,,engine/technical/README.md,
DOT,crypto,tecnico,sma100,1.7494,,EUR,2026-02-15,2026-09-04T15:50:42Z,Coinbase,2,,,engine/technical/README.md,
DOT,crypto,tecnico,sma100,1.7329,,EUR,2026-02-16,2026-09-04T15:50:42Z,Coinbase,2,,,engine/technical/README.md,
DOT,crypto,tecnico,sma100,1.7164,,EUR,2026-02-17,2026-09-04T15:50:42Z,Coinbase,2,,,engine/technical/README.md,
DOT,crypto,tecnico,sma100,1.6992,,EUR,2026-02-18,2026-09-04T15:50:42Z,Coinbase,2,,,engine/technical/README.md,
DOT,crypto,tecnico,sma100,1.6838,,EUR,2026-02-19,2026-09-04T15:50:42Z,Coinbase,2,,,engine/technical/README.md,
DOT,crypto,tecnico,sma100,1.67,,EUR,2026-02-20,2026-09-04T15:50:42Z,Coinbase,2,,,engine/technical/README.md,
DOT,crypto,tecnico,sma100,1.657,,EUR,2026-02-21,2026-09-04T15:50:42Z,Coinbase,2,,,engine/technical/README.md,
DOT,crypto,tecnico,sma100,1.6439,,EUR,2026-02-22,2026-09-04T15:50:42Z,Coinbase,2,,,engine/technical/README.md,
DOT,crypto,tecnico,sma100,1.6303,,EUR,2026-02-23,2026-09-04T15:50:42Z,Coinbase,2,,,engine/technical/README.md,
DOT,crypto,tecnico,sma100,1.6168,,EUR,2026-02-24,2026-09-04T15:50:42Z,Coinbase,2,,,engine/technical/README.md,
DOT,crypto,tecnico,sma100,1.6079,,EUR,2026-02-25,2026-09-04T15:50:42Z,Coinbase,2,,,engine/technical/README.md,
DOT,crypto,tecnico,sma100,1.5979,,EUR,2026-02-26,2026-09-04T15:50:42Z,Coinbase,2,,,engine/technical/README.md,
DOT,crypto,tecnico,sma100,1.5881,,EUR,2026-02-27,2026-09-04T15:50:42Z,Coinbase,2,,,engine/technical/README.md,
DOT,crypto,tecnico,sma100,1.5801,,EUR,2026-02-28,2026-09-04T15:50:42Z,Coinbase,2,,,engine/technical/README.md,
DOT,crypto,tecnico,sma100,1.5728,,EUR,2026-03-01,2026-09-04T15:50:42Z,Coinbase,2,,,engine/technical/README.md,
DOT,crypto,tecnico,sma100,1.5655,,EUR,2026-03-02,2026-09-04T15:50:42Z,Coinbase,2,,,engine/technical/README.md,
DOT,crypto,tecnico,sma100,1.5591,,EUR,2026-03-03,2026-09-04T15:50:42Z,Coinbase,2,,,engine/technical/README.md,
DOT,crypto,tecnico,sma100,1.552,,EUR,2026-03-04,2026-09-04T15:50:42Z,Coinbase,2,,,engine/technical/README.md,
DOT,crypto,tecnico,sma100,1.5452,,EUR,2026-03-05,2026-09-04T15:50:42Z,Coinbase,2,,,engine/technical/README.md,
DOT,crypto,tecnico,sma100,1.5379,,EUR,2026-03-06,2026-09-04T15:50:42Z,Coinbase,2,,,engine/technical/README.md,
DOT,crypto,tecnico,sma100,1.5302,,EUR,2026-03-07,2026-09-04T15:50:42Z,Coinbase,2,,,engine/technical/README.md,
DOT,crypto,tecnico,sma100,1.5232,,EUR,2026-03-08,2026-09-04T15:50:42Z,Coinbase,2,,,engine/technical/README.md,
DOT,crypto,tecnico,sma100,1.5165,,EUR,2026-03-09,2026-09-04T15:50:42Z,Coinbase,2,,,engine/technical/README.md,
DOT,crypto,tecnico,sma100,1.5104,,EUR,2026-03-10,2026-09-04T15:50:42Z,Coinbase,2,,,engine/technical/README.md,
DOT,crypto,tecnico,sma100,1.5061,,EUR,2026-03-11,2026-09-04T15:50:42Z,Coinbase,2,,,engine/technical/README.md,
DOT,crypto,tecnico,sma100,1.5,,EUR,2026-03-12,2026-09-04T15:50:42Z,Coinbase,2,,,engine/technical/README.md,
DOT,crypto,tecnico,sma100,1.4926,,EUR,2026-03-13,2026-09-04T15:50:42Z,Coinbase,2,,,engine/technical/README.md,
DOT,crypto,tecnico,sma100,1.4854,,EUR,2026-03-14,2026-09-04T15:50:42Z,Coinbase,2,,,engine/technical/README.md,
DOT,crypto,tecnico,sma100,1.4798,,EUR,2026-03-15,2026-09-04T15:50:42Z,Coinbase,2,,,engine/technical/README.md,
DOT,crypto,tecnico,sma100,1.4759,,EUR,2026-03-16,2026-09-04T15:50:42Z,Coinbase,2,,,engine/technical/README.md,
DOT,crypto,tecnico,sma100,1.472,,EUR,2026-03-17,2026-09-04T15:50:42Z,Coinbase,2,,,engine/technical/README.md,
DOT,crypto,tecnico,sma100,1.4674,,EUR,2026-03-18,2026-09-04T15:50:42Z,Coinbase,2,,,engine/technical/README.md,
DOT,crypto,tecnico,sma100,1.4608,,EUR,2026-03-19,2026-09-04T15:50:42Z,Coinbase,2,,,engine/technical/README.md,
DOT,crypto,tecnico,sma100,1.455,,EUR,2026-03-20,2026-09-04T15:50:42Z,Coinbase,2,,,engine/technical/README.md,
DOT,crypto,tecnico,sma100,1.45,,EUR,2026-03-21,2026-09-04T15:50:42Z,Coinbase,2,,,engine/technical/README.md,
DOT,crypto,tecnico,sma100,1.4451,,EUR,2026-03-22,2026-09-04T15:50:42Z,Coinbase,2,,,engine/technical/README.md,
DOT,crypto,tecnico,sma100,1.44,,EUR,2026-03-23,2026-09-04T15:50:42Z,Coinbase,2,,,engine/technical/README.md,
DOT,crypto,tecnico,sma100,1.4354,,EUR,2026-03-24,2026-09-04T15:50:42Z,Coinbase,2,,,engine/technical/README.md,
DOT,crypto,tecnico,sma100,1.4309,,EUR,2026-03-25,2026-09-04T15:50:42Z,Coinbase,2,,,engine/technical/README.md,
DOT,crypto,tecnico,sma100,1.4263,,EUR,2026-03-26,2026-09-04T15:50:42Z,Coinbase,2,,,engine/technical/README.md,
DOT,crypto,tecnico,sma100,1.422,,EUR,2026-03-27,2026-09-04T15:50:42Z,Coinbase,2,,,engine/technical/README.md,
DOT,crypto,tecnico,sma100,1.418,,EUR,2026-03-28,2026-09-04T15:50:42Z,Coinbase,2,,,engine/technical/README.md,
DOT,crypto,tecnico,sma100,1.4132,,EUR,2026-03-29,2026-09-04T15:50:42Z,Coinbase,2,,,engine/technical/README.md,
DOT,crypto,tecnico,sma100,1.4083,,EUR,2026-03-30,2026-09-04T15:50:42Z,Coinbase,2,,,engine/technical/README.md,
DOT,crypto,tecnico,sma100,1.4038,,EUR,2026-03-31,2026-09-04T15:50:42Z,Coinbase,2,,,engine/technical/README.md,
DOT,crypto,tecnico,sma100,1.3996,,EUR,2026-04-01,2026-09-04T15:50:42Z,Coinbase,2,,,engine/technical/README.md,
DOT,crypto,tecnico,sma100,1.3954,,EUR,2026-04-02,2026-09-04T15:50:42Z,Coinbase,2,,,engine/technical/README.md,
DOT,crypto,tecnico,sma100,1.3914,,EUR,2026-04-03,2026-09-04T15:50:42Z,Coinbase,2,,,engine/technical/README.md,
DOT,crypto,tecnico,sma100,1.3879,,EUR,2026-04-04,2026-09-04T15:50:42Z,Coinbase,2,,,engine/technical/README.md,
DOT,crypto,tecnico,sma100,1.3841,,EUR,2026-04-05,2026-09-04T15:50:42Z,Coinbase,2,,,engine/technical/README.md,
DOT,crypto,tecnico,sma100,1.3786,,EUR,2026-04-06,2026-09-04T15:50:42Z,Coinbase,2,,,engine/technical/README.md,
DOT,crypto,tecnico,sma100,1.3741,,EUR,2026-04-07,2026-09-04T15:50:42Z,Coinbase,2,,,engine/technical/README.md,
DOT,crypto,tecnico,sma100,1.3694,,EUR,2026-04-08,2026-09-04T15:50:42Z,Coinbase,2,,,engine/technical/README.md,
DOT,crypto,tecnico,sma100,1.3651,,EUR,2026-04-09,2026-09-04T15:50:42Z,Coinbase,2,,,engine/technical/README.md,
DOT,crypto,tecnico,sma100,1.361,,EUR,2026-04-10,2026-09-04T15:50:42Z,Coinbase,2,,,engine/technical/README.md,
DOT,crypto,tecnico,sma100,1.3549,,EUR,2026-04-11,2026-09-04T15:50:42Z,Coinbase,2,,,engine/technical/README.md,
DOT,crypto,tecnico,sma100,1.3469,,EUR,2026-04-12,2026-09-04T15:50:42Z,Coinbase,2,,,engine/technical/README.md,
DOT,crypto,tecnico,sma100,1.3391,,EUR,2026-04-13,2026-09-04T15:50:42Z,Coinbase,2,,,engine/technical/README.md,
DOT,crypto,tecnico,sma100,1.3307,,EUR,2026-04-14,2026-09-04T15:50:42Z,Coinbase,2,,,engine/technical/README.md,
DOT,crypto,tecnico,sma100,1.3218,,EUR,2026-04-15,2026-09-04T15:50:42Z,Coinbase,2,,,engine/technical/README.md,
DOT,crypto,tecnico,sma100,1.314,,EUR,2026-04-16,2026-09-04T15:50:42Z,Coinbase,2,,,engine/technical/README.md,
DOT,crypto,tecnico,sma100,1.307,,EUR,2026-04-17,2026-09-04T15:50:42Z,Coinbase,2,,,engine/technical/README.md,
DOT,crypto,tecnico,sma100,1.2996,,EUR,2026-04-18,2026-09-04T15:50:42Z,Coinbase,2,,,engine/technical/README.md,
DOT,crypto,tecnico,sma100,1.2923,,EUR,2026-04-19,2026-09-04T15:50:42Z,Coinbase,2,,,engine/technical/README.md,
DOT,crypto,tecnico,sma100,1.2852,,EUR,2026-04-20,2026-09-04T15:50:42Z,Coinbase,2,,,engine/technical/README.md,
DOT,crypto,tecnico,sma100,1.2783,,EUR,2026-04-21,2026-09-04T15:50:42Z,Coinbase,2,,,engine/technical/README.md,
DOT,crypto,tecnico,sma100,1.2716,,EUR,2026-04-22,2026-09-04T15:50:42Z,Coinbase,2,,,engine/technical/README.md,
DOT,crypto,tecnico,sma100,1.2627,,EUR,2026-04-23,2026-09-04T15:50:42Z,Coinbase,2,,,engine/technical/README.md,
DOT,crypto,tecnico,sma100,1.2543,,EUR,2026-04-24,2026-09-04T15:50:42Z,Coinbase,2,,,engine/technical/README.md,
DOT,crypto,tecnico,sma100,1.2467,,EUR,2026-04-25,2026-09-04T15:50:42Z,Coinbase,2,,,engine/technical/README.md,
DOT,crypto,tecnico,sma100,1.2392,,EUR,2026-04-26,2026-09-04T15:50:42Z,Coinbase,2,,,engine/technical/README.md,
DOT,crypto,tecnico,sma100,1.231,,EUR,2026-04-27,2026-09-04T15:50:42Z,Coinbase,2,,,engine/technical/README.md,
DOT,crypto,tecnico,sma100,1.2237,,EUR,2026-04-28,2026-09-04T15:50:42Z,Coinbase,2,,,engine/technical/README.md,
DOT,crypto,tecnico,sma100,1.2167,,EUR,2026-04-29,2026-09-04T15:50:42Z,Coinbase,2,,,engine/technical/README.md,
DOT,crypto,tecnico,sma100,1.2108,,EUR,2026-04-30,2026-09-04T15:50:42Z,Coinbase,2,,,engine/technical/README.md,
DOT,crypto,tecnico,sma100,1.2043,,EUR,2026-05-01,2026-09-04T15:50:42Z,Coinbase,2,,,engine/technical/README.md,
DOT,crypto,tecnico,sma100,1.1983,,EUR,2026-05-02,2026-09-04T15:50:42Z,Coinbase,2,,,engine/technical/README.md,
DOT,crypto,tecnico,sma100,1.1923,,EUR,2026-05-03,2026-09-04T15:50:42Z,Coinbase,2,,,engine/technical/README.md,
DOT,crypto,tecnico,sma100,1.1865,,EUR,2026-05-04,2026-09-04T15:50:42Z,Coinbase,2,,,engine/technical/README.md,
DOT,crypto,tecnico,sma100,1.1821,,EUR,2026-05-05,2026-09-04T15:50:42Z,Coinbase,2,,,engine/technical/README.md,
DOT,crypto,tecnico,sma100,1.1775,,EUR,2026-05-06,2026-09-04T15:50:42Z,Coinbase,2,,,engine/technical/README.md,
DOT,crypto,tecnico,sma100,1.173,,EUR,2026-05-07,2026-09-04T15:50:42Z,Coinbase,2,,,engine/technical/README.md,
DOT,crypto,tecnico,sma100,1.169,,EUR,2026-05-08,2026-09-04T15:50:42Z,Coinbase,2,,,engine/technical/README.md,
DOT,crypto,tecnico,sma100,1.1659,,EUR,2026-05-09,2026-09-04T15:50:42Z,Coinbase,2,,,engine/technical/README.md,
DOT,crypto,tecnico,sma100,1.1634,,EUR,2026-05-10,2026-09-04T15:50:42Z,Coinbase,2,,,engine/technical/README.md,
DOT,crypto,tecnico,sma100,1.1617,,EUR,2026-05-11,2026-09-04T15:50:42Z,Coinbase,2,,,engine/technical/README.md,
DOT,crypto,tecnico,sma100,1.1605,,EUR,2026-05-12,2026-09-04T15:50:42Z,Coinbase,2,,,engine/technical/README.md,
DOT,crypto,tecnico,sma100,1.1587,,EUR,2026-05-13,2026-09-04T15:50:42Z,Coinbase,2,,,engine/technical/README.md,
DOT,crypto,tecnico,sma100,1.1577,,EUR,2026-05-14,2026-09-04T15:50:42Z,Coinbase,2,,,engine/technical/README.md,
DOT,crypto,tecnico,sma100,1.1567,,EUR,2026-05-15,2026-09-04T15:50:42Z,Coinbase,2,,,engine/technical/README.md,
DOT,crypto,tecnico,sma100,1.157,,EUR,2026-05-16,2026-09-04T15:50:42Z,Coinbase,2,,,engine/technical/README.md,
DOT,crypto,tecnico,sma100,1.1562,,EUR,2026-05-17,2026-09-04T15:50:42Z,Coinbase,2,,,engine/technical/README.md,
DOT,crypto,tecnico,sma100,1.1554,,EUR,2026-05-18,2026-09-04T15:50:42Z,Coinbase,2,,,engine/technical/README.md,
DOT,crypto,tecnico,sma100,1.1546,,EUR,2026-05-19,2026-09-04T15:50:42Z,Coinbase,2,,,engine/technical/README.md,
DOT,crypto,tecnico,sma100,1.1542,,EUR,2026-05-20,2026-09-04T15:50:42Z,Coinbase,2,,,engine/technical/README.md,
DOT,crypto,tecnico,sma100,1.1545,,EUR,2026-05-21,2026-09-04T15:50:42Z,Coinbase,2,,,engine/technical/README.md,
DOT,crypto,tecnico,sma100,1.1547,,EUR,2026-05-22,2026-09-04T15:50:42Z,Coinbase,2,,,engine/technical/README.md,
DOT,crypto,tecnico,sma100,1.155,,EUR,2026-05-23,2026-09-04T15:50:42Z,Coinbase,2,,,engine/technical/README.md,
DOT,crypto,tecnico,sma100,1.1544,,EUR,2026-05-24,2026-09-04T15:50:42Z,Coinbase,2,,,engine/technical/README.md,
DOT,crypto,tecnico,sma100,1.1532,,EUR,2026-05-25,2026-09-04T15:50:42Z,Coinbase,2,,,engine/technical/README.md,
DOT,crypto,tecnico,sma100,1.1525,,EUR,2026-05-26,2026-09-04T15:50:42Z,Coinbase,2,,,engine/technical/README.md,
DOT,crypto,tecnico,sma100,1.1515,,EUR,2026-05-27,2026-09-04T15:50:42Z,Coinbase,2,,,engine/technical/README.md,
DOT,crypto,tecnico,sma100,1.1505,,EUR,2026-05-28,2026-09-04T15:50:42Z,Coinbase,2,,,engine/technical/README.md,
DOT,crypto,tecnico,sma100,1.1497,,EUR,2026-05-29,2026-09-04T15:50:42Z,Coinbase,2,,,engine/technical/README.md,
DOT,crypto,tecnico,sma100,1.149,,EUR,2026-05-30,2026-09-04T15:50:42Z,Coinbase,2,,,engine/technical/README.md,
DOT,crypto,tecnico,sma100,1.1478,,EUR,2026-05-31,2026-09-04T15:50:42Z,Coinbase,2,,,engine/technical/README.md,
DOT,crypto,tecnico,sma100,1.1462,,EUR,2026-06-01,2026-09-04T15:50:42Z,Coinbase,2,,,engine/technical/README.md,
DOT,crypto,tecnico,sma100,1.1444,,EUR,2026-06-02,2026-09-04T15:50:42Z,Coinbase,2,,,engine/technical/README.md,
DOT,crypto,tecnico,sma100,1.1431,,EUR,2026-06-03,2026-09-04T15:50:42Z,Coinbase,2,,,engine/technical/README.md,
DOT,crypto,tecnico,sma100,1.1415,,EUR,2026-06-04,2026-09-04T15:50:42Z,Coinbase,2,,,engine/technical/README.md,
DOT,crypto,tecnico,sma100,1.1357,,EUR,2026-06-05,2026-09-04T15:50:42Z,Coinbase,2,,,engine/technical/README.md,
DOT,crypto,tecnico,sma100,1.1302,,EUR,2026-06-06,2026-09-04T15:50:42Z,Coinbase,2,,,engine/technical/README.md,
DOT,crypto,tecnico,sma100,1.1252,,EUR,2026-06-07,2026-09-04T15:50:42Z,Coinbase,2,,,engine/technical/README.md,
DOT,crypto,tecnico,sma100,1.1195,,EUR,2026-06-08,2026-09-04T15:50:42Z,Coinbase,2,,,engine/technical/README.md,
DOT,crypto,tecnico,sma100,1.1147,,EUR,2026-06-09,2026-09-04T15:50:42Z,Coinbase,2,,,engine/technical/README.md,
DOT,crypto,tecnico,sma100,1.1099,,EUR,2026-06-10,2026-09-04T15:50:42Z,Coinbase,2,,,engine/technical/README.md,
DOT,crypto,tecnico,sma100,1.1049,,EUR,2026-06-11,2026-09-04T15:50:42Z,Coinbase,2,,,engine/technical/README.md,
DOT,crypto,tecnico,sma100,1.1,,EUR,2026-06-12,2026-09-04T15:50:42Z,Coinbase,2,,,engine/technical/README.md,
DOT,crypto,tecnico,sma100,1.0954,,EUR,2026-06-13,2026-09-04T15:50:42Z,Coinbase,2,,,engine/technical/README.md,
DOT,crypto,tecnico,sma100,1.0911,,EUR,2026-06-14,2026-09-04T15:50:42Z,Coinbase,2,,,engine/technical/README.md,
DOT,crypto,tecnico,sma100,1.0874,,EUR,2026-06-15,2026-09-04T15:50:42Z,Coinbase,2,,,engine/technical/README.md,
DOT,crypto,tecnico,sma100,1.0835,,EUR,2026-06-16,2026-09-04T15:50:42Z,Coinbase,2,,,engine/technical/README.md,
DOT,crypto,tecnico,sma100,1.0794,,EUR,2026-06-17,2026-09-04T15:50:42Z,Coinbase,2,,,engine/technical/README.md,
DOT,crypto,tecnico,sma100,1.0751,,EUR,2026-06-18,2026-09-04T15:50:42Z,Coinbase,2,,,engine/technical/README.md,
DOT,crypto,tecnico,sma100,1.0701,,EUR,2026-06-19,2026-09-04T15:50:42Z,Coinbase,2,,,engine/technical/README.md,
DOT,crypto,tecnico,sma100,1.0653,,EUR,2026-06-20,2026-09-04T15:50:42Z,Coinbase,2,,,engine/technical/README.md,
DOT,crypto,tecnico,sma100,1.0608,,EUR,2026-06-21,2026-09-04T15:50:42Z,Coinbase,2,,,engine/technical/README.md,
DOT,crypto,tecnico,sma100,1.0566,,EUR,2026-06-22,2026-09-04T15:50:42Z,Coinbase,2,,,engine/technical/README.md,
DOT,crypto,tecnico,sma100,1.052,,EUR,2026-06-23,2026-09-04T15:50:42Z,Coinbase,2,,,engine/technical/README.md,
DOT,crypto,tecnico,sma100,1.0455,,EUR,2026-06-24,2026-09-04T15:50:42Z,Coinbase,2,,,engine/technical/README.md,
DOT,crypto,tecnico,sma100,1.0388,,EUR,2026-06-25,2026-09-04T15:50:42Z,Coinbase,2,,,engine/technical/README.md,
DOT,crypto,tecnico,sma100,1.0325,,EUR,2026-06-26,2026-09-04T15:50:42Z,Coinbase,2,,,engine/technical/README.md,
DOT,crypto,tecnico,sma100,1.0265,,EUR,2026-06-27,2026-09-04T15:50:42Z,Coinbase,2,,,engine/technical/README.md,
DOT,crypto,tecnico,sma100,1.0206,,EUR,2026-06-28,2026-09-04T15:50:42Z,Coinbase,2,,,engine/technical/README.md,
DOT,crypto,tecnico,sma100,1.0152,,EUR,2026-06-29,2026-09-04T15:50:42Z,Coinbase,2,,,engine/technical/README.md,
DOT,crypto,tecnico,sma100,1.0101,,EUR,2026-06-30,2026-09-04T15:50:42Z,Coinbase,2,,,engine/technical/README.md,
DOT,crypto,tecnico,sma100,1.0052,,EUR,2026-07-01,2026-09-04T15:50:42Z,Coinbase,2,,,engine/technical/README.md,
DOT,crypto,tecnico,sma100,1.0005,,EUR,2026-07-02,2026-09-04T15:50:42Z,Coinbase,2,,,engine/technical/README.md,
DOT,crypto,tecnico,sma100,0.9965,,EUR,2026-07-03,2026-09-04T15:50:42Z,Coinbase,2,,,engine/technical/README.md,
DOT,crypto,tecnico,sma100,0.9927,,EUR,2026-07-04,2026-09-04T15:50:42Z,Coinbase,2,,,engine/technical/README.md,
DOT,crypto,tecnico,sma100,0.9892,,EUR,2026-07-05,2026-09-04T15:50:42Z,Coinbase,2,,,engine/technical/README.md,
DOT,crypto,tecnico,sma100,0.986,,EUR,2026-07-06,2026-09-04T15:50:42Z,Coinbase,2,,,engine/technical/README.md,
DOT,crypto,tecnico,sma100,0.9825,,EUR,2026-07-07,2026-09-04T15:50:42Z,Coinbase,2,,,engine/technical/README.md,
DOT,crypto,tecnico,sma100,0.979,,EUR,2026-07-08,2026-09-04T15:50:42Z,Coinbase,2,,,engine/technical/README.md,
DOT,crypto,tecnico,sma100,0.9753,,EUR,2026-07-09,2026-09-04T15:50:42Z,Coinbase,2,,,engine/technical/README.md,
DOT,crypto,tecnico,sma100,0.9721,,EUR,2026-07-10,2026-09-04T15:50:42Z,Coinbase,2,,,engine/technical/README.md,
DOT,crypto,tecnico,sma100,0.9689,,EUR,2026-07-11,2026-09-04T15:50:42Z,Coinbase,2,,,engine/technical/README.md,
DOT,crypto,tecnico,sma100,0.9655,,EUR,2026-07-12,2026-09-04T15:50:42Z,Coinbase,2,,,engine/technical/README.md,
DOT,crypto,tecnico,sma100,0.962,,EUR,2026-07-13,2026-09-04T15:50:42Z,Coinbase,2,,,engine/technical/README.md,
DOT,crypto,tecnico,sma100,0.9585,,EUR,2026-07-14,2026-09-04T15:50:42Z,Coinbase,2,,,engine/technical/README.md,
DOT,crypto,tecnico,sma100,0.9551,,EUR,2026-07-15,2026-09-04T15:50:42Z,Coinbase,2,,,engine/technical/README.md,
DOT,crypto,tecnico,sma100,0.9514,,EUR,2026-07-16,2026-09-04T15:50:42Z,Coinbase,2,,,engine/technical/README.md,
DOT,crypto,tecnico,sma100,0.9481,,EUR,2026-07-17,2026-09-04T15:50:42Z,Coinbase,2,,,engine/technical/README.md,
DOT,crypto,tecnico,sma100,0.9443,,EUR,2026-07-18,2026-09-04T15:50:42Z,Coinbase,2,,,engine/technical/README.md,
DOT,crypto,tecnico,sma100,0.9404,,EUR,2026-07-19,2026-09-04T15:50:42Z,Coinbase,2,,,engine/technical/README.md,
DOT,crypto,tecnico,sma100,0.9368,,EUR,2026-07-20,2026-09-04T15:50:42Z,Coinbase,2,,,engine/technical/README.md,
DOT,crypto,tecnico,sma100,0.9337,,EUR,2026-07-21,2026-09-04T15:50:42Z,Coinbase,2,,,engine/technical/README.md,
DOT,crypto,tecnico,sma100,0.9306,,EUR,2026-07-22,2026-09-04T15:50:42Z,Coinbase,2,,,engine/technical/README.md,
DOT,crypto,tecnico,sma100,0.9279,,EUR,2026-07-23,2026-09-04T15:50:42Z,Coinbase,2,,,engine/technical/README.md,
DOT,crypto,tecnico,sma100,0.925,,EUR,2026-07-24,2026-09-04T15:50:42Z,Coinbase,2,,,engine/technical/README.md,
DOT,crypto,tecnico,sma100,0.921,,EUR,2026-07-25,2026-09-04T15:50:42Z,Coinbase,2,,,engine/technical/README.md,
DOT,crypto,tecnico,sma100,0.9169,,EUR,2026-07-26,2026-09-04T15:50:42Z,Coinbase,2,,,engine/technical/README.md,
DOT,crypto,tecnico,sma100,0.9128,,EUR,2026-07-27,2026-09-04T15:50:42Z,Coinbase,2,,,engine/technical/README.md,
DOT,crypto,tecnico,sma100,0.9089,,EUR,2026-07-28,2026-09-04T15:50:42Z,Coinbase,2,,,engine/technical/README.md,
DOT,crypto,tecnico,sma100,0.9047,,EUR,2026-07-29,2026-09-04T15:50:42Z,Coinbase,2,,,engine/technical/README.md,
DOT,crypto,tecnico,sma100,0.9005,,EUR,2026-07-30,2026-09-04T15:50:42Z,Coinbase,2,,,engine/technical/README.md,
DOT,crypto,tecnico,sma100,0.8962,,EUR,2026-07-31,2026-09-04T15:50:42Z,Coinbase,2,,,engine/technical/README.md,
DOT,crypto,tecnico,sma100,0.8924,,EUR,2026-08-01,2026-09-04T15:50:42Z,Coinbase,2,,,engine/technical/README.md,
DOT,crypto,tecnico,sma100,0.8886,,EUR,2026-08-02,2026-09-04T15:50:42Z,Coinbase,2,,,engine/technical/README.md,
DOT,crypto,tecnico,sma100,0.8852,,EUR,2026-08-03,2026-09-04T15:50:42Z,Coinbase,2,,,engine/technical/README.md,
DOT,crypto,tecnico,sma100,0.8819,,EUR,2026-08-04,2026-09-04T15:50:42Z,Coinbase,2,,,engine/technical/README.md,
DOT,crypto,tecnico,sma100,0.8786,,EUR,2026-08-05,2026-09-04T15:50:42Z,Coinbase,2,,,engine/technical/README.md,
DOT,crypto,tecnico,sma100,0.8752,,EUR,2026-08-06,2026-09-04T15:50:42Z,Coinbase,2,,,engine/technical/README.md,
DOT,crypto,tecnico,sma100,0.8719,,EUR,2026-08-07,2026-09-04T15:50:42Z,Coinbase,2,,,engine/technical/README.md,
DOT,crypto,tecnico,sma100,0.8687,,EUR,2026-08-08,2026-09-04T15:50:42Z,Coinbase,2,,,engine/technical/README.md,
DOT,crypto,tecnico,sma100,0.8653,,EUR,2026-08-09,2026-09-04T15:50:42Z,Coinbase,2,,,engine/technical/README.md,
DOT,crypto,tecnico,sma100,0.8619,,EUR,2026-08-10,2026-09-04T15:50:42Z,Coinbase,2,,,engine/technical/README.md,
DOT,crypto,tecnico,sma100,0.8585,,EUR,2026-08-11,2026-09-04T15:50:42Z,Coinbase,2,,,engine/technical/README.md,
DOT,crypto,tecnico,sma100,0.8547,,EUR,2026-08-12,2026-09-04T15:50:42Z,Coinbase,2,,,engine/technical/README.md,
DOT,crypto,tecnico,sma100,0.8504,,EUR,2026-08-13,2026-09-04T15:50:42Z,Coinbase,2,,,engine/technical/README.md,
DOT,crypto,tecnico,sma100,0.8458,,EUR,2026-08-14,2026-09-04T15:50:42Z,Coinbase,2,,,engine/technical/README.md,
DOT,crypto,tecnico,sma100,0.8413,,EUR,2026-08-15,2026-09-04T15:50:42Z,Coinbase,2,,,engine/technical/README.md,
DOT,crypto,tecnico,sma100,0.8362,,EUR,2026-08-16,2026-09-04T15:50:42Z,Coinbase,2,,,engine/technical/README.md,
DOT,crypto,tecnico,sma100,0.8314,,EUR,2026-08-17,2026-09-04T15:50:42Z,Coinbase,2,,,engine/technical/README.md,
DOT,crypto,tecnico,sma100,0.8262,,EUR,2026-08-18,2026-09-04T15:50:42Z,Coinbase,2,,,engine/technical/README.md,
DOT,crypto,tecnico,sma100,0.8215,,EUR,2026-08-19,2026-09-04T15:50:42Z,Coinbase,2,,,engine/technical/README.md,
DOT,crypto,tecnico,sma100,0.8173,,EUR,2026-08-20,2026-09-04T15:50:42Z,Coinbase,2,,,engine/technical/README.md,
DOT,crypto,tecnico,sma100,0.814,,EUR,2026-08-21,2026-09-04T15:50:42Z,Coinbase,2,,,engine/technical/README.md,
DOT,crypto,tecnico,sma100,0.8102,,EUR,2026-08-22,2026-09-04T15:50:42Z,Coinbase,2,,,engine/technical/README.md,
DOT,crypto,tecnico,sma100,0.8068,,EUR,2026-08-23,2026-09-04T15:50:42Z,Coinbase,2,,,engine/technical/README.md,
DOT,crypto,tecnico,sma100,0.8036,,EUR,2026-08-24,2026-09-04T15:50:42Z,Coinbase,2,,,engine/technical/README.md,
DOT,crypto,tecnico,sma100,0.8002,,EUR,2026-08-25,2026-09-04T15:50:42Z,Coinbase,2,,,engine/technical/README.md,
DOT,crypto,tecnico,sma100,0.7969,,EUR,2026-08-26,2026-09-04T15:50:42Z,Coinbase,2,,,engine/technical/README.md,
DOT,crypto,tecnico,sma100,0.7939,,EUR,2026-08-27,2026-09-04T15:50:42Z,Coinbase,2,,,engine/technical/README.md,
DOT,crypto,tecnico,sma100,0.7905,,EUR,2026-08-28,2026-09-04T15:50:42Z,Coinbase,2,,,engine/technical/README.md,
DOT,crypto,tecnico,sma100,0.7867,,EUR,2026-08-29,2026-09-04T15:50:42Z,Coinbase,2,,,engine/technical/README.md,
DOT,crypto,tecnico,sma100,0.783,,EUR,2026-08-30,2026-09-04T15:50:42Z,Coinbase,2,,,engine/technical/README.md,
DOT,crypto,tecnico,sma100,0.7792,,EUR,2026-08-31,2026-09-04T15:50:42Z,Coinbase,2,,,engine/technical/README.md,
DOT,crypto,tecnico,sma100,0.776006,,EUR,2026-09-01,2026-09-04T15:50:42Z,Coinbase,2,,,engine/technical/README.md,
DOT,crypto,tecnico,sma100,0.772707,,EUR,2026-09-02,2026-09-04T15:50:42Z,Coinbase,2,,,engine/technical/README.md,
DOT,crypto,tecnico,sma100,0.771157,,EUR,2026-09-03,2026-09-03T12:15:39Z,Kraken,2,100,,engine/technical/README.md,
DOT,crypto,tecnico,sma100,0.765127,,EUR,2026-09-04,2026-09-04T10:11:47Z,Kraken,2,100,,engine/technical/README.md,
DOT,crypto,tecnico,sma20,1.563,,EUR,2026-01-01,2026-09-04T15:50:42Z,Coinbase,2,,,engine/technical/README.md,
DOT,crypto,tecnico,sma20,1.569,,EUR,2026-01-02,2026-09-04T15:50:42Z,Coinbase,2,,,engine/technical/README.md,
DOT,crypto,tecnico,sma20,1.5765,,EUR,2026-01-03,2026-09-04T15:50:42Z,Coinbase,2,,,engine/technical/README.md,
DOT,crypto,tecnico,sma20,1.587,,EUR,2026-01-04,2026-09-04T15:50:42Z,Coinbase,2,,,engine/technical/README.md,
DOT,crypto,tecnico,sma20,1.601,,EUR,2026-01-05,2026-09-04T15:50:42Z,Coinbase,2,,,engine/technical/README.md,
DOT,crypto,tecnico,sma20,1.6185,,EUR,2026-01-06,2026-09-04T15:50:42Z,Coinbase,2,,,engine/technical/README.md,
DOT,crypto,tecnico,sma20,1.6355,,EUR,2026-01-07,2026-09-04T15:50:42Z,Coinbase,2,,,engine/technical/README.md,
DOT,crypto,tecnico,sma20,1.6475,,EUR,2026-01-08,2026-09-04T15:50:42Z,Coinbase,2,,,engine/technical/README.md,
DOT,crypto,tecnico,sma20,1.6585,,EUR,2026-01-09,2026-09-04T15:50:42Z,Coinbase,2,,,engine/technical/README.md,
DOT,crypto,tecnico,sma20,1.6715,,EUR,2026-01-10,2026-09-04T15:50:42Z,Coinbase,2,,,engine/technical/README.md,
DOT,crypto,tecnico,sma20,1.685,,EUR,2026-01-11,2026-09-04T15:50:42Z,Coinbase,2,,,engine/technical/README.md,
DOT,crypto,tecnico,sma20,1.6985,,EUR,2026-01-12,2026-09-04T15:50:42Z,Coinbase,2,,,engine/technical/README.md,
DOT,crypto,tecnico,sma20,1.722,,EUR,2026-01-13,2026-09-04T15:50:42Z,Coinbase,2,,,engine/technical/README.md,
DOT,crypto,tecnico,sma20,1.746,,EUR,2026-01-14,2026-09-04T15:50:42Z,Coinbase,2,,,engine/technical/README.md,
DOT,crypto,tecnico,sma20,1.7635,,EUR,2026-01-15,2026-09-04T15:50:42Z,Coinbase,2,,,engine/technical/README.md,
DOT,crypto,tecnico,sma20,1.7735,,EUR,2026-01-16,2026-09-04T15:50:42Z,Coinbase,2,,,engine/technical/README.md,
DOT,crypto,tecnico,sma20,1.789,,EUR,2026-01-17,2026-09-04T15:50:42Z,Coinbase,2,,,engine/technical/README.md,
DOT,crypto,tecnico,sma20,1.8005,,EUR,2026-01-18,2026-09-04T15:50:42Z,Coinbase,2,,,engine/technical/README.md,
DOT,crypto,tecnico,sma20,1.8105,,EUR,2026-01-19,2026-09-04T15:50:42Z,Coinbase,2,,,engine/technical/README.md,
DOT,crypto,tecnico,sma20,1.8155,,EUR,2026-01-20,2026-09-04T15:50:42Z,Coinbase,2,,,engine/technical/README.md,
DOT,crypto,tecnico,sma20,1.8145,,EUR,2026-01-21,2026-09-04T15:50:42Z,Coinbase,2,,,engine/technical/README.md,
DOT,crypto,tecnico,sma20,1.804,,EUR,2026-01-22,2026-09-04T15:50:42Z,Coinbase,2,,,engine/technical/README.md,
DOT,crypto,tecnico,sma20,1.7945,,EUR,2026-01-23,2026-09-04T15:50:42Z,Coinbase,2,,,engine/technical/README.md,
DOT,crypto,tecnico,sma20,1.7845,,EUR,2026-01-24,2026-09-04T15:50:42Z,Coinbase,2,,,engine/technical/README.md,
DOT,crypto,tecnico,sma20,1.767,,EUR,2026-01-25,2026-09-04T15:50:42Z,Coinbase,2,,,engine/technical/README.md,
DOT,crypto,tecnico,sma20,1.751,,EUR,2026-01-26,2026-09-04T15:50:42Z,Coinbase,2,,,engine/technical/README.md,
DOT,crypto,tecnico,sma20,1.737,,EUR,2026-01-27,2026-09-04T15:50:42Z,Coinbase,2,,,engine/technical/README.md,
DOT,crypto,tecnico,sma20,1.724,,EUR,2026-01-28,2026-09-04T15:50:42Z,Coinbase,2,,,engine/technical/README.md,
DOT,crypto,tecnico,sma20,1.707,,EUR,2026-01-29,2026-09-04T15:50:42Z,Coinbase,2,,,engine/technical/README.md,
DOT,crypto,tecnico,sma20,1.688,,EUR,2026-01-30,2026-09-04T15:50:42Z,Coinbase,2,,,engine/technical/README.md,
DOT,crypto,tecnico,sma20,1.665,,EUR,2026-01-31,2026-09-04T15:50:42Z,Coinbase,2,,,engine/technical/README.md,
DOT,crypto,tecnico,sma20,1.64,,EUR,2026-02-01,2026-09-04T15:50:42Z,Coinbase,2,,,engine/technical/README.md,
DOT,crypto,tecnico,sma20,1.608,,EUR,2026-02-02,2026-09-04T15:50:42Z,Coinbase,2,,,engine/technical/README.md,
DOT,crypto,tecnico,sma20,1.576,,EUR,2026-02-03,2026-09-04T15:50:42Z,Coinbase,2,,,engine/technical/README.md,
DOT,crypto,tecnico,sma20,1.5465,,EUR,2026-02-04,2026-09-04T15:50:42Z,Coinbase,2,,,engine/technical/README.md,
DOT,crypto,tecnico,sma20,1.508,,EUR,2026-02-05,2026-09-04T15:50:42Z,Coinbase,2,,,engine/technical/README.md,
DOT,crypto,tecnico,sma20,1.4715,,EUR,2026-02-06,2026-09-04T15:50:42Z,Coinbase,2,,,engine/technical/README.md,
DOT,crypto,tecnico,sma20,1.4405,,EUR,2026-02-07,2026-09-04T15:50:42Z,Coinbase,2,,,engine/technical/README.md,
DOT,crypto,tecnico,sma20,1.4105,,EUR,2026-02-08,2026-09-04T15:50:42Z,Coinbase,2,,,engine/technical/README.md,
DOT,crypto,tecnico,sma20,1.385,,EUR,2026-02-09,2026-09-04T15:50:42Z,Coinbase,2,,,engine/technical/README.md,
DOT,crypto,tecnico,sma20,1.355,,EUR,2026-02-10,2026-09-04T15:50:42Z,Coinbase,2,,,engine/technical/README.md,
DOT,crypto,tecnico,sma20,1.326,,EUR,2026-02-11,2026-09-04T15:50:42Z,Coinbase,2,,,engine/technical/README.md,
DOT,crypto,tecnico,sma20,1.2985,,EUR,2026-02-12,2026-09-04T15:50:42Z,Coinbase,2,,,engine/technical/README.md,
DOT,crypto,tecnico,sma20,1.2735,,EUR,2026-02-13,2026-09-04T15:50:42Z,Coinbase,2,,,engine/technical/README.md,
DOT,crypto,tecnico,sma20,1.2565,,EUR,2026-02-14,2026-09-04T15:50:42Z,Coinbase,2,,,engine/technical/README.md,
DOT,crypto,tecnico,sma20,1.235,,EUR,2026-02-15,2026-09-04T15:50:42Z,Coinbase,2,,,engine/technical/README.md,
DOT,crypto,tecnico,sma20,1.215,,EUR,2026-02-16,2026-09-04T15:50:42Z,Coinbase,2,,,engine/technical/README.md,
DOT,crypto,tecnico,sma20,1.194,,EUR,2026-02-17,2026-09-04T15:50:42Z,Coinbase,2,,,engine/technical/README.md,
DOT,crypto,tecnico,sma20,1.177,,EUR,2026-02-18,2026-09-04T15:50:42Z,Coinbase,2,,,engine/technical/README.md,
DOT,crypto,tecnico,sma20,1.1605,,EUR,2026-02-19,2026-09-04T15:50:42Z,Coinbase,2,,,engine/technical/README.md,
DOT,crypto,tecnico,sma20,1.1515,,EUR,2026-02-20,2026-09-04T15:50:42Z,Coinbase,2,,,engine/technical/README.md,
DOT,crypto,tecnico,sma20,1.146,,EUR,2026-02-21,2026-09-04T15:50:42Z,Coinbase,2,,,engine/technical/README.md,
DOT,crypto,tecnico,sma20,1.136,,EUR,2026-02-22,2026-09-04T15:50:42Z,Coinbase,2,,,engine/technical/README.md,
DOT,crypto,tecnico,sma20,1.1265,,EUR,2026-02-23,2026-09-04T15:50:42Z,Coinbase,2,,,engine/technical/README.md,
DOT,crypto,tecnico,sma20,1.1175,,EUR,2026-02-24,2026-09-04T15:50:42Z,Coinbase,2,,,engine/technical/README.md,
DOT,crypto,tecnico,sma20,1.135,,EUR,2026-02-25,2026-09-04T15:50:42Z,Coinbase,2,,,engine/technical/README.md,
DOT,crypto,tecnico,sma20,1.146,,EUR,2026-02-26,2026-09-04T15:50:42Z,Coinbase,2,,,engine/technical/README.md,
DOT,crypto,tecnico,sma20,1.1555,,EUR,2026-02-27,2026-09-04T15:50:42Z,Coinbase,2,,,engine/technical/README.md,
DOT,crypto,tecnico,sma20,1.169,,EUR,2026-02-28,2026-09-04T15:50:42Z,Coinbase,2,,,engine/technical/README.md,
DOT,crypto,tecnico,sma20,1.179,,EUR,2026-03-01,2026-09-04T15:50:42Z,Coinbase,2,,,engine/technical/README.md,
DOT,crypto,tecnico,sma20,1.189,,EUR,2026-03-02,2026-09-04T15:50:42Z,Coinbase,2,,,engine/technical/README.md,
DOT,crypto,tecnico,sma20,1.202,,EUR,2026-03-03,2026-09-04T15:50:42Z,Coinbase,2,,,engine/technical/README.md,
DOT,crypto,tecnico,sma20,1.214,,EUR,2026-03-04,2026-09-04T15:50:42Z,Coinbase,2,,,engine/technical/README.md,
DOT,crypto,tecnico,sma20,1.223,,EUR,2026-03-05,2026-09-04T15:50:42Z,Coinbase,2,,,engine/technical/README.md,
DOT,crypto,tecnico,sma20,1.2275,,EUR,2026-03-06,2026-09-04T15:50:42Z,Coinbase,2,,,engine/technical/README.md,
DOT,crypto,tecnico,sma20,1.2325,,EUR,2026-03-07,2026-09-04T15:50:42Z,Coinbase,2,,,engine/technical/README.md,
DOT,crypto,tecnico,sma20,1.238,,EUR,2026-03-08,2026-09-04T15:50:42Z,Coinbase,2,,,engine/technical/README.md,
DOT,crypto,tecnico,sma20,1.245,,EUR,2026-03-09,2026-09-04T15:50:42Z,Coinbase,2,,,engine/technical/README.md,
DOT,crypto,tecnico,sma20,1.2535,,EUR,2026-03-10,2026-09-04T15:50:42Z,Coinbase,2,,,engine/technical/README.md,
DOT,crypto,tecnico,sma20,1.2655,,EUR,2026-03-11,2026-09-04T15:50:42Z,Coinbase,2,,,engine/technical/README.md,
DOT,crypto,tecnico,sma20,1.275,,EUR,2026-03-12,2026-09-04T15:50:42Z,Coinbase,2,,,engine/technical/README.md,
DOT,crypto,tecnico,sma20,1.2815,,EUR,2026-03-13,2026-09-04T15:50:42Z,Coinbase,2,,,engine/technical/README.md,
DOT,crypto,tecnico,sma20,1.288,,EUR,2026-03-14,2026-09-04T15:50:42Z,Coinbase,2,,,engine/technical/README.md,
DOT,crypto,tecnico,sma20,1.297,,EUR,2026-03-15,2026-09-04T15:50:42Z,Coinbase,2,,,engine/technical/README.md,
DOT,crypto,tecnico,sma20,1.3165,,EUR,2026-03-16,2026-09-04T15:50:42Z,Coinbase,2,,,engine/technical/README.md,
DOT,crypto,tecnico,sma20,1.3165,,EUR,2026-03-17,2026-09-04T15:50:42Z,Coinbase,2,,,engine/technical/README.md,
DOT,crypto,tecnico,sma20,1.3165,,EUR,2026-03-18,2026-09-04T15:50:42Z,Coinbase,2,,,engine/technical/README.md,
DOT,crypto,tecnico,sma20,1.3145,,EUR,2026-03-19,2026-09-04T15:50:42Z,Coinbase,2,,,engine/technical/README.md,
DOT,crypto,tecnico,sma20,1.309,,EUR,2026-03-20,2026-09-04T15:50:42Z,Coinbase,2,,,engine/technical/README.md,
DOT,crypto,tecnico,sma20,1.3065,,EUR,2026-03-21,2026-09-04T15:50:42Z,Coinbase,2,,,engine/technical/README.md,
DOT,crypto,tecnico,sma20,1.304,,EUR,2026-03-22,2026-09-04T15:50:42Z,Coinbase,2,,,engine/technical/README.md,
DOT,crypto,tecnico,sma20,1.299,,EUR,2026-03-23,2026-09-04T15:50:42Z,Coinbase,2,,,engine/technical/README.md,
DOT,crypto,tecnico,sma20,1.2935,,EUR,2026-03-24,2026-09-04T15:50:42Z,Coinbase,2,,,engine/technical/README.md,
DOT,crypto,tecnico,sma20,1.2865,,EUR,2026-03-25,2026-09-04T15:50:42Z,Coinbase,2,,,engine/technical/README.md,
DOT,crypto,tecnico,sma20,1.2795,,EUR,2026-03-26,2026-09-04T15:50:42Z,Coinbase,2,,,engine/technical/README.md,
DOT,crypto,tecnico,sma20,1.273,,EUR,2026-03-27,2026-09-04T15:50:42Z,Coinbase,2,,,engine/technical/README.md,
DOT,crypto,tecnico,sma20,1.2645,,EUR,2026-03-28,2026-09-04T15:50:42Z,Coinbase,2,,,engine/technical/README.md,
DOT,crypto,tecnico,sma20,1.2555,,EUR,2026-03-29,2026-09-04T15:50:42Z,Coinbase,2,,,engine/technical/README.md,
DOT,crypto,tecnico,sma20,1.2455,,EUR,2026-03-30,2026-09-04T15:50:42Z,Coinbase,2,,,engine/technical/README.md,
DOT,crypto,tecnico,sma20,1.2335,,EUR,2026-03-31,2026-09-04T15:50:42Z,Coinbase,2,,,engine/technical/README.md,
DOT,crypto,tecnico,sma20,1.2215,,EUR,2026-04-01,2026-09-04T15:50:42Z,Coinbase,2,,,engine/technical/README.md,
DOT,crypto,tecnico,sma20,1.211,,EUR,2026-04-02,2026-09-04T15:50:42Z,Coinbase,2,,,engine/technical/README.md,
DOT,crypto,tecnico,sma20,1.203,,EUR,2026-04-03,2026-09-04T15:50:42Z,Coinbase,2,,,engine/technical/README.md,
DOT,crypto,tecnico,sma20,1.194,,EUR,2026-04-04,2026-09-04T15:50:42Z,Coinbase,2,,,engine/technical/README.md,
DOT,crypto,tecnico,sma20,1.1765,,EUR,2026-04-05,2026-09-04T15:50:42Z,Coinbase,2,,,engine/technical/README.md,
DOT,crypto,tecnico,sma20,1.16,,EUR,2026-04-06,2026-09-04T15:50:42Z,Coinbase,2,,,engine/technical/README.md,
DOT,crypto,tecnico,sma20,1.1475,,EUR,2026-04-07,2026-09-04T15:50:42Z,Coinbase,2,,,engine/technical/README.md,
DOT,crypto,tecnico,sma20,1.136,,EUR,2026-04-08,2026-09-04T15:50:42Z,Coinbase,2,,,engine/technical/README.md,
DOT,crypto,tecnico,sma20,1.1265,,EUR,2026-04-09,2026-09-04T15:50:42Z,Coinbase,2,,,engine/technical/README.md,
DOT,crypto,tecnico,sma20,1.119,,EUR,2026-04-10,2026-09-04T15:50:42Z,Coinbase,2,,,engine/technical/README.md,
DOT,crypto,tecnico,sma20,1.112,,EUR,2026-04-11,2026-09-04T15:50:42Z,Coinbase,2,,,engine/technical/README.md,
DOT,crypto,tecnico,sma20,1.1035,,EUR,2026-04-12,2026-09-04T15:50:42Z,Coinbase,2,,,engine/technical/README.md,
DOT,crypto,tecnico,sma20,1.095,,EUR,2026-04-13,2026-09-04T15:50:42Z,Coinbase,2,,,engine/technical/README.md,
DOT,crypto,tecnico,sma20,1.086,,EUR,2026-04-14,2026-09-04T15:50:42Z,Coinbase,2,,,engine/technical/README.md,
DOT,crypto,tecnico,sma20,1.0785,,EUR,2026-04-15,2026-09-04T15:50:42Z,Coinbase,2,,,engine/technical/README.md,
DOT,crypto,tecnico,sma20,1.0785,,EUR,2026-04-16,2026-09-04T15:50:42Z,Coinbase,2,,,engine/technical/README.md,
DOT,crypto,tecnico,sma20,1.0805,,EUR,2026-04-17,2026-09-04T15:50:42Z,Coinbase,2,,,engine/technical/README.md,
DOT,crypto,tecnico,sma20,1.0795,,EUR,2026-04-18,2026-09-04T15:50:42Z,Coinbase,2,,,engine/technical/README.md,
DOT,crypto,tecnico,sma20,1.0785,,EUR,2026-04-19,2026-09-04T15:50:42Z,Coinbase,2,,,engine/technical/README.md,
DOT,crypto,tecnico,sma20,1.0785,,EUR,2026-04-20,2026-09-04T15:50:42Z,Coinbase,2,,,engine/technical/README.md,
DOT,crypto,tecnico,sma20,1.0785,,EUR,2026-04-21,2026-09-04T15:50:42Z,Coinbase,2,,,engine/technical/README.md,
DOT,crypto,tecnico,sma20,1.0795,,EUR,2026-04-22,2026-09-04T15:50:42Z,Coinbase,2,,,engine/technical/README.md,
DOT,crypto,tecnico,sma20,1.0785,,EUR,2026-04-23,2026-09-04T15:50:42Z,Coinbase,2,,,engine/technical/README.md,
DOT,crypto,tecnico,sma20,1.078,,EUR,2026-04-24,2026-09-04T15:50:42Z,Coinbase,2,,,engine/technical/README.md,
DOT,crypto,tecnico,sma20,1.0765,,EUR,2026-04-25,2026-09-04T15:50:42Z,Coinbase,2,,,engine/technical/README.md,
DOT,crypto,tecnico,sma20,1.0765,,EUR,2026-04-26,2026-09-04T15:50:42Z,Coinbase,2,,,engine/technical/README.md,
DOT,crypto,tecnico,sma20,1.0735,,EUR,2026-04-27,2026-09-04T15:50:42Z,Coinbase,2,,,engine/technical/README.md,
DOT,crypto,tecnico,sma20,1.072,,EUR,2026-04-28,2026-09-04T15:50:42Z,Coinbase,2,,,engine/technical/README.md,
DOT,crypto,tecnico,sma20,1.0685,,EUR,2026-04-29,2026-09-04T15:50:42Z,Coinbase,2,,,engine/technical/README.md,
DOT,crypto,tecnico,sma20,1.0645,,EUR,2026-04-30,2026-09-04T15:50:42Z,Coinbase,2,,,engine/technical/README.md,
DOT,crypto,tecnico,sma20,1.0615,,EUR,2026-05-01,2026-09-04T15:50:42Z,Coinbase,2,,,engine/technical/README.md,
DOT,crypto,tecnico,sma20,1.061,,EUR,2026-05-02,2026-09-04T15:50:42Z,Coinbase,2,,,engine/technical/README.md,
DOT,crypto,tecnico,sma20,1.0605,,EUR,2026-05-03,2026-09-04T15:50:42Z,Coinbase,2,,,engine/technical/README.md,
DOT,crypto,tecnico,sma20,1.0635,,EUR,2026-05-04,2026-09-04T15:50:42Z,Coinbase,2,,,engine/technical/README.md,
DOT,crypto,tecnico,sma20,1.0685,,EUR,2026-05-05,2026-09-04T15:50:42Z,Coinbase,2,,,engine/technical/README.md,
DOT,crypto,tecnico,sma20,1.0685,,EUR,2026-05-06,2026-09-04T15:50:42Z,Coinbase,2,,,engine/technical/README.md,
DOT,crypto,tecnico,sma20,1.067,,EUR,2026-05-07,2026-09-04T15:50:42Z,Coinbase,2,,,engine/technical/README.md,
DOT,crypto,tecnico,sma20,1.071,,EUR,2026-05-08,2026-09-04T15:50:42Z,Coinbase,2,,,engine/technical/README.md,
DOT,crypto,tecnico,sma20,1.075,,EUR,2026-05-09,2026-09-04T15:50:42Z,Coinbase,2,,,engine/technical/README.md,
DOT,crypto,tecnico,sma20,1.079,,EUR,2026-05-10,2026-09-04T15:50:42Z,Coinbase,2,,,engine/technical/README.md,
DOT,crypto,tecnico,sma20,1.082,,EUR,2026-05-11,2026-09-04T15:50:42Z,Coinbase,2,,,engine/technical/README.md,
DOT,crypto,tecnico,sma20,1.0845,,EUR,2026-05-12,2026-09-04T15:50:42Z,Coinbase,2,,,engine/technical/README.md,
DOT,crypto,tecnico,sma20,1.088,,EUR,2026-05-13,2026-09-04T15:50:42Z,Coinbase,2,,,engine/technical/README.md,
DOT,crypto,tecnico,sma20,1.093,,EUR,2026-05-14,2026-09-04T15:50:42Z,Coinbase,2,,,engine/technical/README.md,
DOT,crypto,tecnico,sma20,1.0965,,EUR,2026-05-15,2026-09-04T15:50:42Z,Coinbase,2,,,engine/technical/README.md,
DOT,crypto,tecnico,sma20,1.097,,EUR,2026-05-16,2026-09-04T15:50:42Z,Coinbase,2,,,engine/technical/README.md,
DOT,crypto,tecnico,sma20,1.0975,,EUR,2026-05-17,2026-09-04T15:50:42Z,Coinbase,2,,,engine/technical/README.md,
DOT,crypto,tecnico,sma20,1.099,,EUR,2026-05-18,2026-09-04T15:50:42Z,Coinbase,2,,,engine/technical/README.md,
DOT,crypto,tecnico,sma20,1.1,,EUR,2026-05-19,2026-09-04T15:50:42Z,Coinbase,2,,,engine/technical/README.md,
DOT,crypto,tecnico,sma20,1.102,,EUR,2026-05-20,2026-09-04T15:50:42Z,Coinbase,2,,,engine/technical/README.md,
DOT,crypto,tecnico,sma20,1.106,,EUR,2026-05-21,2026-09-04T15:50:42Z,Coinbase,2,,,engine/technical/README.md,
DOT,crypto,tecnico,sma20,1.108,,EUR,2026-05-22,2026-09-04T15:50:42Z,Coinbase,2,,,engine/technical/README.md,
DOT,crypto,tecnico,sma20,1.112,,EUR,2026-05-23,2026-09-04T15:50:42Z,Coinbase,2,,,engine/technical/README.md,
DOT,crypto,tecnico,sma20,1.113,,EUR,2026-05-24,2026-09-04T15:50:42Z,Coinbase,2,,,engine/technical/README.md,
DOT,crypto,tecnico,sma20,1.112,,EUR,2026-05-25,2026-09-04T15:50:42Z,Coinbase,2,,,engine/technical/README.md,
DOT,crypto,tecnico,sma20,1.11,,EUR,2026-05-26,2026-09-04T15:50:42Z,Coinbase,2,,,engine/technical/README.md,
DOT,crypto,tecnico,sma20,1.1075,,EUR,2026-05-27,2026-09-04T15:50:42Z,Coinbase,2,,,engine/technical/README.md,
DOT,crypto,tecnico,sma20,1.1015,,EUR,2026-05-28,2026-09-04T15:50:42Z,Coinbase,2,,,engine/technical/README.md,
DOT,crypto,tecnico,sma20,1.096,,EUR,2026-05-29,2026-09-04T15:50:42Z,Coinbase,2,,,engine/technical/README.md,
DOT,crypto,tecnico,sma20,1.0885,,EUR,2026-05-30,2026-09-04T15:50:42Z,Coinbase,2,,,engine/technical/README.md,
DOT,crypto,tecnico,sma20,1.082,,EUR,2026-05-31,2026-09-04T15:50:42Z,Coinbase,2,,,engine/technical/README.md,
DOT,crypto,tecnico,sma20,1.0745,,EUR,2026-06-01,2026-09-04T15:50:42Z,Coinbase,2,,,engine/technical/README.md,
DOT,crypto,tecnico,sma20,1.0645,,EUR,2026-06-02,2026-09-04T15:50:42Z,Coinbase,2,,,engine/technical/README.md,
DOT,crypto,tecnico,sma20,1.0535,,EUR,2026-06-03,2026-09-04T15:50:42Z,Coinbase,2,,,engine/technical/README.md,
DOT,crypto,tecnico,sma20,1.0415,,EUR,2026-06-04,2026-09-04T15:50:42Z,Coinbase,2,,,engine/technical/README.md,
DOT,crypto,tecnico,sma20,1.0285,,EUR,2026-06-05,2026-09-04T15:50:42Z,Coinbase,2,,,engine/technical/README.md,
DOT,crypto,tecnico,sma20,1.016,,EUR,2026-06-06,2026-09-04T15:50:42Z,Coinbase,2,,,engine/technical/README.md,
DOT,crypto,tecnico,sma20,1.0045,,EUR,2026-06-07,2026-09-04T15:50:42Z,Coinbase,2,,,engine/technical/README.md,
DOT,crypto,tecnico,sma20,0.9935,,EUR,2026-06-08,2026-09-04T15:50:42Z,Coinbase,2,,,engine/technical/README.md,
DOT,crypto,tecnico,sma20,0.9815,,EUR,2026-06-09,2026-09-04T15:50:42Z,Coinbase,2,,,engine/technical/README.md,
DOT,crypto,tecnico,sma20,0.966,,EUR,2026-06-10,2026-09-04T15:50:42Z,Coinbase,2,,,engine/technical/README.md,
DOT,crypto,tecnico,sma20,0.953,,EUR,2026-06-11,2026-09-04T15:50:42Z,Coinbase,2,,,engine/technical/README.md,
DOT,crypto,tecnico,sma20,0.939,,EUR,2026-06-12,2026-09-04T15:50:42Z,Coinbase,2,,,engine/technical/README.md,
DOT,crypto,tecnico,sma20,0.928,,EUR,2026-06-13,2026-09-04T15:50:42Z,Coinbase,2,,,engine/technical/README.md,
DOT,crypto,tecnico,sma20,0.917,,EUR,2026-06-14,2026-09-04T15:50:42Z,Coinbase,2,,,engine/technical/README.md,
DOT,crypto,tecnico,sma20,0.907,,EUR,2026-06-15,2026-09-04T15:50:42Z,Coinbase,2,,,engine/technical/README.md,
DOT,crypto,tecnico,sma20,0.898,,EUR,2026-06-16,2026-09-04T15:50:42Z,Coinbase,2,,,engine/technical/README.md,
DOT,crypto,tecnico,sma20,0.8895,,EUR,2026-06-17,2026-09-04T15:50:42Z,Coinbase,2,,,engine/technical/README.md,
DOT,crypto,tecnico,sma20,0.8805,,EUR,2026-06-18,2026-09-04T15:50:42Z,Coinbase,2,,,engine/technical/README.md,
DOT,crypto,tecnico,sma20,0.871,,EUR,2026-06-19,2026-09-04T15:50:42Z,Coinbase,2,,,engine/technical/README.md,
DOT,crypto,tecnico,sma20,0.8625,,EUR,2026-06-20,2026-09-04T15:50:42Z,Coinbase,2,,,engine/technical/README.md,
DOT,crypto,tecnico,sma20,0.8545,,EUR,2026-06-21,2026-09-04T15:50:42Z,Coinbase,2,,,engine/technical/README.md,
DOT,crypto,tecnico,sma20,0.849,,EUR,2026-06-22,2026-09-04T15:50:42Z,Coinbase,2,,,engine/technical/README.md,
DOT,crypto,tecnico,sma20,0.8415,,EUR,2026-06-23,2026-09-04T15:50:42Z,Coinbase,2,,,engine/technical/README.md,
DOT,crypto,tecnico,sma20,0.8365,,EUR,2026-06-24,2026-09-04T15:50:42Z,Coinbase,2,,,engine/technical/README.md,
DOT,crypto,tecnico,sma20,0.832,,EUR,2026-06-25,2026-09-04T15:50:42Z,Coinbase,2,,,engine/technical/README.md,
DOT,crypto,tecnico,sma20,0.828,,EUR,2026-06-26,2026-09-04T15:50:42Z,Coinbase,2,,,engine/technical/README.md,
DOT,crypto,tecnico,sma20,0.821,,EUR,2026-06-27,2026-09-04T15:50:42Z,Coinbase,2,,,engine/technical/README.md,
DOT,crypto,tecnico,sma20,0.8145,,EUR,2026-06-28,2026-09-04T15:50:42Z,Coinbase,2,,,engine/technical/README.md,
DOT,crypto,tecnico,sma20,0.809,,EUR,2026-06-29,2026-09-04T15:50:42Z,Coinbase,2,,,engine/technical/README.md,
DOT,crypto,tecnico,sma20,0.805,,EUR,2026-06-30,2026-09-04T15:50:42Z,Coinbase,2,,,engine/technical/README.md,
DOT,crypto,tecnico,sma20,0.8005,,EUR,2026-07-01,2026-09-04T15:50:42Z,Coinbase,2,,,engine/technical/README.md,
DOT,crypto,tecnico,sma20,0.796,,EUR,2026-07-02,2026-09-04T15:50:42Z,Coinbase,2,,,engine/technical/README.md,
DOT,crypto,tecnico,sma20,0.792,,EUR,2026-07-03,2026-09-04T15:50:42Z,Coinbase,2,,,engine/technical/README.md,
DOT,crypto,tecnico,sma20,0.7875,,EUR,2026-07-04,2026-09-04T15:50:42Z,Coinbase,2,,,engine/technical/README.md,
DOT,crypto,tecnico,sma20,0.782,,EUR,2026-07-05,2026-09-04T15:50:42Z,Coinbase,2,,,engine/technical/README.md,
DOT,crypto,tecnico,sma20,0.777,,EUR,2026-07-06,2026-09-04T15:50:42Z,Coinbase,2,,,engine/technical/README.md,
DOT,crypto,tecnico,sma20,0.771,,EUR,2026-07-07,2026-09-04T15:50:42Z,Coinbase,2,,,engine/technical/README.md,
DOT,crypto,tecnico,sma20,0.765,,EUR,2026-07-08,2026-09-04T15:50:42Z,Coinbase,2,,,engine/technical/README.md,
DOT,crypto,tecnico,sma20,0.7595,,EUR,2026-07-09,2026-09-04T15:50:42Z,Coinbase,2,,,engine/technical/README.md,
DOT,crypto,tecnico,sma20,0.7555,,EUR,2026-07-10,2026-09-04T15:50:42Z,Coinbase,2,,,engine/technical/README.md,
DOT,crypto,tecnico,sma20,0.7515,,EUR,2026-07-11,2026-09-04T15:50:42Z,Coinbase,2,,,engine/technical/README.md,
DOT,crypto,tecnico,sma20,0.7475,,EUR,2026-07-12,2026-09-04T15:50:42Z,Coinbase,2,,,engine/technical/README.md,
DOT,crypto,tecnico,sma20,0.744,,EUR,2026-07-13,2026-09-04T15:50:42Z,Coinbase,2,,,engine/technical/README.md,
DOT,crypto,tecnico,sma20,0.7415,,EUR,2026-07-14,2026-09-04T15:50:42Z,Coinbase,2,,,engine/technical/README.md,
DOT,crypto,tecnico,sma20,0.7415,,EUR,2026-07-15,2026-09-04T15:50:42Z,Coinbase,2,,,engine/technical/README.md,
DOT,crypto,tecnico,sma20,0.742,,EUR,2026-07-16,2026-09-04T15:50:42Z,Coinbase,2,,,engine/technical/README.md,
DOT,crypto,tecnico,sma20,0.744,,EUR,2026-07-17,2026-09-04T15:50:42Z,Coinbase,2,,,engine/technical/README.md,
DOT,crypto,tecnico,sma20,0.745,,EUR,2026-07-18,2026-09-04T15:50:42Z,Coinbase,2,,,engine/technical/README.md,
DOT,crypto,tecnico,sma20,0.745,,EUR,2026-07-19,2026-09-04T15:50:42Z,Coinbase,2,,,engine/technical/README.md,
DOT,crypto,tecnico,sma20,0.7455,,EUR,2026-07-20,2026-09-04T15:50:42Z,Coinbase,2,,,engine/technical/README.md,
DOT,crypto,tecnico,sma20,0.746,,EUR,2026-07-21,2026-09-04T15:50:42Z,Coinbase,2,,,engine/technical/README.md,
DOT,crypto,tecnico,sma20,0.7455,,EUR,2026-07-22,2026-09-04T15:50:42Z,Coinbase,2,,,engine/technical/README.md,
DOT,crypto,tecnico,sma20,0.743,,EUR,2026-07-23,2026-09-04T15:50:42Z,Coinbase,2,,,engine/technical/README.md,
DOT,crypto,tecnico,sma20,0.74,,EUR,2026-07-24,2026-09-04T15:50:42Z,Coinbase,2,,,engine/technical/README.md,
DOT,crypto,tecnico,sma20,0.7375,,EUR,2026-07-25,2026-09-04T15:50:42Z,Coinbase,2,,,engine/technical/README.md,
DOT,crypto,tecnico,sma20,0.735,,EUR,2026-07-26,2026-09-04T15:50:42Z,Coinbase,2,,,engine/technical/README.md,
DOT,crypto,tecnico,sma20,0.731,,EUR,2026-07-27,2026-09-04T15:50:42Z,Coinbase,2,,,engine/technical/README.md,
DOT,crypto,tecnico,sma20,0.728,,EUR,2026-07-28,2026-09-04T15:50:42Z,Coinbase,2,,,engine/technical/README.md,
DOT,crypto,tecnico,sma20,0.7255,,EUR,2026-07-29,2026-09-04T15:50:42Z,Coinbase,2,,,engine/technical/README.md,
DOT,crypto,tecnico,sma20,0.7205,,EUR,2026-07-30,2026-09-04T15:50:42Z,Coinbase,2,,,engine/technical/README.md,
DOT,crypto,tecnico,sma20,0.716,,EUR,2026-07-31,2026-09-04T15:50:42Z,Coinbase,2,,,engine/technical/README.md,
DOT,crypto,tecnico,sma20,0.713,,EUR,2026-08-01,2026-09-04T15:50:42Z,Coinbase,2,,,engine/technical/README.md,
DOT,crypto,tecnico,sma20,0.711,,EUR,2026-08-02,2026-09-04T15:50:42Z,Coinbase,2,,,engine/technical/README.md,
DOT,crypto,tecnico,sma20,0.71,,EUR,2026-08-03,2026-09-04T15:50:42Z,Coinbase,2,,,engine/technical/README.md,
DOT,crypto,tecnico,sma20,0.7105,,EUR,2026-08-04,2026-09-04T15:50:42Z,Coinbase,2,,,engine/technical/README.md,
DOT,crypto,tecnico,sma20,0.7095,,EUR,2026-08-05,2026-09-04T15:50:42Z,Coinbase,2,,,engine/technical/README.md,
DOT,crypto,tecnico,sma20,0.7075,,EUR,2026-08-06,2026-09-04T15:50:42Z,Coinbase,2,,,engine/technical/README.md,
DOT,crypto,tecnico,sma20,0.7065,,EUR,2026-08-07,2026-09-04T15:50:42Z,Coinbase,2,,,engine/technical/README.md,
DOT,crypto,tecnico,sma20,0.706,,EUR,2026-08-08,2026-09-04T15:50:42Z,Coinbase,2,,,engine/technical/README.md,
DOT,crypto,tecnico,sma20,0.704,,EUR,2026-08-09,2026-09-04T15:50:42Z,Coinbase,2,,,engine/technical/README.md,
DOT,crypto,tecnico,sma20,0.702,,EUR,2026-08-10,2026-09-04T15:50:42Z,Coinbase,2,,,engine/technical/README.md,
DOT,crypto,tecnico,sma20,0.7,,EUR,2026-08-11,2026-09-04T15:50:42Z,Coinbase,2,,,engine/technical/README.md,
DOT,crypto,tecnico,sma20,0.6975,,EUR,2026-08-12,2026-09-04T15:50:42Z,Coinbase,2,,,engine/technical/README.md,
DOT,crypto,tecnico,sma20,0.6955,,EUR,2026-08-13,2026-09-04T15:50:42Z,Coinbase,2,,,engine/technical/README.md,
DOT,crypto,tecnico,sma20,0.6925,,EUR,2026-08-14,2026-09-04T15:50:42Z,Coinbase,2,,,engine/technical/README.md,
DOT,crypto,tecnico,sma20,0.689,,EUR,2026-08-15,2026-09-04T15:50:42Z,Coinbase,2,,,engine/technical/README.md,
DOT,crypto,tecnico,sma20,0.688,,EUR,2026-08-16,2026-09-04T15:50:42Z,Coinbase,2,,,engine/technical/README.md,
DOT,crypto,tecnico,sma20,0.6875,,EUR,2026-08-17,2026-09-04T15:50:42Z,Coinbase,2,,,engine/technical/README.md,
DOT,crypto,tecnico,sma20,0.6865,,EUR,2026-08-18,2026-09-04T15:50:42Z,Coinbase,2,,,engine/technical/README.md,
DOT,crypto,tecnico,sma20,0.687,,EUR,2026-08-19,2026-09-04T15:50:42Z,Coinbase,2,,,engine/technical/README.md,
DOT,crypto,tecnico,sma20,0.69,,EUR,2026-08-20,2026-09-04T15:50:42Z,Coinbase,2,,,engine/technical/README.md,
DOT,crypto,tecnico,sma20,0.696,,EUR,2026-08-21,2026-09-04T15:50:42Z,Coinbase,2,,,engine/technical/README.md,
DOT,crypto,tecnico,sma20,0.701,,EUR,2026-08-22,2026-09-04T15:50:42Z,Coinbase,2,,,engine/technical/README.md,
DOT,crypto,tecnico,sma20,0.7045,,EUR,2026-08-23,2026-09-04T15:50:42Z,Coinbase,2,,,engine/technical/README.md,
DOT,crypto,tecnico,sma20,0.7055,,EUR,2026-08-24,2026-09-04T15:50:42Z,Coinbase,2,,,engine/technical/README.md,
DOT,crypto,tecnico,sma20,0.7055,,EUR,2026-08-25,2026-09-04T15:50:42Z,Coinbase,2,,,engine/technical/README.md,
DOT,crypto,tecnico,sma20,0.7075,,EUR,2026-08-26,2026-09-04T15:50:42Z,Coinbase,2,,,engine/technical/README.md,
DOT,crypto,tecnico,sma20,0.71,,EUR,2026-08-27,2026-09-04T15:50:42Z,Coinbase,2,,,engine/technical/README.md,
DOT,crypto,tecnico,sma20,0.711,,EUR,2026-08-28,2026-09-04T15:50:42Z,Coinbase,2,,,engine/technical/README.md,
DOT,crypto,tecnico,sma20,0.713,,EUR,2026-08-29,2026-09-04T15:50:42Z,Coinbase,2,,,engine/technical/README.md,
DOT,crypto,tecnico,sma20,0.7135,,EUR,2026-08-30,2026-09-04T15:50:42Z,Coinbase,2,,,engine/technical/README.md,
DOT,crypto,tecnico,sma20,0.7155,,EUR,2026-08-31,2026-09-04T15:50:42Z,Coinbase,2,,,engine/technical/README.md,
DOT,crypto,tecnico,sma20,0.71953,,EUR,2026-09-01,2026-09-04T15:50:42Z,Coinbase,2,,,engine/technical/README.md,
DOT,crypto,tecnico,sma20,0.723535,,EUR,2026-09-02,2026-09-04T15:50:42Z,Coinbase,2,,,engine/technical/README.md,
DOT,crypto,tecnico,sma20,0.72273,,EUR,2026-09-03,2026-09-03T12:15:39Z,Kraken,2,100,,engine/technical/README.md,
DOT,crypto,tecnico,sma20,0.73316,,EUR,2026-09-04,2026-09-04T10:11:47Z,Kraken,2,100,,engine/technical/README.md,
DOT,crypto,tecnico,sma200,2.84745,,EUR,2026-01-01,2026-09-04T15:50:42Z,Coinbase,2,,,engine/technical/README.md,
DOT,crypto,tecnico,sma200,2.84005,,EUR,2026-01-02,2026-09-04T15:50:42Z,Coinbase,2,,,engine/technical/README.md,
DOT,crypto,tecnico,sma200,2.83295,,EUR,2026-01-03,2026-09-04T15:50:42Z,Coinbase,2,,,engine/technical/README.md,
DOT,crypto,tecnico,sma200,2.8263,,EUR,2026-01-04,2026-09-04T15:50:42Z,Coinbase,2,,,engine/technical/README.md,
DOT,crypto,tecnico,sma200,2.82035,,EUR,2026-01-05,2026-09-04T15:50:42Z,Coinbase,2,,,engine/technical/README.md,
DOT,crypto,tecnico,sma200,2.8149,,EUR,2026-01-06,2026-09-04T15:50:42Z,Coinbase,2,,,engine/technical/README.md,
DOT,crypto,tecnico,sma200,2.80965,,EUR,2026-01-07,2026-09-04T15:50:42Z,Coinbase,2,,,engine/technical/README.md,
DOT,crypto,tecnico,sma200,2.80505,,EUR,2026-01-08,2026-09-04T15:50:42Z,Coinbase,2,,,engine/technical/README.md,
DOT,crypto,tecnico,sma200,2.79925,,EUR,2026-01-09,2026-09-04T15:50:42Z,Coinbase,2,,,engine/technical/README.md,
DOT,crypto,tecnico,sma200,2.79345,,EUR,2026-01-10,2026-09-04T15:50:42Z,Coinbase,2,,,engine/technical/README.md,
DOT,crypto,tecnico,sma200,2.788,,EUR,2026-01-11,2026-09-04T15:50:42Z,Coinbase,2,,,engine/technical/README.md,
DOT,crypto,tecnico,sma200,2.7827,,EUR,2026-01-12,2026-09-04T15:50:42Z,Coinbase,2,,,engine/technical/README.md,
DOT,crypto,tecnico,sma200,2.7781,,EUR,2026-01-13,2026-09-04T15:50:42Z,Coinbase,2,,,engine/technical/README.md,
DOT,crypto,tecnico,sma200,2.7731,,EUR,2026-01-14,2026-09-04T15:50:42Z,Coinbase,2,,,engine/technical/README.md,
DOT,crypto,tecnico,sma200,2.767,,EUR,2026-01-15,2026-09-04T15:50:42Z,Coinbase,2,,,engine/technical/README.md,
DOT,crypto,tecnico,sma200,2.7617,,EUR,2026-01-16,2026-09-04T15:50:42Z,Coinbase,2,,,engine/technical/README.md,
DOT,crypto,tecnico,sma200,2.7572,,EUR,2026-01-17,2026-09-04T15:50:42Z,Coinbase,2,,,engine/technical/README.md,
DOT,crypto,tecnico,sma200,2.7511,,EUR,2026-01-18,2026-09-04T15:50:42Z,Coinbase,2,,,engine/technical/README.md,
DOT,crypto,tecnico,sma200,2.74475,,EUR,2026-01-19,2026-09-04T15:50:42Z,Coinbase,2,,,engine/technical/README.md,
DOT,crypto,tecnico,sma200,2.73855,,EUR,2026-01-20,2026-09-04T15:50:42Z,Coinbase,2,,,engine/technical/README.md,
DOT,crypto,tecnico,sma200,2.7327,,EUR,2026-01-21,2026-09-04T15:50:42Z,Coinbase,2,,,engine/technical/README.md,
DOT,crypto,tecnico,sma200,2.7265,,EUR,2026-01-22,2026-09-04T15:50:42Z,Coinbase,2,,,engine/technical/README.md,
DOT,crypto,tecnico,sma200,2.7203,,EUR,2026-01-23,2026-09-04T15:50:42Z,Coinbase,2,,,engine/technical/README.md,
DOT,crypto,tecnico,sma200,2.71375,,EUR,2026-01-24,2026-09-04T15:50:42Z,Coinbase,2,,,engine/technical/README.md,
DOT,crypto,tecnico,sma200,2.706,,EUR,2026-01-25,2026-09-04T15:50:42Z,Coinbase,2,,,engine/technical/README.md,
DOT,crypto,tecnico,sma200,2.69735,,EUR,2026-01-26,2026-09-04T15:50:42Z,Coinbase,2,,,engine/technical/README.md,
DOT,crypto,tecnico,sma200,2.6885,,EUR,2026-01-27,2026-09-04T15:50:42Z,Coinbase,2,,,engine/technical/README.md,
DOT,crypto,tecnico,sma200,2.67985,,EUR,2026-01-28,2026-09-04T15:50:42Z,Coinbase,2,,,engine/technical/README.md,
DOT,crypto,tecnico,sma200,2.67005,,EUR,2026-01-29,2026-09-04T15:50:42Z,Coinbase,2,,,engine/technical/README.md,
DOT,crypto,tecnico,sma200,2.66025,,EUR,2026-01-30,2026-09-04T15:50:42Z,Coinbase,2,,,engine/technical/README.md,
DOT,crypto,tecnico,sma200,2.6493,,EUR,2026-01-31,2026-09-04T15:50:42Z,Coinbase,2,,,engine/technical/README.md,
DOT,crypto,tecnico,sma200,2.6377,,EUR,2026-02-01,2026-09-04T15:50:42Z,Coinbase,2,,,engine/technical/README.md,
DOT,crypto,tecnico,sma200,2.6259,,EUR,2026-02-02,2026-09-04T15:50:42Z,Coinbase,2,,,engine/technical/README.md,
DOT,crypto,tecnico,sma200,2.61405,,EUR,2026-02-03,2026-09-04T15:50:42Z,Coinbase,2,,,engine/technical/README.md,
DOT,crypto,tecnico,sma200,2.60125,,EUR,2026-02-04,2026-09-04T15:50:42Z,Coinbase,2,,,engine/technical/README.md,
DOT,crypto,tecnico,sma200,2.5873,,EUR,2026-02-05,2026-09-04T15:50:42Z,Coinbase,2,,,engine/technical/README.md,
DOT,crypto,tecnico,sma200,2.5738,,EUR,2026-02-06,2026-09-04T15:50:42Z,Coinbase,2,,,engine/technical/README.md,
DOT,crypto,tecnico,sma200,2.56025,,EUR,2026-02-07,2026-09-04T15:50:42Z,Coinbase,2,,,engine/technical/README.md,
DOT,crypto,tecnico,sma200,2.5485,,EUR,2026-02-08,2026-09-04T15:50:42Z,Coinbase,2,,,engine/technical/README.md,
DOT,crypto,tecnico,sma200,2.53705,,EUR,2026-02-09,2026-09-04T15:50:42Z,Coinbase,2,,,engine/technical/README.md,
DOT,crypto,tecnico,sma200,2.52505,,EUR,2026-02-10,2026-09-04T15:50:42Z,Coinbase,2,,,engine/technical/README.md,
DOT,crypto,tecnico,sma200,2.5128,,EUR,2026-02-11,2026-09-04T15:50:42Z,Coinbase,2,,,engine/technical/README.md,
DOT,crypto,tecnico,sma200,2.5002,,EUR,2026-02-12,2026-09-04T15:50:42Z,Coinbase,2,,,engine/technical/README.md,
DOT,crypto,tecnico,sma200,2.4888,,EUR,2026-02-13,2026-09-04T15:50:42Z,Coinbase,2,,,engine/technical/README.md,
DOT,crypto,tecnico,sma200,2.4779,,EUR,2026-02-14,2026-09-04T15:50:42Z,Coinbase,2,,,engine/technical/README.md,
DOT,crypto,tecnico,sma200,2.467,,EUR,2026-02-15,2026-09-04T15:50:42Z,Coinbase,2,,,engine/technical/README.md,
DOT,crypto,tecnico,sma200,2.45665,,EUR,2026-02-16,2026-09-04T15:50:42Z,Coinbase,2,,,engine/technical/README.md,
DOT,crypto,tecnico,sma200,2.447,,EUR,2026-02-17,2026-09-04T15:50:42Z,Coinbase,2,,,engine/technical/README.md,
DOT,crypto,tecnico,sma200,2.4374,,EUR,2026-02-18,2026-09-04T15:50:42Z,Coinbase,2,,,engine/technical/README.md,
DOT,crypto,tecnico,sma200,2.42725,,EUR,2026-02-19,2026-09-04T15:50:42Z,Coinbase,2,,,engine/technical/README.md,
DOT,crypto,tecnico,sma200,2.4169,,EUR,2026-02-20,2026-09-04T15:50:42Z,Coinbase,2,,,engine/technical/README.md,
DOT,crypto,tecnico,sma200,2.40705,,EUR,2026-02-21,2026-09-04T15:50:42Z,Coinbase,2,,,engine/technical/README.md,
DOT,crypto,tecnico,sma200,2.39685,,EUR,2026-02-22,2026-09-04T15:50:42Z,Coinbase,2,,,engine/technical/README.md,
DOT,crypto,tecnico,sma200,2.3857,,EUR,2026-02-23,2026-09-04T15:50:42Z,Coinbase,2,,,engine/technical/README.md,
DOT,crypto,tecnico,sma200,2.37385,,EUR,2026-02-24,2026-09-04T15:50:42Z,Coinbase,2,,,engine/technical/README.md,
DOT,crypto,tecnico,sma200,2.3632,,EUR,2026-02-25,2026-09-04T15:50:42Z,Coinbase,2,,,engine/technical/README.md,
DOT,crypto,tecnico,sma200,2.35265,,EUR,2026-02-26,2026-09-04T15:50:42Z,Coinbase,2,,,engine/technical/README.md,
DOT,crypto,tecnico,sma200,2.3428,,EUR,2026-02-27,2026-09-04T15:50:42Z,Coinbase,2,,,engine/technical/README.md,
DOT,crypto,tecnico,sma200,2.33205,,EUR,2026-02-28,2026-09-04T15:50:42Z,Coinbase,2,,,engine/technical/README.md,
DOT,crypto,tecnico,sma200,2.32035,,EUR,2026-03-01,2026-09-04T15:50:42Z,Coinbase,2,,,engine/technical/README.md,
DOT,crypto,tecnico,sma200,2.3096,,EUR,2026-03-02,2026-09-04T15:50:42Z,Coinbase,2,,,engine/technical/README.md,
DOT,crypto,tecnico,sma200,2.29955,,EUR,2026-03-03,2026-09-04T15:50:42Z,Coinbase,2,,,engine/technical/README.md,
DOT,crypto,tecnico,sma200,2.2892,,EUR,2026-03-04,2026-09-04T15:50:42Z,Coinbase,2,,,engine/technical/README.md,
DOT,crypto,tecnico,sma200,2.2784,,EUR,2026-03-05,2026-09-04T15:50:42Z,Coinbase,2,,,engine/technical/README.md,
DOT,crypto,tecnico,sma200,2.26805,,EUR,2026-03-06,2026-09-04T15:50:42Z,Coinbase,2,,,engine/technical/README.md,
DOT,crypto,tecnico,sma200,2.2583,,EUR,2026-03-07,2026-09-04T15:50:42Z,Coinbase,2,,,engine/technical/README.md,
DOT,crypto,tecnico,sma200,2.248,,EUR,2026-03-08,2026-09-04T15:50:42Z,Coinbase,2,,,engine/technical/README.md,
DOT,crypto,tecnico,sma200,2.23805,,EUR,2026-03-09,2026-09-04T15:50:42Z,Coinbase,2,,,engine/technical/README.md,
DOT,crypto,tecnico,sma200,2.22675,,EUR,2026-03-10,2026-09-04T15:50:42Z,Coinbase,2,,,engine/technical/README.md,
DOT,crypto,tecnico,sma200,2.21545,,EUR,2026-03-11,2026-09-04T15:50:42Z,Coinbase,2,,,engine/technical/README.md,
DOT,crypto,tecnico,sma200,2.20445,,EUR,2026-03-12,2026-09-04T15:50:42Z,Coinbase,2,,,engine/technical/README.md,
DOT,crypto,tecnico,sma200,2.1948,,EUR,2026-03-13,2026-09-04T15:50:42Z,Coinbase,2,,,engine/technical/README.md,
DOT,crypto,tecnico,sma200,2.1843,,EUR,2026-03-14,2026-09-04T15:50:42Z,Coinbase,2,,,engine/technical/README.md,
DOT,crypto,tecnico,sma200,2.17415,,EUR,2026-03-15,2026-09-04T15:50:42Z,Coinbase,2,,,engine/technical/README.md,
DOT,crypto,tecnico,sma200,2.1643,,EUR,2026-03-16,2026-09-04T15:50:42Z,Coinbase,2,,,engine/technical/README.md,
DOT,crypto,tecnico,sma200,2.1552,,EUR,2026-03-17,2026-09-04T15:50:42Z,Coinbase,2,,,engine/technical/README.md,
DOT,crypto,tecnico,sma200,2.1457,,EUR,2026-03-18,2026-09-04T15:50:42Z,Coinbase,2,,,engine/technical/README.md,
DOT,crypto,tecnico,sma200,2.13625,,EUR,2026-03-19,2026-09-04T15:50:42Z,Coinbase,2,,,engine/technical/README.md,
DOT,crypto,tecnico,sma200,2.127,,EUR,2026-03-20,2026-09-04T15:50:42Z,Coinbase,2,,,engine/technical/README.md,
DOT,crypto,tecnico,sma200,2.1169,,EUR,2026-03-21,2026-09-04T15:50:42Z,Coinbase,2,,,engine/technical/README.md,
DOT,crypto,tecnico,sma200,2.10645,,EUR,2026-03-22,2026-09-04T15:50:42Z,Coinbase,2,,,engine/technical/README.md,
DOT,crypto,tecnico,sma200,2.0964,,EUR,2026-03-23,2026-09-04T15:50:42Z,Coinbase,2,,,engine/technical/README.md,
DOT,crypto,tecnico,sma200,2.0861,,EUR,2026-03-24,2026-09-04T15:50:42Z,Coinbase,2,,,engine/technical/README.md,
DOT,crypto,tecnico,sma200,2.0756,,EUR,2026-03-25,2026-09-04T15:50:42Z,Coinbase,2,,,engine/technical/README.md,
DOT,crypto,tecnico,sma200,2.0643,,EUR,2026-03-26,2026-09-04T15:50:42Z,Coinbase,2,,,engine/technical/README.md,
DOT,crypto,tecnico,sma200,2.0527,,EUR,2026-03-27,2026-09-04T15:50:42Z,Coinbase,2,,,engine/technical/README.md,
DOT,crypto,tecnico,sma200,2.0405,,EUR,2026-03-28,2026-09-04T15:50:42Z,Coinbase,2,,,engine/technical/README.md,
DOT,crypto,tecnico,sma200,2.02805,,EUR,2026-03-29,2026-09-04T15:50:42Z,Coinbase,2,,,engine/technical/README.md,
DOT,crypto,tecnico,sma200,2.01535,,EUR,2026-03-30,2026-09-04T15:50:42Z,Coinbase,2,,,engine/technical/README.md,
DOT,crypto,tecnico,sma200,2.0024,,EUR,2026-03-31,2026-09-04T15:50:42Z,Coinbase,2,,,engine/technical/README.md,
DOT,crypto,tecnico,sma200,1.98875,,EUR,2026-04-01,2026-09-04T15:50:42Z,Coinbase,2,,,engine/technical/README.md,
DOT,crypto,tecnico,sma200,1.9757,,EUR,2026-04-02,2026-09-04T15:50:42Z,Coinbase,2,,,engine/technical/README.md,
DOT,crypto,tecnico,sma200,1.96345,,EUR,2026-04-03,2026-09-04T15:50:42Z,Coinbase,2,,,engine/technical/README.md,
DOT,crypto,tecnico,sma200,1.95095,,EUR,2026-04-04,2026-09-04T15:50:42Z,Coinbase,2,,,engine/technical/README.md,
DOT,crypto,tecnico,sma200,1.93775,,EUR,2026-04-05,2026-09-04T15:50:42Z,Coinbase,2,,,engine/technical/README.md,
DOT,crypto,tecnico,sma200,1.9239,,EUR,2026-04-06,2026-09-04T15:50:42Z,Coinbase,2,,,engine/technical/README.md,
DOT,crypto,tecnico,sma200,1.9109,,EUR,2026-04-07,2026-09-04T15:50:42Z,Coinbase,2,,,engine/technical/README.md,
DOT,crypto,tecnico,sma200,1.89775,,EUR,2026-04-08,2026-09-04T15:50:42Z,Coinbase,2,,,engine/technical/README.md,
DOT,crypto,tecnico,sma200,1.8851,,EUR,2026-04-09,2026-09-04T15:50:42Z,Coinbase,2,,,engine/technical/README.md,
DOT,crypto,tecnico,sma200,1.8735,,EUR,2026-04-10,2026-09-04T15:50:42Z,Coinbase,2,,,engine/technical/README.md,
DOT,crypto,tecnico,sma200,1.86215,,EUR,2026-04-11,2026-09-04T15:50:42Z,Coinbase,2,,,engine/technical/README.md,
DOT,crypto,tecnico,sma200,1.8504,,EUR,2026-04-12,2026-09-04T15:50:42Z,Coinbase,2,,,engine/technical/README.md,
DOT,crypto,tecnico,sma200,1.8392,,EUR,2026-04-13,2026-09-04T15:50:42Z,Coinbase,2,,,engine/technical/README.md,
DOT,crypto,tecnico,sma200,1.82735,,EUR,2026-04-14,2026-09-04T15:50:42Z,Coinbase,2,,,engine/technical/README.md,
DOT,crypto,tecnico,sma200,1.81575,,EUR,2026-04-15,2026-09-04T15:50:42Z,Coinbase,2,,,engine/technical/README.md,
DOT,crypto,tecnico,sma200,1.80425,,EUR,2026-04-16,2026-09-04T15:50:42Z,Coinbase,2,,,engine/technical/README.md,
DOT,crypto,tecnico,sma200,1.79295,,EUR,2026-04-17,2026-09-04T15:50:42Z,Coinbase,2,,,engine/technical/README.md,
DOT,crypto,tecnico,sma200,1.78165,,EUR,2026-04-18,2026-09-04T15:50:42Z,Coinbase,2,,,engine/technical/README.md,
DOT,crypto,tecnico,sma200,1.76935,,EUR,2026-04-19,2026-09-04T15:50:42Z,Coinbase,2,,,engine/technical/README.md,
DOT,crypto,tecnico,sma200,1.75645,,EUR,2026-04-20,2026-09-04T15:50:42Z,Coinbase,2,,,engine/technical/README.md,
DOT,crypto,tecnico,sma200,1.7435,,EUR,2026-04-21,2026-09-04T15:50:42Z,Coinbase,2,,,engine/technical/README.md,
DOT,crypto,tecnico,sma200,1.73115,,EUR,2026-04-22,2026-09-04T15:50:42Z,Coinbase,2,,,engine/technical/README.md,
DOT,crypto,tecnico,sma200,1.71895,,EUR,2026-04-23,2026-09-04T15:50:42Z,Coinbase,2,,,engine/technical/README.md,
DOT,crypto,tecnico,sma200,1.7055,,EUR,2026-04-24,2026-09-04T15:50:42Z,Coinbase,2,,,engine/technical/README.md,
DOT,crypto,tecnico,sma200,1.693,,EUR,2026-04-25,2026-09-04T15:50:42Z,Coinbase,2,,,engine/technical/README.md,
DOT,crypto,tecnico,sma200,1.68035,,EUR,2026-04-26,2026-09-04T15:50:42Z,Coinbase,2,,,engine/technical/README.md,
DOT,crypto,tecnico,sma200,1.668,,EUR,2026-04-27,2026-09-04T15:50:42Z,Coinbase,2,,,engine/technical/README.md,
DOT,crypto,tecnico,sma200,1.65965,,EUR,2026-04-28,2026-09-04T15:50:42Z,Coinbase,2,,,engine/technical/README.md,
DOT,crypto,tecnico,sma200,1.6518,,EUR,2026-04-29,2026-09-04T15:50:42Z,Coinbase,2,,,engine/technical/README.md,
DOT,crypto,tecnico,sma200,1.64295,,EUR,2026-04-30,2026-09-04T15:50:42Z,Coinbase,2,,,engine/technical/README.md,
DOT,crypto,tecnico,sma200,1.63345,,EUR,2026-05-01,2026-09-04T15:50:42Z,Coinbase,2,,,engine/technical/README.md,
DOT,crypto,tecnico,sma200,1.6246,,EUR,2026-05-02,2026-09-04T15:50:42Z,Coinbase,2,,,engine/technical/README.md,
DOT,crypto,tecnico,sma200,1.61625,,EUR,2026-05-03,2026-09-04T15:50:42Z,Coinbase,2,,,engine/technical/README.md,
DOT,crypto,tecnico,sma200,1.6086,,EUR,2026-05-04,2026-09-04T15:50:42Z,Coinbase,2,,,engine/technical/README.md,
DOT,crypto,tecnico,sma200,1.6017,,EUR,2026-05-05,2026-09-04T15:50:42Z,Coinbase,2,,,engine/technical/README.md,
DOT,crypto,tecnico,sma200,1.5947,,EUR,2026-05-06,2026-09-04T15:50:42Z,Coinbase,2,,,engine/technical/README.md,
DOT,crypto,tecnico,sma200,1.58735,,EUR,2026-05-07,2026-09-04T15:50:42Z,Coinbase,2,,,engine/technical/README.md,
DOT,crypto,tecnico,sma200,1.5799,,EUR,2026-05-08,2026-09-04T15:50:42Z,Coinbase,2,,,engine/technical/README.md,
DOT,crypto,tecnico,sma200,1.57265,,EUR,2026-05-09,2026-09-04T15:50:42Z,Coinbase,2,,,engine/technical/README.md,
DOT,crypto,tecnico,sma200,1.5659,,EUR,2026-05-10,2026-09-04T15:50:42Z,Coinbase,2,,,engine/technical/README.md,
DOT,crypto,tecnico,sma200,1.55875,,EUR,2026-05-11,2026-09-04T15:50:42Z,Coinbase,2,,,engine/technical/README.md,
DOT,crypto,tecnico,sma200,1.55125,,EUR,2026-05-12,2026-09-04T15:50:42Z,Coinbase,2,,,engine/technical/README.md,
DOT,crypto,tecnico,sma200,1.54365,,EUR,2026-05-13,2026-09-04T15:50:42Z,Coinbase,2,,,engine/technical/README.md,
DOT,crypto,tecnico,sma200,1.5358,,EUR,2026-05-14,2026-09-04T15:50:42Z,Coinbase,2,,,engine/technical/README.md,
DOT,crypto,tecnico,sma200,1.52795,,EUR,2026-05-15,2026-09-04T15:50:42Z,Coinbase,2,,,engine/technical/README.md,
DOT,crypto,tecnico,sma200,1.5203,,EUR,2026-05-16,2026-09-04T15:50:42Z,Coinbase,2,,,engine/technical/README.md,
DOT,crypto,tecnico,sma200,1.51235,,EUR,2026-05-17,2026-09-04T15:50:42Z,Coinbase,2,,,engine/technical/README.md,
DOT,crypto,tecnico,sma200,1.50535,,EUR,2026-05-18,2026-09-04T15:50:42Z,Coinbase,2,,,engine/technical/README.md,
DOT,crypto,tecnico,sma200,1.49815,,EUR,2026-05-19,2026-09-04T15:50:42Z,Coinbase,2,,,engine/technical/README.md,
DOT,crypto,tecnico,sma200,1.49065,,EUR,2026-05-20,2026-09-04T15:50:42Z,Coinbase,2,,,engine/technical/README.md,
DOT,crypto,tecnico,sma200,1.48325,,EUR,2026-05-21,2026-09-04T15:50:42Z,Coinbase,2,,,engine/technical/README.md,
DOT,crypto,tecnico,sma200,1.47745,,EUR,2026-05-22,2026-09-04T15:50:42Z,Coinbase,2,,,engine/technical/README.md,
DOT,crypto,tecnico,sma200,1.47205,,EUR,2026-05-23,2026-09-04T15:50:42Z,Coinbase,2,,,engine/technical/README.md,
DOT,crypto,tecnico,sma200,1.4658,,EUR,2026-05-24,2026-09-04T15:50:42Z,Coinbase,2,,,engine/technical/README.md,
DOT,crypto,tecnico,sma200,1.45965,,EUR,2026-05-25,2026-09-04T15:50:42Z,Coinbase,2,,,engine/technical/README.md,
DOT,crypto,tecnico,sma200,1.45095,,EUR,2026-05-26,2026-09-04T15:50:42Z,Coinbase,2,,,engine/technical/README.md,
DOT,crypto,tecnico,sma200,1.4422,,EUR,2026-05-27,2026-09-04T15:50:42Z,Coinbase,2,,,engine/technical/README.md,
DOT,crypto,tecnico,sma200,1.43345,,EUR,2026-05-28,2026-09-04T15:50:42Z,Coinbase,2,,,engine/technical/README.md,
DOT,crypto,tecnico,sma200,1.42445,,EUR,2026-05-29,2026-09-04T15:50:42Z,Coinbase,2,,,engine/technical/README.md,
DOT,crypto,tecnico,sma200,1.4164,,EUR,2026-05-30,2026-09-04T15:50:42Z,Coinbase,2,,,engine/technical/README.md,
DOT,crypto,tecnico,sma200,1.4089,,EUR,2026-05-31,2026-09-04T15:50:42Z,Coinbase,2,,,engine/technical/README.md,
DOT,crypto,tecnico,sma200,1.4016,,EUR,2026-06-01,2026-09-04T15:50:42Z,Coinbase,2,,,engine/technical/README.md,
DOT,crypto,tecnico,sma200,1.39415,,EUR,2026-06-02,2026-09-04T15:50:42Z,Coinbase,2,,,engine/technical/README.md,
DOT,crypto,tecnico,sma200,1.3867,,EUR,2026-06-03,2026-09-04T15:50:42Z,Coinbase,2,,,engine/technical/README.md,
DOT,crypto,tecnico,sma200,1.37915,,EUR,2026-06-04,2026-09-04T15:50:42Z,Coinbase,2,,,engine/technical/README.md,
DOT,crypto,tecnico,sma200,1.3718,,EUR,2026-06-05,2026-09-04T15:50:42Z,Coinbase,2,,,engine/technical/README.md,
DOT,crypto,tecnico,sma200,1.36405,,EUR,2026-06-06,2026-09-04T15:50:42Z,Coinbase,2,,,engine/technical/README.md,
DOT,crypto,tecnico,sma200,1.35665,,EUR,2026-06-07,2026-09-04T15:50:42Z,Coinbase,2,,,engine/technical/README.md,
DOT,crypto,tecnico,sma200,1.3498,,EUR,2026-06-08,2026-09-04T15:50:42Z,Coinbase,2,,,engine/technical/README.md,
DOT,crypto,tecnico,sma200,1.34375,,EUR,2026-06-09,2026-09-04T15:50:42Z,Coinbase,2,,,engine/technical/README.md,
DOT,crypto,tecnico,sma200,1.3377,,EUR,2026-06-10,2026-09-04T15:50:42Z,Coinbase,2,,,engine/technical/README.md,
DOT,crypto,tecnico,sma200,1.332,,EUR,2026-06-11,2026-09-04T15:50:42Z,Coinbase,2,,,engine/technical/README.md,
DOT,crypto,tecnico,sma200,1.326,,EUR,2026-06-12,2026-09-04T15:50:42Z,Coinbase,2,,,engine/technical/README.md,
DOT,crypto,tecnico,sma200,1.3203,,EUR,2026-06-13,2026-09-04T15:50:42Z,Coinbase,2,,,engine/technical/README.md,
DOT,crypto,tecnico,sma200,1.3145,,EUR,2026-06-14,2026-09-04T15:50:42Z,Coinbase,2,,,engine/technical/README.md,
DOT,crypto,tecnico,sma200,1.3088,,EUR,2026-06-15,2026-09-04T15:50:42Z,Coinbase,2,,,engine/technical/README.md,
DOT,crypto,tecnico,sma200,1.30335,,EUR,2026-06-16,2026-09-04T15:50:42Z,Coinbase,2,,,engine/technical/README.md,
DOT,crypto,tecnico,sma200,1.29795,,EUR,2026-06-17,2026-09-04T15:50:42Z,Coinbase,2,,,engine/technical/README.md,
DOT,crypto,tecnico,sma200,1.29275,,EUR,2026-06-18,2026-09-04T15:50:42Z,Coinbase,2,,,engine/technical/README.md,
DOT,crypto,tecnico,sma200,1.2881,,EUR,2026-06-19,2026-09-04T15:50:42Z,Coinbase,2,,,engine/technical/README.md,
DOT,crypto,tecnico,sma200,1.28265,,EUR,2026-06-20,2026-09-04T15:50:42Z,Coinbase,2,,,engine/technical/README.md,
DOT,crypto,tecnico,sma200,1.2767,,EUR,2026-06-21,2026-09-04T15:50:42Z,Coinbase,2,,,engine/technical/README.md,
DOT,crypto,tecnico,sma200,1.271,,EUR,2026-06-22,2026-09-04T15:50:42Z,Coinbase,2,,,engine/technical/README.md,
DOT,crypto,tecnico,sma200,1.2659,,EUR,2026-06-23,2026-09-04T15:50:42Z,Coinbase,2,,,engine/technical/README.md,
DOT,crypto,tecnico,sma200,1.2607,,EUR,2026-06-24,2026-09-04T15:50:42Z,Coinbase,2,,,engine/technical/README.md,
DOT,crypto,tecnico,sma200,1.2554,,EUR,2026-06-25,2026-09-04T15:50:42Z,Coinbase,2,,,engine/technical/README.md,
DOT,crypto,tecnico,sma200,1.24995,,EUR,2026-06-26,2026-09-04T15:50:42Z,Coinbase,2,,,engine/technical/README.md,
DOT,crypto,tecnico,sma200,1.24365,,EUR,2026-06-27,2026-09-04T15:50:42Z,Coinbase,2,,,engine/technical/README.md,
DOT,crypto,tecnico,sma200,1.2378,,EUR,2026-06-28,2026-09-04T15:50:42Z,Coinbase,2,,,engine/technical/README.md,
DOT,crypto,tecnico,sma200,1.2326,,EUR,2026-06-29,2026-09-04T15:50:42Z,Coinbase,2,,,engine/technical/README.md,
DOT,crypto,tecnico,sma200,1.2276,,EUR,2026-06-30,2026-09-04T15:50:42Z,Coinbase,2,,,engine/technical/README.md,
DOT,crypto,tecnico,sma200,1.2226,,EUR,2026-07-01,2026-09-04T15:50:42Z,Coinbase,2,,,engine/technical/README.md,
DOT,crypto,tecnico,sma200,1.21795,,EUR,2026-07-02,2026-09-04T15:50:42Z,Coinbase,2,,,engine/technical/README.md,
DOT,crypto,tecnico,sma200,1.2137,,EUR,2026-07-03,2026-09-04T15:50:42Z,Coinbase,2,,,engine/technical/README.md,
DOT,crypto,tecnico,sma200,1.2095,,EUR,2026-07-04,2026-09-04T15:50:42Z,Coinbase,2,,,engine/technical/README.md,
DOT,crypto,tecnico,sma200,1.2056,,EUR,2026-07-05,2026-09-04T15:50:42Z,Coinbase,2,,,engine/technical/README.md,
DOT,crypto,tecnico,sma200,1.202,,EUR,2026-07-06,2026-09-04T15:50:42Z,Coinbase,2,,,engine/technical/README.md,
DOT,crypto,tecnico,sma200,1.19785,,EUR,2026-07-07,2026-09-04T15:50:42Z,Coinbase,2,,,engine/technical/README.md,
DOT,crypto,tecnico,sma200,1.19365,,EUR,2026-07-08,2026-09-04T15:50:42Z,Coinbase,2,,,engine/technical/README.md,
DOT,crypto,tecnico,sma200,1.18955,,EUR,2026-07-09,2026-09-04T15:50:42Z,Coinbase,2,,,engine/technical/README.md,
DOT,crypto,tecnico,sma200,1.18585,,EUR,2026-07-10,2026-09-04T15:50:42Z,Coinbase,2,,,engine/technical/README.md,
DOT,crypto,tecnico,sma200,1.18215,,EUR,2026-07-11,2026-09-04T15:50:42Z,Coinbase,2,,,engine/technical/README.md,
DOT,crypto,tecnico,sma200,1.17845,,EUR,2026-07-12,2026-09-04T15:50:42Z,Coinbase,2,,,engine/technical/README.md,
DOT,crypto,tecnico,sma200,1.17495,,EUR,2026-07-13,2026-09-04T15:50:42Z,Coinbase,2,,,engine/technical/README.md,
DOT,crypto,tecnico,sma200,1.1713,,EUR,2026-07-14,2026-09-04T15:50:42Z,Coinbase,2,,,engine/technical/README.md,
DOT,crypto,tecnico,sma200,1.16685,,EUR,2026-07-15,2026-09-04T15:50:42Z,Coinbase,2,,,engine/technical/README.md,
DOT,crypto,tecnico,sma200,1.16275,,EUR,2026-07-16,2026-09-04T15:50:42Z,Coinbase,2,,,engine/technical/README.md,
DOT,crypto,tecnico,sma200,1.15875,,EUR,2026-07-17,2026-09-04T15:50:42Z,Coinbase,2,,,engine/technical/README.md,
DOT,crypto,tecnico,sma200,1.1547,,EUR,2026-07-18,2026-09-04T15:50:42Z,Coinbase,2,,,engine/technical/README.md,
DOT,crypto,tecnico,sma200,1.1507,,EUR,2026-07-19,2026-09-04T15:50:42Z,Coinbase,2,,,engine/technical/README.md,
DOT,crypto,tecnico,sma200,1.14585,,EUR,2026-07-20,2026-09-04T15:50:42Z,Coinbase,2,,,engine/technical/README.md,
DOT,crypto,tecnico,sma200,1.1403,,EUR,2026-07-21,2026-09-04T15:50:42Z,Coinbase,2,,,engine/technical/README.md,
DOT,crypto,tecnico,sma200,1.13485,,EUR,2026-07-22,2026-09-04T15:50:42Z,Coinbase,2,,,engine/technical/README.md,
DOT,crypto,tecnico,sma200,1.1293,,EUR,2026-07-23,2026-09-04T15:50:42Z,Coinbase,2,,,engine/technical/README.md,
DOT,crypto,tecnico,sma200,1.1234,,EUR,2026-07-24,2026-09-04T15:50:42Z,Coinbase,2,,,engine/technical/README.md,
DOT,crypto,tecnico,sma200,1.1175,,EUR,2026-07-25,2026-09-04T15:50:42Z,Coinbase,2,,,engine/technical/README.md,
DOT,crypto,tecnico,sma200,1.11195,,EUR,2026-07-26,2026-09-04T15:50:42Z,Coinbase,2,,,engine/technical/README.md,
DOT,crypto,tecnico,sma200,1.1062,,EUR,2026-07-27,2026-09-04T15:50:42Z,Coinbase,2,,,engine/technical/README.md,
DOT,crypto,tecnico,sma200,1.1006,,EUR,2026-07-28,2026-09-04T15:50:42Z,Coinbase,2,,,engine/technical/README.md,
DOT,crypto,tecnico,sma200,1.09495,,EUR,2026-07-29,2026-09-04T15:50:42Z,Coinbase,2,,,engine/technical/README.md,
DOT,crypto,tecnico,sma200,1.0894,,EUR,2026-07-30,2026-09-04T15:50:42Z,Coinbase,2,,,engine/technical/README.md,
DOT,crypto,tecnico,sma200,1.0839,,EUR,2026-07-31,2026-09-04T15:50:42Z,Coinbase,2,,,engine/technical/README.md,
DOT,crypto,tecnico,sma200,1.07755,,EUR,2026-08-01,2026-09-04T15:50:42Z,Coinbase,2,,,engine/technical/README.md,
DOT,crypto,tecnico,sma200,1.07145,,EUR,2026-08-02,2026-09-04T15:50:42Z,Coinbase,2,,,engine/technical/README.md,
DOT,crypto,tecnico,sma200,1.06595,,EUR,2026-08-03,2026-09-04T15:50:42Z,Coinbase,2,,,engine/technical/README.md,
DOT,crypto,tecnico,sma200,1.06055,,EUR,2026-08-04,2026-09-04T15:50:42Z,Coinbase,2,,,engine/technical/README.md,
DOT,crypto,tecnico,sma200,1.0548,,EUR,2026-08-05,2026-09-04T15:50:42Z,Coinbase,2,,,engine/technical/README.md,
DOT,crypto,tecnico,sma200,1.04945,,EUR,2026-08-06,2026-09-04T15:50:42Z,Coinbase,2,,,engine/technical/README.md,
DOT,crypto,tecnico,sma200,1.0443,,EUR,2026-08-07,2026-09-04T15:50:42Z,Coinbase,2,,,engine/technical/README.md,
DOT,crypto,tecnico,sma200,1.03975,,EUR,2026-08-08,2026-09-04T15:50:42Z,Coinbase,2,,,engine/technical/README.md,
DOT,crypto,tecnico,sma200,1.0348,,EUR,2026-08-09,2026-09-04T15:50:42Z,Coinbase,2,,,engine/technical/README.md,
DOT,crypto,tecnico,sma200,1.0301,,EUR,2026-08-10,2026-09-04T15:50:42Z,Coinbase,2,,,engine/technical/README.md,
DOT,crypto,tecnico,sma200,1.0254,,EUR,2026-08-11,2026-09-04T15:50:42Z,Coinbase,2,,,engine/technical/README.md,
DOT,crypto,tecnico,sma200,1.0206,,EUR,2026-08-12,2026-09-04T15:50:42Z,Coinbase,2,,,engine/technical/README.md,
DOT,crypto,tecnico,sma200,1.01625,,EUR,2026-08-13,2026-09-04T15:50:42Z,Coinbase,2,,,engine/technical/README.md,
DOT,crypto,tecnico,sma200,1.01165,,EUR,2026-08-14,2026-09-04T15:50:42Z,Coinbase,2,,,engine/technical/README.md,
DOT,crypto,tecnico,sma200,1.00715,,EUR,2026-08-15,2026-09-04T15:50:42Z,Coinbase,2,,,engine/technical/README.md,
DOT,crypto,tecnico,sma200,1.0026,,EUR,2026-08-16,2026-09-04T15:50:42Z,Coinbase,2,,,engine/technical/README.md,
DOT,crypto,tecnico,sma200,0.99865,,EUR,2026-08-17,2026-09-04T15:50:42Z,Coinbase,2,,,engine/technical/README.md,
DOT,crypto,tecnico,sma200,0.9948,,EUR,2026-08-18,2026-09-04T15:50:42Z,Coinbase,2,,,engine/technical/README.md,
DOT,crypto,tecnico,sma200,0.9916,,EUR,2026-08-19,2026-09-04T15:50:42Z,Coinbase,2,,,engine/technical/README.md,
DOT,crypto,tecnico,sma200,0.9889,,EUR,2026-08-20,2026-09-04T15:50:42Z,Coinbase,2,,,engine/technical/README.md,
DOT,crypto,tecnico,sma200,0.98635,,EUR,2026-08-21,2026-09-04T15:50:42Z,Coinbase,2,,,engine/technical/README.md,
DOT,crypto,tecnico,sma200,0.98395,,EUR,2026-08-22,2026-09-04T15:50:42Z,Coinbase,2,,,engine/technical/README.md,
DOT,crypto,tecnico,sma200,0.98175,,EUR,2026-08-23,2026-09-04T15:50:42Z,Coinbase,2,,,engine/technical/README.md,
DOT,crypto,tecnico,sma200,0.9803,,EUR,2026-08-24,2026-09-04T15:50:42Z,Coinbase,2,,,engine/technical/README.md,
DOT,crypto,tecnico,sma200,0.9782,,EUR,2026-08-25,2026-09-04T15:50:42Z,Coinbase,2,,,engine/technical/README.md,
DOT,crypto,tecnico,sma200,0.97615,,EUR,2026-08-26,2026-09-04T15:50:42Z,Coinbase,2,,,engine/technical/README.md,
DOT,crypto,tecnico,sma200,0.97425,,EUR,2026-08-27,2026-09-04T15:50:42Z,Coinbase,2,,,engine/technical/README.md,
DOT,crypto,tecnico,sma200,0.97235,,EUR,2026-08-28,2026-09-04T15:50:42Z,Coinbase,2,,,engine/technical/README.md,
DOT,crypto,tecnico,sma200,0.9706,,EUR,2026-08-29,2026-09-04T15:50:42Z,Coinbase,2,,,engine/technical/README.md,
DOT,crypto,tecnico,sma200,0.96885,,EUR,2026-08-30,2026-09-04T15:50:42Z,Coinbase,2,,,engine/technical/README.md,
DOT,crypto,tecnico,sma200,0.9671,,EUR,2026-08-31,2026-09-04T15:50:42Z,Coinbase,2,,,engine/technical/README.md,
DOT,crypto,tecnico,sma200,0.965203,,EUR,2026-09-01,2026-09-04T15:50:42Z,Coinbase,2,,,engine/technical/README.md,
DOT,crypto,tecnico,sma200,0.962953,,EUR,2026-09-02,2026-09-04T15:50:42Z,Coinbase,2,,,engine/technical/README.md,
DOT,crypto,tecnico,sma200,0.962142,,EUR,2026-09-03,2026-09-03T12:15:39Z,Kraken,2,100,,engine/technical/README.md,
DOT,crypto,tecnico,sma200,0.958245,,EUR,2026-09-04,2026-09-04T10:11:47Z,Kraken,2,100,,engine/technical/README.md,
DOT,crypto,tecnico,sma50,1.847,,EUR,2026-01-01,2026-09-04T15:50:42Z,Coinbase,2,,,engine/technical/README.md,
DOT,crypto,tecnico,sma50,1.835,,EUR,2026-01-02,2026-09-04T15:50:42Z,Coinbase,2,,,engine/technical/README.md,
DOT,crypto,tecnico,sma50,1.823,,EUR,2026-01-03,2026-09-04T15:50:42Z,Coinbase,2,,,engine/technical/README.md,
DOT,crypto,tecnico,sma50,1.8108,,EUR,2026-01-04,2026-09-04T15:50:42Z,Coinbase,2,,,engine/technical/README.md,
DOT,crypto,tecnico,sma50,1.8006,,EUR,2026-01-05,2026-09-04T15:50:42Z,Coinbase,2,,,engine/technical/README.md,
DOT,crypto,tecnico,sma50,1.7926,,EUR,2026-01-06,2026-09-04T15:50:42Z,Coinbase,2,,,engine/technical/README.md,
DOT,crypto,tecnico,sma50,1.782,,EUR,2026-01-07,2026-09-04T15:50:42Z,Coinbase,2,,,engine/technical/README.md,
DOT,crypto,tecnico,sma50,1.7718,,EUR,2026-01-08,2026-09-04T15:50:42Z,Coinbase,2,,,engine/technical/README.md,
DOT,crypto,tecnico,sma50,1.7634,,EUR,2026-01-09,2026-09-04T15:50:42Z,Coinbase,2,,,engine/technical/README.md,
DOT,crypto,tecnico,sma50,1.7586,,EUR,2026-01-10,2026-09-04T15:50:42Z,Coinbase,2,,,engine/technical/README.md,
DOT,crypto,tecnico,sma50,1.754,,EUR,2026-01-11,2026-09-04T15:50:42Z,Coinbase,2,,,engine/technical/README.md,
DOT,crypto,tecnico,sma50,1.75,,EUR,2026-01-12,2026-09-04T15:50:42Z,Coinbase,2,,,engine/technical/README.md,
DOT,crypto,tecnico,sma50,1.7484,,EUR,2026-01-13,2026-09-04T15:50:42Z,Coinbase,2,,,engine/technical/README.md,
DOT,crypto,tecnico,sma50,1.7468,,EUR,2026-01-14,2026-09-04T15:50:42Z,Coinbase,2,,,engine/technical/README.md,
DOT,crypto,tecnico,sma50,1.7428,,EUR,2026-01-15,2026-09-04T15:50:42Z,Coinbase,2,,,engine/technical/README.md,
DOT,crypto,tecnico,sma50,1.739,,EUR,2026-01-16,2026-09-04T15:50:42Z,Coinbase,2,,,engine/technical/README.md,
DOT,crypto,tecnico,sma50,1.7372,,EUR,2026-01-17,2026-09-04T15:50:42Z,Coinbase,2,,,engine/technical/README.md,
DOT,crypto,tecnico,sma50,1.7338,,EUR,2026-01-18,2026-09-04T15:50:42Z,Coinbase,2,,,engine/technical/README.md,
DOT,crypto,tecnico,sma50,1.7308,,EUR,2026-01-19,2026-09-04T15:50:42Z,Coinbase,2,,,engine/technical/README.md,
DOT,crypto,tecnico,sma50,1.728,,EUR,2026-01-20,2026-09-04T15:50:42Z,Coinbase,2,,,engine/technical/README.md,
DOT,crypto,tecnico,sma50,1.7228,,EUR,2026-01-21,2026-09-04T15:50:42Z,Coinbase,2,,,engine/technical/README.md,
DOT,crypto,tecnico,sma50,1.7152,,EUR,2026-01-22,2026-09-04T15:50:42Z,Coinbase,2,,,engine/technical/README.md,
DOT,crypto,tecnico,sma50,1.7086,,EUR,2026-01-23,2026-09-04T15:50:42Z,Coinbase,2,,,engine/technical/README.md,
DOT,crypto,tecnico,sma50,1.7048,,EUR,2026-01-24,2026-09-04T15:50:42Z,Coinbase,2,,,engine/technical/README.md,
DOT,crypto,tecnico,sma50,1.699,,EUR,2026-01-25,2026-09-04T15:50:42Z,Coinbase,2,,,engine/technical/README.md,
DOT,crypto,tecnico,sma50,1.6946,,EUR,2026-01-26,2026-09-04T15:50:42Z,Coinbase,2,,,engine/technical/README.md,
DOT,crypto,tecnico,sma50,1.6892,,EUR,2026-01-27,2026-09-04T15:50:42Z,Coinbase,2,,,engine/technical/README.md,
DOT,crypto,tecnico,sma50,1.681,,EUR,2026-01-28,2026-09-04T15:50:42Z,Coinbase,2,,,engine/technical/README.md,
DOT,crypto,tecnico,sma50,1.6724,,EUR,2026-01-29,2026-09-04T15:50:42Z,Coinbase,2,,,engine/technical/README.md,
DOT,crypto,tecnico,sma50,1.6656,,EUR,2026-01-30,2026-09-04T15:50:42Z,Coinbase,2,,,engine/technical/README.md,
DOT,crypto,tecnico,sma50,1.6576,,EUR,2026-01-31,2026-09-04T15:50:42Z,Coinbase,2,,,engine/technical/README.md,
DOT,crypto,tecnico,sma50,1.6482,,EUR,2026-02-01,2026-09-04T15:50:42Z,Coinbase,2,,,engine/technical/README.md,
DOT,crypto,tecnico,sma50,1.641,,EUR,2026-02-02,2026-09-04T15:50:42Z,Coinbase,2,,,engine/technical/README.md,
DOT,crypto,tecnico,sma50,1.634,,EUR,2026-02-03,2026-09-04T15:50:42Z,Coinbase,2,,,engine/technical/README.md,
DOT,crypto,tecnico,sma50,1.6264,,EUR,2026-02-04,2026-09-04T15:50:42Z,Coinbase,2,,,engine/technical/README.md,
DOT,crypto,tecnico,sma50,1.6166,,EUR,2026-02-05,2026-09-04T15:50:42Z,Coinbase,2,,,engine/technical/README.md,
DOT,crypto,tecnico,sma50,1.6096,,EUR,2026-02-06,2026-09-04T15:50:42Z,Coinbase,2,,,engine/technical/README.md,
DOT,crypto,tecnico,sma50,1.6012,,EUR,2026-02-07,2026-09-04T15:50:42Z,Coinbase,2,,,engine/technical/README.md,
DOT,crypto,tecnico,sma50,1.5926,,EUR,2026-02-08,2026-09-04T15:50:42Z,Coinbase,2,,,engine/technical/README.md,
DOT,crypto,tecnico,sma50,1.584,,EUR,2026-02-09,2026-09-04T15:50:42Z,Coinbase,2,,,engine/technical/README.md,
DOT,crypto,tecnico,sma50,1.5754,,EUR,2026-02-10,2026-09-04T15:50:42Z,Coinbase,2,,,engine/technical/README.md,
DOT,crypto,tecnico,sma50,1.5668,,EUR,2026-02-11,2026-09-04T15:50:42Z,Coinbase,2,,,engine/technical/README.md,
DOT,crypto,tecnico,sma50,1.5588,,EUR,2026-02-12,2026-09-04T15:50:42Z,Coinbase,2,,,engine/technical/README.md,
DOT,crypto,tecnico,sma50,1.5528,,EUR,2026-02-13,2026-09-04T15:50:42Z,Coinbase,2,,,engine/technical/README.md,
DOT,crypto,tecnico,sma50,1.5474,,EUR,2026-02-14,2026-09-04T15:50:42Z,Coinbase,2,,,engine/technical/README.md,
DOT,crypto,tecnico,sma50,1.5378,,EUR,2026-02-15,2026-09-04T15:50:42Z,Coinbase,2,,,engine/technical/README.md,
DOT,crypto,tecnico,sma50,1.5296,,EUR,2026-02-16,2026-09-04T15:50:42Z,Coinbase,2,,,engine/technical/README.md,
DOT,crypto,tecnico,sma50,1.5214,,EUR,2026-02-17,2026-09-04T15:50:42Z,Coinbase,2,,,engine/technical/README.md,
DOT,crypto,tecnico,sma50,1.5128,,EUR,2026-02-18,2026-09-04T15:50:42Z,Coinbase,2,,,engine/technical/README.md,
DOT,crypto,tecnico,sma50,1.5042,,EUR,2026-02-19,2026-09-04T15:50:42Z,Coinbase,2,,,engine/technical/README.md,
DOT,crypto,tecnico,sma50,1.493,,EUR,2026-02-20,2026-09-04T15:50:42Z,Coinbase,2,,,engine/technical/README.md,
DOT,crypto,tecnico,sma50,1.479,,EUR,2026-02-21,2026-09-04T15:50:42Z,Coinbase,2,,,engine/technical/README.md,
DOT,crypto,tecnico,sma50,1.4648,,EUR,2026-02-22,2026-09-04T15:50:42Z,Coinbase,2,,,engine/technical/README.md,
DOT,crypto,tecnico,sma50,1.4498,,EUR,2026-02-23,2026-09-04T15:50:42Z,Coinbase,2,,,engine/technical/README.md,
DOT,crypto,tecnico,sma50,1.433,,EUR,2026-02-24,2026-09-04T15:50:42Z,Coinbase,2,,,engine/technical/README.md,
DOT,crypto,tecnico,sma50,1.4232,,EUR,2026-02-25,2026-09-04T15:50:42Z,Coinbase,2,,,engine/technical/README.md,
DOT,crypto,tecnico,sma50,1.4138,,EUR,2026-02-26,2026-09-04T15:50:42Z,Coinbase,2,,,engine/technical/README.md,
DOT,crypto,tecnico,sma50,1.4044,,EUR,2026-02-27,2026-09-04T15:50:42Z,Coinbase,2,,,engine/technical/README.md,
DOT,crypto,tecnico,sma50,1.3968,,EUR,2026-02-28,2026-09-04T15:50:42Z,Coinbase,2,,,engine/technical/README.md,
DOT,crypto,tecnico,sma50,1.387,,EUR,2026-03-01,2026-09-04T15:50:42Z,Coinbase,2,,,engine/technical/README.md,
DOT,crypto,tecnico,sma50,1.377,,EUR,2026-03-02,2026-09-04T15:50:42Z,Coinbase,2,,,engine/technical/README.md,
DOT,crypto,tecnico,sma50,1.3682,,EUR,2026-03-03,2026-09-04T15:50:42Z,Coinbase,2,,,engine/technical/README.md,
DOT,crypto,tecnico,sma50,1.3556,,EUR,2026-03-04,2026-09-04T15:50:42Z,Coinbase,2,,,engine/technical/README.md,
DOT,crypto,tecnico,sma50,1.3436,,EUR,2026-03-05,2026-09-04T15:50:42Z,Coinbase,2,,,engine/technical/README.md,
DOT,crypto,tecnico,sma50,1.333,,EUR,2026-03-06,2026-09-04T15:50:42Z,Coinbase,2,,,engine/technical/README.md,
DOT,crypto,tecnico,sma50,1.3214,,EUR,2026-03-07,2026-09-04T15:50:42Z,Coinbase,2,,,engine/technical/README.md,
DOT,crypto,tecnico,sma50,1.3092,,EUR,2026-03-08,2026-09-04T15:50:42Z,Coinbase,2,,,engine/technical/README.md,
DOT,crypto,tecnico,sma50,1.2992,,EUR,2026-03-09,2026-09-04T15:50:42Z,Coinbase,2,,,engine/technical/README.md,
DOT,crypto,tecnico,sma50,1.29,,EUR,2026-03-10,2026-09-04T15:50:42Z,Coinbase,2,,,engine/technical/README.md,
DOT,crypto,tecnico,sma50,1.2842,,EUR,2026-03-11,2026-09-04T15:50:42Z,Coinbase,2,,,engine/technical/README.md,
DOT,crypto,tecnico,sma50,1.2772,,EUR,2026-03-12,2026-09-04T15:50:42Z,Coinbase,2,,,engine/technical/README.md,
DOT,crypto,tecnico,sma50,1.27,,EUR,2026-03-13,2026-09-04T15:50:42Z,Coinbase,2,,,engine/technical/README.md,
DOT,crypto,tecnico,sma50,1.2622,,EUR,2026-03-14,2026-09-04T15:50:42Z,Coinbase,2,,,engine/technical/README.md,
DOT,crypto,tecnico,sma50,1.2548,,EUR,2026-03-15,2026-09-04T15:50:42Z,Coinbase,2,,,engine/technical/README.md,
DOT,crypto,tecnico,sma50,1.2528,,EUR,2026-03-16,2026-09-04T15:50:42Z,Coinbase,2,,,engine/technical/README.md,
DOT,crypto,tecnico,sma50,1.2494,,EUR,2026-03-17,2026-09-04T15:50:42Z,Coinbase,2,,,engine/technical/README.md,
DOT,crypto,tecnico,sma50,1.2456,,EUR,2026-03-18,2026-09-04T15:50:42Z,Coinbase,2,,,engine/technical/README.md,
DOT,crypto,tecnico,sma50,1.2406,,EUR,2026-03-19,2026-09-04T15:50:42Z,Coinbase,2,,,engine/technical/README.md,
DOT,crypto,tecnico,sma50,1.2376,,EUR,2026-03-20,2026-09-04T15:50:42Z,Coinbase,2,,,engine/technical/README.md,
DOT,crypto,tecnico,sma50,1.2344,,EUR,2026-03-21,2026-09-04T15:50:42Z,Coinbase,2,,,engine/technical/README.md,
DOT,crypto,tecnico,sma50,1.2326,,EUR,2026-03-22,2026-09-04T15:50:42Z,Coinbase,2,,,engine/technical/README.md,
DOT,crypto,tecnico,sma50,1.2318,,EUR,2026-03-23,2026-09-04T15:50:42Z,Coinbase,2,,,engine/technical/README.md,
DOT,crypto,tecnico,sma50,1.2298,,EUR,2026-03-24,2026-09-04T15:50:42Z,Coinbase,2,,,engine/technical/README.md,
DOT,crypto,tecnico,sma50,1.2278,,EUR,2026-03-25,2026-09-04T15:50:42Z,Coinbase,2,,,engine/technical/README.md,
DOT,crypto,tecnico,sma50,1.2262,,EUR,2026-03-26,2026-09-04T15:50:42Z,Coinbase,2,,,engine/technical/README.md,
DOT,crypto,tecnico,sma50,1.2274,,EUR,2026-03-27,2026-09-04T15:50:42Z,Coinbase,2,,,engine/technical/README.md,
DOT,crypto,tecnico,sma50,1.2264,,EUR,2026-03-28,2026-09-04T15:50:42Z,Coinbase,2,,,engine/technical/README.md,
DOT,crypto,tecnico,sma50,1.2252,,EUR,2026-03-29,2026-09-04T15:50:42Z,Coinbase,2,,,engine/technical/README.md,
DOT,crypto,tecnico,sma50,1.224,,EUR,2026-03-30,2026-09-04T15:50:42Z,Coinbase,2,,,engine/technical/README.md,
DOT,crypto,tecnico,sma50,1.2236,,EUR,2026-03-31,2026-09-04T15:50:42Z,Coinbase,2,,,engine/technical/README.md,
DOT,crypto,tecnico,sma50,1.2238,,EUR,2026-04-01,2026-09-04T15:50:42Z,Coinbase,2,,,engine/technical/README.md,
DOT,crypto,tecnico,sma50,1.224,,EUR,2026-04-02,2026-09-04T15:50:42Z,Coinbase,2,,,engine/technical/README.md,
DOT,crypto,tecnico,sma50,1.224,,EUR,2026-04-03,2026-09-04T15:50:42Z,Coinbase,2,,,engine/technical/README.md,
DOT,crypto,tecnico,sma50,1.223,,EUR,2026-04-04,2026-09-04T15:50:42Z,Coinbase,2,,,engine/technical/README.md,
DOT,crypto,tecnico,sma50,1.2208,,EUR,2026-04-05,2026-09-04T15:50:42Z,Coinbase,2,,,engine/technical/README.md,
DOT,crypto,tecnico,sma50,1.2194,,EUR,2026-04-06,2026-09-04T15:50:42Z,Coinbase,2,,,engine/technical/README.md,
DOT,crypto,tecnico,sma50,1.2186,,EUR,2026-04-07,2026-09-04T15:50:42Z,Coinbase,2,,,engine/technical/README.md,
DOT,crypto,tecnico,sma50,1.2174,,EUR,2026-04-08,2026-09-04T15:50:42Z,Coinbase,2,,,engine/technical/README.md,
DOT,crypto,tecnico,sma50,1.2174,,EUR,2026-04-09,2026-09-04T15:50:42Z,Coinbase,2,,,engine/technical/README.md,
DOT,crypto,tecnico,sma50,1.2178,,EUR,2026-04-10,2026-09-04T15:50:42Z,Coinbase,2,,,engine/technical/README.md,
DOT,crypto,tecnico,sma50,1.2168,,EUR,2026-04-11,2026-09-04T15:50:42Z,Coinbase,2,,,engine/technical/README.md,
DOT,crypto,tecnico,sma50,1.2148,,EUR,2026-04-12,2026-09-04T15:50:42Z,Coinbase,2,,,engine/technical/README.md,
DOT,crypto,tecnico,sma50,1.2134,,EUR,2026-04-13,2026-09-04T15:50:42Z,Coinbase,2,,,engine/technical/README.md,
DOT,crypto,tecnico,sma50,1.2116,,EUR,2026-04-14,2026-09-04T15:50:42Z,Coinbase,2,,,engine/technical/README.md,
DOT,crypto,tecnico,sma50,1.2106,,EUR,2026-04-15,2026-09-04T15:50:42Z,Coinbase,2,,,engine/technical/README.md,
DOT,crypto,tecnico,sma50,1.2048,,EUR,2026-04-16,2026-09-04T15:50:42Z,Coinbase,2,,,engine/technical/README.md,
DOT,crypto,tecnico,sma50,1.2002,,EUR,2026-04-17,2026-09-04T15:50:42Z,Coinbase,2,,,engine/technical/README.md,
DOT,crypto,tecnico,sma50,1.1948,,EUR,2026-04-18,2026-09-04T15:50:42Z,Coinbase,2,,,engine/technical/README.md,
DOT,crypto,tecnico,sma50,1.1878,,EUR,2026-04-19,2026-09-04T15:50:42Z,Coinbase,2,,,engine/technical/README.md,
DOT,crypto,tecnico,sma50,1.1834,,EUR,2026-04-20,2026-09-04T15:50:42Z,Coinbase,2,,,engine/technical/README.md,
DOT,crypto,tecnico,sma50,1.1796,,EUR,2026-04-21,2026-09-04T15:50:42Z,Coinbase,2,,,engine/technical/README.md,
DOT,crypto,tecnico,sma50,1.175,,EUR,2026-04-22,2026-09-04T15:50:42Z,Coinbase,2,,,engine/technical/README.md,
DOT,crypto,tecnico,sma50,1.1698,,EUR,2026-04-23,2026-09-04T15:50:42Z,Coinbase,2,,,engine/technical/README.md,
DOT,crypto,tecnico,sma50,1.165,,EUR,2026-04-24,2026-09-04T15:50:42Z,Coinbase,2,,,engine/technical/README.md,
DOT,crypto,tecnico,sma50,1.1604,,EUR,2026-04-25,2026-09-04T15:50:42Z,Coinbase,2,,,engine/technical/README.md,
DOT,crypto,tecnico,sma50,1.157,,EUR,2026-04-26,2026-09-04T15:50:42Z,Coinbase,2,,,engine/technical/README.md,
DOT,crypto,tecnico,sma50,1.1528,,EUR,2026-04-27,2026-09-04T15:50:42Z,Coinbase,2,,,engine/technical/README.md,
DOT,crypto,tecnico,sma50,1.1482,,EUR,2026-04-28,2026-09-04T15:50:42Z,Coinbase,2,,,engine/technical/README.md,
DOT,crypto,tecnico,sma50,1.1434,,EUR,2026-04-29,2026-09-04T15:50:42Z,Coinbase,2,,,engine/technical/README.md,
DOT,crypto,tecnico,sma50,1.1374,,EUR,2026-04-30,2026-09-04T15:50:42Z,Coinbase,2,,,engine/technical/README.md,
DOT,crypto,tecnico,sma50,1.1314,,EUR,2026-05-01,2026-09-04T15:50:42Z,Coinbase,2,,,engine/technical/README.md,
DOT,crypto,tecnico,sma50,1.1266,,EUR,2026-05-02,2026-09-04T15:50:42Z,Coinbase,2,,,engine/technical/README.md,
DOT,crypto,tecnico,sma50,1.1224,,EUR,2026-05-03,2026-09-04T15:50:42Z,Coinbase,2,,,engine/technical/README.md,
DOT,crypto,tecnico,sma50,1.1182,,EUR,2026-05-04,2026-09-04T15:50:42Z,Coinbase,2,,,engine/technical/README.md,
DOT,crypto,tecnico,sma50,1.1114,,EUR,2026-05-05,2026-09-04T15:50:42Z,Coinbase,2,,,engine/technical/README.md,
DOT,crypto,tecnico,sma50,1.1056,,EUR,2026-05-06,2026-09-04T15:50:42Z,Coinbase,2,,,engine/technical/README.md,
DOT,crypto,tecnico,sma50,1.1004,,EUR,2026-05-07,2026-09-04T15:50:42Z,Coinbase,2,,,engine/technical/README.md,
DOT,crypto,tecnico,sma50,1.0974,,EUR,2026-05-08,2026-09-04T15:50:42Z,Coinbase,2,,,engine/technical/README.md,
DOT,crypto,tecnico,sma50,1.0942,,EUR,2026-05-09,2026-09-04T15:50:42Z,Coinbase,2,,,engine/technical/README.md,
DOT,crypto,tecnico,sma50,1.0924,,EUR,2026-05-10,2026-09-04T15:50:42Z,Coinbase,2,,,engine/technical/README.md,
DOT,crypto,tecnico,sma50,1.0908,,EUR,2026-05-11,2026-09-04T15:50:42Z,Coinbase,2,,,engine/technical/README.md,
DOT,crypto,tecnico,sma50,1.0892,,EUR,2026-05-12,2026-09-04T15:50:42Z,Coinbase,2,,,engine/technical/README.md,
DOT,crypto,tecnico,sma50,1.0876,,EUR,2026-05-13,2026-09-04T15:50:42Z,Coinbase,2,,,engine/technical/README.md,
DOT,crypto,tecnico,sma50,1.0876,,EUR,2026-05-14,2026-09-04T15:50:42Z,Coinbase,2,,,engine/technical/README.md,
DOT,crypto,tecnico,sma50,1.0872,,EUR,2026-05-15,2026-09-04T15:50:42Z,Coinbase,2,,,engine/technical/README.md,
DOT,crypto,tecnico,sma50,1.0866,,EUR,2026-05-16,2026-09-04T15:50:42Z,Coinbase,2,,,engine/technical/README.md,
DOT,crypto,tecnico,sma50,1.086,,EUR,2026-05-17,2026-09-04T15:50:42Z,Coinbase,2,,,engine/technical/README.md,
DOT,crypto,tecnico,sma50,1.0856,,EUR,2026-05-18,2026-09-04T15:50:42Z,Coinbase,2,,,engine/technical/README.md,
DOT,crypto,tecnico,sma50,1.0852,,EUR,2026-05-19,2026-09-04T15:50:42Z,Coinbase,2,,,engine/technical/README.md,
DOT,crypto,tecnico,sma50,1.0848,,EUR,2026-05-20,2026-09-04T15:50:42Z,Coinbase,2,,,engine/technical/README.md,
DOT,crypto,tecnico,sma50,1.0852,,EUR,2026-05-21,2026-09-04T15:50:42Z,Coinbase,2,,,engine/technical/README.md,
DOT,crypto,tecnico,sma50,1.0854,,EUR,2026-05-22,2026-09-04T15:50:42Z,Coinbase,2,,,engine/technical/README.md,
DOT,crypto,tecnico,sma50,1.086,,EUR,2026-05-23,2026-09-04T15:50:42Z,Coinbase,2,,,engine/technical/README.md,
DOT,crypto,tecnico,sma50,1.0858,,EUR,2026-05-24,2026-09-04T15:50:42Z,Coinbase,2,,,engine/technical/README.md,
DOT,crypto,tecnico,sma50,1.0856,,EUR,2026-05-25,2026-09-04T15:50:42Z,Coinbase,2,,,engine/technical/README.md,
DOT,crypto,tecnico,sma50,1.0856,,EUR,2026-05-26,2026-09-04T15:50:42Z,Coinbase,2,,,engine/technical/README.md,
DOT,crypto,tecnico,sma50,1.0844,,EUR,2026-05-27,2026-09-04T15:50:42Z,Coinbase,2,,,engine/technical/README.md,
DOT,crypto,tecnico,sma50,1.0836,,EUR,2026-05-28,2026-09-04T15:50:42Z,Coinbase,2,,,engine/technical/README.md,
DOT,crypto,tecnico,sma50,1.082,,EUR,2026-05-29,2026-09-04T15:50:42Z,Coinbase,2,,,engine/technical/README.md,
DOT,crypto,tecnico,sma50,1.0802,,EUR,2026-05-30,2026-09-04T15:50:42Z,Coinbase,2,,,engine/technical/README.md,
DOT,crypto,tecnico,sma50,1.0788,,EUR,2026-05-31,2026-09-04T15:50:42Z,Coinbase,2,,,engine/technical/README.md,
DOT,crypto,tecnico,sma50,1.0776,,EUR,2026-06-01,2026-09-04T15:50:42Z,Coinbase,2,,,engine/technical/README.md,
DOT,crypto,tecnico,sma50,1.0754,,EUR,2026-06-02,2026-09-04T15:50:42Z,Coinbase,2,,,engine/technical/README.md,
DOT,crypto,tecnico,sma50,1.0746,,EUR,2026-06-03,2026-09-04T15:50:42Z,Coinbase,2,,,engine/technical/README.md,
DOT,crypto,tecnico,sma50,1.0724,,EUR,2026-06-04,2026-09-04T15:50:42Z,Coinbase,2,,,engine/technical/README.md,
DOT,crypto,tecnico,sma50,1.0666,,EUR,2026-06-05,2026-09-04T15:50:42Z,Coinbase,2,,,engine/technical/README.md,
DOT,crypto,tecnico,sma50,1.0602,,EUR,2026-06-06,2026-09-04T15:50:42Z,Coinbase,2,,,engine/technical/README.md,
DOT,crypto,tecnico,sma50,1.0556,,EUR,2026-06-07,2026-09-04T15:50:42Z,Coinbase,2,,,engine/technical/README.md,
DOT,crypto,tecnico,sma50,1.0512,,EUR,2026-06-08,2026-09-04T15:50:42Z,Coinbase,2,,,engine/technical/README.md,
DOT,crypto,tecnico,sma50,1.046,,EUR,2026-06-09,2026-09-04T15:50:42Z,Coinbase,2,,,engine/technical/README.md,
DOT,crypto,tecnico,sma50,1.0402,,EUR,2026-06-10,2026-09-04T15:50:42Z,Coinbase,2,,,engine/technical/README.md,
DOT,crypto,tecnico,sma50,1.0348,,EUR,2026-06-11,2026-09-04T15:50:42Z,Coinbase,2,,,engine/technical/README.md,
DOT,crypto,tecnico,sma50,1.0302,,EUR,2026-06-12,2026-09-04T15:50:42Z,Coinbase,2,,,engine/technical/README.md,
DOT,crypto,tecnico,sma50,1.0258,,EUR,2026-06-13,2026-09-04T15:50:42Z,Coinbase,2,,,engine/technical/README.md,
DOT,crypto,tecnico,sma50,1.0218,,EUR,2026-06-14,2026-09-04T15:50:42Z,Coinbase,2,,,engine/technical/README.md,
DOT,crypto,tecnico,sma50,1.0178,,EUR,2026-06-15,2026-09-04T15:50:42Z,Coinbase,2,,,engine/technical/README.md,
DOT,crypto,tecnico,sma50,1.0142,,EUR,2026-06-16,2026-09-04T15:50:42Z,Coinbase,2,,,engine/technical/README.md,
DOT,crypto,tecnico,sma50,1.0106,,EUR,2026-06-17,2026-09-04T15:50:42Z,Coinbase,2,,,engine/technical/README.md,
DOT,crypto,tecnico,sma50,1.0068,,EUR,2026-06-18,2026-09-04T15:50:42Z,Coinbase,2,,,engine/technical/README.md,
DOT,crypto,tecnico,sma50,1.0028,,EUR,2026-06-19,2026-09-04T15:50:42Z,Coinbase,2,,,engine/technical/README.md,
DOT,crypto,tecnico,sma50,0.9992,,EUR,2026-06-20,2026-09-04T15:50:42Z,Coinbase,2,,,engine/technical/README.md,
DOT,crypto,tecnico,sma50,0.995,,EUR,2026-06-21,2026-09-04T15:50:42Z,Coinbase,2,,,engine/technical/README.md,
DOT,crypto,tecnico,sma50,0.9908,,EUR,2026-06-22,2026-09-04T15:50:42Z,Coinbase,2,,,engine/technical/README.md,
DOT,crypto,tecnico,sma50,0.9858,,EUR,2026-06-23,2026-09-04T15:50:42Z,Coinbase,2,,,engine/technical/README.md,
DOT,crypto,tecnico,sma50,0.9796,,EUR,2026-06-24,2026-09-04T15:50:42Z,Coinbase,2,,,engine/technical/README.md,
DOT,crypto,tecnico,sma50,0.972,,EUR,2026-06-25,2026-09-04T15:50:42Z,Coinbase,2,,,engine/technical/README.md,
DOT,crypto,tecnico,sma50,0.9646,,EUR,2026-06-26,2026-09-04T15:50:42Z,Coinbase,2,,,engine/technical/README.md,
DOT,crypto,tecnico,sma50,0.9556,,EUR,2026-06-27,2026-09-04T15:50:42Z,Coinbase,2,,,engine/technical/README.md,
DOT,crypto,tecnico,sma50,0.947,,EUR,2026-06-28,2026-09-04T15:50:42Z,Coinbase,2,,,engine/technical/README.md,
DOT,crypto,tecnico,sma50,0.938,,EUR,2026-06-29,2026-09-04T15:50:42Z,Coinbase,2,,,engine/technical/README.md,
DOT,crypto,tecnico,sma50,0.9294,,EUR,2026-06-30,2026-09-04T15:50:42Z,Coinbase,2,,,engine/technical/README.md,
DOT,crypto,tecnico,sma50,0.9212,,EUR,2026-07-01,2026-09-04T15:50:42Z,Coinbase,2,,,engine/technical/README.md,
DOT,crypto,tecnico,sma50,0.9134,,EUR,2026-07-02,2026-09-04T15:50:42Z,Coinbase,2,,,engine/technical/README.md,
DOT,crypto,tecnico,sma50,0.9054,,EUR,2026-07-03,2026-09-04T15:50:42Z,Coinbase,2,,,engine/technical/README.md,
DOT,crypto,tecnico,sma50,0.8982,,EUR,2026-07-04,2026-09-04T15:50:42Z,Coinbase,2,,,engine/technical/README.md,
DOT,crypto,tecnico,sma50,0.8918,,EUR,2026-07-05,2026-09-04T15:50:42Z,Coinbase,2,,,engine/technical/README.md,
DOT,crypto,tecnico,sma50,0.886,,EUR,2026-07-06,2026-09-04T15:50:42Z,Coinbase,2,,,engine/technical/README.md,
DOT,crypto,tecnico,sma50,0.8794,,EUR,2026-07-07,2026-09-04T15:50:42Z,Coinbase,2,,,engine/technical/README.md,
DOT,crypto,tecnico,sma50,0.8728,,EUR,2026-07-08,2026-09-04T15:50:42Z,Coinbase,2,,,engine/technical/README.md,
DOT,crypto,tecnico,sma50,0.8658,,EUR,2026-07-09,2026-09-04T15:50:42Z,Coinbase,2,,,engine/technical/README.md,
DOT,crypto,tecnico,sma50,0.859,,EUR,2026-07-10,2026-09-04T15:50:42Z,Coinbase,2,,,engine/technical/README.md,
DOT,crypto,tecnico,sma50,0.8524,,EUR,2026-07-11,2026-09-04T15:50:42Z,Coinbase,2,,,engine/technical/README.md,
DOT,crypto,tecnico,sma50,0.845,,EUR,2026-07-12,2026-09-04T15:50:42Z,Coinbase,2,,,engine/technical/README.md,
DOT,crypto,tecnico,sma50,0.8382,,EUR,2026-07-13,2026-09-04T15:50:42Z,Coinbase,2,,,engine/technical/README.md,
DOT,crypto,tecnico,sma50,0.8314,,EUR,2026-07-14,2026-09-04T15:50:42Z,Coinbase,2,,,engine/technical/README.md,
DOT,crypto,tecnico,sma50,0.8246,,EUR,2026-07-15,2026-09-04T15:50:42Z,Coinbase,2,,,engine/technical/README.md,
DOT,crypto,tecnico,sma50,0.8184,,EUR,2026-07-16,2026-09-04T15:50:42Z,Coinbase,2,,,engine/technical/README.md,
DOT,crypto,tecnico,sma50,0.8126,,EUR,2026-07-17,2026-09-04T15:50:42Z,Coinbase,2,,,engine/technical/README.md,
DOT,crypto,tecnico,sma50,0.8066,,EUR,2026-07-18,2026-09-04T15:50:42Z,Coinbase,2,,,engine/technical/README.md,
DOT,crypto,tecnico,sma50,0.8006,,EUR,2026-07-19,2026-09-04T15:50:42Z,Coinbase,2,,,engine/technical/README.md,
DOT,crypto,tecnico,sma50,0.7948,,EUR,2026-07-20,2026-09-04T15:50:42Z,Coinbase,2,,,engine/technical/README.md,
DOT,crypto,tecnico,sma50,0.7898,,EUR,2026-07-21,2026-09-04T15:50:42Z,Coinbase,2,,,engine/technical/README.md,
DOT,crypto,tecnico,sma50,0.7858,,EUR,2026-07-22,2026-09-04T15:50:42Z,Coinbase,2,,,engine/technical/README.md,
DOT,crypto,tecnico,sma50,0.7812,,EUR,2026-07-23,2026-09-04T15:50:42Z,Coinbase,2,,,engine/technical/README.md,
DOT,crypto,tecnico,sma50,0.7776,,EUR,2026-07-24,2026-09-04T15:50:42Z,Coinbase,2,,,engine/technical/README.md,
DOT,crypto,tecnico,sma50,0.7754,,EUR,2026-07-25,2026-09-04T15:50:42Z,Coinbase,2,,,engine/technical/README.md,
DOT,crypto,tecnico,sma50,0.7736,,EUR,2026-07-26,2026-09-04T15:50:42Z,Coinbase,2,,,engine/technical/README.md,
DOT,crypto,tecnico,sma50,0.77,,EUR,2026-07-27,2026-09-04T15:50:42Z,Coinbase,2,,,engine/technical/README.md,
DOT,crypto,tecnico,sma50,0.7666,,EUR,2026-07-28,2026-09-04T15:50:42Z,Coinbase,2,,,engine/technical/README.md,
DOT,crypto,tecnico,sma50,0.7634,,EUR,2026-07-29,2026-09-04T15:50:42Z,Coinbase,2,,,engine/technical/README.md,
DOT,crypto,tecnico,sma50,0.7608,,EUR,2026-07-30,2026-09-04T15:50:42Z,Coinbase,2,,,engine/technical/README.md,
DOT,crypto,tecnico,sma50,0.7576,,EUR,2026-07-31,2026-09-04T15:50:42Z,Coinbase,2,,,engine/technical/README.md,
DOT,crypto,tecnico,sma50,0.7546,,EUR,2026-08-01,2026-09-04T15:50:42Z,Coinbase,2,,,engine/technical/README.md,
DOT,crypto,tecnico,sma50,0.7514,,EUR,2026-08-02,2026-09-04T15:50:42Z,Coinbase,2,,,engine/technical/README.md,
DOT,crypto,tecnico,sma50,0.7486,,EUR,2026-08-03,2026-09-04T15:50:42Z,Coinbase,2,,,engine/technical/README.md,
DOT,crypto,tecnico,sma50,0.746,,EUR,2026-08-04,2026-09-04T15:50:42Z,Coinbase,2,,,engine/technical/README.md,
DOT,crypto,tecnico,sma50,0.743,,EUR,2026-08-05,2026-09-04T15:50:42Z,Coinbase,2,,,engine/technical/README.md,
DOT,crypto,tecnico,sma50,0.7398,,EUR,2026-08-06,2026-09-04T15:50:42Z,Coinbase,2,,,engine/technical/README.md,
DOT,crypto,tecnico,sma50,0.737,,EUR,2026-08-07,2026-09-04T15:50:42Z,Coinbase,2,,,engine/technical/README.md,
DOT,crypto,tecnico,sma50,0.7346,,EUR,2026-08-08,2026-09-04T15:50:42Z,Coinbase,2,,,engine/technical/README.md,
DOT,crypto,tecnico,sma50,0.7314,,EUR,2026-08-09,2026-09-04T15:50:42Z,Coinbase,2,,,engine/technical/README.md,
DOT,crypto,tecnico,sma50,0.7288,,EUR,2026-08-10,2026-09-04T15:50:42Z,Coinbase,2,,,engine/technical/README.md,
DOT,crypto,tecnico,sma50,0.7262,,EUR,2026-08-11,2026-09-04T15:50:42Z,Coinbase,2,,,engine/technical/README.md,
DOT,crypto,tecnico,sma50,0.7236,,EUR,2026-08-12,2026-09-04T15:50:42Z,Coinbase,2,,,engine/technical/README.md,
DOT,crypto,tecnico,sma50,0.7212,,EUR,2026-08-13,2026-09-04T15:50:42Z,Coinbase,2,,,engine/technical/README.md,
DOT,crypto,tecnico,sma50,0.7196,,EUR,2026-08-14,2026-09-04T15:50:42Z,Coinbase,2,,,engine/technical/README.md,
DOT,crypto,tecnico,sma50,0.718,,EUR,2026-08-15,2026-09-04T15:50:42Z,Coinbase,2,,,engine/technical/README.md,
DOT,crypto,tecnico,sma50,0.7168,,EUR,2026-08-16,2026-09-04T15:50:42Z,Coinbase,2,,,engine/technical/README.md,
DOT,crypto,tecnico,sma50,0.7158,,EUR,2026-08-17,2026-09-04T15:50:42Z,Coinbase,2,,,engine/technical/README.md,
DOT,crypto,tecnico,sma50,0.7144,,EUR,2026-08-18,2026-09-04T15:50:42Z,Coinbase,2,,,engine/technical/README.md,
DOT,crypto,tecnico,sma50,0.7136,,EUR,2026-08-19,2026-09-04T15:50:42Z,Coinbase,2,,,engine/technical/README.md,
DOT,crypto,tecnico,sma50,0.7134,,EUR,2026-08-20,2026-09-04T15:50:42Z,Coinbase,2,,,engine/technical/README.md,
DOT,crypto,tecnico,sma50,0.7146,,EUR,2026-08-21,2026-09-04T15:50:42Z,Coinbase,2,,,engine/technical/README.md,
DOT,crypto,tecnico,sma50,0.715,,EUR,2026-08-22,2026-09-04T15:50:42Z,Coinbase,2,,,engine/technical/README.md,
DOT,crypto,tecnico,sma50,0.7154,,EUR,2026-08-23,2026-09-04T15:50:42Z,Coinbase,2,,,engine/technical/README.md,
DOT,crypto,tecnico,sma50,0.7154,,EUR,2026-08-24,2026-09-04T15:50:42Z,Coinbase,2,,,engine/technical/README.md,
DOT,crypto,tecnico,sma50,0.7144,,EUR,2026-08-25,2026-09-04T15:50:42Z,Coinbase,2,,,engine/technical/README.md,
DOT,crypto,tecnico,sma50,0.7144,,EUR,2026-08-26,2026-09-04T15:50:42Z,Coinbase,2,,,engine/technical/README.md,
DOT,crypto,tecnico,sma50,0.715,,EUR,2026-08-27,2026-09-04T15:50:42Z,Coinbase,2,,,engine/technical/README.md,
DOT,crypto,tecnico,sma50,0.7152,,EUR,2026-08-28,2026-09-04T15:50:42Z,Coinbase,2,,,engine/technical/README.md,
DOT,crypto,tecnico,sma50,0.7144,,EUR,2026-08-29,2026-09-04T15:50:42Z,Coinbase,2,,,engine/technical/README.md,
DOT,crypto,tecnico,sma50,0.7136,,EUR,2026-08-30,2026-09-04T15:50:42Z,Coinbase,2,,,engine/technical/README.md,
DOT,crypto,tecnico,sma50,0.7134,,EUR,2026-08-31,2026-09-04T15:50:42Z,Coinbase,2,,,engine/technical/README.md,
DOT,crypto,tecnico,sma50,0.713812,,EUR,2026-09-01,2026-09-04T15:50:42Z,Coinbase,2,,,engine/technical/README.md,
DOT,crypto,tecnico,sma50,0.714014,,EUR,2026-09-02,2026-09-04T15:50:42Z,Coinbase,2,,,engine/technical/README.md,
DOT,crypto,tecnico,sma50,0.712256,,EUR,2026-09-03,2026-09-03T12:15:39Z,Kraken,2,100,,engine/technical/README.md,
DOT,crypto,tecnico,sma50,0.71313,,EUR,2026-09-04,2026-09-04T10:11:47Z,Kraken,2,100,,engine/technical/README.md,
DOT,crypto,tecnico,volatilidad_hist_30d_anualizada_pct,83.9,,%,2026-01-01,2026-09-04T15:50:42Z,Coinbase,2,,,engine/technical/README.md,
DOT,crypto,tecnico,volatilidad_hist_30d_anualizada_pct,88.2,,%,2026-01-02,2026-09-04T15:50:42Z,Coinbase,2,,,engine/technical/README.md,
DOT,crypto,tecnico,volatilidad_hist_30d_anualizada_pct,87.8,,%,2026-01-03,2026-09-04T15:50:42Z,Coinbase,2,,,engine/technical/README.md,
DOT,crypto,tecnico,volatilidad_hist_30d_anualizada_pct,83.9,,%,2026-01-04,2026-09-04T15:50:42Z,Coinbase,2,,,engine/technical/README.md,
DOT,crypto,tecnico,volatilidad_hist_30d_anualizada_pct,84.6,,%,2026-01-05,2026-09-04T15:50:42Z,Coinbase,2,,,engine/technical/README.md,
DOT,crypto,tecnico,volatilidad_hist_30d_anualizada_pct,84.4,,%,2026-01-06,2026-09-04T15:50:42Z,Coinbase,2,,,engine/technical/README.md,
DOT,crypto,tecnico,volatilidad_hist_30d_anualizada_pct,85.0,,%,2026-01-07,2026-09-04T15:50:42Z,Coinbase,2,,,engine/technical/README.md,
DOT,crypto,tecnico,volatilidad_hist_30d_anualizada_pct,80.8,,%,2026-01-08,2026-09-04T15:50:42Z,Coinbase,2,,,engine/technical/README.md,
DOT,crypto,tecnico,volatilidad_hist_30d_anualizada_pct,79.4,,%,2026-01-09,2026-09-04T15:50:42Z,Coinbase,2,,,engine/technical/README.md,
DOT,crypto,tecnico,volatilidad_hist_30d_anualizada_pct,76.0,,%,2026-01-10,2026-09-04T15:50:42Z,Coinbase,2,,,engine/technical/README.md,
DOT,crypto,tecnico,volatilidad_hist_30d_anualizada_pct,75.6,,%,2026-01-11,2026-09-04T15:50:42Z,Coinbase,2,,,engine/technical/README.md,
DOT,crypto,tecnico,volatilidad_hist_30d_anualizada_pct,75.7,,%,2026-01-12,2026-09-04T15:50:42Z,Coinbase,2,,,engine/technical/README.md,
DOT,crypto,tecnico,volatilidad_hist_30d_anualizada_pct,82.5,,%,2026-01-13,2026-09-04T15:50:42Z,Coinbase,2,,,engine/technical/README.md,
DOT,crypto,tecnico,volatilidad_hist_30d_anualizada_pct,82.0,,%,2026-01-14,2026-09-04T15:50:42Z,Coinbase,2,,,engine/technical/README.md,
DOT,crypto,tecnico,volatilidad_hist_30d_anualizada_pct,84.1,,%,2026-01-15,2026-09-04T15:50:42Z,Coinbase,2,,,engine/technical/README.md,
DOT,crypto,tecnico,volatilidad_hist_30d_anualizada_pct,82.7,,%,2026-01-16,2026-09-04T15:50:42Z,Coinbase,2,,,engine/technical/README.md,
DOT,crypto,tecnico,volatilidad_hist_30d_anualizada_pct,81.8,,%,2026-01-17,2026-09-04T15:50:42Z,Coinbase,2,,,engine/technical/README.md,
DOT,crypto,tecnico,volatilidad_hist_30d_anualizada_pct,83.0,,%,2026-01-18,2026-09-04T15:50:42Z,Coinbase,2,,,engine/technical/README.md,
DOT,crypto,tecnico,volatilidad_hist_30d_anualizada_pct,83.4,,%,2026-01-19,2026-09-04T15:50:42Z,Coinbase,2,,,engine/technical/README.md,
DOT,crypto,tecnico,volatilidad_hist_30d_anualizada_pct,87.1,,%,2026-01-20,2026-09-04T15:50:42Z,Coinbase,2,,,engine/technical/README.md,
DOT,crypto,tecnico,volatilidad_hist_30d_anualizada_pct,87.6,,%,2026-01-21,2026-09-04T15:50:42Z,Coinbase,2,,,engine/technical/README.md,
DOT,crypto,tecnico,volatilidad_hist_30d_anualizada_pct,87.9,,%,2026-01-22,2026-09-04T15:50:42Z,Coinbase,2,,,engine/technical/README.md,
DOT,crypto,tecnico,volatilidad_hist_30d_anualizada_pct,87.9,,%,2026-01-23,2026-09-04T15:50:42Z,Coinbase,2,,,engine/technical/README.md,
DOT,crypto,tecnico,volatilidad_hist_30d_anualizada_pct,86.9,,%,2026-01-24,2026-09-04T15:50:42Z,Coinbase,2,,,engine/technical/README.md,
DOT,crypto,tecnico,volatilidad_hist_30d_anualizada_pct,89.0,,%,2026-01-25,2026-09-04T15:50:42Z,Coinbase,2,,,engine/technical/README.md,
DOT,crypto,tecnico,volatilidad_hist_30d_anualizada_pct,81.6,,%,2026-01-26,2026-09-04T15:50:42Z,Coinbase,2,,,engine/technical/README.md,
DOT,crypto,tecnico,volatilidad_hist_30d_anualizada_pct,80.7,,%,2026-01-27,2026-09-04T15:50:42Z,Coinbase,2,,,engine/technical/README.md,
DOT,crypto,tecnico,volatilidad_hist_30d_anualizada_pct,80.6,,%,2026-01-28,2026-09-04T15:50:42Z,Coinbase,2,,,engine/technical/README.md,
DOT,crypto,tecnico,volatilidad_hist_30d_anualizada_pct,84.5,,%,2026-01-29,2026-09-04T15:50:42Z,Coinbase,2,,,engine/technical/README.md,
DOT,crypto,tecnico,volatilidad_hist_30d_anualizada_pct,84.7,,%,2026-01-30,2026-09-04T15:50:42Z,Coinbase,2,,,engine/technical/README.md,
DOT,crypto,tecnico,volatilidad_hist_30d_anualizada_pct,77.6,,%,2026-01-31,2026-09-04T15:50:42Z,Coinbase,2,,,engine/technical/README.md,
DOT,crypto,tecnico,volatilidad_hist_30d_anualizada_pct,71.0,,%,2026-02-01,2026-09-04T15:50:42Z,Coinbase,2,,,engine/technical/README.md,
DOT,crypto,tecnico,volatilidad_hist_30d_anualizada_pct,73.2,,%,2026-02-02,2026-09-04T15:50:42Z,Coinbase,2,,,engine/technical/README.md,
DOT,crypto,tecnico,volatilidad_hist_30d_anualizada_pct,73.3,,%,2026-02-03,2026-09-04T15:50:42Z,Coinbase,2,,,engine/technical/README.md,
DOT,crypto,tecnico,volatilidad_hist_30d_anualizada_pct,71.8,,%,2026-02-04,2026-09-04T15:50:42Z,Coinbase,2,,,engine/technical/README.md,
DOT,crypto,tecnico,volatilidad_hist_30d_anualizada_pct,85.4,,%,2026-02-05,2026-09-04T15:50:42Z,Coinbase,2,,,engine/technical/README.md,
DOT,crypto,tecnico,volatilidad_hist_30d_anualizada_pct,92.2,,%,2026-02-06,2026-09-04T15:50:42Z,Coinbase,2,,,engine/technical/README.md,
DOT,crypto,tecnico,volatilidad_hist_30d_anualizada_pct,92.5,,%,2026-02-07,2026-09-04T15:50:42Z,Coinbase,2,,,engine/technical/README.md,
DOT,crypto,tecnico,volatilidad_hist_30d_anualizada_pct,92.5,,%,2026-02-08,2026-09-04T15:50:42Z,Coinbase,2,,,engine/technical/README.md,
DOT,crypto,tecnico,volatilidad_hist_30d_anualizada_pct,92.3,,%,2026-02-09,2026-09-04T15:50:42Z,Coinbase,2,,,engine/technical/README.md,
DOT,crypto,tecnico,volatilidad_hist_30d_anualizada_pct,92.4,,%,2026-02-10,2026-09-04T15:50:42Z,Coinbase,2,,,engine/technical/README.md,
DOT,crypto,tecnico,volatilidad_hist_30d_anualizada_pct,92.4,,%,2026-02-11,2026-09-04T15:50:42Z,Coinbase,2,,,engine/technical/README.md,
DOT,crypto,tecnico,volatilidad_hist_30d_anualizada_pct,82.9,,%,2026-02-12,2026-09-04T15:50:42Z,Coinbase,2,,,engine/technical/README.md,
DOT,crypto,tecnico,volatilidad_hist_30d_anualizada_pct,85.9,,%,2026-02-13,2026-09-04T15:50:42Z,Coinbase,2,,,engine/technical/README.md,
DOT,crypto,tecnico,volatilidad_hist_30d_anualizada_pct,89.3,,%,2026-02-14,2026-09-04T15:50:42Z,Coinbase,2,,,engine/technical/README.md,
DOT,crypto,tecnico,volatilidad_hist_30d_anualizada_pct,89.5,,%,2026-02-15,2026-09-04T15:50:42Z,Coinbase,2,,,engine/technical/README.md,
DOT,crypto,tecnico,volatilidad_hist_30d_anualizada_pct,88.7,,%,2026-02-16,2026-09-04T15:50:42Z,Coinbase,2,,,engine/technical/README.md,
DOT,crypto,tecnico,volatilidad_hist_30d_anualizada_pct,87.6,,%,2026-02-17,2026-09-04T15:50:42Z,Coinbase,2,,,engine/technical/README.md,
DOT,crypto,tecnico,volatilidad_hist_30d_anualizada_pct,87.6,,%,2026-02-18,2026-09-04T15:50:42Z,Coinbase,2,,,engine/technical/README.md,
DOT,crypto,tecnico,volatilidad_hist_30d_anualizada_pct,85.2,,%,2026-02-19,2026-09-04T15:50:42Z,Coinbase,2,,,engine/technical/README.md,
DOT,crypto,tecnico,volatilidad_hist_30d_anualizada_pct,85.9,,%,2026-02-20,2026-09-04T15:50:42Z,Coinbase,2,,,engine/technical/README.md,
DOT,crypto,tecnico,volatilidad_hist_30d_anualizada_pct,86.1,,%,2026-02-21,2026-09-04T15:50:42Z,Coinbase,2,,,engine/technical/README.md,
DOT,crypto,tecnico,volatilidad_hist_30d_anualizada_pct,86.5,,%,2026-02-22,2026-09-04T15:50:42Z,Coinbase,2,,,engine/technical/README.md,
DOT,crypto,tecnico,volatilidad_hist_30d_anualizada_pct,86.5,,%,2026-02-23,2026-09-04T15:50:42Z,Coinbase,2,,,engine/technical/README.md,
DOT,crypto,tecnico,volatilidad_hist_30d_anualizada_pct,85.3,,%,2026-02-24,2026-09-04T15:50:42Z,Coinbase,2,,,engine/technical/README.md,
DOT,crypto,tecnico,volatilidad_hist_30d_anualizada_pct,136.7,,%,2026-02-25,2026-09-04T15:50:42Z,Coinbase,2,,,engine/technical/README.md,
DOT,crypto,tecnico,volatilidad_hist_30d_anualizada_pct,137.0,,%,2026-02-26,2026-09-04T15:50:42Z,Coinbase,2,,,engine/technical/README.md,
DOT,crypto,tecnico,volatilidad_hist_30d_anualizada_pct,137.0,,%,2026-02-27,2026-09-04T15:50:42Z,Coinbase,2,,,engine/technical/README.md,
DOT,crypto,tecnico,volatilidad_hist_30d_anualizada_pct,135.7,,%,2026-02-28,2026-09-04T15:50:42Z,Coinbase,2,,,engine/technical/README.md,
DOT,crypto,tecnico,volatilidad_hist_30d_anualizada_pct,137.9,,%,2026-03-01,2026-09-04T15:50:42Z,Coinbase,2,,,engine/technical/README.md,
DOT,crypto,tecnico,volatilidad_hist_30d_anualizada_pct,135.8,,%,2026-03-02,2026-09-04T15:50:42Z,Coinbase,2,,,engine/technical/README.md,
DOT,crypto,tecnico,volatilidad_hist_30d_anualizada_pct,135.2,,%,2026-03-03,2026-09-04T15:50:42Z,Coinbase,2,,,engine/technical/README.md,
DOT,crypto,tecnico,volatilidad_hist_30d_anualizada_pct,134.5,,%,2026-03-04,2026-09-04T15:50:42Z,Coinbase,2,,,engine/technical/README.md,
DOT,crypto,tecnico,volatilidad_hist_30d_anualizada_pct,134.1,,%,2026-03-05,2026-09-04T15:50:42Z,Coinbase,2,,,engine/technical/README.md,
DOT,crypto,tecnico,volatilidad_hist_30d_anualizada_pct,133.7,,%,2026-03-06,2026-09-04T15:50:42Z,Coinbase,2,,,engine/technical/README.md,
DOT,crypto,tecnico,volatilidad_hist_30d_anualizada_pct,122.9,,%,2026-03-07,2026-09-04T15:50:42Z,Coinbase,2,,,engine/technical/README.md,
DOT,crypto,tecnico,volatilidad_hist_30d_anualizada_pct,119.9,,%,2026-03-08,2026-09-04T15:50:42Z,Coinbase,2,,,engine/technical/README.md,
DOT,crypto,tecnico,volatilidad_hist_30d_anualizada_pct,119.9,,%,2026-03-09,2026-09-04T15:50:42Z,Coinbase,2,,,engine/technical/README.md,
DOT,crypto,tecnico,volatilidad_hist_30d_anualizada_pct,119.7,,%,2026-03-10,2026-09-04T15:50:42Z,Coinbase,2,,,engine/technical/README.md,
DOT,crypto,tecnico,volatilidad_hist_30d_anualizada_pct,119.8,,%,2026-03-11,2026-09-04T15:50:42Z,Coinbase,2,,,engine/technical/README.md,
DOT,crypto,tecnico,volatilidad_hist_30d_anualizada_pct,119.2,,%,2026-03-12,2026-09-04T15:50:42Z,Coinbase,2,,,engine/technical/README.md,
DOT,crypto,tecnico,volatilidad_hist_30d_anualizada_pct,119.9,,%,2026-03-13,2026-09-04T15:50:42Z,Coinbase,2,,,engine/technical/README.md,
DOT,crypto,tecnico,volatilidad_hist_30d_anualizada_pct,120.5,,%,2026-03-14,2026-09-04T15:50:42Z,Coinbase,2,,,engine/technical/README.md,
DOT,crypto,tecnico,volatilidad_hist_30d_anualizada_pct,119.7,,%,2026-03-15,2026-09-04T15:50:42Z,Coinbase,2,,,engine/technical/README.md,
DOT,crypto,tecnico,volatilidad_hist_30d_anualizada_pct,126.6,,%,2026-03-16,2026-09-04T15:50:42Z,Coinbase,2,,,engine/technical/README.md,
DOT,crypto,tecnico,volatilidad_hist_30d_anualizada_pct,125.8,,%,2026-03-17,2026-09-04T15:50:42Z,Coinbase,2,,,engine/technical/README.md,
DOT,crypto,tecnico,volatilidad_hist_30d_anualizada_pct,126.4,,%,2026-03-18,2026-09-04T15:50:42Z,Coinbase,2,,,engine/technical/README.md,
DOT,crypto,tecnico,volatilidad_hist_30d_anualizada_pct,127.4,,%,2026-03-19,2026-09-04T15:50:42Z,Coinbase,2,,,engine/technical/README.md,
DOT,crypto,tecnico,volatilidad_hist_30d_anualizada_pct,127.0,,%,2026-03-20,2026-09-04T15:50:42Z,Coinbase,2,,,engine/technical/README.md,
DOT,crypto,tecnico,volatilidad_hist_30d_anualizada_pct,127.4,,%,2026-03-21,2026-09-04T15:50:42Z,Coinbase,2,,,engine/technical/README.md,
DOT,crypto,tecnico,volatilidad_hist_30d_anualizada_pct,126.9,,%,2026-03-22,2026-09-04T15:50:42Z,Coinbase,2,,,engine/technical/README.md,
DOT,crypto,tecnico,volatilidad_hist_30d_anualizada_pct,126.9,,%,2026-03-23,2026-09-04T15:50:42Z,Coinbase,2,,,engine/technical/README.md,
DOT,crypto,tecnico,volatilidad_hist_30d_anualizada_pct,126.3,,%,2026-03-24,2026-09-04T15:50:42Z,Coinbase,2,,,engine/technical/README.md,
DOT,crypto,tecnico,volatilidad_hist_30d_anualizada_pct,126.5,,%,2026-03-25,2026-09-04T15:50:42Z,Coinbase,2,,,engine/technical/README.md,
DOT,crypto,tecnico,volatilidad_hist_30d_anualizada_pct,126.2,,%,2026-03-26,2026-09-04T15:50:42Z,Coinbase,2,,,engine/technical/README.md,
DOT,crypto,tecnico,volatilidad_hist_30d_anualizada_pct,69.9,,%,2026-03-27,2026-09-04T15:50:42Z,Coinbase,2,,,engine/technical/README.md,
DOT,crypto,tecnico,volatilidad_hist_30d_anualizada_pct,69.6,,%,2026-03-28,2026-09-04T15:50:42Z,Coinbase,2,,,engine/technical/README.md,
DOT,crypto,tecnico,volatilidad_hist_30d_anualizada_pct,69.6,,%,2026-03-29,2026-09-04T15:50:42Z,Coinbase,2,,,engine/technical/README.md,
DOT,crypto,tecnico,volatilidad_hist_30d_anualizada_pct,67.3,,%,2026-03-30,2026-09-04T15:50:42Z,Coinbase,2,,,engine/technical/README.md,
DOT,crypto,tecnico,volatilidad_hist_30d_anualizada_pct,63.4,,%,2026-03-31,2026-09-04T15:50:42Z,Coinbase,2,,,engine/technical/README.md,
DOT,crypto,tecnico,volatilidad_hist_30d_anualizada_pct,63.1,,%,2026-04-01,2026-09-04T15:50:42Z,Coinbase,2,,,engine/technical/README.md,
DOT,crypto,tecnico,volatilidad_hist_30d_anualizada_pct,61.9,,%,2026-04-02,2026-09-04T15:50:42Z,Coinbase,2,,,engine/technical/README.md,
DOT,crypto,tecnico,volatilidad_hist_30d_anualizada_pct,62.1,,%,2026-04-03,2026-09-04T15:50:42Z,Coinbase,2,,,engine/technical/README.md,
DOT,crypto,tecnico,volatilidad_hist_30d_anualizada_pct,62.1,,%,2026-04-04,2026-09-04T15:50:42Z,Coinbase,2,,,engine/technical/README.md,
DOT,crypto,tecnico,volatilidad_hist_30d_anualizada_pct,62.3,,%,2026-04-05,2026-09-04T15:50:42Z,Coinbase,2,,,engine/technical/README.md,
DOT,crypto,tecnico,volatilidad_hist_30d_anualizada_pct,61.6,,%,2026-04-06,2026-09-04T15:50:42Z,Coinbase,2,,,engine/technical/README.md,
DOT,crypto,tecnico,volatilidad_hist_30d_anualizada_pct,62.9,,%,2026-04-07,2026-09-04T15:50:42Z,Coinbase,2,,,engine/technical/README.md,
DOT,crypto,tecnico,volatilidad_hist_30d_anualizada_pct,63.7,,%,2026-04-08,2026-09-04T15:50:42Z,Coinbase,2,,,engine/technical/README.md,
DOT,crypto,tecnico,volatilidad_hist_30d_anualizada_pct,64.7,,%,2026-04-09,2026-09-04T15:50:42Z,Coinbase,2,,,engine/technical/README.md,
DOT,crypto,tecnico,volatilidad_hist_30d_anualizada_pct,62.8,,%,2026-04-10,2026-09-04T15:50:42Z,Coinbase,2,,,engine/technical/README.md,
DOT,crypto,tecnico,volatilidad_hist_30d_anualizada_pct,62.9,,%,2026-04-11,2026-09-04T15:50:42Z,Coinbase,2,,,engine/technical/README.md,
DOT,crypto,tecnico,volatilidad_hist_30d_anualizada_pct,62.9,,%,2026-04-12,2026-09-04T15:50:42Z,Coinbase,2,,,engine/technical/README.md,
DOT,crypto,tecnico,volatilidad_hist_30d_anualizada_pct,62.2,,%,2026-04-13,2026-09-04T15:50:42Z,Coinbase,2,,,engine/technical/README.md,
DOT,crypto,tecnico,volatilidad_hist_30d_anualizada_pct,63.5,,%,2026-04-14,2026-09-04T15:50:42Z,Coinbase,2,,,engine/technical/README.md,
DOT,crypto,tecnico,volatilidad_hist_30d_anualizada_pct,38.6,,%,2026-04-15,2026-09-04T15:50:42Z,Coinbase,2,,,engine/technical/README.md,
DOT,crypto,tecnico,volatilidad_hist_30d_anualizada_pct,58.2,,%,2026-04-16,2026-09-04T15:50:42Z,Coinbase,2,,,engine/technical/README.md,
DOT,crypto,tecnico,volatilidad_hist_30d_anualizada_pct,58.3,,%,2026-04-17,2026-09-04T15:50:42Z,Coinbase,2,,,engine/technical/README.md,
DOT,crypto,tecnico,volatilidad_hist_30d_anualizada_pct,59.2,,%,2026-04-18,2026-09-04T15:50:42Z,Coinbase,2,,,engine/technical/README.md,
DOT,crypto,tecnico,volatilidad_hist_30d_anualizada_pct,59.3,,%,2026-04-19,2026-09-04T15:50:42Z,Coinbase,2,,,engine/technical/README.md,
DOT,crypto,tecnico,volatilidad_hist_30d_anualizada_pct,59.8,,%,2026-04-20,2026-09-04T15:50:42Z,Coinbase,2,,,engine/technical/README.md,
DOT,crypto,tecnico,volatilidad_hist_30d_anualizada_pct,59.4,,%,2026-04-21,2026-09-04T15:50:42Z,Coinbase,2,,,engine/technical/README.md,
DOT,crypto,tecnico,volatilidad_hist_30d_anualizada_pct,59.4,,%,2026-04-22,2026-09-04T15:50:42Z,Coinbase,2,,,engine/technical/README.md,
DOT,crypto,tecnico,volatilidad_hist_30d_anualizada_pct,60.0,,%,2026-04-23,2026-09-04T15:50:42Z,Coinbase,2,,,engine/technical/README.md,
DOT,crypto,tecnico,volatilidad_hist_30d_anualizada_pct,59.3,,%,2026-04-24,2026-09-04T15:50:42Z,Coinbase,2,,,engine/technical/README.md,
DOT,crypto,tecnico,volatilidad_hist_30d_anualizada_pct,59.1,,%,2026-04-25,2026-09-04T15:50:42Z,Coinbase,2,,,engine/technical/README.md,
DOT,crypto,tecnico,volatilidad_hist_30d_anualizada_pct,58.9,,%,2026-04-26,2026-09-04T15:50:42Z,Coinbase,2,,,engine/technical/README.md,
DOT,crypto,tecnico,volatilidad_hist_30d_anualizada_pct,58.9,,%,2026-04-27,2026-09-04T15:50:42Z,Coinbase,2,,,engine/technical/README.md,
DOT,crypto,tecnico,volatilidad_hist_30d_anualizada_pct,59.0,,%,2026-04-28,2026-09-04T15:50:42Z,Coinbase,2,,,engine/technical/README.md,
DOT,crypto,tecnico,volatilidad_hist_30d_anualizada_pct,58.8,,%,2026-04-29,2026-09-04T15:50:42Z,Coinbase,2,,,engine/technical/README.md,
DOT,crypto,tecnico,volatilidad_hist_30d_anualizada_pct,58.7,,%,2026-04-30,2026-09-04T15:50:42Z,Coinbase,2,,,engine/technical/README.md,
DOT,crypto,tecnico,volatilidad_hist_30d_anualizada_pct,58.7,,%,2026-05-01,2026-09-04T15:50:42Z,Coinbase,2,,,engine/technical/README.md,
DOT,crypto,tecnico,volatilidad_hist_30d_anualizada_pct,58.5,,%,2026-05-02,2026-09-04T15:50:42Z,Coinbase,2,,,engine/technical/README.md,
DOT,crypto,tecnico,volatilidad_hist_30d_anualizada_pct,58.5,,%,2026-05-03,2026-09-04T15:50:42Z,Coinbase,2,,,engine/technical/README.md,
DOT,crypto,tecnico,volatilidad_hist_30d_anualizada_pct,58.9,,%,2026-05-04,2026-09-04T15:50:42Z,Coinbase,2,,,engine/technical/README.md,
DOT,crypto,tecnico,volatilidad_hist_30d_anualizada_pct,61.1,,%,2026-05-05,2026-09-04T15:50:42Z,Coinbase,2,,,engine/technical/README.md,
DOT,crypto,tecnico,volatilidad_hist_30d_anualizada_pct,61.3,,%,2026-05-06,2026-09-04T15:50:42Z,Coinbase,2,,,engine/technical/README.md,
DOT,crypto,tecnico,volatilidad_hist_30d_anualizada_pct,60.1,,%,2026-05-07,2026-09-04T15:50:42Z,Coinbase,2,,,engine/technical/README.md,
DOT,crypto,tecnico,volatilidad_hist_30d_anualizada_pct,60.6,,%,2026-05-08,2026-09-04T15:50:42Z,Coinbase,2,,,engine/technical/README.md,
DOT,crypto,tecnico,volatilidad_hist_30d_anualizada_pct,60.2,,%,2026-05-09,2026-09-04T15:50:42Z,Coinbase,2,,,engine/technical/README.md,
DOT,crypto,tecnico,volatilidad_hist_30d_anualizada_pct,60.9,,%,2026-05-10,2026-09-04T15:50:42Z,Coinbase,2,,,engine/technical/README.md,
DOT,crypto,tecnico,volatilidad_hist_30d_anualizada_pct,60.8,,%,2026-05-11,2026-09-04T15:50:42Z,Coinbase,2,,,engine/technical/README.md,
DOT,crypto,tecnico,volatilidad_hist_30d_anualizada_pct,59.3,,%,2026-05-12,2026-09-04T15:50:42Z,Coinbase,2,,,engine/technical/README.md,
DOT,crypto,tecnico,volatilidad_hist_30d_anualizada_pct,59.3,,%,2026-05-13,2026-09-04T15:50:42Z,Coinbase,2,,,engine/technical/README.md,
DOT,crypto,tecnico,volatilidad_hist_30d_anualizada_pct,57.2,,%,2026-05-14,2026-09-04T15:50:42Z,Coinbase,2,,,engine/technical/README.md,
DOT,crypto,tecnico,volatilidad_hist_30d_anualizada_pct,58.9,,%,2026-05-15,2026-09-04T15:50:42Z,Coinbase,2,,,engine/technical/README.md,
DOT,crypto,tecnico,volatilidad_hist_30d_anualizada_pct,45.5,,%,2026-05-16,2026-09-04T15:50:42Z,Coinbase,2,,,engine/technical/README.md,
DOT,crypto,tecnico,volatilidad_hist_30d_anualizada_pct,45.4,,%,2026-05-17,2026-09-04T15:50:42Z,Coinbase,2,,,engine/technical/README.md,
DOT,crypto,tecnico,volatilidad_hist_30d_anualizada_pct,41.5,,%,2026-05-18,2026-09-04T15:50:42Z,Coinbase,2,,,engine/technical/README.md,
DOT,crypto,tecnico,volatilidad_hist_30d_anualizada_pct,41.5,,%,2026-05-19,2026-09-04T15:50:42Z,Coinbase,2,,,engine/technical/README.md,
DOT,crypto,tecnico,volatilidad_hist_30d_anualizada_pct,40.4,,%,2026-05-20,2026-09-04T15:50:42Z,Coinbase,2,,,engine/technical/README.md,
DOT,crypto,tecnico,volatilidad_hist_30d_anualizada_pct,42.5,,%,2026-05-21,2026-09-04T15:50:42Z,Coinbase,2,,,engine/technical/README.md,
DOT,crypto,tecnico,volatilidad_hist_30d_anualizada_pct,43.6,,%,2026-05-22,2026-09-04T15:50:42Z,Coinbase,2,,,engine/technical/README.md,
DOT,crypto,tecnico,volatilidad_hist_30d_anualizada_pct,43.5,,%,2026-05-23,2026-09-04T15:50:42Z,Coinbase,2,,,engine/technical/README.md,
DOT,crypto,tecnico,volatilidad_hist_30d_anualizada_pct,45.3,,%,2026-05-24,2026-09-04T15:50:42Z,Coinbase,2,,,engine/technical/README.md,
DOT,crypto,tecnico,volatilidad_hist_30d_anualizada_pct,45.3,,%,2026-05-25,2026-09-04T15:50:42Z,Coinbase,2,,,engine/technical/README.md,
DOT,crypto,tecnico,volatilidad_hist_30d_anualizada_pct,44.9,,%,2026-05-26,2026-09-04T15:50:42Z,Coinbase,2,,,engine/technical/README.md,
DOT,crypto,tecnico,volatilidad_hist_30d_anualizada_pct,44.9,,%,2026-05-27,2026-09-04T15:50:42Z,Coinbase,2,,,engine/technical/README.md,
DOT,crypto,tecnico,volatilidad_hist_30d_anualizada_pct,45.2,,%,2026-05-28,2026-09-04T15:50:42Z,Coinbase,2,,,engine/technical/README.md,
DOT,crypto,tecnico,volatilidad_hist_30d_anualizada_pct,45.2,,%,2026-05-29,2026-09-04T15:50:42Z,Coinbase,2,,,engine/technical/README.md,
DOT,crypto,tecnico,volatilidad_hist_30d_anualizada_pct,45.2,,%,2026-05-30,2026-09-04T15:50:42Z,Coinbase,2,,,engine/technical/README.md,
DOT,crypto,tecnico,volatilidad_hist_30d_anualizada_pct,45.2,,%,2026-05-31,2026-09-04T15:50:42Z,Coinbase,2,,,engine/technical/README.md,
DOT,crypto,tecnico,volatilidad_hist_30d_anualizada_pct,46.2,,%,2026-06-01,2026-09-04T15:50:42Z,Coinbase,2,,,engine/technical/README.md,
DOT,crypto,tecnico,volatilidad_hist_30d_anualizada_pct,50.8,,%,2026-06-02,2026-09-04T15:50:42Z,Coinbase,2,,,engine/technical/README.md,
DOT,crypto,tecnico,volatilidad_hist_30d_anualizada_pct,51.0,,%,2026-06-03,2026-09-04T15:50:42Z,Coinbase,2,,,engine/technical/README.md,
DOT,crypto,tecnico,volatilidad_hist_30d_anualizada_pct,52.1,,%,2026-06-04,2026-09-04T15:50:42Z,Coinbase,2,,,engine/technical/README.md,
DOT,crypto,tecnico,volatilidad_hist_30d_anualizada_pct,55.7,,%,2026-06-05,2026-09-04T15:50:42Z,Coinbase,2,,,engine/technical/README.md,
DOT,crypto,tecnico,volatilidad_hist_30d_anualizada_pct,55.7,,%,2026-06-06,2026-09-04T15:50:42Z,Coinbase,2,,,engine/technical/README.md,
DOT,crypto,tecnico,volatilidad_hist_30d_anualizada_pct,54.7,,%,2026-06-07,2026-09-04T15:50:42Z,Coinbase,2,,,engine/technical/README.md,
DOT,crypto,tecnico,volatilidad_hist_30d_anualizada_pct,54.7,,%,2026-06-08,2026-09-04T15:50:42Z,Coinbase,2,,,engine/technical/README.md,
DOT,crypto,tecnico,volatilidad_hist_30d_anualizada_pct,53.1,,%,2026-06-09,2026-09-04T15:50:42Z,Coinbase,2,,,engine/technical/README.md,
DOT,crypto,tecnico,volatilidad_hist_30d_anualizada_pct,53.8,,%,2026-06-10,2026-09-04T15:50:42Z,Coinbase,2,,,engine/technical/README.md,
DOT,crypto,tecnico,volatilidad_hist_30d_anualizada_pct,55.3,,%,2026-06-11,2026-09-04T15:50:42Z,Coinbase,2,,,engine/technical/README.md,
DOT,crypto,tecnico,volatilidad_hist_30d_anualizada_pct,55.9,,%,2026-06-12,2026-09-04T15:50:42Z,Coinbase,2,,,engine/technical/README.md,
DOT,crypto,tecnico,volatilidad_hist_30d_anualizada_pct,54.9,,%,2026-06-13,2026-09-04T15:50:42Z,Coinbase,2,,,engine/technical/README.md,
DOT,crypto,tecnico,volatilidad_hist_30d_anualizada_pct,54.7,,%,2026-06-14,2026-09-04T15:50:42Z,Coinbase,2,,,engine/technical/README.md,
DOT,crypto,tecnico,volatilidad_hist_30d_anualizada_pct,54.9,,%,2026-06-15,2026-09-04T15:50:42Z,Coinbase,2,,,engine/technical/README.md,
DOT,crypto,tecnico,volatilidad_hist_30d_anualizada_pct,54.8,,%,2026-06-16,2026-09-04T15:50:42Z,Coinbase,2,,,engine/technical/README.md,
DOT,crypto,tecnico,volatilidad_hist_30d_anualizada_pct,54.5,,%,2026-06-17,2026-09-04T15:50:42Z,Coinbase,2,,,engine/technical/README.md,
DOT,crypto,tecnico,volatilidad_hist_30d_anualizada_pct,54.7,,%,2026-06-18,2026-09-04T15:50:42Z,Coinbase,2,,,engine/technical/README.md,
DOT,crypto,tecnico,volatilidad_hist_30d_anualizada_pct,54.6,,%,2026-06-19,2026-09-04T15:50:42Z,Coinbase,2,,,engine/technical/README.md,
DOT,crypto,tecnico,volatilidad_hist_30d_anualizada_pct,53.5,,%,2026-06-20,2026-09-04T15:50:42Z,Coinbase,2,,,engine/technical/README.md,
DOT,crypto,tecnico,volatilidad_hist_30d_anualizada_pct,53.3,,%,2026-06-21,2026-09-04T15:50:42Z,Coinbase,2,,,engine/technical/README.md,
DOT,crypto,tecnico,volatilidad_hist_30d_anualizada_pct,51.7,,%,2026-06-22,2026-09-04T15:50:42Z,Coinbase,2,,,engine/technical/README.md,
DOT,crypto,tecnico,volatilidad_hist_30d_anualizada_pct,51.1,,%,2026-06-23,2026-09-04T15:50:42Z,Coinbase,2,,,engine/technical/README.md,
DOT,crypto,tecnico,volatilidad_hist_30d_anualizada_pct,50.6,,%,2026-06-24,2026-09-04T15:50:42Z,Coinbase,2,,,engine/technical/README.md,
DOT,crypto,tecnico,volatilidad_hist_30d_anualizada_pct,54.0,,%,2026-06-25,2026-09-04T15:50:42Z,Coinbase,2,,,engine/technical/README.md,
DOT,crypto,tecnico,volatilidad_hist_30d_anualizada_pct,54.1,,%,2026-06-26,2026-09-04T15:50:42Z,Coinbase,2,,,engine/technical/README.md,
DOT,crypto,tecnico,volatilidad_hist_30d_anualizada_pct,55.0,,%,2026-06-27,2026-09-04T15:50:42Z,Coinbase,2,,,engine/technical/README.md,
DOT,crypto,tecnico,volatilidad_hist_30d_anualizada_pct,55.2,,%,2026-06-28,2026-09-04T15:50:42Z,Coinbase,2,,,engine/technical/README.md,
DOT,crypto,tecnico,volatilidad_hist_30d_anualizada_pct,56.0,,%,2026-06-29,2026-09-04T15:50:42Z,Coinbase,2,,,engine/technical/README.md,
DOT,crypto,tecnico,volatilidad_hist_30d_anualizada_pct,56.0,,%,2026-06-30,2026-09-04T15:50:42Z,Coinbase,2,,,engine/technical/README.md,
DOT,crypto,tecnico,volatilidad_hist_30d_anualizada_pct,56.2,,%,2026-07-01,2026-09-04T15:50:42Z,Coinbase,2,,,engine/technical/README.md,
DOT,crypto,tecnico,volatilidad_hist_30d_anualizada_pct,53.5,,%,2026-07-02,2026-09-04T15:50:42Z,Coinbase,2,,,engine/technical/README.md,
DOT,crypto,tecnico,volatilidad_hist_30d_anualizada_pct,55.1,,%,2026-07-03,2026-09-04T15:50:42Z,Coinbase,2,,,engine/technical/README.md,
DOT,crypto,tecnico,volatilidad_hist_30d_anualizada_pct,51.0,,%,2026-07-04,2026-09-04T15:50:42Z,Coinbase,2,,,engine/technical/README.md,
DOT,crypto,tecnico,volatilidad_hist_30d_anualizada_pct,45.3,,%,2026-07-05,2026-09-04T15:50:42Z,Coinbase,2,,,engine/technical/README.md,
DOT,crypto,tecnico,volatilidad_hist_30d_anualizada_pct,45.5,,%,2026-07-06,2026-09-04T15:50:42Z,Coinbase,2,,,engine/technical/README.md,
DOT,crypto,tecnico,volatilidad_hist_30d_anualizada_pct,45.2,,%,2026-07-07,2026-09-04T15:50:42Z,Coinbase,2,,,engine/technical/README.md,
DOT,crypto,tecnico,volatilidad_hist_30d_anualizada_pct,45.8,,%,2026-07-08,2026-09-04T15:50:42Z,Coinbase,2,,,engine/technical/README.md,
DOT,crypto,tecnico,volatilidad_hist_30d_anualizada_pct,45.9,,%,2026-07-09,2026-09-04T15:50:42Z,Coinbase,2,,,engine/technical/README.md,
DOT,crypto,tecnico,volatilidad_hist_30d_anualizada_pct,50.8,,%,2026-07-10,2026-09-04T15:50:42Z,Coinbase,2,,,engine/technical/README.md,
DOT,crypto,tecnico,volatilidad_hist_30d_anualizada_pct,50.6,,%,2026-07-11,2026-09-04T15:50:42Z,Coinbase,2,,,engine/technical/README.md,
DOT,crypto,tecnico,volatilidad_hist_30d_anualizada_pct,50.5,,%,2026-07-12,2026-09-04T15:50:42Z,Coinbase,2,,,engine/technical/README.md,
DOT,crypto,tecnico,volatilidad_hist_30d_anualizada_pct,49.6,,%,2026-07-13,2026-09-04T15:50:42Z,Coinbase,2,,,engine/technical/README.md,
DOT,crypto,tecnico,volatilidad_hist_30d_anualizada_pct,49.6,,%,2026-07-14,2026-09-04T15:50:42Z,Coinbase,2,,,engine/technical/README.md,
DOT,crypto,tecnico,volatilidad_hist_30d_anualizada_pct,48.6,,%,2026-07-15,2026-09-04T15:50:42Z,Coinbase,2,,,engine/technical/README.md,
DOT,crypto,tecnico,volatilidad_hist_30d_anualizada_pct,49.1,,%,2026-07-16,2026-09-04T15:50:42Z,Coinbase,2,,,engine/technical/README.md,
DOT,crypto,tecnico,volatilidad_hist_30d_anualizada_pct,49.1,,%,2026-07-17,2026-09-04T15:50:42Z,Coinbase,2,,,engine/technical/README.md,
DOT,crypto,tecnico,volatilidad_hist_30d_anualizada_pct,49.2,,%,2026-07-18,2026-09-04T15:50:42Z,Coinbase,2,,,engine/technical/README.md,
DOT,crypto,tecnico,volatilidad_hist_30d_anualizada_pct,48.9,,%,2026-07-19,2026-09-04T15:50:42Z,Coinbase,2,,,engine/technical/README.md,
DOT,crypto,tecnico,volatilidad_hist_30d_anualizada_pct,48.3,,%,2026-07-20,2026-09-04T15:50:42Z,Coinbase,2,,,engine/technical/README.md,
DOT,crypto,tecnico,volatilidad_hist_30d_anualizada_pct,48.2,,%,2026-07-21,2026-09-04T15:50:42Z,Coinbase,2,,,engine/technical/README.md,
DOT,crypto,tecnico,volatilidad_hist_30d_anualizada_pct,48.2,,%,2026-07-22,2026-09-04T15:50:42Z,Coinbase,2,,,engine/technical/README.md,
DOT,crypto,tecnico,volatilidad_hist_30d_anualizada_pct,47.8,,%,2026-07-23,2026-09-04T15:50:42Z,Coinbase,2,,,engine/technical/README.md,
DOT,crypto,tecnico,volatilidad_hist_30d_anualizada_pct,47.8,,%,2026-07-24,2026-09-04T15:50:42Z,Coinbase,2,,,engine/technical/README.md,
DOT,crypto,tecnico,volatilidad_hist_30d_anualizada_pct,42.7,,%,2026-07-25,2026-09-04T15:50:42Z,Coinbase,2,,,engine/technical/README.md,
DOT,crypto,tecnico,volatilidad_hist_30d_anualizada_pct,43.0,,%,2026-07-26,2026-09-04T15:50:42Z,Coinbase,2,,,engine/technical/README.md,
DOT,crypto,tecnico,volatilidad_hist_30d_anualizada_pct,50.4,,%,2026-07-27,2026-09-04T15:50:42Z,Coinbase,2,,,engine/technical/README.md,
DOT,crypto,tecnico,volatilidad_hist_30d_anualizada_pct,50.4,,%,2026-07-28,2026-09-04T15:50:42Z,Coinbase,2,,,engine/technical/README.md,
DOT,crypto,tecnico,volatilidad_hist_30d_anualizada_pct,50.1,,%,2026-07-29,2026-09-04T15:50:42Z,Coinbase,2,,,engine/technical/README.md,
DOT,crypto,tecnico,volatilidad_hist_30d_anualizada_pct,50.1,,%,2026-07-30,2026-09-04T15:50:42Z,Coinbase,2,,,engine/technical/README.md,
DOT,crypto,tecnico,volatilidad_hist_30d_anualizada_pct,49.9,,%,2026-07-31,2026-09-04T15:50:42Z,Coinbase,2,,,engine/technical/README.md,
DOT,crypto,tecnico,volatilidad_hist_30d_anualizada_pct,50.9,,%,2026-08-01,2026-09-04T15:50:42Z,Coinbase,2,,,engine/technical/README.md,
DOT,crypto,tecnico,volatilidad_hist_30d_anualizada_pct,49.0,,%,2026-08-02,2026-09-04T15:50:42Z,Coinbase,2,,,engine/technical/README.md,
DOT,crypto,tecnico,volatilidad_hist_30d_anualizada_pct,51.6,,%,2026-08-03,2026-09-04T15:50:42Z,Coinbase,2,,,engine/technical/README.md,
DOT,crypto,tecnico,volatilidad_hist_30d_anualizada_pct,53.7,,%,2026-08-04,2026-09-04T15:50:42Z,Coinbase,2,,,engine/technical/README.md,
DOT,crypto,tecnico,volatilidad_hist_30d_anualizada_pct,54.3,,%,2026-08-05,2026-09-04T15:50:42Z,Coinbase,2,,,engine/technical/README.md,
DOT,crypto,tecnico,volatilidad_hist_30d_anualizada_pct,53.4,,%,2026-08-06,2026-09-04T15:50:42Z,Coinbase,2,,,engine/technical/README.md,
DOT,crypto,tecnico,volatilidad_hist_30d_anualizada_pct,52.6,,%,2026-08-07,2026-09-04T15:50:42Z,Coinbase,2,,,engine/technical/README.md,
DOT,crypto,tecnico,volatilidad_hist_30d_anualizada_pct,52.4,,%,2026-08-08,2026-09-04T15:50:42Z,Coinbase,2,,,engine/technical/README.md,
DOT,crypto,tecnico,volatilidad_hist_30d_anualizada_pct,47.3,,%,2026-08-09,2026-09-04T15:50:42Z,Coinbase,2,,,engine/technical/README.md,
DOT,crypto,tecnico,volatilidad_hist_30d_anualizada_pct,47.0,,%,2026-08-10,2026-09-04T15:50:42Z,Coinbase,2,,,engine/technical/README.md,
DOT,crypto,tecnico,volatilidad_hist_30d_anualizada_pct,47.0,,%,2026-08-11,2026-09-04T15:50:42Z,Coinbase,2,,,engine/technical/README.md,
DOT,crypto,tecnico,volatilidad_hist_30d_anualizada_pct,47.8,,%,2026-08-12,2026-09-04T15:50:42Z,Coinbase,2,,,engine/technical/README.md,
DOT,crypto,tecnico,volatilidad_hist_30d_anualizada_pct,47.4,,%,2026-08-13,2026-09-04T15:50:42Z,Coinbase,2,,,engine/technical/README.md,
DOT,crypto,tecnico,volatilidad_hist_30d_anualizada_pct,47.6,,%,2026-08-14,2026-09-04T15:50:42Z,Coinbase,2,,,engine/technical/README.md,
DOT,crypto,tecnico,volatilidad_hist_30d_anualizada_pct,47.2,,%,2026-08-15,2026-09-04T15:50:42Z,Coinbase,2,,,engine/technical/README.md,
DOT,crypto,tecnico,volatilidad_hist_30d_anualizada_pct,47.3,,%,2026-08-16,2026-09-04T15:50:42Z,Coinbase,2,,,engine/technical/README.md,
DOT,crypto,tecnico,volatilidad_hist_30d_anualizada_pct,47.1,,%,2026-08-17,2026-09-04T15:50:42Z,Coinbase,2,,,engine/technical/README.md,
DOT,crypto,tecnico,volatilidad_hist_30d_anualizada_pct,47.2,,%,2026-08-18,2026-09-04T15:50:42Z,Coinbase,2,,,engine/technical/README.md,
DOT,crypto,tecnico,volatilidad_hist_30d_anualizada_pct,49.8,,%,2026-08-19,2026-09-04T15:50:42Z,Coinbase,2,,,engine/technical/README.md,
DOT,crypto,tecnico,volatilidad_hist_30d_anualizada_pct,53.7,,%,2026-08-20,2026-09-04T15:50:42Z,Coinbase,2,,,engine/technical/README.md,
DOT,crypto,tecnico,volatilidad_hist_30d_anualizada_pct,65.0,,%,2026-08-21,2026-09-04T15:50:42Z,Coinbase,2,,,engine/technical/README.md,
DOT,crypto,tecnico,volatilidad_hist_30d_anualizada_pct,65.0,,%,2026-08-22,2026-09-04T15:50:42Z,Coinbase,2,,,engine/technical/README.md,
DOT,crypto,tecnico,volatilidad_hist_30d_anualizada_pct,64.7,,%,2026-08-23,2026-09-04T15:50:42Z,Coinbase,2,,,engine/technical/README.md,
DOT,crypto,tecnico,volatilidad_hist_30d_anualizada_pct,65.4,,%,2026-08-24,2026-09-04T15:50:42Z,Coinbase,2,,,engine/technical/README.md,
DOT,crypto,tecnico,volatilidad_hist_30d_anualizada_pct,68.0,,%,2026-08-25,2026-09-04T15:50:42Z,Coinbase,2,,,engine/technical/README.md,
DOT,crypto,tecnico,volatilidad_hist_30d_anualizada_pct,61.1,,%,2026-08-26,2026-09-04T15:50:42Z,Coinbase,2,,,engine/technical/README.md,
DOT,crypto,tecnico,volatilidad_hist_30d_anualizada_pct,61.2,,%,2026-08-27,2026-09-04T15:50:42Z,Coinbase,2,,,engine/technical/README.md,
DOT,crypto,tecnico,volatilidad_hist_30d_anualizada_pct,63.1,,%,2026-08-28,2026-09-04T15:50:42Z,Coinbase,2,,,engine/technical/README.md,
DOT,crypto,tecnico,volatilidad_hist_30d_anualizada_pct,63.1,,%,2026-08-29,2026-09-04T15:50:42Z,Coinbase,2,,,engine/technical/README.md,
DOT,crypto,tecnico,volatilidad_hist_30d_anualizada_pct,63.8,,%,2026-08-30,2026-09-04T15:50:42Z,Coinbase,2,,,engine/technical/README.md,
DOT,crypto,tecnico,volatilidad_hist_30d_anualizada_pct,63.6,,%,2026-08-31,2026-09-04T15:50:42Z,Coinbase,2,,,engine/technical/README.md,
DOT,crypto,tecnico,volatilidad_hist_30d_anualizada_pct,64.1,,%,2026-09-01,2026-09-04T15:50:42Z,Coinbase,2,,,engine/technical/README.md,
DOT,crypto,tecnico,volatilidad_hist_30d_anualizada_pct,62.5,,%,2026-09-02,2026-09-04T15:50:42Z,Coinbase,2,,,engine/technical/README.md,
DOT,crypto,tecnico,volatilidad_hist_30d_anualizada_pct,62.5,,%,2026-09-03,2026-09-03T12:15:39Z,Kraken,2,100,,engine/technical/README.md,
DOT,crypto,tecnico,volatilidad_hist_30d_anualizada_pct,60.4,,%,2026-09-04,2026-09-04T10:11:47Z,Kraken,2,100,,engine/technical/README.md,
DOT,crypto,tecnico,volumen,133344.689,,unidades,2026-01-01,2026-09-04T15:50:42Z,Coinbase,2,,,engine/technical/README.md,
DOT,crypto,tecnico,volumen,105548.914,,unidades,2026-01-02,2026-09-04T15:50:42Z,Coinbase,2,,,engine/technical/README.md,
DOT,crypto,tecnico,volumen,115263.843,,unidades,2026-01-03,2026-09-04T15:50:42Z,Coinbase,2,,,engine/technical/README.md,
DOT,crypto,tecnico,volumen,42371.905,,unidades,2026-01-04,2026-09-04T15:50:42Z,Coinbase,2,,,engine/technical/README.md,
DOT,crypto,tecnico,volumen,143077.011,,unidades,2026-01-05,2026-09-04T15:50:42Z,Coinbase,2,,,engine/technical/README.md,
DOT,crypto,tecnico,volumen,107731.22,,unidades,2026-01-06,2026-09-04T15:50:42Z,Coinbase,2,,,engine/technical/README.md,
DOT,crypto,tecnico,volumen,48155.63,,unidades,2026-01-07,2026-09-04T15:50:42Z,Coinbase,2,,,engine/technical/README.md,
DOT,crypto,tecnico,volumen,41674.234,,unidades,2026-01-08,2026-09-04T15:50:42Z,Coinbase,2,,,engine/technical/README.md,
DOT,crypto,tecnico,volumen,52407.614,,unidades,2026-01-09,2026-09-04T15:50:42Z,Coinbase,2,,,engine/technical/README.md,
DOT,crypto,tecnico,volumen,20433.367,,unidades,2026-01-10,2026-09-04T15:50:42Z,Coinbase,2,,,engine/technical/README.md,
DOT,crypto,tecnico,volumen,18836.339,,unidades,2026-01-11,2026-09-04T15:50:42Z,Coinbase,2,,,engine/technical/README.md,
DOT,crypto,tecnico,volumen,44135.557,,unidades,2026-01-12,2026-09-04T15:50:42Z,Coinbase,2,,,engine/technical/README.md,
DOT,crypto,tecnico,volumen,150018.085,,unidades,2026-01-13,2026-09-04T15:50:42Z,Coinbase,2,,,engine/technical/README.md,
DOT,crypto,tecnico,volumen,80504.831,,unidades,2026-01-14,2026-09-04T15:50:42Z,Coinbase,2,,,engine/technical/README.md,
DOT,crypto,tecnico,volumen,70841.516,,unidades,2026-01-15,2026-09-04T15:50:42Z,Coinbase,2,,,engine/technical/README.md,
DOT,crypto,tecnico,volumen,59291.33,,unidades,2026-01-16,2026-09-04T15:50:42Z,Coinbase,2,,,engine/technical/README.md,
DOT,crypto,tecnico,volumen,44056.348,,unidades,2026-01-17,2026-09-04T15:50:42Z,Coinbase,2,,,engine/technical/README.md,
DOT,crypto,tecnico,volumen,26192.949,,unidades,2026-01-18,2026-09-04T15:50:42Z,Coinbase,2,,,engine/technical/README.md,
DOT,crypto,tecnico,volumen,63647.619,,unidades,2026-01-19,2026-09-04T15:50:42Z,Coinbase,2,,,engine/technical/README.md,
DOT,crypto,tecnico,volumen,70367.532,,unidades,2026-01-20,2026-09-04T15:50:42Z,Coinbase,2,,,engine/technical/README.md,
DOT,crypto,tecnico,volumen,91908.142,,unidades,2026-01-21,2026-09-04T15:50:42Z,Coinbase,2,,,engine/technical/README.md,
DOT,crypto,tecnico,volumen,57411.251,,unidades,2026-01-22,2026-09-04T15:50:42Z,Coinbase,2,,,engine/technical/README.md,
DOT,crypto,tecnico,volumen,62085.285,,unidades,2026-01-23,2026-09-04T15:50:42Z,Coinbase,2,,,engine/technical/README.md,
DOT,crypto,tecnico,volumen,25960.642,,unidades,2026-01-24,2026-09-04T15:50:42Z,Coinbase,2,,,engine/technical/README.md,
DOT,crypto,tecnico,volumen,55091.52,,unidades,2026-01-25,2026-09-04T15:50:42Z,Coinbase,2,,,engine/technical/README.md,
DOT,crypto,tecnico,volumen,60773.716,,unidades,2026-01-26,2026-09-04T15:50:42Z,Coinbase,2,,,engine/technical/README.md,
DOT,crypto,tecnico,volumen,46547.638,,unidades,2026-01-27,2026-09-04T15:50:42Z,Coinbase,2,,,engine/technical/README.md,
DOT,crypto,tecnico,volumen,85461.721,,unidades,2026-01-28,2026-09-04T15:50:42Z,Coinbase,2,,,engine/technical/README.md,
DOT,crypto,tecnico,volumen,106925.382,,unidades,2026-01-29,2026-09-04T15:50:42Z,Coinbase,2,,,engine/technical/README.md,
DOT,crypto,tecnico,volumen,120310.167,,unidades,2026-01-30,2026-09-04T15:50:42Z,Coinbase,2,,,engine/technical/README.md,
DOT,crypto,tecnico,volumen,215814.19,,unidades,2026-01-31,2026-09-04T15:50:42Z,Coinbase,2,,,engine/technical/README.md,
DOT,crypto,tecnico,volumen,94493.97,,unidades,2026-02-01,2026-09-04T15:50:42Z,Coinbase,2,,,engine/technical/README.md,
DOT,crypto,tecnico,volumen,84229.67,,unidades,2026-02-02,2026-09-04T15:50:42Z,Coinbase,2,,,engine/technical/README.md,
DOT,crypto,tecnico,volumen,173164.681,,unidades,2026-02-03,2026-09-04T15:50:42Z,Coinbase,2,,,engine/technical/README.md,
DOT,crypto,tecnico,volumen,91724.209,,unidades,2026-02-04,2026-09-04T15:50:42Z,Coinbase,2,,,engine/technical/README.md,
DOT,crypto,tecnico,volumen,271166.789,,unidades,2026-02-05,2026-09-04T15:50:42Z,Coinbase,2,,,engine/technical/README.md,
DOT,crypto,tecnico,volumen,188369.833,,unidades,2026-02-06,2026-09-04T15:50:42Z,Coinbase,2,,,engine/technical/README.md,
DOT,crypto,tecnico,volumen,70334.122,,unidades,2026-02-07,2026-09-04T15:50:42Z,Coinbase,2,,,engine/technical/README.md,
DOT,crypto,tecnico,volumen,17569.938,,unidades,2026-02-08,2026-09-04T15:50:42Z,Coinbase,2,,,engine/technical/README.md,
DOT,crypto,tecnico,volumen,38684.334,,unidades,2026-02-09,2026-09-04T15:50:42Z,Coinbase,2,,,engine/technical/README.md,
DOT,crypto,tecnico,volumen,42778.476,,unidades,2026-02-10,2026-09-04T15:50:42Z,Coinbase,2,,,engine/technical/README.md,
DOT,crypto,tecnico,volumen,39001.874,,unidades,2026-02-11,2026-09-04T15:50:42Z,Coinbase,2,,,engine/technical/README.md,
DOT,crypto,tecnico,volumen,63916.71,,unidades,2026-02-12,2026-09-04T15:50:42Z,Coinbase,2,,,engine/technical/README.md,
DOT,crypto,tecnico,volumen,33206.102,,unidades,2026-02-13,2026-09-04T15:50:42Z,Coinbase,2,,,engine/technical/README.md,
DOT,crypto,tecnico,volumen,18275.295,,unidades,2026-02-14,2026-09-04T15:50:42Z,Coinbase,2,,,engine/technical/README.md,
DOT,crypto,tecnico,volumen,33147.004,,unidades,2026-02-15,2026-09-04T15:50:42Z,Coinbase,2,,,engine/technical/README.md,
DOT,crypto,tecnico,volumen,50676.142,,unidades,2026-02-16,2026-09-04T15:50:42Z,Coinbase,2,,,engine/technical/README.md,
DOT,crypto,tecnico,volumen,48433.282,,unidades,2026-02-17,2026-09-04T15:50:42Z,Coinbase,2,,,engine/technical/README.md,
DOT,crypto,tecnico,volumen,37356.264,,unidades,2026-02-18,2026-09-04T15:50:42Z,Coinbase,2,,,engine/technical/README.md,
DOT,crypto,tecnico,volumen,70566.441,,unidades,2026-02-19,2026-09-04T15:50:42Z,Coinbase,2,,,engine/technical/README.md,
DOT,crypto,tecnico,volumen,69205.839,,unidades,2026-02-20,2026-09-04T15:50:42Z,Coinbase,2,,,engine/technical/README.md,
DOT,crypto,tecnico,volumen,52170.41,,unidades,2026-02-21,2026-09-04T15:50:42Z,Coinbase,2,,,engine/technical/README.md,
DOT,crypto,tecnico,volumen,43059.709,,unidades,2026-02-22,2026-09-04T15:50:42Z,Coinbase,2,,,engine/technical/README.md,
DOT,crypto,tecnico,volumen,100459.763,,unidades,2026-02-23,2026-09-04T15:50:42Z,Coinbase,2,,,engine/technical/README.md,
DOT,crypto,tecnico,volumen,117638.527,,unidades,2026-02-24,2026-09-04T15:50:42Z,Coinbase,2,,,engine/technical/README.md,
DOT,crypto,tecnico,volumen,696946.363,,unidades,2026-02-25,2026-09-04T15:50:42Z,Coinbase,2,,,engine/technical/README.md,
DOT,crypto,tecnico,volumen,369989.699,,unidades,2026-02-26,2026-09-04T15:50:42Z,Coinbase,2,,,engine/technical/README.md,
DOT,crypto,tecnico,volumen,153659.411,,unidades,2026-02-27,2026-09-04T15:50:42Z,Coinbase,2,,,engine/technical/README.md,
DOT,crypto,tecnico,volumen,102668.432,,unidades,2026-02-28,2026-09-04T15:50:42Z,Coinbase,2,,,engine/technical/README.md,
DOT,crypto,tecnico,volumen,43523.671,,unidades,2026-03-01,2026-09-04T15:50:42Z,Coinbase,2,,,engine/technical/README.md,
DOT,crypto,tecnico,volumen,74745.649,,unidades,2026-03-02,2026-09-04T15:50:42Z,Coinbase,2,,,engine/technical/README.md,
DOT,crypto,tecnico,volumen,35064.772,,unidades,2026-03-03,2026-09-04T15:50:42Z,Coinbase,2,,,engine/technical/README.md,
DOT,crypto,tecnico,volumen,54723.016,,unidades,2026-03-04,2026-09-04T15:50:42Z,Coinbase,2,,,engine/technical/README.md,
DOT,crypto,tecnico,volumen,58549.844,,unidades,2026-03-05,2026-09-04T15:50:42Z,Coinbase,2,,,engine/technical/README.md,
DOT,crypto,tecnico,volumen,20672.906,,unidades,2026-03-06,2026-09-04T15:50:42Z,Coinbase,2,,,engine/technical/README.md,
DOT,crypto,tecnico,volumen,15961.044,,unidades,2026-03-07,2026-09-04T15:50:42Z,Coinbase,2,,,engine/technical/README.md,
DOT,crypto,tecnico,volumen,23048.019,,unidades,2026-03-08,2026-09-04T15:50:42Z,Coinbase,2,,,engine/technical/README.md,
DOT,crypto,tecnico,volumen,38563.087,,unidades,2026-03-09,2026-09-04T15:50:42Z,Coinbase,2,,,engine/technical/README.md,
DOT,crypto,tecnico,volumen,19697.612,,unidades,2026-03-10,2026-09-04T15:50:42Z,Coinbase,2,,,engine/technical/README.md,
DOT,crypto,tecnico,volumen,14799.317,,unidades,2026-03-11,2026-09-04T15:50:42Z,Coinbase,2,,,engine/technical/README.md,
DOT,crypto,tecnico,volumen,13962.471,,unidades,2026-03-12,2026-09-04T15:50:42Z,Coinbase,2,,,engine/technical/README.md,
DOT,crypto,tecnico,volumen,102111.088,,unidades,2026-03-13,2026-09-04T15:50:42Z,Coinbase,2,,,engine/technical/README.md,
DOT,crypto,tecnico,volumen,8220.542,,unidades,2026-03-14,2026-09-04T15:50:42Z,Coinbase,2,,,engine/technical/README.md,
DOT,crypto,tecnico,volumen,40202.237,,unidades,2026-03-15,2026-09-04T15:50:42Z,Coinbase,2,,,engine/technical/README.md,
DOT,crypto,tecnico,volumen,76554.69,,unidades,2026-03-16,2026-09-04T15:50:42Z,Coinbase,2,,,engine/technical/README.md,
DOT,crypto,tecnico,volumen,34103.385,,unidades,2026-03-17,2026-09-04T15:50:42Z,Coinbase,2,,,engine/technical/README.md,
DOT,crypto,tecnico,volumen,38659.859,,unidades,2026-03-18,2026-09-04T15:50:42Z,Coinbase,2,,,engine/technical/README.md,
DOT,crypto,tecnico,volumen,47017.586,,unidades,2026-03-19,2026-09-04T15:50:42Z,Coinbase,2,,,engine/technical/README.md,
DOT,crypto,tecnico,volumen,13106.459,,unidades,2026-03-20,2026-09-04T15:50:42Z,Coinbase,2,,,engine/technical/README.md,
DOT,crypto,tecnico,volumen,41793.414,,unidades,2026-03-21,2026-09-04T15:50:42Z,Coinbase,2,,,engine/technical/README.md,
DOT,crypto,tecnico,volumen,65942.034,,unidades,2026-03-22,2026-09-04T15:50:42Z,Coinbase,2,,,engine/technical/README.md,
DOT,crypto,tecnico,volumen,56365.218,,unidades,2026-03-23,2026-09-04T15:50:42Z,Coinbase,2,,,engine/technical/README.md,
DOT,crypto,tecnico,volumen,38198.558,,unidades,2026-03-24,2026-09-04T15:50:42Z,Coinbase,2,,,engine/technical/README.md,
DOT,crypto,tecnico,volumen,72039.186,,unidades,2026-03-25,2026-09-04T15:50:42Z,Coinbase,2,,,engine/technical/README.md,
DOT,crypto,tecnico,volumen,32041.077,,unidades,2026-03-26,2026-09-04T15:50:42Z,Coinbase,2,,,engine/technical/README.md,
DOT,crypto,tecnico,volumen,22387.12,,unidades,2026-03-27,2026-09-04T15:50:42Z,Coinbase,2,,,engine/technical/README.md,
DOT,crypto,tecnico,volumen,17071.091,,unidades,2026-03-28,2026-09-04T15:50:42Z,Coinbase,2,,,engine/technical/README.md,
DOT,crypto,tecnico,volumen,22596.682,,unidades,2026-03-29,2026-09-04T15:50:42Z,Coinbase,2,,,engine/technical/README.md,
DOT,crypto,tecnico,volumen,10554.24,,unidades,2026-03-30,2026-09-04T15:50:42Z,Coinbase,2,,,engine/technical/README.md,
DOT,crypto,tecnico,volumen,15571.042,,unidades,2026-03-31,2026-09-04T15:50:42Z,Coinbase,2,,,engine/technical/README.md,
DOT,crypto,tecnico,volumen,13745.559,,unidades,2026-04-01,2026-09-04T15:50:42Z,Coinbase,2,,,engine/technical/README.md,
DOT,crypto,tecnico,volumen,28969.015,,unidades,2026-04-02,2026-09-04T15:50:42Z,Coinbase,2,,,engine/technical/README.md,
DOT,crypto,tecnico,volumen,5927.061,,unidades,2026-04-03,2026-09-04T15:50:42Z,Coinbase,2,,,engine/technical/README.md,
DOT,crypto,tecnico,volumen,8921.583,,unidades,2026-04-04,2026-09-04T15:50:42Z,Coinbase,2,,,engine/technical/README.md,
DOT,crypto,tecnico,volumen,14564.155,,unidades,2026-04-05,2026-09-04T15:50:42Z,Coinbase,2,,,engine/technical/README.md,
DOT,crypto,tecnico,volumen,21850.106,,unidades,2026-04-06,2026-09-04T15:50:42Z,Coinbase,2,,,engine/technical/README.md,
DOT,crypto,tecnico,volumen,50429.14,,unidades,2026-04-07,2026-09-04T15:50:42Z,Coinbase,2,,,engine/technical/README.md,
DOT,crypto,tecnico,volumen,27035.516,,unidades,2026-04-08,2026-09-04T15:50:42Z,Coinbase,2,,,engine/technical/README.md,
DOT,crypto,tecnico,volumen,39383.07,,unidades,2026-04-09,2026-09-04T15:50:42Z,Coinbase,2,,,engine/technical/README.md,
DOT,crypto,tecnico,volumen,20820.709,,unidades,2026-04-10,2026-09-04T15:50:42Z,Coinbase,2,,,engine/technical/README.md,
DOT,crypto,tecnico,volumen,12557.731,,unidades,2026-04-11,2026-09-04T15:50:42Z,Coinbase,2,,,engine/technical/README.md,
DOT,crypto,tecnico,volumen,24722.163,,unidades,2026-04-12,2026-09-04T15:50:42Z,Coinbase,2,,,engine/technical/README.md,
DOT,crypto,tecnico,volumen,83268.148,,unidades,2026-04-13,2026-09-04T15:50:42Z,Coinbase,2,,,engine/technical/README.md,
DOT,crypto,tecnico,volumen,36900.884,,unidades,2026-04-14,2026-09-04T15:50:42Z,Coinbase,2,,,engine/technical/README.md,
DOT,crypto,tecnico,volumen,20745.462,,unidades,2026-04-15,2026-09-04T15:50:42Z,Coinbase,2,,,engine/technical/README.md,
DOT,crypto,tecnico,volumen,55129.918,,unidades,2026-04-16,2026-09-04T15:50:42Z,Coinbase,2,,,engine/technical/README.md,
DOT,crypto,tecnico,volumen,32184.174,,unidades,2026-04-17,2026-09-04T15:50:42Z,Coinbase,2,,,engine/technical/README.md,
DOT,crypto,tecnico,volumen,14224.793,,unidades,2026-04-18,2026-09-04T15:50:42Z,Coinbase,2,,,engine/technical/README.md,
DOT,crypto,tecnico,volumen,9993.738,,unidades,2026-04-19,2026-09-04T15:50:42Z,Coinbase,2,,,engine/technical/README.md,
DOT,crypto,tecnico,volumen,7220.821,,unidades,2026-04-20,2026-09-04T15:50:42Z,Coinbase,2,,,engine/technical/README.md,
DOT,crypto,tecnico,volumen,24079.828,,unidades,2026-04-21,2026-09-04T15:50:42Z,Coinbase,2,,,engine/technical/README.md,
DOT,crypto,tecnico,volumen,21657.235,,unidades,2026-04-22,2026-09-04T15:50:42Z,Coinbase,2,,,engine/technical/README.md,
DOT,crypto,tecnico,volumen,22716.726,,unidades,2026-04-23,2026-09-04T15:50:42Z,Coinbase,2,,,engine/technical/README.md,
DOT,crypto,tecnico,volumen,20307.676,,unidades,2026-04-24,2026-09-04T15:50:42Z,Coinbase,2,,,engine/technical/README.md,
DOT,crypto,tecnico,volumen,9894.606,,unidades,2026-04-25,2026-09-04T15:50:42Z,Coinbase,2,,,engine/technical/README.md,
DOT,crypto,tecnico,volumen,15416.958,,unidades,2026-04-26,2026-09-04T15:50:42Z,Coinbase,2,,,engine/technical/README.md,
DOT,crypto,tecnico,volumen,24458.282,,unidades,2026-04-27,2026-09-04T15:50:42Z,Coinbase,2,,,engine/technical/README.md,
DOT,crypto,tecnico,volumen,11703.778,,unidades,2026-04-28,2026-09-04T15:50:42Z,Coinbase,2,,,engine/technical/README.md,
DOT,crypto,tecnico,volumen,44387.922,,unidades,2026-04-29,2026-09-04T15:50:42Z,Coinbase,2,,,engine/technical/README.md,
DOT,crypto,tecnico,volumen,23965.301,,unidades,2026-04-30,2026-09-04T15:50:42Z,Coinbase,2,,,engine/technical/README.md,
DOT,crypto,tecnico,volumen,10293.017,,unidades,2026-05-01,2026-09-04T15:50:42Z,Coinbase,2,,,engine/technical/README.md,
DOT,crypto,tecnico,volumen,9645.934,,unidades,2026-05-02,2026-09-04T15:50:42Z,Coinbase,2,,,engine/technical/README.md,
DOT,crypto,tecnico,volumen,7351.714,,unidades,2026-05-03,2026-09-04T15:50:42Z,Coinbase,2,,,engine/technical/README.md,
DOT,crypto,tecnico,volumen,14815.128,,unidades,2026-05-04,2026-09-04T15:50:42Z,Coinbase,2,,,engine/technical/README.md,
DOT,crypto,tecnico,volumen,22021.629,,unidades,2026-05-05,2026-09-04T15:50:42Z,Coinbase,2,,,engine/technical/README.md,
DOT,crypto,tecnico,volumen,11776.944,,unidades,2026-05-06,2026-09-04T15:50:42Z,Coinbase,2,,,engine/technical/README.md,
DOT,crypto,tecnico,volumen,23207.803,,unidades,2026-05-07,2026-09-04T15:50:42Z,Coinbase,2,,,engine/technical/README.md,
DOT,crypto,tecnico,volumen,33441.082,,unidades,2026-05-08,2026-09-04T15:50:42Z,Coinbase,2,,,engine/technical/README.md,
DOT,crypto,tecnico,volumen,10473.494,,unidades,2026-05-09,2026-09-04T15:50:42Z,Coinbase,2,,,engine/technical/README.md,
DOT,crypto,tecnico,volumen,82118.955,,unidades,2026-05-10,2026-09-04T15:50:42Z,Coinbase,2,,,engine/technical/README.md,
DOT,crypto,tecnico,volumen,13527.887,,unidades,2026-05-11,2026-09-04T15:50:42Z,Coinbase,2,,,engine/technical/README.md,
DOT,crypto,tecnico,volumen,16588.581,,unidades,2026-05-12,2026-09-04T15:50:42Z,Coinbase,2,,,engine/technical/README.md,
DOT,crypto,tecnico,volumen,40608.861,,unidades,2026-05-13,2026-09-04T15:50:42Z,Coinbase,2,,,engine/technical/README.md,
DOT,crypto,tecnico,volumen,29458.99,,unidades,2026-05-14,2026-09-04T15:50:42Z,Coinbase,2,,,engine/technical/README.md,
DOT,crypto,tecnico,volumen,28870.258,,unidades,2026-05-15,2026-09-04T15:50:42Z,Coinbase,2,,,engine/technical/README.md,
DOT,crypto,tecnico,volumen,13276.537,,unidades,2026-05-16,2026-09-04T15:50:42Z,Coinbase,2,,,engine/technical/README.md,
DOT,crypto,tecnico,volumen,18922.418,,unidades,2026-05-17,2026-09-04T15:50:42Z,Coinbase,2,,,engine/technical/README.md,
DOT,crypto,tecnico,volumen,44676.138,,unidades,2026-05-18,2026-09-04T15:50:42Z,Coinbase,2,,,engine/technical/README.md,
DOT,crypto,tecnico,volumen,13060.966,,unidades,2026-05-19,2026-09-04T15:50:42Z,Coinbase,2,,,engine/technical/README.md,
DOT,crypto,tecnico,volumen,17333.542,,unidades,2026-05-20,2026-09-04T15:50:42Z,Coinbase,2,,,engine/technical/README.md,
DOT,crypto,tecnico,volumen,20339.316,,unidades,2026-05-21,2026-09-04T15:50:42Z,Coinbase,2,,,engine/technical/README.md,
DOT,crypto,tecnico,volumen,13861.117,,unidades,2026-05-22,2026-09-04T15:50:42Z,Coinbase,2,,,engine/technical/README.md,
DOT,crypto,tecnico,volumen,30937.65,,unidades,2026-05-23,2026-09-04T15:50:42Z,Coinbase,2,,,engine/technical/README.md,
DOT,crypto,tecnico,volumen,10113.336,,unidades,2026-05-24,2026-09-04T15:50:42Z,Coinbase,2,,,engine/technical/README.md,
DOT,crypto,tecnico,volumen,16929.715,,unidades,2026-05-25,2026-09-04T15:50:42Z,Coinbase,2,,,engine/technical/README.md,
DOT,crypto,tecnico,volumen,21537.849,,unidades,2026-05-26,2026-09-04T15:50:42Z,Coinbase,2,,,engine/technical/README.md,
DOT,crypto,tecnico,volumen,39557.66,,unidades,2026-05-27,2026-09-04T15:50:42Z,Coinbase,2,,,engine/technical/README.md,
DOT,crypto,tecnico,volumen,86512.277,,unidades,2026-05-28,2026-09-04T15:50:42Z,Coinbase,2,,,engine/technical/README.md,
DOT,crypto,tecnico,volumen,25797.644,,unidades,2026-05-29,2026-09-04T15:50:42Z,Coinbase,2,,,engine/technical/README.md,
DOT,crypto,tecnico,volumen,15469.152,,unidades,2026-05-30,2026-09-04T15:50:42Z,Coinbase,2,,,engine/technical/README.md,
DOT,crypto,tecnico,volumen,20307.274,,unidades,2026-05-31,2026-09-04T15:50:42Z,Coinbase,2,,,engine/technical/README.md,
DOT,crypto,tecnico,volumen,35979.251,,unidades,2026-06-01,2026-09-04T15:50:42Z,Coinbase,2,,,engine/technical/README.md,
DOT,crypto,tecnico,volumen,63866.604,,unidades,2026-06-02,2026-09-04T15:50:42Z,Coinbase,2,,,engine/technical/README.md,
DOT,crypto,tecnico,volumen,59705.586,,unidades,2026-06-03,2026-09-04T15:50:42Z,Coinbase,2,,,engine/technical/README.md,
DOT,crypto,tecnico,volumen,72200.597,,unidades,2026-06-04,2026-09-04T15:50:42Z,Coinbase,2,,,engine/technical/README.md,
DOT,crypto,tecnico,volumen,139928.897,,unidades,2026-06-05,2026-09-04T15:50:42Z,Coinbase,2,,,engine/technical/README.md,
DOT,crypto,tecnico,volumen,37799.152,,unidades,2026-06-06,2026-09-04T15:50:42Z,Coinbase,2,,,engine/technical/README.md,
DOT,crypto,tecnico,volumen,28883.741,,unidades,2026-06-07,2026-09-04T15:50:42Z,Coinbase,2,,,engine/technical/README.md,
DOT,crypto,tecnico,volumen,49588.795,,unidades,2026-06-08,2026-09-04T15:50:42Z,Coinbase,2,,,engine/technical/README.md,
DOT,crypto,tecnico,volumen,40606.075,,unidades,2026-06-09,2026-09-04T15:50:42Z,Coinbase,2,,,engine/technical/README.md,
DOT,crypto,tecnico,volumen,28170.967,,unidades,2026-06-10,2026-09-04T15:50:42Z,Coinbase,2,,,engine/technical/README.md,
DOT,crypto,tecnico,volumen,45204.75,,unidades,2026-06-11,2026-09-04T15:50:42Z,Coinbase,2,,,engine/technical/README.md,
DOT,crypto,tecnico,volumen,22864.441,,unidades,2026-06-12,2026-09-04T15:50:42Z,Coinbase,2,,,engine/technical/README.md,
DOT,crypto,tecnico,volumen,16369.424,,unidades,2026-06-13,2026-09-04T15:50:42Z,Coinbase,2,,,engine/technical/README.md,
DOT,crypto,tecnico,volumen,16742.418,,unidades,2026-06-14,2026-09-04T15:50:42Z,Coinbase,2,,,engine/technical/README.md,
DOT,crypto,tecnico,volumen,37303.795,,unidades,2026-06-15,2026-09-04T15:50:42Z,Coinbase,2,,,engine/technical/README.md,
DOT,crypto,tecnico,volumen,17019.359,,unidades,2026-06-16,2026-09-04T15:50:42Z,Coinbase,2,,,engine/technical/README.md,
DOT,crypto,tecnico,volumen,42819.137,,unidades,2026-06-17,2026-09-04T15:50:42Z,Coinbase,2,,,engine/technical/README.md,
DOT,crypto,tecnico,volumen,18917.57,,unidades,2026-06-18,2026-09-04T15:50:42Z,Coinbase,2,,,engine/technical/README.md,
DOT,crypto,tecnico,volumen,14910.992,,unidades,2026-06-19,2026-09-04T15:50:42Z,Coinbase,2,,,engine/technical/README.md,
DOT,crypto,tecnico,volumen,15200.44,,unidades,2026-06-20,2026-09-04T15:50:42Z,Coinbase,2,,,engine/technical/README.md,
DOT,crypto,tecnico,volumen,8327.819,,unidades,2026-06-21,2026-09-04T15:50:42Z,Coinbase,2,,,engine/technical/README.md,
DOT,crypto,tecnico,volumen,12420.789,,unidades,2026-06-22,2026-09-04T15:50:42Z,Coinbase,2,,,engine/technical/README.md,
DOT,crypto,tecnico,volumen,39442.723,,unidades,2026-06-23,2026-09-04T15:50:42Z,Coinbase,2,,,engine/technical/README.md,
DOT,crypto,tecnico,volumen,41415.949,,unidades,2026-06-24,2026-09-04T15:50:42Z,Coinbase,2,,,engine/technical/README.md,
DOT,crypto,tecnico,volumen,41617.505,,unidades,2026-06-25,2026-09-04T15:50:42Z,Coinbase,2,,,engine/technical/README.md,
DOT,crypto,tecnico,volumen,24887.827,,unidades,2026-06-26,2026-09-04T15:50:42Z,Coinbase,2,,,engine/technical/README.md,
DOT,crypto,tecnico,volumen,16767.001,,unidades,2026-06-27,2026-09-04T15:50:42Z,Coinbase,2,,,engine/technical/README.md,
DOT,crypto,tecnico,volumen,38662.027,,unidades,2026-06-28,2026-09-04T15:50:42Z,Coinbase,2,,,engine/technical/README.md,
DOT,crypto,tecnico,volumen,31490.697,,unidades,2026-06-29,2026-09-04T15:50:42Z,Coinbase,2,,,engine/technical/README.md,
DOT,crypto,tecnico,volumen,16797.12,,unidades,2026-06-30,2026-09-04T15:50:42Z,Coinbase,2,,,engine/technical/README.md,
DOT,crypto,tecnico,volumen,22301.849,,unidades,2026-07-01,2026-09-04T15:50:42Z,Coinbase,2,,,engine/technical/README.md,
DOT,crypto,tecnico,volumen,22331.418,,unidades,2026-07-02,2026-09-04T15:50:42Z,Coinbase,2,,,engine/technical/README.md,
DOT,crypto,tecnico,volumen,25485.268,,unidades,2026-07-03,2026-09-04T15:50:42Z,Coinbase,2,,,engine/technical/README.md,
DOT,crypto,tecnico,volumen,18187.07,,unidades,2026-07-04,2026-09-04T15:50:42Z,Coinbase,2,,,engine/technical/README.md,
DOT,crypto,tecnico,volumen,11953.702,,unidades,2026-07-05,2026-09-04T15:50:42Z,Coinbase,2,,,engine/technical/README.md,
DOT,crypto,tecnico,volumen,17730.542,,unidades,2026-07-06,2026-09-04T15:50:42Z,Coinbase,2,,,engine/technical/README.md,
DOT,crypto,tecnico,volumen,24440.424,,unidades,2026-07-07,2026-09-04T15:50:42Z,Coinbase,2,,,engine/technical/README.md,
DOT,crypto,tecnico,volumen,30537.771,,unidades,2026-07-08,2026-09-04T15:50:42Z,Coinbase,2,,,engine/technical/README.md,
DOT,crypto,tecnico,volumen,21174.308,,unidades,2026-07-09,2026-09-04T15:50:42Z,Coinbase,2,,,engine/technical/README.md,
DOT,crypto,tecnico,volumen,43039.198,,unidades,2026-07-10,2026-09-04T15:50:42Z,Coinbase,2,,,engine/technical/README.md,
DOT,crypto,tecnico,volumen,30088.065,,unidades,2026-07-11,2026-09-04T15:50:42Z,Coinbase,2,,,engine/technical/README.md,
DOT,crypto,tecnico,volumen,29297.171,,unidades,2026-07-12,2026-09-04T15:50:42Z,Coinbase,2,,,engine/technical/README.md,
DOT,crypto,tecnico,volumen,22693.738,,unidades,2026-07-13,2026-09-04T15:50:42Z,Coinbase,2,,,engine/technical/README.md,
DOT,crypto,tecnico,volumen,37242.34,,unidades,2026-07-14,2026-09-04T15:50:42Z,Coinbase,2,,,engine/technical/README.md,
DOT,crypto,tecnico,volumen,19783.767,,unidades,2026-07-15,2026-09-04T15:50:42Z,Coinbase,2,,,engine/technical/README.md,
DOT,crypto,tecnico,volumen,42255.387,,unidades,2026-07-16,2026-09-04T15:50:42Z,Coinbase,2,,,engine/technical/README.md,
DOT,crypto,tecnico,volumen,27811.026,,unidades,2026-07-17,2026-09-04T15:50:42Z,Coinbase,2,,,engine/technical/README.md,
DOT,crypto,tecnico,volumen,22313.15,,unidades,2026-07-18,2026-09-04T15:50:42Z,Coinbase,2,,,engine/technical/README.md,
DOT,crypto,tecnico,volumen,34009.421,,unidades,2026-07-19,2026-09-04T15:50:42Z,Coinbase,2,,,engine/technical/README.md,
DOT,crypto,tecnico,volumen,12190.382,,unidades,2026-07-20,2026-09-04T15:50:42Z,Coinbase,2,,,engine/technical/README.md,
DOT,crypto,tecnico,volumen,35412.899,,unidades,2026-07-21,2026-09-04T15:50:42Z,Coinbase,2,,,engine/technical/README.md,
DOT,crypto,tecnico,volumen,10263.426,,unidades,2026-07-22,2026-09-04T15:50:42Z,Coinbase,2,,,engine/technical/README.md,
DOT,crypto,tecnico,volumen,22769.249,,unidades,2026-07-23,2026-09-04T15:50:42Z,Coinbase,2,,,engine/technical/README.md,
DOT,crypto,tecnico,volumen,27230.324,,unidades,2026-07-24,2026-09-04T15:50:42Z,Coinbase,2,,,engine/technical/README.md,
DOT,crypto,tecnico,volumen,28140.593,,unidades,2026-07-25,2026-09-04T15:50:42Z,Coinbase,2,,,engine/technical/README.md,
DOT,crypto,tecnico,volumen,3912.247,,unidades,2026-07-26,2026-09-04T15:50:42Z,Coinbase,2,,,engine/technical/README.md,
DOT,crypto,tecnico,volumen,21624.938,,unidades,2026-07-27,2026-09-04T15:50:42Z,Coinbase,2,,,engine/technical/README.md,
DOT,crypto,tecnico,volumen,51236.963,,unidades,2026-07-28,2026-09-04T15:50:42Z,Coinbase,2,,,engine/technical/README.md,
DOT,crypto,tecnico,volumen,39196.265,,unidades,2026-07-29,2026-09-04T15:50:42Z,Coinbase,2,,,engine/technical/README.md,
DOT,crypto,tecnico,volumen,45948.398,,unidades,2026-07-30,2026-09-04T15:50:42Z,Coinbase,2,,,engine/technical/README.md,
DOT,crypto,tecnico,volumen,40924.465,,unidades,2026-07-31,2026-09-04T15:50:42Z,Coinbase,2,,,engine/technical/README.md,
DOT,crypto,tecnico,volumen,6518.226,,unidades,2026-08-01,2026-09-04T15:50:42Z,Coinbase,2,,,engine/technical/README.md,
DOT,crypto,tecnico,volumen,42364.921,,unidades,2026-08-02,2026-09-04T15:50:42Z,Coinbase,2,,,engine/technical/README.md,
DOT,crypto,tecnico,volumen,28390.988,,unidades,2026-08-03,2026-09-04T15:50:42Z,Coinbase,2,,,engine/technical/README.md,
DOT,crypto,tecnico,volumen,32778.947,,unidades,2026-08-04,2026-09-04T15:50:42Z,Coinbase,2,,,engine/technical/README.md,
DOT,crypto,tecnico,volumen,260664.352,,unidades,2026-08-05,2026-09-04T15:50:42Z,Coinbase,2,,,engine/technical/README.md,
DOT,crypto,tecnico,volumen,9274.169,,unidades,2026-08-06,2026-09-04T15:50:42Z,Coinbase,2,,,engine/technical/README.md,
DOT,crypto,tecnico,volumen,12625.555,,unidades,2026-08-07,2026-09-04T15:50:42Z,Coinbase,2,,,engine/technical/README.md,
DOT,crypto,tecnico,volumen,6257.611,,unidades,2026-08-08,2026-09-04T15:50:42Z,Coinbase,2,,,engine/technical/README.md,
DOT,crypto,tecnico,volumen,10498.153,,unidades,2026-08-09,2026-09-04T15:50:42Z,Coinbase,2,,,engine/technical/README.md,
DOT,crypto,tecnico,volumen,28420.989,,unidades,2026-08-10,2026-09-04T15:50:42Z,Coinbase,2,,,engine/technical/README.md,
DOT,crypto,tecnico,volumen,11661.701,,unidades,2026-08-11,2026-09-04T15:50:42Z,Coinbase,2,,,engine/technical/README.md,
DOT,crypto,tecnico,volumen,15147.128,,unidades,2026-08-12,2026-09-04T15:50:42Z,Coinbase,2,,,engine/technical/README.md,
DOT,crypto,tecnico,volumen,21343.062,,unidades,2026-08-13,2026-09-04T15:50:42Z,Coinbase,2,,,engine/technical/README.md,
DOT,crypto,tecnico,volumen,19000.007,,unidades,2026-08-14,2026-09-04T15:50:42Z,Coinbase,2,,,engine/technical/README.md,
DOT,crypto,tecnico,volumen,7870.933,,unidades,2026-08-15,2026-09-04T15:50:42Z,Coinbase,2,,,engine/technical/README.md,
DOT,crypto,tecnico,volumen,3792.579,,unidades,2026-08-16,2026-09-04T15:50:42Z,Coinbase,2,,,engine/technical/README.md,
DOT,crypto,tecnico,volumen,6103.258,,unidades,2026-08-17,2026-09-04T15:50:42Z,Coinbase,2,,,engine/technical/README.md,
DOT,crypto,tecnico,volumen,36761.499,,unidades,2026-08-18,2026-09-04T15:50:42Z,Coinbase,2,,,engine/technical/README.md,
DOT,crypto,tecnico,volumen,32854.079,,unidades,2026-08-19,2026-09-04T15:50:42Z,Coinbase,2,,,engine/technical/README.md,
DOT,crypto,tecnico,volumen,34108.642,,unidades,2026-08-20,2026-09-04T15:50:42Z,Coinbase,2,,,engine/technical/README.md,
DOT,crypto,tecnico,volumen,53247.166,,unidades,2026-08-21,2026-09-04T15:50:42Z,Coinbase,2,,,engine/technical/README.md,
DOT,crypto,tecnico,volumen,55557.693,,unidades,2026-08-22,2026-09-04T15:50:42Z,Coinbase,2,,,engine/technical/README.md,
DOT,crypto,tecnico,volumen,24915.832,,unidades,2026-08-23,2026-09-04T15:50:42Z,Coinbase,2,,,engine/technical/README.md,
DOT,crypto,tecnico,volumen,31062.225,,unidades,2026-08-24,2026-09-04T15:50:42Z,Coinbase,2,,,engine/technical/README.md,
DOT,crypto,tecnico,volumen,34091.258,,unidades,2026-08-25,2026-09-04T15:50:42Z,Coinbase,2,,,engine/technical/README.md,
DOT,crypto,tecnico,volumen,32005.095,,unidades,2026-08-26,2026-09-04T15:50:42Z,Coinbase,2,,,engine/technical/README.md,
DOT,crypto,tecnico,volumen,33228.303,,unidades,2026-08-27,2026-09-04T15:50:42Z,Coinbase,2,,,engine/technical/README.md,
DOT,crypto,tecnico,volumen,24456.941,,unidades,2026-08-28,2026-09-04T15:50:42Z,Coinbase,2,,,engine/technical/README.md,
DOT,crypto,tecnico,volumen,8429.258,,unidades,2026-08-29,2026-09-04T15:50:42Z,Coinbase,2,,,engine/technical/README.md,
DOT,crypto,tecnico,volumen,19784.723,,unidades,2026-08-30,2026-09-04T15:50:42Z,Coinbase,2,,,engine/technical/README.md,
DOT,crypto,tecnico,volumen,29171.947,,unidades,2026-08-31,2026-09-04T15:50:42Z,Coinbase,2,,,engine/technical/README.md,
DOT,crypto,tecnico,volumen,39090.975,,unidades,2026-09-01,2026-09-04T15:50:42Z,Coinbase,2,,,engine/technical/README.md,
DOT,crypto,tecnico,volumen,174278.578,,unidades,2026-09-02,2026-09-04T15:50:42Z,Coinbase,2,,,engine/technical/README.md,
DOT,crypto,fundamental,fdv_mcap_ratio,1.0,,ratio,2026-09-05,2026-09-05T09:41:31Z,CoinGecko,2,,45,engine/crypto/README.md,
DOT,crypto,fundamental,fdv_mcap_ratio,1.0,,ratio,2026-09-06,2026-09-06T09:56:30Z,CoinGecko,2,,45,engine/crypto/README.md,
DOT,crypto,fundamental,fdv_mcap_ratio,1.0,,ratio,2026-09-07,2026-09-07T11:02:53Z,CoinGecko,2,,45,engine/crypto/README.md,
DOT,crypto,fundamental,fdv_mcap_ratio,1.0,,ratio,2026-09-08,2026-09-08T10:18:57Z,CoinGecko,2,,45,engine/crypto/README.md,
DOT,crypto,fundamental,fdv_mcap_ratio,1.0,,ratio,2026-09-09,2026-09-09T10:24:07Z,CoinGecko,2,,45,engine/crypto/README.md,
DOT,crypto,fundamental,fdv_mcap_ratio,1.0,,ratio,2026-09-10,2026-09-10T10:17:13Z,CoinGecko,2,,45,engine/crypto/README.md,
DOT,crypto,fundamental,fdv_mcap_ratio,1.0,,ratio,2026-09-11,2026-09-11T10:14:17Z,CoinGecko,2,,45,engine/crypto/README.md,
DOT,crypto,fundamental,fdv_mcap_ratio,1.0,,ratio,2026-09-12,2026-09-12T09:48:37Z,CoinGecko,2,,45,engine/crypto/README.md,
DOT,crypto,fundamental,market_cap_percentile_365d,4.6,,%,2026-09-05,2026-09-05T09:41:31Z,CoinGecko,2,,45,engine/crypto/README.md,
DOT,crypto,fundamental,market_cap_percentile_365d,5.9,,%,2026-09-06,2026-09-06T09:56:30Z,CoinGecko,2,,45,engine/crypto/README.md,
DOT,crypto,fundamental,market_cap_percentile_365d,7.1,,%,2026-09-07,2026-09-07T11:02:53Z,CoinGecko,2,,45,engine/crypto/README.md,
DOT,crypto,fundamental,market_cap_percentile_365d,10.2,,%,2026-09-08,2026-09-08T10:18:57Z,CoinGecko,2,,45,engine/crypto/README.md,
DOT,crypto,fundamental,market_cap_percentile_365d,13.1,,%,2026-09-09,2026-09-09T10:24:07Z,CoinGecko,2,,45,engine/crypto/README.md,
DOT,crypto,fundamental,market_cap_percentile_365d,10.6,,%,2026-09-10,2026-09-10T10:17:13Z,CoinGecko,2,,45,engine/crypto/README.md,
DOT,crypto,fundamental,market_cap_percentile_365d,10.5,,%,2026-09-11,2026-09-11T10:14:17Z,CoinGecko,2,,45,engine/crypto/README.md,
DOT,crypto,fundamental,market_cap_percentile_365d,8.9,,%,2026-09-12,2026-09-12T09:48:37Z,CoinGecko,2,,45,engine/crypto/README.md,
DOT,crypto,fundamental,supply_pct_of_max,81.0,,%,2026-09-05,2026-09-05T09:41:31Z,CoinGecko,2,,45,engine/crypto/README.md,
DOT,crypto,fundamental,supply_pct_of_max,81.0,,%,2026-09-06,2026-09-06T09:56:30Z,CoinGecko,2,,45,engine/crypto/README.md,
DOT,crypto,fundamental,supply_pct_of_max,81.0,,%,2026-09-07,2026-09-07T11:02:53Z,CoinGecko,2,,45,engine/crypto/README.md,
DOT,crypto,fundamental,supply_pct_of_max,81.0,,%,2026-09-08,2026-09-08T10:18:57Z,CoinGecko,2,,45,engine/crypto/README.md,
DOT,crypto,fundamental,supply_pct_of_max,81.0,,%,2026-09-09,2026-09-09T10:24:07Z,CoinGecko,2,,45,engine/crypto/README.md,
DOT,crypto,fundamental,supply_pct_of_max,81.1,,%,2026-09-10,2026-09-10T10:17:13Z,CoinGecko,2,,45,engine/crypto/README.md,
DOT,crypto,fundamental,supply_pct_of_max,81.1,,%,2026-09-11,2026-09-11T10:14:17Z,CoinGecko,2,,45,engine/crypto/README.md,
DOT,crypto,fundamental,supply_pct_of_max,81.1,,%,2026-09-12,2026-09-12T09:48:37Z,CoinGecko,2,,45,engine/crypto/README.md,
DOT,crypto,tecnico,atr14,0.038873,,EUR,2026-09-05,2026-09-05T09:41:31Z,Kraken,2,100,,engine/technical/README.md,
DOT,crypto,tecnico,atr14,0.039562,,EUR,2026-09-06,2026-09-06T09:56:30Z,Kraken,2,100,,engine/technical/README.md,
DOT,crypto,tecnico,atr14,0.042788,,EUR,2026-09-07,2026-09-07T11:02:53Z,Kraken,2,100,,engine/technical/README.md,
DOT,crypto,tecnico,atr14,0.047488,,EUR,2026-09-08,2026-09-08T10:18:57Z,Kraken,2,100,,engine/technical/README.md,
DOT,crypto,tecnico,atr14,0.0665,,EUR,2026-09-09,2026-09-09T10:24:07Z,Kraken,2,100,,engine/technical/README.md,
DOT,crypto,tecnico,atr14,0.070021,,EUR,2026-09-10,2026-09-10T10:17:13Z,Kraken,2,100,,engine/technical/README.md,
DOT,crypto,tecnico,atr14,0.070925,,EUR,2026-09-11,2026-09-11T10:14:17Z,Kraken,2,100,,engine/technical/README.md,
DOT,crypto,tecnico,atr14,0.07046,,EUR,2026-09-12,2026-09-12T09:48:37Z,Kraken,2,100,,engine/technical/README.md,
DOT,crypto,tecnico,atr14_pct_precio,5.0,,%,2026-09-05,2026-09-05T09:41:31Z,Kraken,2,100,,engine/technical/README.md,
DOT,crypto,tecnico,atr14_pct_precio,4.87,,%,2026-09-06,2026-09-06T09:56:30Z,Kraken,2,100,,engine/technical/README.md,
DOT,crypto,tecnico,atr14_pct_precio,5.04,,%,2026-09-07,2026-09-07T11:02:53Z,Kraken,2,100,,engine/technical/README.md,
DOT,crypto,tecnico,atr14_pct_precio,5.07,,%,2026-09-08,2026-09-08T10:18:57Z,Kraken,2,100,,engine/technical/README.md,
DOT,crypto,tecnico,atr14_pct_precio,6.54,,%,2026-09-09,2026-09-09T10:24:07Z,Kraken,2,100,,engine/technical/README.md,
DOT,crypto,tecnico,atr14_pct_precio,7.41,,%,2026-09-10,2026-09-10T10:17:13Z,Kraken,2,100,,engine/technical/README.md,
DOT,crypto,tecnico,atr14_pct_precio,7.51,,%,2026-09-11,2026-09-11T10:14:17Z,Kraken,2,100,,engine/technical/README.md,
DOT,crypto,tecnico,atr14_pct_precio,7.84,,%,2026-09-12,2026-09-12T09:48:37Z,Kraken,2,100,,engine/technical/README.md,
DOT,crypto,tecnico,confluencia_sesgo,,mixto (3/4 señales alcistas — sin confluencia clara),categorico,2026-09-05,2026-09-05T09:41:31Z,Kraken,2,100,,engine/technical/README.md,
DOT,crypto,tecnico,confluencia_sesgo,,mixto (3/4 señales alcistas — sin confluencia clara),categorico,2026-09-06,2026-09-06T09:56:30Z,Kraken,2,100,,engine/technical/README.md,
DOT,crypto,tecnico,confluencia_sesgo,,mixto (3/4 señales alcistas — sin confluencia clara),categorico,2026-09-07,2026-09-07T11:02:53Z,Kraken,2,100,,engine/technical/README.md,
DOT,crypto,tecnico,confluencia_sesgo,,mixto (3/4 señales alcistas — sin confluencia clara),categorico,2026-09-08,2026-09-08T10:18:57Z,Kraken,2,100,,engine/technical/README.md,
DOT,crypto,tecnico,confluencia_sesgo,,confluencia alcista (todas las señales coinciden),categorico,2026-09-09,2026-09-09T10:24:07Z,Kraken,2,100,,engine/technical/README.md,
DOT,crypto,tecnico,confluencia_sesgo,,mixto (3/4 señales alcistas — sin confluencia clara),categorico,2026-09-10,2026-09-10T10:17:13Z,Kraken,2,100,,engine/technical/README.md,
DOT,crypto,tecnico,confluencia_sesgo,,mixto (3/4 señales alcistas — sin confluencia clara),categorico,2026-09-11,2026-09-11T10:14:17Z,Kraken,2,100,,engine/technical/README.md,
DOT,crypto,tecnico,confluencia_sesgo,,mixto (3/4 señales alcistas — sin confluencia clara),categorico,2026-09-12,2026-09-12T09:48:37Z,Kraken,2,100,,engine/technical/README.md,
DOT,crypto,tecnico,posicion_rango_90d_pct,57.1,,%,2026-09-05,2026-09-05T09:41:31Z,Kraken,2,100,,engine/technical/README.md,
DOT,crypto,tecnico,posicion_rango_90d_pct,72.7,,%,2026-09-06,2026-09-06T09:56:30Z,Kraken,2,100,,engine/technical/README.md,
DOT,crypto,tecnico,posicion_rango_90d_pct,88.5,,%,2026-09-07,2026-09-07T11:02:53Z,Kraken,2,100,,engine/technical/README.md,
DOT,crypto,tecnico,posicion_rango_90d_pct,100.0,,%,2026-09-08,2026-09-08T10:18:57Z,Kraken,2,100,,engine/technical/README.md,
DOT,crypto,tecnico,posicion_rango_90d_pct,87.0,,%,2026-09-09,2026-09-09T10:24:07Z,Kraken,2,100,,engine/technical/README.md,
DOT,crypto,tecnico,posicion_rango_90d_pct,70.0,,%,2026-09-10,2026-09-10T10:17:13Z,Kraken,2,100,,engine/technical/README.md,
DOT,crypto,tecnico,posicion_rango_90d_pct,69.8,,%,2026-09-11,2026-09-11T10:14:17Z,Kraken,2,100,,engine/technical/README.md,
DOT,crypto,tecnico,posicion_rango_90d_pct,59.2,,%,2026-09-12,2026-09-12T09:48:37Z,Kraken,2,100,,engine/technical/README.md,
DOT,crypto,tecnico,precio,0.7777,,EUR,2026-09-05,2026-09-05T09:41:31Z,Kraken,2,100,,engine/technical/README.md,
DOT,crypto,tecnico,precio,0.813,,EUR,2026-09-06,2026-09-06T09:56:30Z,Kraken,2,100,,engine/technical/README.md,
DOT,crypto,tecnico,precio,0.8487,,EUR,2026-09-07,2026-09-07T11:02:53Z,Kraken,2,100,,engine/technical/README.md,
DOT,crypto,tecnico,precio,0.9368,,EUR,2026-09-08,2026-09-08T10:18:57Z,Kraken,2,100,,engine/technical/README.md,
DOT,crypto,tecnico,precio,1.0164,,EUR,2026-09-09,2026-09-09T10:24:07Z,Kraken,2,100,,engine/technical/README.md,
DOT,crypto,tecnico,precio,0.9447,,EUR,2026-09-10,2026-09-10T10:17:13Z,Kraken,2,100,,engine/technical/README.md,
DOT,crypto,tecnico,precio,0.9438,,EUR,2026-09-11,2026-09-11T10:14:17Z,Kraken,2,100,,engine/technical/README.md,
DOT,crypto,tecnico,precio,0.899,,EUR,2026-09-12,2026-09-12T09:48:37Z,Kraken,2,100,,engine/technical/README.md,
DOT,crypto,tecnico,rsi14,60.0,,indice,2026-09-05,2026-09-05T09:41:31Z,Kraken,2,100,,engine/technical/README.md,
DOT,crypto,tecnico,rsi14,65.7,,indice,2026-09-06,2026-09-06T09:56:30Z,Kraken,2,100,,engine/technical/README.md,
DOT,crypto,tecnico,rsi14,70.1,,indice,2026-09-07,2026-09-07T11:02:53Z,Kraken,2,100,,engine/technical/README.md,
DOT,crypto,tecnico,rsi14,77.7,,indice,2026-09-08,2026-09-08T10:18:57Z,Kraken,2,100,,engine/technical/README.md,
DOT,crypto,tecnico,rsi14,74.6,,indice,2026-09-09,2026-09-09T10:24:07Z,Kraken,2,100,,engine/technical/README.md,
DOT,crypto,tecnico,rsi14,64.8,,indice,2026-09-10,2026-09-10T10:17:13Z,Kraken,2,100,,engine/technical/README.md,
DOT,crypto,tecnico,rsi14,64.7,,indice,2026-09-11,2026-09-11T10:14:17Z,Kraken,2,100,,engine/technical/README.md,
DOT,crypto,tecnico,rsi14,59.1,,indice,2026-09-12,2026-09-12T09:48:37Z,Kraken,2,100,,engine/technical/README.md,
DOT,crypto,tecnico,sma100,0.7627,,EUR,2026-09-05,2026-09-05T09:41:31Z,Kraken,2,100,,engine/technical/README.md,
DOT,crypto,tecnico,sma100,0.760714,,EUR,2026-09-06,2026-09-06T09:56:30Z,Kraken,2,100,,engine/technical/README.md,
DOT,crypto,tecnico,sma100,0.759293,,EUR,2026-09-07,2026-09-07T11:02:53Z,Kraken,2,100,,engine/technical/README.md,
DOT,crypto,tecnico,sma100,0.759169,,EUR,2026-09-08,2026-09-08T10:18:57Z,Kraken,2,100,,engine/technical/README.md,
DOT,crypto,tecnico,sma100,0.760739,,EUR,2026-09-09,2026-09-09T10:24:07Z,Kraken,2,100,,engine/technical/README.md,
DOT,crypto,tecnico,sma100,0.760416,,EUR,2026-09-10,2026-09-10T10:17:13Z,Kraken,2,100,,engine/technical/README.md,
DOT,crypto,tecnico,sma100,0.760317,,EUR,2026-09-11,2026-09-11T10:14:17Z,Kraken,2,100,,engine/technical/README.md,
DOT,crypto,tecnico,sma100,0.759907,,EUR,2026-09-12,2026-09-12T09:48:37Z,Kraken,2,100,,engine/technical/README.md,
DOT,crypto,tecnico,sma20,0.740325,,EUR,2026-09-05,2026-09-05T09:41:31Z,Kraken,2,100,,engine/technical/README.md,
DOT,crypto,tecnico,sma20,0.74868,,EUR,2026-09-06,2026-09-06T09:56:30Z,Kraken,2,100,,engine/technical/README.md,
DOT,crypto,tecnico,sma20,0.760155,,EUR,2026-09-07,2026-09-07T11:02:53Z,Kraken,2,100,,engine/technical/README.md,
DOT,crypto,tecnico,sma20,0.776465,,EUR,2026-09-08,2026-09-08T10:18:57Z,Kraken,2,100,,engine/technical/README.md,
DOT,crypto,tecnico,sma20,0.797705,,EUR,2026-09-09,2026-09-09T10:24:07Z,Kraken,2,100,,engine/technical/README.md,
DOT,crypto,tecnico,sma20,0.80244,,EUR,2026-09-10,2026-09-10T10:17:13Z,Kraken,2,100,,engine/technical/README.md,
DOT,crypto,tecnico,sma20,0.81043,,EUR,2026-09-11,2026-09-11T10:14:17Z,Kraken,2,100,,engine/technical/README.md,
DOT,crypto,tecnico,sma20,0.81327,,EUR,2026-09-12,2026-09-12T09:48:37Z,Kraken,2,100,,engine/technical/README.md,
DOT,crypto,tecnico,sma200,0.956551,,EUR,2026-09-05,2026-09-05T09:41:31Z,Kraken,2,100,,engine/technical/README.md,
DOT,crypto,tecnico,sma200,0.955112,,EUR,2026-09-06,2026-09-06T09:56:30Z,Kraken,2,100,,engine/technical/README.md,
DOT,crypto,tecnico,sma200,0.954039,,EUR,2026-09-07,2026-09-07T11:02:53Z,Kraken,2,100,,engine/technical/README.md,
DOT,crypto,tecnico,sma200,0.95336,,EUR,2026-09-08,2026-09-08T10:18:57Z,Kraken,2,100,,engine/technical/README.md,
DOT,crypto,tecnico,sma200,0.953345,,EUR,2026-09-09,2026-09-09T10:24:07Z,Kraken,2,100,,engine/technical/README.md,
DOT,crypto,tecnico,sma200,0.952285,,EUR,2026-09-10,2026-09-10T10:17:13Z,Kraken,2,100,,engine/technical/README.md,
DOT,crypto,tecnico,sma200,0.951641,,EUR,2026-09-11,2026-09-11T10:14:17Z,Kraken,2,100,,engine/technical/README.md,
DOT,crypto,tecnico,sma200,0.950644,,EUR,2026-09-12,2026-09-12T09:48:37Z,Kraken,2,100,,engine/technical/README.md,
DOT,crypto,tecnico,sma50,0.714224,,EUR,2026-09-05,2026-09-05T09:41:31Z,Kraken,2,100,,engine/technical/README.md,
DOT,crypto,tecnico,sma50,0.716074,,EUR,2026-09-06,2026-09-06T09:56:30Z,Kraken,2,100,,engine/technical/README.md,
DOT,crypto,tecnico,sma50,0.719304,,EUR,2026-09-07,2026-09-07T11:02:53Z,Kraken,2,100,,engine/technical/README.md,
DOT,crypto,tecnico,sma50,0.724896,,EUR,2026-09-08,2026-09-08T10:18:57Z,Kraken,2,100,,engine/technical/README.md,
DOT,crypto,tecnico,sma50,0.733072,,EUR,2026-09-09,2026-09-09T10:24:07Z,Kraken,2,100,,engine/technical/README.md,
DOT,crypto,tecnico,sma50,0.736342,,EUR,2026-09-10,2026-09-10T10:17:13Z,Kraken,2,100,,engine/technical/README.md,
DOT,crypto,tecnico,sma50,0.740832,,EUR,2026-09-11,2026-09-11T10:14:17Z,Kraken,2,100,,engine/technical/README.md,
DOT,crypto,tecnico,sma50,0.743652,,EUR,2026-09-12,2026-09-12T09:48:37Z,Kraken,2,100,,engine/technical/README.md,
DOT,crypto,tecnico,volatilidad_hist_30d_anualizada_pct,59.7,,%,2026-09-05,2026-09-05T09:41:31Z,Kraken,2,100,,engine/technical/README.md,
DOT,crypto,tecnico,volatilidad_hist_30d_anualizada_pct,60.4,,%,2026-09-06,2026-09-06T09:56:30Z,Kraken,2,100,,engine/technical/README.md,
DOT,crypto,tecnico,volatilidad_hist_30d_anualizada_pct,63.4,,%,2026-09-07,2026-09-07T11:02:53Z,Kraken,2,100,,engine/technical/README.md,
DOT,crypto,tecnico,volatilidad_hist_30d_anualizada_pct,68.2,,%,2026-09-08,2026-09-08T10:18:57Z,Kraken,2,100,,engine/technical/README.md,
DOT,crypto,tecnico,volatilidad_hist_30d_anualizada_pct,88.7,,%,2026-09-09,2026-09-09T10:24:07Z,Kraken,2,100,,engine/technical/README.md,
DOT,crypto,tecnico,volatilidad_hist_30d_anualizada_pct,95.0,,%,2026-09-10,2026-09-10T10:17:13Z,Kraken,2,100,,engine/technical/README.md,
DOT,crypto,tecnico,volatilidad_hist_30d_anualizada_pct,94.4,,%,2026-09-11,2026-09-11T10:14:17Z,Kraken,2,100,,engine/technical/README.md,
DOT,crypto,tecnico,volatilidad_hist_30d_anualizada_pct,96.8,,%,2026-09-12,2026-09-12T09:48:37Z,Kraken,2,100,,engine/technical/README.md,
DOT,crypto,tecnico,volumen,148918.172992,,unidades,2026-09-05,2026-09-05T09:41:31Z,Kraken,2,100,,engine/technical/README.md,
DOT,crypto,tecnico,volumen,341370.906302,,unidades,2026-09-06,2026-09-06T09:56:30Z,Kraken,2,100,,engine/technical/README.md,
DOT,crypto,tecnico,volumen,338423.499856,,unidades,2026-09-07,2026-09-07T11:02:53Z,Kraken,2,100,,engine/technical/README.md,
DOT,crypto,tecnico,volumen,675402.428037,,unidades,2026-09-08,2026-09-08T10:18:57Z,Kraken,2,100,,engine/technical/README.md,
DOT,crypto,tecnico,volumen,507337.64754,,unidades,2026-09-09,2026-09-09T10:24:07Z,Kraken,2,100,,engine/technical/README.md,
DOT,crypto,tecnico,volumen,120583.035715,,unidades,2026-09-10,2026-09-10T10:17:13Z,Kraken,2,100,,engine/technical/README.md,
DOT,crypto,tecnico,volumen,158917.58149,,unidades,2026-09-11,2026-09-11T10:14:17Z,Kraken,2,100,,engine/technical/README.md,
DOT,crypto,tecnico,volumen,116882.725452,,unidades,2026-09-12,2026-09-12T09:48:37Z,Kraken,2,100,,engine/technical/README.md,
