asset_id,asset_type,domain,metric,value,value_text,unit,data_as_of,retrieved_at,source,source_priority,confidence_pct,data_quality_pct,calculation_method,source_url
ETH,crypto,fundamental,fdv_mcap_ratio,1.004,,ratio,2026-09-03,2026-09-03T11:40:58Z,CoinGecko,2,,80,engine/crypto/README.md,
ETH,crypto,fundamental,fdv_mcap_ratio,1.0,,ratio,2026-09-04,2026-09-04T10:11:47Z,CoinGecko,2,,80,engine/crypto/README.md,
ETH,crypto,fundamental,market_cap_percentile_365d,26.3,,%,2026-09-03,2026-09-03T11:40:58Z,CoinGecko,2,,80,engine/crypto/README.md,
ETH,crypto,fundamental,market_cap_percentile_365d,31.2,,%,2026-09-04,2026-09-04T10:11:47Z,CoinGecko,2,,80,engine/crypto/README.md,
ETH,crypto,fundamental,supply_pct_of_max,98.9,,%,2026-09-03,2026-09-03T11:40:58Z,CoinGecko,2,,80,engine/crypto/README.md,
ETH,crypto,fundamental,supply_pct_of_max,100.0,,%,2026-09-04,2026-09-04T10:11:47Z,CoinGecko,2,,80,engine/crypto/README.md,
ETH,crypto,fundamental,tvl_percentile_365d,45.9,,%,2026-01-01,2026-09-04T14:24:27Z,DefiLlama,2,,,engine/crypto/README.md,
ETH,crypto,fundamental,tvl_percentile_365d,48.3,,%,2026-01-02,2026-09-04T14:24:27Z,DefiLlama,2,,,engine/crypto/README.md,
ETH,crypto,fundamental,tvl_percentile_365d,52.1,,%,2026-01-03,2026-09-04T14:24:27Z,DefiLlama,2,,,engine/crypto/README.md,
ETH,crypto,fundamental,tvl_percentile_365d,53.8,,%,2026-01-04,2026-09-04T14:24:27Z,DefiLlama,2,,,engine/crypto/README.md,
ETH,crypto,fundamental,tvl_percentile_365d,54.5,,%,2026-01-05,2026-09-04T14:24:27Z,DefiLlama,2,,,engine/crypto/README.md,
ETH,crypto,fundamental,tvl_percentile_365d,57.5,,%,2026-01-06,2026-09-04T14:24:27Z,DefiLlama,2,,,engine/crypto/README.md,
ETH,crypto,fundamental,tvl_percentile_365d,58.8,,%,2026-01-07,2026-09-04T14:24:27Z,DefiLlama,2,,,engine/crypto/README.md,
ETH,crypto,fundamental,tvl_percentile_365d,54.8,,%,2026-01-08,2026-09-04T14:24:27Z,DefiLlama,2,,,engine/crypto/README.md,
ETH,crypto,fundamental,tvl_percentile_365d,51.8,,%,2026-01-09,2026-09-04T14:24:27Z,DefiLlama,2,,,engine/crypto/README.md,
ETH,crypto,fundamental,tvl_percentile_365d,50.0,,%,2026-01-10,2026-09-04T14:24:27Z,DefiLlama,2,,,engine/crypto/README.md,
ETH,crypto,fundamental,tvl_percentile_365d,51.8,,%,2026-01-11,2026-09-04T14:24:27Z,DefiLlama,2,,,engine/crypto/README.md,
ETH,crypto,fundamental,tvl_percentile_365d,52.8,,%,2026-01-12,2026-09-04T14:24:27Z,DefiLlama,2,,,engine/crypto/README.md,
ETH,crypto,fundamental,tvl_percentile_365d,50.8,,%,2026-01-13,2026-09-04T14:24:27Z,DefiLlama,2,,,engine/crypto/README.md,
ETH,crypto,fundamental,tvl_percentile_365d,58.9,,%,2026-01-14,2026-09-04T14:24:27Z,DefiLlama,2,,,engine/crypto/README.md,
ETH,crypto,fundamental,tvl_percentile_365d,59.8,,%,2026-01-15,2026-09-04T14:24:27Z,DefiLlama,2,,,engine/crypto/README.md,
ETH,crypto,fundamental,tvl_percentile_365d,58.3,,%,2026-01-16,2026-09-04T14:24:27Z,DefiLlama,2,,,engine/crypto/README.md,
ETH,crypto,fundamental,tvl_percentile_365d,58.5,,%,2026-01-17,2026-09-04T14:24:27Z,DefiLlama,2,,,engine/crypto/README.md,
ETH,crypto,fundamental,tvl_percentile_365d,59.0,,%,2026-01-18,2026-09-04T14:24:27Z,DefiLlama,2,,,engine/crypto/README.md,
ETH,crypto,fundamental,tvl_percentile_365d,56.4,,%,2026-01-19,2026-09-04T14:24:27Z,DefiLlama,2,,,engine/crypto/README.md,
ETH,crypto,fundamental,tvl_percentile_365d,56.0,,%,2026-01-20,2026-09-04T14:24:27Z,DefiLlama,2,,,engine/crypto/README.md,
ETH,crypto,fundamental,tvl_percentile_365d,47.0,,%,2026-01-21,2026-09-04T14:24:27Z,DefiLlama,2,,,engine/crypto/README.md,
ETH,crypto,fundamental,tvl_percentile_365d,48.3,,%,2026-01-22,2026-09-04T14:24:27Z,DefiLlama,2,,,engine/crypto/README.md,
ETH,crypto,fundamental,tvl_percentile_365d,48.1,,%,2026-01-23,2026-09-04T14:24:27Z,DefiLlama,2,,,engine/crypto/README.md,
ETH,crypto,fundamental,tvl_percentile_365d,47.8,,%,2026-01-24,2026-09-04T14:24:27Z,DefiLlama,2,,,engine/crypto/README.md,
ETH,crypto,fundamental,tvl_percentile_365d,49.1,,%,2026-01-25,2026-09-04T14:24:27Z,DefiLlama,2,,,engine/crypto/README.md,
ETH,crypto,fundamental,tvl_percentile_365d,44.8,,%,2026-01-26,2026-09-04T14:24:27Z,DefiLlama,2,,,engine/crypto/README.md,
ETH,crypto,fundamental,tvl_percentile_365d,48.3,,%,2026-01-27,2026-09-04T14:24:27Z,DefiLlama,2,,,engine/crypto/README.md,
ETH,crypto,fundamental,tvl_percentile_365d,50.8,,%,2026-01-28,2026-09-04T14:24:27Z,DefiLlama,2,,,engine/crypto/README.md,
ETH,crypto,fundamental,tvl_percentile_365d,51.2,,%,2026-01-29,2026-09-04T14:24:27Z,DefiLlama,2,,,engine/crypto/README.md,
ETH,crypto,fundamental,tvl_percentile_365d,45.1,,%,2026-01-30,2026-09-04T14:24:27Z,DefiLlama,2,,,engine/crypto/README.md,
ETH,crypto,fundamental,tvl_percentile_365d,41.9,,%,2026-01-31,2026-09-04T14:24:27Z,DefiLlama,2,,,engine/crypto/README.md,
ETH,crypto,fundamental,tvl_percentile_365d,34.5,,%,2026-02-01,2026-09-04T14:24:27Z,DefiLlama,2,,,engine/crypto/README.md,
ETH,crypto,fundamental,tvl_percentile_365d,29.4,,%,2026-02-02,2026-09-04T14:24:27Z,DefiLlama,2,,,engine/crypto/README.md,
ETH,crypto,fundamental,tvl_percentile_365d,31.1,,%,2026-02-03,2026-09-04T14:24:27Z,DefiLlama,2,,,engine/crypto/README.md,
ETH,crypto,fundamental,tvl_percentile_365d,29.5,,%,2026-02-04,2026-09-04T14:24:27Z,DefiLlama,2,,,engine/crypto/README.md,
ETH,crypto,fundamental,tvl_percentile_365d,26.7,,%,2026-02-05,2026-09-04T14:24:27Z,DefiLlama,2,,,engine/crypto/README.md,
ETH,crypto,fundamental,tvl_percentile_365d,15.8,,%,2026-02-06,2026-09-04T14:24:27Z,DefiLlama,2,,,engine/crypto/README.md,
ETH,crypto,fundamental,tvl_percentile_365d,21.7,,%,2026-02-07,2026-09-04T14:24:27Z,DefiLlama,2,,,engine/crypto/README.md,
ETH,crypto,fundamental,tvl_percentile_365d,24.6,,%,2026-02-08,2026-09-04T14:24:27Z,DefiLlama,2,,,engine/crypto/README.md,
ETH,crypto,fundamental,tvl_percentile_365d,25.2,,%,2026-02-09,2026-09-04T14:24:27Z,DefiLlama,2,,,engine/crypto/README.md,
ETH,crypto,fundamental,tvl_percentile_365d,25.2,,%,2026-02-10,2026-09-04T14:24:27Z,DefiLlama,2,,,engine/crypto/README.md,
ETH,crypto,fundamental,tvl_percentile_365d,23.0,,%,2026-02-11,2026-09-04T14:24:27Z,DefiLlama,2,,,engine/crypto/README.md,
ETH,crypto,fundamental,tvl_percentile_365d,21.5,,%,2026-02-12,2026-09-04T14:24:27Z,DefiLlama,2,,,engine/crypto/README.md,
ETH,crypto,fundamental,tvl_percentile_365d,20.6,,%,2026-02-13,2026-09-04T14:24:27Z,DefiLlama,2,,,engine/crypto/README.md,
ETH,crypto,fundamental,tvl_percentile_365d,23.3,,%,2026-02-14,2026-09-04T14:24:27Z,DefiLlama,2,,,engine/crypto/README.md,
ETH,crypto,fundamental,tvl_percentile_365d,23.7,,%,2026-02-15,2026-09-04T14:24:27Z,DefiLlama,2,,,engine/crypto/README.md,
ETH,crypto,fundamental,tvl_percentile_365d,21.2,,%,2026-02-16,2026-09-04T14:24:27Z,DefiLlama,2,,,engine/crypto/README.md,
ETH,crypto,fundamental,tvl_percentile_365d,21.5,,%,2026-02-17,2026-09-04T14:24:27Z,DefiLlama,2,,,engine/crypto/README.md,
ETH,crypto,fundamental,tvl_percentile_365d,21.5,,%,2026-02-18,2026-09-04T14:24:27Z,DefiLlama,2,,,engine/crypto/README.md,
ETH,crypto,fundamental,tvl_percentile_365d,18.7,,%,2026-02-19,2026-09-04T14:24:27Z,DefiLlama,2,,,engine/crypto/README.md,
ETH,crypto,fundamental,tvl_percentile_365d,19.0,,%,2026-02-20,2026-09-04T14:24:27Z,DefiLlama,2,,,engine/crypto/README.md,
ETH,crypto,fundamental,tvl_percentile_365d,18.1,,%,2026-02-21,2026-09-04T14:24:27Z,DefiLlama,2,,,engine/crypto/README.md,
ETH,crypto,fundamental,tvl_percentile_365d,18.5,,%,2026-02-22,2026-09-04T14:24:27Z,DefiLlama,2,,,engine/crypto/README.md,
ETH,crypto,fundamental,tvl_percentile_365d,18.6,,%,2026-02-23,2026-09-04T14:24:27Z,DefiLlama,2,,,engine/crypto/README.md,
ETH,crypto,fundamental,tvl_percentile_365d,15.3,,%,2026-02-24,2026-09-04T14:24:27Z,DefiLlama,2,,,engine/crypto/README.md,
ETH,crypto,fundamental,tvl_percentile_365d,15.0,,%,2026-02-25,2026-09-04T14:24:27Z,DefiLlama,2,,,engine/crypto/README.md,
ETH,crypto,fundamental,tvl_percentile_365d,20.2,,%,2026-02-26,2026-09-04T14:24:27Z,DefiLlama,2,,,engine/crypto/README.md,
ETH,crypto,fundamental,tvl_percentile_365d,19.7,,%,2026-02-27,2026-09-04T14:24:27Z,DefiLlama,2,,,engine/crypto/README.md,
ETH,crypto,fundamental,tvl_percentile_365d,17.0,,%,2026-02-28,2026-09-04T14:24:27Z,DefiLlama,2,,,engine/crypto/README.md,
ETH,crypto,fundamental,tvl_percentile_365d,17.5,,%,2026-03-01,2026-09-04T14:24:27Z,DefiLlama,2,,,engine/crypto/README.md,
ETH,crypto,fundamental,tvl_percentile_365d,16.5,,%,2026-03-02,2026-09-04T14:24:27Z,DefiLlama,2,,,engine/crypto/README.md,
ETH,crypto,fundamental,tvl_percentile_365d,19.3,,%,2026-03-03,2026-09-04T14:24:27Z,DefiLlama,2,,,engine/crypto/README.md,
ETH,crypto,fundamental,tvl_percentile_365d,17.3,,%,2026-03-04,2026-09-04T14:24:27Z,DefiLlama,2,,,engine/crypto/README.md,
ETH,crypto,fundamental,tvl_percentile_365d,21.9,,%,2026-03-05,2026-09-04T14:24:27Z,DefiLlama,2,,,engine/crypto/README.md,
ETH,crypto,fundamental,tvl_percentile_365d,22.2,,%,2026-03-06,2026-09-04T14:24:27Z,DefiLlama,2,,,engine/crypto/README.md,
ETH,crypto,fundamental,tvl_percentile_365d,19.4,,%,2026-03-07,2026-09-04T14:24:27Z,DefiLlama,2,,,engine/crypto/README.md,
ETH,crypto,fundamental,tvl_percentile_365d,19.9,,%,2026-03-08,2026-09-04T14:24:27Z,DefiLlama,2,,,engine/crypto/README.md,
ETH,crypto,fundamental,tvl_percentile_365d,19.4,,%,2026-03-09,2026-09-04T14:24:27Z,DefiLlama,2,,,engine/crypto/README.md,
ETH,crypto,fundamental,tvl_percentile_365d,21.2,,%,2026-03-10,2026-09-04T14:24:27Z,DefiLlama,2,,,engine/crypto/README.md,
ETH,crypto,fundamental,tvl_percentile_365d,21.2,,%,2026-03-11,2026-09-04T14:24:27Z,DefiLlama,2,,,engine/crypto/README.md,
ETH,crypto,fundamental,tvl_percentile_365d,22.8,,%,2026-03-12,2026-09-04T14:24:27Z,DefiLlama,2,,,engine/crypto/README.md,
ETH,crypto,fundamental,tvl_percentile_365d,24.5,,%,2026-03-13,2026-09-04T14:24:27Z,DefiLlama,2,,,engine/crypto/README.md,
ETH,crypto,fundamental,tvl_percentile_365d,24.1,,%,2026-03-14,2026-09-04T14:24:27Z,DefiLlama,2,,,engine/crypto/README.md,
ETH,crypto,fundamental,tvl_percentile_365d,24.8,,%,2026-03-15,2026-09-04T14:24:27Z,DefiLlama,2,,,engine/crypto/README.md,
ETH,crypto,fundamental,tvl_percentile_365d,27.0,,%,2026-03-16,2026-09-04T14:24:27Z,DefiLlama,2,,,engine/crypto/README.md,
ETH,crypto,fundamental,tvl_percentile_365d,30.3,,%,2026-03-17,2026-09-04T14:24:27Z,DefiLlama,2,,,engine/crypto/README.md,
ETH,crypto,fundamental,tvl_percentile_365d,30.0,,%,2026-03-18,2026-09-04T14:24:27Z,DefiLlama,2,,,engine/crypto/README.md,
ETH,crypto,fundamental,tvl_percentile_365d,25.2,,%,2026-03-19,2026-09-04T14:24:27Z,DefiLlama,2,,,engine/crypto/README.md,
ETH,crypto,fundamental,tvl_percentile_365d,22.8,,%,2026-03-20,2026-09-04T14:24:27Z,DefiLlama,2,,,engine/crypto/README.md,
ETH,crypto,fundamental,tvl_percentile_365d,24.2,,%,2026-03-21,2026-09-04T14:24:27Z,DefiLlama,2,,,engine/crypto/README.md,
ETH,crypto,fundamental,tvl_percentile_365d,23.3,,%,2026-03-22,2026-09-04T14:24:27Z,DefiLlama,2,,,engine/crypto/README.md,
ETH,crypto,fundamental,tvl_percentile_365d,20.5,,%,2026-03-23,2026-09-04T14:24:27Z,DefiLlama,2,,,engine/crypto/README.md,
ETH,crypto,fundamental,tvl_percentile_365d,23.1,,%,2026-03-24,2026-09-04T14:24:27Z,DefiLlama,2,,,engine/crypto/README.md,
ETH,crypto,fundamental,tvl_percentile_365d,22.0,,%,2026-03-25,2026-09-04T14:24:27Z,DefiLlama,2,,,engine/crypto/README.md,
ETH,crypto,fundamental,tvl_percentile_365d,22.7,,%,2026-03-26,2026-09-04T14:24:27Z,DefiLlama,2,,,engine/crypto/README.md,
ETH,crypto,fundamental,tvl_percentile_365d,19.0,,%,2026-03-27,2026-09-04T14:24:27Z,DefiLlama,2,,,engine/crypto/README.md,
ETH,crypto,fundamental,tvl_percentile_365d,17.2,,%,2026-03-28,2026-09-04T14:24:27Z,DefiLlama,2,,,engine/crypto/README.md,
ETH,crypto,fundamental,tvl_percentile_365d,17.2,,%,2026-03-29,2026-09-04T14:24:27Z,DefiLlama,2,,,engine/crypto/README.md,
ETH,crypto,fundamental,tvl_percentile_365d,17.0,,%,2026-03-30,2026-09-04T14:24:27Z,DefiLlama,2,,,engine/crypto/README.md,
ETH,crypto,fundamental,tvl_percentile_365d,16.8,,%,2026-03-31,2026-09-04T14:24:27Z,DefiLlama,2,,,engine/crypto/README.md,
ETH,crypto,fundamental,tvl_percentile_365d,19.6,,%,2026-04-01,2026-09-04T14:24:27Z,DefiLlama,2,,,engine/crypto/README.md,
ETH,crypto,fundamental,tvl_percentile_365d,19.8,,%,2026-04-02,2026-09-04T14:24:27Z,DefiLlama,2,,,engine/crypto/README.md,
ETH,crypto,fundamental,tvl_percentile_365d,17.8,,%,2026-04-03,2026-09-04T14:24:27Z,DefiLlama,2,,,engine/crypto/README.md,
ETH,crypto,fundamental,tvl_percentile_365d,16.8,,%,2026-04-04,2026-09-04T14:24:27Z,DefiLlama,2,,,engine/crypto/README.md,
ETH,crypto,fundamental,tvl_percentile_365d,17.3,,%,2026-04-05,2026-09-04T14:24:27Z,DefiLlama,2,,,engine/crypto/README.md,
ETH,crypto,fundamental,tvl_percentile_365d,19.2,,%,2026-04-06,2026-09-04T14:24:27Z,DefiLlama,2,,,engine/crypto/README.md,
ETH,crypto,fundamental,tvl_percentile_365d,16.1,,%,2026-04-07,2026-09-04T14:24:27Z,DefiLlama,2,,,engine/crypto/README.md,
ETH,crypto,fundamental,tvl_percentile_365d,20.4,,%,2026-04-08,2026-09-04T14:24:27Z,DefiLlama,2,,,engine/crypto/README.md,
ETH,crypto,fundamental,tvl_percentile_365d,17.9,,%,2026-04-09,2026-09-04T14:24:27Z,DefiLlama,2,,,engine/crypto/README.md,
ETH,crypto,fundamental,tvl_percentile_365d,18.3,,%,2026-04-10,2026-09-04T14:24:27Z,DefiLlama,2,,,engine/crypto/README.md,
ETH,crypto,fundamental,tvl_percentile_365d,19.4,,%,2026-04-11,2026-09-04T14:24:27Z,DefiLlama,2,,,engine/crypto/README.md,
ETH,crypto,fundamental,tvl_percentile_365d,20.6,,%,2026-04-12,2026-09-04T14:24:27Z,DefiLlama,2,,,engine/crypto/README.md,
ETH,crypto,fundamental,tvl_percentile_365d,17.4,,%,2026-04-13,2026-09-04T14:24:27Z,DefiLlama,2,,,engine/crypto/README.md,
ETH,crypto,fundamental,tvl_percentile_365d,22.2,,%,2026-04-14,2026-09-04T14:24:27Z,DefiLlama,2,,,engine/crypto/README.md,
ETH,crypto,fundamental,tvl_percentile_365d,21.7,,%,2026-04-15,2026-09-04T14:24:27Z,DefiLlama,2,,,engine/crypto/README.md,
ETH,crypto,fundamental,tvl_percentile_365d,21.8,,%,2026-04-16,2026-09-04T14:24:27Z,DefiLlama,2,,,engine/crypto/README.md,
ETH,crypto,fundamental,tvl_percentile_365d,21.6,,%,2026-04-17,2026-09-04T14:24:27Z,DefiLlama,2,,,engine/crypto/README.md,
ETH,crypto,fundamental,tvl_percentile_365d,23.2,,%,2026-04-18,2026-09-04T14:24:27Z,DefiLlama,2,,,engine/crypto/README.md,
ETH,crypto,fundamental,tvl_percentile_365d,14.3,,%,2026-04-19,2026-09-04T14:24:27Z,DefiLlama,2,,,engine/crypto/README.md,
ETH,crypto,fundamental,tvl_percentile_365d,4.6,,%,2026-04-20,2026-09-04T14:24:27Z,DefiLlama,2,,,engine/crypto/README.md,
ETH,crypto,fundamental,tvl_percentile_365d,4.0,,%,2026-04-21,2026-09-04T14:24:27Z,DefiLlama,2,,,engine/crypto/README.md,
ETH,crypto,fundamental,tvl_percentile_365d,0.0,,%,2026-04-22,2026-09-04T14:24:27Z,DefiLlama,2,,,engine/crypto/README.md,
ETH,crypto,fundamental,tvl_percentile_365d,1.2,,%,2026-04-23,2026-09-04T14:24:27Z,DefiLlama,2,,,engine/crypto/README.md,
ETH,crypto,fundamental,tvl_percentile_365d,0.0,,%,2026-04-24,2026-09-04T14:24:27Z,DefiLlama,2,,,engine/crypto/README.md,
ETH,crypto,fundamental,tvl_percentile_365d,0.0,,%,2026-04-25,2026-09-04T14:24:27Z,DefiLlama,2,,,engine/crypto/README.md,
ETH,crypto,fundamental,tvl_percentile_365d,0.9,,%,2026-04-26,2026-09-04T14:24:27Z,DefiLlama,2,,,engine/crypto/README.md,
ETH,crypto,fundamental,tvl_percentile_365d,2.3,,%,2026-04-27,2026-09-04T14:24:27Z,DefiLlama,2,,,engine/crypto/README.md,
ETH,crypto,fundamental,tvl_percentile_365d,0.2,,%,2026-04-28,2026-09-04T14:24:27Z,DefiLlama,2,,,engine/crypto/README.md,
ETH,crypto,fundamental,tvl_percentile_365d,0.0,,%,2026-04-29,2026-09-04T14:24:27Z,DefiLlama,2,,,engine/crypto/README.md,
ETH,crypto,fundamental,tvl_percentile_365d,0.5,,%,2026-04-30,2026-09-04T14:24:27Z,DefiLlama,2,,,engine/crypto/README.md,
ETH,crypto,fundamental,tvl_percentile_365d,0.7,,%,2026-05-01,2026-09-04T14:24:27Z,DefiLlama,2,,,engine/crypto/README.md,
ETH,crypto,fundamental,tvl_percentile_365d,0.9,,%,2026-05-02,2026-09-04T14:24:27Z,DefiLlama,2,,,engine/crypto/README.md,
ETH,crypto,fundamental,tvl_percentile_365d,2.0,,%,2026-05-03,2026-09-04T14:24:27Z,DefiLlama,2,,,engine/crypto/README.md,
ETH,crypto,fundamental,tvl_percentile_365d,2.0,,%,2026-05-04,2026-09-04T14:24:27Z,DefiLlama,2,,,engine/crypto/README.md,
ETH,crypto,fundamental,tvl_percentile_365d,1.8,,%,2026-05-05,2026-09-04T14:24:27Z,DefiLlama,2,,,engine/crypto/README.md,
ETH,crypto,fundamental,tvl_percentile_365d,2.3,,%,2026-05-06,2026-09-04T14:24:27Z,DefiLlama,2,,,engine/crypto/README.md,
ETH,crypto,fundamental,tvl_percentile_365d,2.0,,%,2026-05-07,2026-09-04T14:24:27Z,DefiLlama,2,,,engine/crypto/README.md,
ETH,crypto,fundamental,tvl_percentile_365d,1.3,,%,2026-05-08,2026-09-04T14:24:27Z,DefiLlama,2,,,engine/crypto/README.md,
ETH,crypto,fundamental,tvl_percentile_365d,1.4,,%,2026-05-09,2026-09-04T14:24:27Z,DefiLlama,2,,,engine/crypto/README.md,
ETH,crypto,fundamental,tvl_percentile_365d,1.5,,%,2026-05-10,2026-09-04T14:24:27Z,DefiLlama,2,,,engine/crypto/README.md,
ETH,crypto,fundamental,tvl_percentile_365d,2.6,,%,2026-05-11,2026-09-04T14:24:27Z,DefiLlama,2,,,engine/crypto/README.md,
ETH,crypto,fundamental,tvl_percentile_365d,2.0,,%,2026-05-12,2026-09-04T14:24:27Z,DefiLlama,2,,,engine/crypto/README.md,
ETH,crypto,fundamental,tvl_percentile_365d,0.9,,%,2026-05-13,2026-09-04T14:24:27Z,DefiLlama,2,,,engine/crypto/README.md,
ETH,crypto,fundamental,tvl_percentile_365d,0.3,,%,2026-05-14,2026-09-04T14:24:27Z,DefiLlama,2,,,engine/crypto/README.md,
ETH,crypto,fundamental,tvl_percentile_365d,1.1,,%,2026-05-15,2026-09-04T14:24:27Z,DefiLlama,2,,,engine/crypto/README.md,
ETH,crypto,fundamental,tvl_percentile_365d,0.0,,%,2026-05-16,2026-09-04T14:24:27Z,DefiLlama,2,,,engine/crypto/README.md,
ETH,crypto,fundamental,tvl_percentile_365d,0.0,,%,2026-05-17,2026-09-04T14:24:27Z,DefiLlama,2,,,engine/crypto/README.md,
ETH,crypto,fundamental,tvl_percentile_365d,0.0,,%,2026-05-18,2026-09-04T14:24:27Z,DefiLlama,2,,,engine/crypto/README.md,
ETH,crypto,fundamental,tvl_percentile_365d,0.1,,%,2026-05-19,2026-09-04T14:24:27Z,DefiLlama,2,,,engine/crypto/README.md,
ETH,crypto,fundamental,tvl_percentile_365d,0.0,,%,2026-05-20,2026-09-04T14:24:27Z,DefiLlama,2,,,engine/crypto/README.md,
ETH,crypto,fundamental,tvl_percentile_365d,0.5,,%,2026-05-21,2026-09-04T14:24:27Z,DefiLlama,2,,,engine/crypto/README.md,
ETH,crypto,fundamental,tvl_percentile_365d,0.7,,%,2026-05-22,2026-09-04T14:24:27Z,DefiLlama,2,,,engine/crypto/README.md,
ETH,crypto,fundamental,tvl_percentile_365d,0.0,,%,2026-05-23,2026-09-04T14:24:27Z,DefiLlama,2,,,engine/crypto/README.md,
ETH,crypto,fundamental,tvl_percentile_365d,1.3,,%,2026-05-24,2026-09-04T14:24:27Z,DefiLlama,2,,,engine/crypto/README.md,
ETH,crypto,fundamental,tvl_percentile_365d,0.7,,%,2026-05-25,2026-09-04T14:24:27Z,DefiLlama,2,,,engine/crypto/README.md,
ETH,crypto,fundamental,tvl_percentile_365d,1.4,,%,2026-05-26,2026-09-04T14:24:27Z,DefiLlama,2,,,engine/crypto/README.md,
ETH,crypto,fundamental,tvl_percentile_365d,0.0,,%,2026-05-27,2026-09-04T14:24:27Z,DefiLlama,2,,,engine/crypto/README.md,
ETH,crypto,fundamental,tvl_percentile_365d,0.3,,%,2026-05-28,2026-09-04T14:24:27Z,DefiLlama,2,,,engine/crypto/README.md,
ETH,crypto,fundamental,tvl_percentile_365d,0.4,,%,2026-05-29,2026-09-04T14:24:27Z,DefiLlama,2,,,engine/crypto/README.md,
ETH,crypto,fundamental,tvl_percentile_365d,0.0,,%,2026-05-30,2026-09-04T14:24:27Z,DefiLlama,2,,,engine/crypto/README.md,
ETH,crypto,fundamental,tvl_percentile_365d,0.4,,%,2026-05-31,2026-09-04T14:24:27Z,DefiLlama,2,,,engine/crypto/README.md,
ETH,crypto,fundamental,tvl_percentile_365d,0.2,,%,2026-06-01,2026-09-04T14:24:27Z,DefiLlama,2,,,engine/crypto/README.md,
ETH,crypto,fundamental,tvl_percentile_365d,0.0,,%,2026-06-02,2026-09-04T14:24:27Z,DefiLlama,2,,,engine/crypto/README.md,
ETH,crypto,fundamental,tvl_percentile_365d,0.0,,%,2026-06-03,2026-09-04T14:24:27Z,DefiLlama,2,,,engine/crypto/README.md,
ETH,crypto,fundamental,tvl_percentile_365d,0.0,,%,2026-06-04,2026-09-04T14:24:27Z,DefiLlama,2,,,engine/crypto/README.md,
ETH,crypto,fundamental,tvl_percentile_365d,0.0,,%,2026-06-05,2026-09-04T14:24:27Z,DefiLlama,2,,,engine/crypto/README.md,
ETH,crypto,fundamental,tvl_percentile_365d,0.0,,%,2026-06-06,2026-09-04T14:24:27Z,DefiLlama,2,,,engine/crypto/README.md,
ETH,crypto,fundamental,tvl_percentile_365d,0.0,,%,2026-06-07,2026-09-04T14:24:27Z,DefiLlama,2,,,engine/crypto/README.md,
ETH,crypto,fundamental,tvl_percentile_365d,2.5,,%,2026-06-08,2026-09-04T14:24:27Z,DefiLlama,2,,,engine/crypto/README.md,
ETH,crypto,fundamental,tvl_percentile_365d,2.2,,%,2026-06-09,2026-09-04T14:24:27Z,DefiLlama,2,,,engine/crypto/README.md,
ETH,crypto,fundamental,tvl_percentile_365d,1.1,,%,2026-06-10,2026-09-04T14:24:27Z,DefiLlama,2,,,engine/crypto/README.md,
ETH,crypto,fundamental,tvl_percentile_365d,0.6,,%,2026-06-11,2026-09-04T14:24:27Z,DefiLlama,2,,,engine/crypto/README.md,
ETH,crypto,fundamental,tvl_percentile_365d,1.8,,%,2026-06-12,2026-09-04T14:24:27Z,DefiLlama,2,,,engine/crypto/README.md,
ETH,crypto,fundamental,tvl_percentile_365d,2.2,,%,2026-06-13,2026-09-04T14:24:27Z,DefiLlama,2,,,engine/crypto/README.md,
ETH,crypto,fundamental,tvl_percentile_365d,2.8,,%,2026-06-14,2026-09-04T14:24:27Z,DefiLlama,2,,,engine/crypto/README.md,
ETH,crypto,fundamental,tvl_percentile_365d,3.8,,%,2026-06-15,2026-09-04T14:24:27Z,DefiLlama,2,,,engine/crypto/README.md,
ETH,crypto,fundamental,tvl_percentile_365d,4.4,,%,2026-06-16,2026-09-04T14:24:27Z,DefiLlama,2,,,engine/crypto/README.md,
ETH,crypto,fundamental,tvl_percentile_365d,5.7,,%,2026-06-17,2026-09-04T14:24:27Z,DefiLlama,2,,,engine/crypto/README.md,
ETH,crypto,fundamental,tvl_percentile_365d,4.7,,%,2026-06-18,2026-09-04T14:24:27Z,DefiLlama,2,,,engine/crypto/README.md,
ETH,crypto,fundamental,tvl_percentile_365d,3.8,,%,2026-06-19,2026-09-04T14:24:27Z,DefiLlama,2,,,engine/crypto/README.md,
ETH,crypto,fundamental,tvl_percentile_365d,4.0,,%,2026-06-20,2026-09-04T14:24:27Z,DefiLlama,2,,,engine/crypto/README.md,
ETH,crypto,fundamental,tvl_percentile_365d,4.6,,%,2026-06-21,2026-09-04T14:24:27Z,DefiLlama,2,,,engine/crypto/README.md,
ETH,crypto,fundamental,tvl_percentile_365d,3.4,,%,2026-06-22,2026-09-04T14:24:27Z,DefiLlama,2,,,engine/crypto/README.md,
ETH,crypto,fundamental,tvl_percentile_365d,4.4,,%,2026-06-23,2026-09-04T14:24:27Z,DefiLlama,2,,,engine/crypto/README.md,
ETH,crypto,fundamental,tvl_percentile_365d,3.0,,%,2026-06-24,2026-09-04T14:24:27Z,DefiLlama,2,,,engine/crypto/README.md,
ETH,crypto,fundamental,tvl_percentile_365d,1.4,,%,2026-06-25,2026-09-04T14:24:27Z,DefiLlama,2,,,engine/crypto/README.md,
ETH,crypto,fundamental,tvl_percentile_365d,1.1,,%,2026-06-26,2026-09-04T14:24:27Z,DefiLlama,2,,,engine/crypto/README.md,
ETH,crypto,fundamental,tvl_percentile_365d,1.4,,%,2026-06-27,2026-09-04T14:24:27Z,DefiLlama,2,,,engine/crypto/README.md,
ETH,crypto,fundamental,tvl_percentile_365d,1.9,,%,2026-06-28,2026-09-04T14:24:27Z,DefiLlama,2,,,engine/crypto/README.md,
ETH,crypto,fundamental,tvl_percentile_365d,1.5,,%,2026-06-29,2026-09-04T14:24:27Z,DefiLlama,2,,,engine/crypto/README.md,
ETH,crypto,fundamental,tvl_percentile_365d,1.5,,%,2026-06-30,2026-09-04T14:24:27Z,DefiLlama,2,,,engine/crypto/README.md,
ETH,crypto,fundamental,tvl_percentile_365d,0.4,,%,2026-07-01,2026-09-04T14:24:27Z,DefiLlama,2,,,engine/crypto/README.md,
ETH,crypto,fundamental,tvl_percentile_365d,1.5,,%,2026-07-02,2026-09-04T14:24:27Z,DefiLlama,2,,,engine/crypto/README.md,
ETH,crypto,fundamental,tvl_percentile_365d,4.1,,%,2026-07-03,2026-09-04T14:24:27Z,DefiLlama,2,,,engine/crypto/README.md,
ETH,crypto,fundamental,tvl_percentile_365d,5.5,,%,2026-07-04,2026-09-04T14:24:27Z,DefiLlama,2,,,engine/crypto/README.md,
ETH,crypto,fundamental,tvl_percentile_365d,5.8,,%,2026-07-05,2026-09-04T14:24:27Z,DefiLlama,2,,,engine/crypto/README.md,
ETH,crypto,fundamental,tvl_percentile_365d,6.0,,%,2026-07-06,2026-09-04T14:24:27Z,DefiLlama,2,,,engine/crypto/README.md,
ETH,crypto,fundamental,tvl_percentile_365d,6.2,,%,2026-07-07,2026-09-04T14:24:27Z,DefiLlama,2,,,engine/crypto/README.md,
ETH,crypto,fundamental,tvl_percentile_365d,5.0,,%,2026-07-08,2026-09-04T14:24:27Z,DefiLlama,2,,,engine/crypto/README.md,
ETH,crypto,fundamental,tvl_percentile_365d,4.4,,%,2026-07-09,2026-09-04T14:24:27Z,DefiLlama,2,,,engine/crypto/README.md,
ETH,crypto,fundamental,tvl_percentile_365d,3.8,,%,2026-07-10,2026-09-04T14:24:27Z,DefiLlama,2,,,engine/crypto/README.md,
ETH,crypto,fundamental,tvl_percentile_365d,6.4,,%,2026-07-11,2026-09-04T14:24:27Z,DefiLlama,2,,,engine/crypto/README.md,
ETH,crypto,fundamental,tvl_percentile_365d,5.5,,%,2026-07-12,2026-09-04T14:24:27Z,DefiLlama,2,,,engine/crypto/README.md,
ETH,crypto,fundamental,tvl_percentile_365d,5.8,,%,2026-07-13,2026-09-04T14:24:27Z,DefiLlama,2,,,engine/crypto/README.md,
ETH,crypto,fundamental,tvl_percentile_365d,5.3,,%,2026-07-14,2026-09-04T14:24:27Z,DefiLlama,2,,,engine/crypto/README.md,
ETH,crypto,fundamental,tvl_percentile_365d,7.8,,%,2026-07-15,2026-09-04T14:24:27Z,DefiLlama,2,,,engine/crypto/README.md,
ETH,crypto,fundamental,tvl_percentile_365d,8.2,,%,2026-07-16,2026-09-04T14:24:27Z,DefiLlama,2,,,engine/crypto/README.md,
ETH,crypto,fundamental,tvl_percentile_365d,7.4,,%,2026-07-17,2026-09-04T14:24:27Z,DefiLlama,2,,,engine/crypto/README.md,
ETH,crypto,fundamental,tvl_percentile_365d,7.4,,%,2026-07-18,2026-09-04T14:24:27Z,DefiLlama,2,,,engine/crypto/README.md,
ETH,crypto,fundamental,tvl_percentile_365d,8.0,,%,2026-07-19,2026-09-04T14:24:27Z,DefiLlama,2,,,engine/crypto/README.md,
ETH,crypto,fundamental,tvl_percentile_365d,8.1,,%,2026-07-20,2026-09-04T14:24:27Z,DefiLlama,2,,,engine/crypto/README.md,
ETH,crypto,fundamental,tvl_percentile_365d,8.9,,%,2026-07-21,2026-09-04T14:24:27Z,DefiLlama,2,,,engine/crypto/README.md,
ETH,crypto,fundamental,tvl_percentile_365d,9.6,,%,2026-07-22,2026-09-04T14:24:27Z,DefiLlama,2,,,engine/crypto/README.md,
ETH,crypto,fundamental,tvl_percentile_365d,9.5,,%,2026-07-23,2026-09-04T14:24:27Z,DefiLlama,2,,,engine/crypto/README.md,
ETH,crypto,fundamental,tvl_percentile_365d,8.4,,%,2026-07-24,2026-09-04T14:24:27Z,DefiLlama,2,,,engine/crypto/README.md,
ETH,crypto,fundamental,tvl_percentile_365d,8.2,,%,2026-07-25,2026-09-04T14:24:27Z,DefiLlama,2,,,engine/crypto/README.md,
ETH,crypto,fundamental,tvl_percentile_365d,8.4,,%,2026-07-26,2026-09-04T14:24:27Z,DefiLlama,2,,,engine/crypto/README.md,
ETH,crypto,fundamental,tvl_percentile_365d,9.8,,%,2026-07-27,2026-09-04T14:24:27Z,DefiLlama,2,,,engine/crypto/README.md,
ETH,crypto,fundamental,tvl_percentile_365d,8.1,,%,2026-07-28,2026-09-04T14:24:27Z,DefiLlama,2,,,engine/crypto/README.md,
ETH,crypto,fundamental,tvl_percentile_365d,8.7,,%,2026-07-29,2026-09-04T14:24:27Z,DefiLlama,2,,,engine/crypto/README.md,
ETH,crypto,fundamental,tvl_percentile_365d,8.2,,%,2026-07-30,2026-09-04T14:24:27Z,DefiLlama,2,,,engine/crypto/README.md,
ETH,crypto,fundamental,tvl_percentile_365d,8.7,,%,2026-07-31,2026-09-04T14:24:27Z,DefiLlama,2,,,engine/crypto/README.md,
ETH,crypto,fundamental,tvl_percentile_365d,7.6,,%,2026-08-01,2026-09-04T14:24:27Z,DefiLlama,2,,,engine/crypto/README.md,
ETH,crypto,fundamental,tvl_percentile_365d,7.0,,%,2026-08-02,2026-09-04T14:24:27Z,DefiLlama,2,,,engine/crypto/README.md,
ETH,crypto,fundamental,tvl_percentile_365d,7.8,,%,2026-08-03,2026-09-04T14:24:27Z,DefiLlama,2,,,engine/crypto/README.md,
ETH,crypto,fundamental,tvl_percentile_365d,6.8,,%,2026-08-04,2026-09-04T14:24:27Z,DefiLlama,2,,,engine/crypto/README.md,
ETH,crypto,fundamental,tvl_percentile_365d,7.9,,%,2026-08-05,2026-09-04T14:24:27Z,DefiLlama,2,,,engine/crypto/README.md,
ETH,crypto,fundamental,tvl_percentile_365d,8.7,,%,2026-08-06,2026-09-04T14:24:27Z,DefiLlama,2,,,engine/crypto/README.md,
ETH,crypto,fundamental,tvl_percentile_365d,8.7,,%,2026-08-07,2026-09-04T14:24:27Z,DefiLlama,2,,,engine/crypto/README.md,
ETH,crypto,fundamental,tvl_percentile_365d,9.2,,%,2026-08-08,2026-09-04T14:24:27Z,DefiLlama,2,,,engine/crypto/README.md,
ETH,crypto,fundamental,tvl_percentile_365d,9.3,,%,2026-08-09,2026-09-04T14:24:27Z,DefiLlama,2,,,engine/crypto/README.md,
ETH,crypto,fundamental,tvl_percentile_365d,9.2,,%,2026-08-10,2026-09-04T14:24:27Z,DefiLlama,2,,,engine/crypto/README.md,
ETH,crypto,fundamental,tvl_percentile_365d,8.6,,%,2026-08-11,2026-09-04T14:24:27Z,DefiLlama,2,,,engine/crypto/README.md,
ETH,crypto,fundamental,tvl_percentile_365d,7.9,,%,2026-08-12,2026-09-04T14:24:27Z,DefiLlama,2,,,engine/crypto/README.md,
ETH,crypto,fundamental,tvl_percentile_365d,8.1,,%,2026-08-13,2026-09-04T14:24:27Z,DefiLlama,2,,,engine/crypto/README.md,
ETH,crypto,fundamental,tvl_percentile_365d,7.8,,%,2026-08-14,2026-09-04T14:24:27Z,DefiLlama,2,,,engine/crypto/README.md,
ETH,crypto,fundamental,tvl_percentile_365d,7.6,,%,2026-08-15,2026-09-04T14:24:27Z,DefiLlama,2,,,engine/crypto/README.md,
ETH,crypto,fundamental,tvl_percentile_365d,8.1,,%,2026-08-16,2026-09-04T14:24:27Z,DefiLlama,2,,,engine/crypto/README.md,
ETH,crypto,fundamental,tvl_percentile_365d,8.1,,%,2026-08-17,2026-09-04T14:24:27Z,DefiLlama,2,,,engine/crypto/README.md,
ETH,crypto,fundamental,tvl_percentile_365d,8.9,,%,2026-08-18,2026-09-04T14:24:27Z,DefiLlama,2,,,engine/crypto/README.md,
ETH,crypto,fundamental,tvl_percentile_365d,9.2,,%,2026-08-19,2026-09-04T14:24:27Z,DefiLlama,2,,,engine/crypto/README.md,
ETH,crypto,fundamental,tvl_percentile_365d,15.8,,%,2026-08-20,2026-09-04T14:24:27Z,DefiLlama,2,,,engine/crypto/README.md,
ETH,crypto,fundamental,tvl_percentile_365d,18.0,,%,2026-08-21,2026-09-04T14:24:27Z,DefiLlama,2,,,engine/crypto/README.md,
ETH,crypto,fundamental,tvl_percentile_365d,21.8,,%,2026-08-22,2026-09-04T14:24:27Z,DefiLlama,2,,,engine/crypto/README.md,
ETH,crypto,fundamental,tvl_percentile_365d,20.6,,%,2026-08-23,2026-09-04T14:24:27Z,DefiLlama,2,,,engine/crypto/README.md,
ETH,crypto,fundamental,tvl_percentile_365d,20.8,,%,2026-08-24,2026-09-04T14:24:27Z,DefiLlama,2,,,engine/crypto/README.md,
ETH,crypto,fundamental,tvl_percentile_365d,21.0,,%,2026-08-25,2026-09-04T14:24:27Z,DefiLlama,2,,,engine/crypto/README.md,
ETH,crypto,fundamental,tvl_percentile_365d,20.6,,%,2026-08-26,2026-09-04T14:24:27Z,DefiLlama,2,,,engine/crypto/README.md,
ETH,crypto,fundamental,tvl_percentile_365d,22.1,,%,2026-08-27,2026-09-04T14:24:27Z,DefiLlama,2,,,engine/crypto/README.md,
ETH,crypto,fundamental,tvl_percentile_365d,22.5,,%,2026-08-28,2026-09-04T14:24:27Z,DefiLlama,2,,,engine/crypto/README.md,
ETH,crypto,fundamental,tvl_percentile_365d,20.9,,%,2026-08-29,2026-09-04T14:24:27Z,DefiLlama,2,,,engine/crypto/README.md,
ETH,crypto,fundamental,tvl_percentile_365d,21.1,,%,2026-08-30,2026-09-04T14:24:27Z,DefiLlama,2,,,engine/crypto/README.md,
ETH,crypto,fundamental,tvl_percentile_365d,20.2,,%,2026-08-31,2026-09-04T14:24:27Z,DefiLlama,2,,,engine/crypto/README.md,
ETH,crypto,fundamental,tvl_percentile_365d,21.4,,%,2026-09-01,2026-09-04T14:24:27Z,DefiLlama,2,,,engine/crypto/README.md,
ETH,crypto,fundamental,tvl_percentile_365d,19.6,,%,2026-09-02,2026-09-04T14:24:27Z,DefiLlama,2,,,engine/crypto/README.md,
ETH,crypto,fundamental,tvl_percentile_365d,20.1,,%,2026-09-03,2026-09-03T11:40:58Z,DefiLlama,2,,80,engine/crypto/README.md,
ETH,crypto,fundamental,tvl_percentile_365d,22.4,,%,2026-09-04,2026-09-04T10:11:47Z,DefiLlama,2,,80,engine/crypto/README.md,
ETH,crypto,tecnico,atr14,101.556958,,EUR,2026-01-01,2026-09-04T15:50:40Z,Coinbase,2,,,engine/technical/README.md,
ETH,crypto,tecnico,atr14,104.563604,,EUR,2026-01-02,2026-09-04T15:50:40Z,Coinbase,2,,,engine/technical/README.md,
ETH,crypto,tecnico,atr14,100.889775,,EUR,2026-01-03,2026-09-04T15:50:40Z,Coinbase,2,,,engine/technical/README.md,
ETH,crypto,tecnico,atr14,96.709791,,EUR,2026-01-04,2026-09-04T15:50:40Z,Coinbase,2,,,engine/technical/README.md,
ETH,crypto,tecnico,atr14,97.232663,,EUR,2026-01-05,2026-09-04T15:50:40Z,Coinbase,2,,,engine/technical/README.md,
ETH,crypto,tecnico,atr14,97.988902,,EUR,2026-01-06,2026-09-04T15:50:40Z,Coinbase,2,,,engine/technical/README.md,
ETH,crypto,tecnico,atr14,101.343266,,EUR,2026-01-07,2026-09-04T15:50:40Z,Coinbase,2,,,engine/technical/README.md,
ETH,crypto,tecnico,atr14,101.747318,,EUR,2026-01-08,2026-09-04T15:50:40Z,Coinbase,2,,,engine/technical/README.md,
ETH,crypto,tecnico,atr14,99.625367,,EUR,2026-01-09,2026-09-04T15:50:40Z,Coinbase,2,,,engine/technical/README.md,
ETH,crypto,tecnico,atr14,94.139269,,EUR,2026-01-10,2026-09-04T15:50:40Z,Coinbase,2,,,engine/technical/README.md,
ETH,crypto,tecnico,atr14,91.095036,,EUR,2026-01-11,2026-09-04T15:50:40Z,Coinbase,2,,,engine/technical/README.md,
ETH,crypto,tecnico,atr14,91.291105,,EUR,2026-01-12,2026-09-04T15:50:40Z,Coinbase,2,,,engine/technical/README.md,
ETH,crypto,tecnico,atr14,101.981026,,EUR,2026-01-13,2026-09-04T15:50:40Z,Coinbase,2,,,engine/technical/README.md,
ETH,crypto,tecnico,atr14,102.215953,,EUR,2026-01-14,2026-09-04T15:50:40Z,Coinbase,2,,,engine/technical/README.md,
ETH,crypto,tecnico,atr14,102.134813,,EUR,2026-01-15,2026-09-04T15:50:40Z,Coinbase,2,,,engine/technical/README.md,
ETH,crypto,tecnico,atr14,99.135898,,EUR,2026-01-16,2026-09-04T15:50:40Z,Coinbase,2,,,engine/technical/README.md,
ETH,crypto,tecnico,atr14,94.989762,,EUR,2026-01-17,2026-09-04T15:50:40Z,Coinbase,2,,,engine/technical/README.md,
ETH,crypto,tecnico,atr14,94.336208,,EUR,2026-01-18,2026-09-04T15:50:40Z,Coinbase,2,,,engine/technical/README.md,
ETH,crypto,tecnico,atr14,95.36505,,EUR,2026-01-19,2026-09-04T15:50:40Z,Coinbase,2,,,engine/technical/README.md,
ETH,crypto,tecnico,atr14,107.508975,,EUR,2026-01-20,2026-09-04T15:50:40Z,Coinbase,2,,,engine/technical/README.md,
ETH,crypto,tecnico,atr14,112.436905,,EUR,2026-01-21,2026-09-04T15:50:40Z,Coinbase,2,,,engine/technical/README.md,
ETH,crypto,tecnico,atr14,113.084984,,EUR,2026-01-22,2026-09-04T15:50:40Z,Coinbase,2,,,engine/technical/README.md,
ETH,crypto,tecnico,atr14,112.081771,,EUR,2026-01-23,2026-09-04T15:50:40Z,Coinbase,2,,,engine/technical/README.md,
ETH,crypto,tecnico,atr14,105.550216,,EUR,2026-01-24,2026-09-04T15:50:40Z,Coinbase,2,,,engine/technical/README.md,
ETH,crypto,tecnico,atr14,109.235914,,EUR,2026-01-25,2026-09-04T15:50:40Z,Coinbase,2,,,engine/technical/README.md,
ETH,crypto,tecnico,atr14,109.508349,,EUR,2026-01-26,2026-09-04T15:50:40Z,Coinbase,2,,,engine/technical/README.md,
ETH,crypto,tecnico,atr14,108.179181,,EUR,2026-01-27,2026-09-04T15:50:40Z,Coinbase,2,,,engine/technical/README.md,
ETH,crypto,tecnico,atr14,104.373525,,EUR,2026-01-28,2026-09-04T15:50:40Z,Coinbase,2,,,engine/technical/README.md,
ETH,crypto,tecnico,atr14,112.111845,,EUR,2026-01-29,2026-09-04T15:50:40Z,Coinbase,2,,,engine/technical/README.md,
ETH,crypto,tecnico,atr14,114.136713,,EUR,2026-01-30,2026-09-04T15:50:40Z,Coinbase,2,,,engine/technical/README.md,
ETH,crypto,tecnico,atr14,134.077662,,EUR,2026-01-31,2026-09-04T15:50:40Z,Coinbase,2,,,engine/technical/README.md,
ETH,crypto,tecnico,atr14,140.139258,,EUR,2026-02-01,2026-09-04T15:50:40Z,Coinbase,2,,,engine/technical/README.md,
ETH,crypto,tecnico,atr14,145.506454,,EUR,2026-02-02,2026-09-04T15:50:40Z,Coinbase,2,,,engine/technical/README.md,
ETH,crypto,tecnico,atr14,150.315278,,EUR,2026-02-03,2026-09-04T15:50:40Z,Coinbase,2,,,engine/technical/README.md,
ETH,crypto,tecnico,atr14,152.607044,,EUR,2026-02-04,2026-09-04T15:50:40Z,Coinbase,2,,,engine/technical/README.md,
ETH,crypto,tecnico,atr14,162.913684,,EUR,2026-02-05,2026-09-04T15:50:40Z,Coinbase,2,,,engine/technical/README.md,
ETH,crypto,tecnico,atr14,172.089135,,EUR,2026-02-06,2026-09-04T15:50:40Z,Coinbase,2,,,engine/technical/README.md,
ETH,crypto,tecnico,atr14,167.648483,,EUR,2026-02-07,2026-09-04T15:50:40Z,Coinbase,2,,,engine/technical/README.md,
ETH,crypto,tecnico,atr14,160.698591,,EUR,2026-02-08,2026-09-04T15:50:40Z,Coinbase,2,,,engine/technical/README.md,
ETH,crypto,tecnico,atr14,157.434406,,EUR,2026-02-09,2026-09-04T15:50:40Z,Coinbase,2,,,engine/technical/README.md,
ETH,crypto,tecnico,atr14,154.70052,,EUR,2026-02-10,2026-09-04T15:50:40Z,Coinbase,2,,,engine/technical/README.md,
ETH,crypto,tecnico,atr14,151.019768,,EUR,2026-02-11,2026-09-04T15:50:40Z,Coinbase,2,,,engine/technical/README.md,
ETH,crypto,tecnico,atr14,146.348356,,EUR,2026-02-12,2026-09-04T15:50:40Z,Coinbase,2,,,engine/technical/README.md,
ETH,crypto,tecnico,atr14,144.658474,,EUR,2026-02-13,2026-09-04T15:50:40Z,Coinbase,2,,,engine/technical/README.md,
ETH,crypto,tecnico,atr14,138.31644,,EUR,2026-02-14,2026-09-04T15:50:40Z,Coinbase,2,,,engine/technical/README.md,
ETH,crypto,tecnico,atr14,139.042409,,EUR,2026-02-15,2026-09-04T15:50:40Z,Coinbase,2,,,engine/technical/README.md,
ETH,crypto,tecnico,atr14,134.300094,,EUR,2026-02-16,2026-09-04T15:50:40Z,Coinbase,2,,,engine/technical/README.md,
ETH,crypto,tecnico,atr14,128.758658,,EUR,2026-02-17,2026-09-04T15:50:40Z,Coinbase,2,,,engine/technical/README.md,
ETH,crypto,tecnico,atr14,126.07304,,EUR,2026-02-18,2026-09-04T15:50:40Z,Coinbase,2,,,engine/technical/README.md,
ETH,crypto,tecnico,atr14,121.689251,,EUR,2026-02-19,2026-09-04T15:50:40Z,Coinbase,2,,,engine/technical/README.md,
ETH,crypto,tecnico,atr14,116.245733,,EUR,2026-02-20,2026-09-04T15:50:40Z,Coinbase,2,,,engine/technical/README.md,
ETH,crypto,tecnico,atr14,110.365324,,EUR,2026-02-21,2026-09-04T15:50:40Z,Coinbase,2,,,engine/technical/README.md,
ETH,crypto,tecnico,atr14,105.433515,,EUR,2026-02-22,2026-09-04T15:50:40Z,Coinbase,2,,,engine/technical/README.md,
ETH,crypto,tecnico,atr14,104.824693,,EUR,2026-02-23,2026-09-04T15:50:40Z,Coinbase,2,,,engine/technical/README.md,
ETH,crypto,tecnico,atr14,101.4665,,EUR,2026-02-24,2026-09-04T15:50:40Z,Coinbase,2,,,engine/technical/README.md,
ETH,crypto,tecnico,atr14,112.114607,,EUR,2026-02-25,2026-09-04T15:50:40Z,Coinbase,2,,,engine/technical/README.md,
ETH,crypto,tecnico,atr14,110.462135,,EUR,2026-02-26,2026-09-04T15:50:40Z,Coinbase,2,,,engine/technical/README.md,
ETH,crypto,tecnico,atr14,113.272697,,EUR,2026-02-27,2026-09-04T15:50:40Z,Coinbase,2,,,engine/technical/README.md,
ETH,crypto,tecnico,atr14,114.266076,,EUR,2026-02-28,2026-09-04T15:50:40Z,Coinbase,2,,,engine/technical/README.md,
ETH,crypto,tecnico,atr14,114.782785,,EUR,2026-03-01,2026-09-04T15:50:40Z,Coinbase,2,,,engine/technical/README.md,
ETH,crypto,tecnico,atr14,117.254729,,EUR,2026-03-02,2026-09-04T15:50:40Z,Coinbase,2,,,engine/technical/README.md,
ETH,crypto,tecnico,atr14,114.591534,,EUR,2026-03-03,2026-09-04T15:50:40Z,Coinbase,2,,,engine/technical/README.md,
ETH,crypto,tecnico,atr14,121.77571,,EUR,2026-03-04,2026-09-04T15:50:40Z,Coinbase,2,,,engine/technical/README.md,
ETH,crypto,tecnico,atr14,119.428874,,EUR,2026-03-05,2026-09-04T15:50:40Z,Coinbase,2,,,engine/technical/README.md,
ETH,crypto,tecnico,atr14,119.106097,,EUR,2026-03-06,2026-09-04T15:50:40Z,Coinbase,2,,,engine/technical/README.md,
ETH,crypto,tecnico,atr14,113.44209,,EUR,2026-03-07,2026-09-04T15:50:40Z,Coinbase,2,,,engine/technical/README.md,
ETH,crypto,tecnico,atr14,108.884798,,EUR,2026-03-08,2026-09-04T15:50:40Z,Coinbase,2,,,engine/technical/README.md,
ETH,crypto,tecnico,atr14,107.694455,,EUR,2026-03-09,2026-09-04T15:50:40Z,Coinbase,2,,,engine/technical/README.md,
ETH,crypto,tecnico,atr14,105.659851,,EUR,2026-03-10,2026-09-04T15:50:40Z,Coinbase,2,,,engine/technical/README.md,
ETH,crypto,tecnico,atr14,103.438433,,EUR,2026-03-11,2026-09-04T15:50:40Z,Coinbase,2,,,engine/technical/README.md,
ETH,crypto,tecnico,atr14,100.921402,,EUR,2026-03-12,2026-09-04T15:50:40Z,Coinbase,2,,,engine/technical/README.md,
ETH,crypto,tecnico,atr14,102.862016,,EUR,2026-03-13,2026-09-04T15:50:40Z,Coinbase,2,,,engine/technical/README.md,
ETH,crypto,tecnico,atr14,98.19973,,EUR,2026-03-14,2026-09-04T15:50:40Z,Coinbase,2,,,engine/technical/README.md,
ETH,crypto,tecnico,atr14,98.344749,,EUR,2026-03-15,2026-09-04T15:50:40Z,Coinbase,2,,,engine/technical/README.md,
ETH,crypto,tecnico,atr14,104.311552,,EUR,2026-03-16,2026-09-04T15:50:40Z,Coinbase,2,,,engine/technical/README.md,
ETH,crypto,tecnico,atr14,101.807156,,EUR,2026-03-17,2026-09-04T15:50:40Z,Coinbase,2,,,engine/technical/README.md,
ETH,crypto,tecnico,atr14,105.896645,,EUR,2026-03-18,2026-09-04T15:50:40Z,Coinbase,2,,,engine/technical/README.md,
ETH,crypto,tecnico,atr14,106.991884,,EUR,2026-03-19,2026-09-04T15:50:40Z,Coinbase,2,,,engine/technical/README.md,
ETH,crypto,tecnico,atr14,102.936036,,EUR,2026-03-20,2026-09-04T15:50:40Z,Coinbase,2,,,engine/technical/README.md,
ETH,crypto,tecnico,atr14,101.471319,,EUR,2026-03-21,2026-09-04T15:50:40Z,Coinbase,2,,,engine/technical/README.md,
ETH,crypto,tecnico,atr14,100.191939,,EUR,2026-03-22,2026-09-04T15:50:40Z,Coinbase,2,,,engine/technical/README.md,
ETH,crypto,tecnico,atr14,103.623943,,EUR,2026-03-23,2026-09-04T15:50:40Z,Coinbase,2,,,engine/technical/README.md,
ETH,crypto,tecnico,atr14,100.451519,,EUR,2026-03-24,2026-09-04T15:50:40Z,Coinbase,2,,,engine/technical/README.md,
ETH,crypto,tecnico,atr14,96.822124,,EUR,2026-03-25,2026-09-04T15:50:40Z,Coinbase,2,,,engine/technical/README.md,
ETH,crypto,tecnico,atr14,98.104116,,EUR,2026-03-26,2026-09-04T15:50:40Z,Coinbase,2,,,engine/technical/README.md,
ETH,crypto,tecnico,atr14,97.488822,,EUR,2026-03-27,2026-09-04T15:50:40Z,Coinbase,2,,,engine/technical/README.md,
ETH,crypto,tecnico,atr14,94.440334,,EUR,2026-03-28,2026-09-04T15:50:40Z,Coinbase,2,,,engine/technical/README.md,
ETH,crypto,tecnico,atr14,92.486739,,EUR,2026-03-29,2026-09-04T15:50:40Z,Coinbase,2,,,engine/technical/README.md,
ETH,crypto,tecnico,atr14,92.401258,,EUR,2026-03-30,2026-09-04T15:50:40Z,Coinbase,2,,,engine/technical/README.md,
ETH,crypto,tecnico,atr14,91.714739,,EUR,2026-03-31,2026-09-04T15:50:40Z,Coinbase,2,,,engine/technical/README.md,
ETH,crypto,tecnico,atr14,90.105115,,EUR,2026-04-01,2026-09-04T15:50:40Z,Coinbase,2,,,engine/technical/README.md,
ETH,crypto,tecnico,atr14,91.653321,,EUR,2026-04-02,2026-09-04T15:50:40Z,Coinbase,2,,,engine/technical/README.md,
ETH,crypto,tecnico,atr14,87.665941,,EUR,2026-04-03,2026-09-04T15:50:40Z,Coinbase,2,,,engine/technical/README.md,
ETH,crypto,tecnico,atr14,83.81266,,EUR,2026-04-04,2026-09-04T15:50:40Z,Coinbase,2,,,engine/technical/README.md,
ETH,crypto,tecnico,atr14,84.071041,,EUR,2026-04-05,2026-09-04T15:50:40Z,Coinbase,2,,,engine/technical/README.md,
ETH,crypto,tecnico,atr14,83.235252,,EUR,2026-04-06,2026-09-04T15:50:40Z,Coinbase,2,,,engine/technical/README.md,
ETH,crypto,tecnico,atr14,88.91202,,EUR,2026-04-07,2026-09-04T15:50:40Z,Coinbase,2,,,engine/technical/README.md,
ETH,crypto,tecnico,atr14,87.433304,,EUR,2026-04-08,2026-09-04T15:50:40Z,Coinbase,2,,,engine/technical/README.md,
ETH,crypto,tecnico,atr14,86.399497,,EUR,2026-04-09,2026-09-04T15:50:40Z,Coinbase,2,,,engine/technical/README.md,
ETH,crypto,tecnico,atr14,84.69739,,EUR,2026-04-10,2026-09-04T15:50:40Z,Coinbase,2,,,engine/technical/README.md,
ETH,crypto,tecnico,atr14,84.792576,,EUR,2026-04-11,2026-09-04T15:50:40Z,Coinbase,2,,,engine/technical/README.md,
ETH,crypto,tecnico,atr14,85.560964,,EUR,2026-04-12,2026-09-04T15:50:40Z,Coinbase,2,,,engine/technical/README.md,
ETH,crypto,tecnico,atr14,91.853752,,EUR,2026-04-13,2026-09-04T15:50:40Z,Coinbase,2,,,engine/technical/README.md,
ETH,crypto,tecnico,atr14,92.081341,,EUR,2026-04-14,2026-09-04T15:50:40Z,Coinbase,2,,,engine/technical/README.md,
ETH,crypto,tecnico,atr14,89.953388,,EUR,2026-04-15,2026-09-04T15:50:40Z,Coinbase,2,,,engine/technical/README.md,
ETH,crypto,tecnico,atr14,88.319575,,EUR,2026-04-16,2026-09-04T15:50:40Z,Coinbase,2,,,engine/technical/README.md,
ETH,crypto,tecnico,atr14,90.825319,,EUR,2026-04-17,2026-09-04T15:50:40Z,Coinbase,2,,,engine/technical/README.md,
ETH,crypto,tecnico,atr14,89.668511,,EUR,2026-04-18,2026-09-04T15:50:40Z,Coinbase,2,,,engine/technical/README.md,
ETH,crypto,tecnico,atr14,89.233617,,EUR,2026-04-19,2026-09-04T15:50:40Z,Coinbase,2,,,engine/technical/README.md,
ETH,crypto,tecnico,atr14,87.512645,,EUR,2026-04-20,2026-09-04T15:50:40Z,Coinbase,2,,,engine/technical/README.md,
ETH,crypto,tecnico,atr14,84.064599,,EUR,2026-04-21,2026-09-04T15:50:40Z,Coinbase,2,,,engine/technical/README.md,
ETH,crypto,tecnico,atr14,84.878556,,EUR,2026-04-22,2026-09-04T15:50:40Z,Coinbase,2,,,engine/technical/README.md,
ETH,crypto,tecnico,atr14,84.210802,,EUR,2026-04-23,2026-09-04T15:50:40Z,Coinbase,2,,,engine/technical/README.md,
ETH,crypto,tecnico,atr14,80.617887,,EUR,2026-04-24,2026-09-04T15:50:40Z,Coinbase,2,,,engine/technical/README.md,
ETH,crypto,tecnico,atr14,76.165181,,EUR,2026-04-25,2026-09-04T15:50:40Z,Coinbase,2,,,engine/technical/README.md,
ETH,crypto,tecnico,atr14,75.25624,,EUR,2026-04-26,2026-09-04T15:50:40Z,Coinbase,2,,,engine/technical/README.md,
ETH,crypto,tecnico,atr14,78.42008,,EUR,2026-04-27,2026-09-04T15:50:40Z,Coinbase,2,,,engine/technical/README.md,
ETH,crypto,tecnico,atr14,75.707931,,EUR,2026-04-28,2026-09-04T15:50:40Z,Coinbase,2,,,engine/technical/README.md,
ETH,crypto,tecnico,atr14,77.730936,,EUR,2026-04-29,2026-09-04T15:50:40Z,Coinbase,2,,,engine/technical/README.md,
ETH,crypto,tecnico,atr14,74.827298,,EUR,2026-04-30,2026-09-04T15:50:40Z,Coinbase,2,,,engine/technical/README.md,
ETH,crypto,tecnico,atr14,73.161062,,EUR,2026-05-01,2026-09-04T15:50:40Z,Coinbase,2,,,engine/technical/README.md,
ETH,crypto,tecnico,atr14,70.911701,,EUR,2026-05-02,2026-09-04T15:50:40Z,Coinbase,2,,,engine/technical/README.md,
ETH,crypto,tecnico,atr14,69.215151,,EUR,2026-05-03,2026-09-04T15:50:40Z,Coinbase,2,,,engine/technical/README.md,
ETH,crypto,tecnico,atr14,69.558354,,EUR,2026-05-04,2026-09-04T15:50:40Z,Coinbase,2,,,engine/technical/README.md,
ETH,crypto,tecnico,atr14,67.897757,,EUR,2026-05-05,2026-09-04T15:50:40Z,Coinbase,2,,,engine/technical/README.md,
ETH,crypto,tecnico,atr14,67.83006,,EUR,2026-05-06,2026-09-04T15:50:40Z,Coinbase,2,,,engine/technical/README.md,
ETH,crypto,tecnico,atr14,67.391485,,EUR,2026-05-07,2026-09-04T15:50:40Z,Coinbase,2,,,engine/technical/README.md,
ETH,crypto,tecnico,atr14,66.296379,,EUR,2026-05-08,2026-09-04T15:50:40Z,Coinbase,2,,,engine/technical/README.md,
ETH,crypto,tecnico,atr14,63.890209,,EUR,2026-05-09,2026-09-04T15:50:40Z,Coinbase,2,,,engine/technical/README.md,
ETH,crypto,tecnico,atr14,63.668765,,EUR,2026-05-10,2026-09-04T15:50:40Z,Coinbase,2,,,engine/technical/README.md,
ETH,crypto,tecnico,atr14,63.594568,,EUR,2026-05-11,2026-09-04T15:50:40Z,Coinbase,2,,,engine/technical/README.md,
ETH,crypto,tecnico,atr14,63.594241,,EUR,2026-05-12,2026-09-04T15:50:40Z,Coinbase,2,,,engine/technical/README.md,
ETH,crypto,tecnico,atr14,64.665367,,EUR,2026-05-13,2026-09-04T15:50:40Z,Coinbase,2,,,engine/technical/README.md,
ETH,crypto,tecnico,atr14,65.426412,,EUR,2026-05-14,2026-09-04T15:50:40Z,Coinbase,2,,,engine/technical/README.md,
ETH,crypto,tecnico,atr14,66.187383,,EUR,2026-05-15,2026-09-04T15:50:40Z,Coinbase,2,,,engine/technical/README.md,
ETH,crypto,tecnico,atr14,65.543284,,EUR,2026-05-16,2026-09-04T15:50:40Z,Coinbase,2,,,engine/technical/README.md,
ETH,crypto,tecnico,atr14,67.417335,,EUR,2026-05-17,2026-09-04T15:50:40Z,Coinbase,2,,,engine/technical/README.md,
ETH,crypto,tecnico,atr14,67.293954,,EUR,2026-05-18,2026-09-04T15:50:40Z,Coinbase,2,,,engine/technical/README.md,
ETH,crypto,tecnico,atr14,65.164386,,EUR,2026-05-19,2026-09-04T15:50:40Z,Coinbase,2,,,engine/technical/README.md,
ETH,crypto,tecnico,atr14,63.061216,,EUR,2026-05-20,2026-09-04T15:50:40Z,Coinbase,2,,,engine/technical/README.md,
ETH,crypto,tecnico,atr14,61.148986,,EUR,2026-05-21,2026-09-04T15:50:40Z,Coinbase,2,,,engine/technical/README.md,
ETH,crypto,tecnico,atr14,61.80263,,EUR,2026-05-22,2026-09-04T15:50:40Z,Coinbase,2,,,engine/technical/README.md,
ETH,crypto,tecnico,atr14,66.024585,,EUR,2026-05-23,2026-09-04T15:50:40Z,Coinbase,2,,,engine/technical/README.md,
ETH,crypto,tecnico,atr14,65.795686,,EUR,2026-05-24,2026-09-04T15:50:40Z,Coinbase,2,,,engine/technical/README.md,
ETH,crypto,tecnico,atr14,64.068137,,EUR,2026-05-25,2026-09-04T15:50:40Z,Coinbase,2,,,engine/technical/README.md,
ETH,crypto,tecnico,atr14,64.735413,,EUR,2026-05-26,2026-09-04T15:50:40Z,Coinbase,2,,,engine/technical/README.md,
ETH,crypto,tecnico,atr14,64.876455,,EUR,2026-05-27,2026-09-04T15:50:40Z,Coinbase,2,,,engine/technical/README.md,
ETH,crypto,tecnico,atr14,64.129565,,EUR,2026-05-28,2026-09-04T15:50:40Z,Coinbase,2,,,engine/technical/README.md,
ETH,crypto,tecnico,atr14,63.379596,,EUR,2026-05-29,2026-09-04T15:50:40Z,Coinbase,2,,,engine/technical/README.md,
ETH,crypto,tecnico,atr14,60.663196,,EUR,2026-05-30,2026-09-04T15:50:40Z,Coinbase,2,,,engine/technical/README.md,
ETH,crypto,tecnico,atr14,58.974397,,EUR,2026-05-31,2026-09-04T15:50:40Z,Coinbase,2,,,engine/technical/README.md,
ETH,crypto,tecnico,atr14,58.335511,,EUR,2026-06-01,2026-09-04T15:50:40Z,Coinbase,2,,,engine/technical/README.md,
ETH,crypto,tecnico,atr14,64.303689,,EUR,2026-06-02,2026-09-04T15:50:40Z,Coinbase,2,,,engine/technical/README.md,
ETH,crypto,tecnico,atr14,67.004854,,EUR,2026-06-03,2026-09-04T15:50:40Z,Coinbase,2,,,engine/technical/README.md,
ETH,crypto,tecnico,atr14,68.487364,,EUR,2026-06-04,2026-09-04T15:50:40Z,Coinbase,2,,,engine/technical/README.md,
ETH,crypto,tecnico,atr14,77.179696,,EUR,2026-06-05,2026-09-04T15:50:40Z,Coinbase,2,,,engine/technical/README.md,
ETH,crypto,tecnico,atr14,77.488289,,EUR,2026-06-06,2026-09-04T15:50:40Z,Coinbase,2,,,engine/technical/README.md,
ETH,crypto,tecnico,atr14,81.497697,,EUR,2026-06-07,2026-09-04T15:50:40Z,Coinbase,2,,,engine/technical/README.md,
ETH,crypto,tecnico,atr14,79.947147,,EUR,2026-06-08,2026-09-04T15:50:40Z,Coinbase,2,,,engine/technical/README.md,
ETH,crypto,tecnico,atr14,79.493779,,EUR,2026-06-09,2026-09-04T15:50:40Z,Coinbase,2,,,engine/technical/README.md,
ETH,crypto,tecnico,atr14,77.525652,,EUR,2026-06-10,2026-09-04T15:50:40Z,Coinbase,2,,,engine/technical/README.md,
ETH,crypto,tecnico,atr14,76.208106,,EUR,2026-06-11,2026-09-04T15:50:40Z,Coinbase,2,,,engine/technical/README.md,
ETH,crypto,tecnico,atr14,73.138241,,EUR,2026-06-12,2026-09-04T15:50:40Z,Coinbase,2,,,engine/technical/README.md,
ETH,crypto,tecnico,atr14,70.084081,,EUR,2026-06-13,2026-09-04T15:50:40Z,Coinbase,2,,,engine/technical/README.md,
ETH,crypto,tecnico,atr14,69.435932,,EUR,2026-06-14,2026-09-04T15:50:40Z,Coinbase,2,,,engine/technical/README.md,
ETH,crypto,tecnico,atr14,73.011223,,EUR,2026-06-15,2026-09-04T15:50:40Z,Coinbase,2,,,engine/technical/README.md,
ETH,crypto,tecnico,atr14,72.593278,,EUR,2026-06-16,2026-09-04T15:50:40Z,Coinbase,2,,,engine/technical/README.md,
ETH,crypto,tecnico,atr14,71.511616,,EUR,2026-06-17,2026-09-04T15:50:40Z,Coinbase,2,,,engine/technical/README.md,
ETH,crypto,tecnico,atr14,71.660786,,EUR,2026-06-18,2026-09-04T15:50:40Z,Coinbase,2,,,engine/technical/README.md,
ETH,crypto,tecnico,atr14,69.035015,,EUR,2026-06-19,2026-09-04T15:50:40Z,Coinbase,2,,,engine/technical/README.md,
ETH,crypto,tecnico,atr14,66.9068,,EUR,2026-06-20,2026-09-04T15:50:40Z,Coinbase,2,,,engine/technical/README.md,
ETH,crypto,tecnico,atr14,64.503457,,EUR,2026-06-21,2026-09-04T15:50:40Z,Coinbase,2,,,engine/technical/README.md,
ETH,crypto,tecnico,atr14,64.52821,,EUR,2026-06-22,2026-09-04T15:50:40Z,Coinbase,2,,,engine/technical/README.md,
ETH,crypto,tecnico,atr14,66.079767,,EUR,2026-06-23,2026-09-04T15:50:40Z,Coinbase,2,,,engine/technical/README.md,
ETH,crypto,tecnico,atr14,70.190498,,EUR,2026-06-24,2026-09-04T15:50:40Z,Coinbase,2,,,engine/technical/README.md,
ETH,crypto,tecnico,atr14,73.236176,,EUR,2026-06-25,2026-09-04T15:50:40Z,Coinbase,2,,,engine/technical/README.md,
ETH,crypto,tecnico,atr14,72.820021,,EUR,2026-06-26,2026-09-04T15:50:40Z,Coinbase,2,,,engine/technical/README.md,
ETH,crypto,tecnico,atr14,70.559305,,EUR,2026-06-27,2026-09-04T15:50:40Z,Coinbase,2,,,engine/technical/README.md,
ETH,crypto,tecnico,atr14,68.042926,,EUR,2026-06-28,2026-09-04T15:50:40Z,Coinbase,2,,,engine/technical/README.md,
ETH,crypto,tecnico,atr14,68.357717,,EUR,2026-06-29,2026-09-04T15:50:40Z,Coinbase,2,,,engine/technical/README.md,
ETH,crypto,tecnico,atr14,67.257166,,EUR,2026-06-30,2026-09-04T15:50:40Z,Coinbase,2,,,engine/technical/README.md,
ETH,crypto,tecnico,atr14,68.482368,,EUR,2026-07-01,2026-09-04T15:50:40Z,Coinbase,2,,,engine/technical/README.md,
ETH,crypto,tecnico,atr14,70.864342,,EUR,2026-07-02,2026-09-04T15:50:40Z,Coinbase,2,,,engine/technical/README.md,
ETH,crypto,tecnico,atr14,70.774746,,EUR,2026-07-03,2026-09-04T15:50:40Z,Coinbase,2,,,engine/technical/README.md,
ETH,crypto,tecnico,atr14,69.69655,,EUR,2026-07-04,2026-09-04T15:50:40Z,Coinbase,2,,,engine/technical/README.md,
ETH,crypto,tecnico,atr14,68.351082,,EUR,2026-07-05,2026-09-04T15:50:40Z,Coinbase,2,,,engine/technical/README.md,
ETH,crypto,tecnico,atr14,69.712433,,EUR,2026-07-06,2026-09-04T15:50:40Z,Coinbase,2,,,engine/technical/README.md,
ETH,crypto,tecnico,atr14,68.237974,,EUR,2026-07-07,2026-09-04T15:50:40Z,Coinbase,2,,,engine/technical/README.md,
ETH,crypto,tecnico,atr14,67.790262,,EUR,2026-07-08,2026-09-04T15:50:40Z,Coinbase,2,,,engine/technical/README.md,
ETH,crypto,tecnico,atr14,65.3581,,EUR,2026-07-09,2026-09-04T15:50:40Z,Coinbase,2,,,engine/technical/README.md,
ETH,crypto,tecnico,atr14,65.421093,,EUR,2026-07-10,2026-09-04T15:50:40Z,Coinbase,2,,,engine/technical/README.md,
ETH,crypto,tecnico,atr14,63.498872,,EUR,2026-07-11,2026-09-04T15:50:40Z,Coinbase,2,,,engine/technical/README.md,
ETH,crypto,tecnico,atr14,61.884667,,EUR,2026-07-12,2026-09-04T15:50:40Z,Coinbase,2,,,engine/technical/README.md,
ETH,crypto,tecnico,atr14,63.298619,,EUR,2026-07-13,2026-09-04T15:50:40Z,Coinbase,2,,,engine/technical/README.md,
ETH,crypto,tecnico,atr14,66.117289,,EUR,2026-07-14,2026-09-04T15:50:40Z,Coinbase,2,,,engine/technical/README.md,
ETH,crypto,tecnico,atr14,66.623197,,EUR,2026-07-15,2026-09-04T15:50:40Z,Coinbase,2,,,engine/technical/README.md,
ETH,crypto,tecnico,atr14,66.083683,,EUR,2026-07-16,2026-09-04T15:50:40Z,Coinbase,2,,,engine/technical/README.md,
ETH,crypto,tecnico,atr14,65.364134,,EUR,2026-07-17,2026-09-04T15:50:40Z,Coinbase,2,,,engine/technical/README.md,
ETH,crypto,tecnico,atr14,62.534553,,EUR,2026-07-18,2026-09-04T15:50:40Z,Coinbase,2,,,engine/technical/README.md,
ETH,crypto,tecnico,atr14,59.934942,,EUR,2026-07-19,2026-09-04T15:50:40Z,Coinbase,2,,,engine/technical/README.md,
ETH,crypto,tecnico,atr14,60.542446,,EUR,2026-07-20,2026-09-04T15:50:40Z,Coinbase,2,,,engine/technical/README.md,
ETH,crypto,tecnico,atr14,59.435843,,EUR,2026-07-21,2026-09-04T15:50:40Z,Coinbase,2,,,engine/technical/README.md,
ETH,crypto,tecnico,atr14,58.038997,,EUR,2026-07-22,2026-09-04T15:50:40Z,Coinbase,2,,,engine/technical/README.md,
ETH,crypto,tecnico,atr14,58.06764,,EUR,2026-07-23,2026-09-04T15:50:40Z,Coinbase,2,,,engine/technical/README.md,
ETH,crypto,tecnico,atr14,57.627094,,EUR,2026-07-24,2026-09-04T15:50:40Z,Coinbase,2,,,engine/technical/README.md,
ETH,crypto,tecnico,atr14,55.121588,,EUR,2026-07-25,2026-09-04T15:50:40Z,Coinbase,2,,,engine/technical/README.md,
ETH,crypto,tecnico,atr14,56.729331,,EUR,2026-07-26,2026-09-04T15:50:40Z,Coinbase,2,,,engine/technical/README.md,
ETH,crypto,tecnico,atr14,58.492236,,EUR,2026-07-27,2026-09-04T15:50:40Z,Coinbase,2,,,engine/technical/README.md,
ETH,crypto,tecnico,atr14,58.621362,,EUR,2026-07-28,2026-09-04T15:50:40Z,Coinbase,2,,,engine/technical/README.md,
ETH,crypto,tecnico,atr14,58.720551,,EUR,2026-07-29,2026-09-04T15:50:40Z,Coinbase,2,,,engine/technical/README.md,
ETH,crypto,tecnico,atr14,56.75694,,EUR,2026-07-30,2026-09-04T15:50:40Z,Coinbase,2,,,engine/technical/README.md,
ETH,crypto,tecnico,atr14,57.697873,,EUR,2026-07-31,2026-09-04T15:50:40Z,Coinbase,2,,,engine/technical/README.md,
ETH,crypto,tecnico,atr14,56.809453,,EUR,2026-08-01,2026-09-04T15:50:40Z,Coinbase,2,,,engine/technical/README.md,
ETH,crypto,tecnico,atr14,55.830921,,EUR,2026-08-02,2026-09-04T15:50:40Z,Coinbase,2,,,engine/technical/README.md,
ETH,crypto,tecnico,atr14,55.274427,,EUR,2026-08-03,2026-09-04T15:50:40Z,Coinbase,2,,,engine/technical/README.md,
ETH,crypto,tecnico,atr14,53.273396,,EUR,2026-08-04,2026-09-04T15:50:40Z,Coinbase,2,,,engine/technical/README.md,
ETH,crypto,tecnico,atr14,53.814582,,EUR,2026-08-05,2026-09-04T15:50:40Z,Coinbase,2,,,engine/technical/README.md,
ETH,crypto,tecnico,atr14,51.808541,,EUR,2026-08-06,2026-09-04T15:50:40Z,Coinbase,2,,,engine/technical/README.md,
ETH,crypto,tecnico,atr14,50.869359,,EUR,2026-08-07,2026-09-04T15:50:40Z,Coinbase,2,,,engine/technical/README.md,
ETH,crypto,tecnico,atr14,48.082262,,EUR,2026-08-08,2026-09-04T15:50:40Z,Coinbase,2,,,engine/technical/README.md,
ETH,crypto,tecnico,atr14,46.474243,,EUR,2026-08-09,2026-09-04T15:50:40Z,Coinbase,2,,,engine/technical/README.md,
ETH,crypto,tecnico,atr14,46.984654,,EUR,2026-08-10,2026-09-04T15:50:40Z,Coinbase,2,,,engine/technical/README.md,
ETH,crypto,tecnico,atr14,46.184322,,EUR,2026-08-11,2026-09-04T15:50:40Z,Coinbase,2,,,engine/technical/README.md,
ETH,crypto,tecnico,atr14,45.835442,,EUR,2026-08-12,2026-09-04T15:50:40Z,Coinbase,2,,,engine/technical/README.md,
ETH,crypto,tecnico,atr14,44.785053,,EUR,2026-08-13,2026-09-04T15:50:40Z,Coinbase,2,,,engine/technical/README.md,
ETH,crypto,tecnico,atr14,43.703264,,EUR,2026-08-14,2026-09-04T15:50:40Z,Coinbase,2,,,engine/technical/README.md,
ETH,crypto,tecnico,atr14,41.233031,,EUR,2026-08-15,2026-09-04T15:50:40Z,Coinbase,2,,,engine/technical/README.md,
ETH,crypto,tecnico,atr14,39.735671,,EUR,2026-08-16,2026-09-04T15:50:40Z,Coinbase,2,,,engine/technical/README.md,
ETH,crypto,tecnico,atr14,39.68098,,EUR,2026-08-17,2026-09-04T15:50:40Z,Coinbase,2,,,engine/technical/README.md,
ETH,crypto,tecnico,atr14,39.040196,,EUR,2026-08-18,2026-09-04T15:50:40Z,Coinbase,2,,,engine/technical/README.md,
ETH,crypto,tecnico,atr14,61.494468,,EUR,2026-08-19,2026-09-04T15:50:40Z,Coinbase,2,,,engine/technical/README.md,
ETH,crypto,tecnico,atr14,65.57272,,EUR,2026-08-20,2026-09-04T15:50:40Z,Coinbase,2,,,engine/technical/README.md,
ETH,crypto,tecnico,atr14,74.38324,,EUR,2026-08-21,2026-09-04T15:50:40Z,Coinbase,2,,,engine/technical/README.md,
ETH,crypto,tecnico,atr14,79.817294,,EUR,2026-08-22,2026-09-04T15:50:40Z,Coinbase,2,,,engine/technical/README.md,
ETH,crypto,tecnico,atr14,82.433916,,EUR,2026-08-23,2026-09-04T15:50:40Z,Coinbase,2,,,engine/technical/README.md,
ETH,crypto,tecnico,atr14,83.382208,,EUR,2026-08-24,2026-09-04T15:50:40Z,Coinbase,2,,,engine/technical/README.md,
ETH,crypto,tecnico,atr14,84.643479,,EUR,2026-08-25,2026-09-04T15:50:40Z,Coinbase,2,,,engine/technical/README.md,
ETH,crypto,tecnico,atr14,83.74823,,EUR,2026-08-26,2026-09-04T15:50:40Z,Coinbase,2,,,engine/technical/README.md,
ETH,crypto,tecnico,atr14,83.069785,,EUR,2026-08-27,2026-09-04T15:50:40Z,Coinbase,2,,,engine/technical/README.md,
ETH,crypto,tecnico,atr14,84.410515,,EUR,2026-08-28,2026-09-04T15:50:40Z,Coinbase,2,,,engine/technical/README.md,
ETH,crypto,tecnico,atr14,80.363335,,EUR,2026-08-29,2026-09-04T15:50:40Z,Coinbase,2,,,engine/technical/README.md,
ETH,crypto,tecnico,atr14,83.77524,,EUR,2026-08-30,2026-09-04T15:50:40Z,Coinbase,2,,,engine/technical/README.md,
ETH,crypto,tecnico,atr14,83.506294,,EUR,2026-08-31,2026-09-04T15:50:40Z,Coinbase,2,,,engine/technical/README.md,
ETH,crypto,tecnico,atr14,83.544416,,EUR,2026-09-01,2026-09-04T15:50:40Z,Coinbase,2,,,engine/technical/README.md,
ETH,crypto,tecnico,atr14,82.009101,,EUR,2026-09-02,2026-09-04T15:50:40Z,Coinbase,2,,,engine/technical/README.md,
ETH,crypto,tecnico,atr14,78.914574,,EUR,2026-09-03,2026-09-03T12:15:39Z,Kraken,2,100,,engine/technical/README.md,
ETH,crypto,tecnico,atr14,81.159469,,EUR,2026-09-04,2026-09-04T10:11:47Z,Kraken,2,100,,engine/technical/README.md,
ETH,crypto,tecnico,atr14_pct_precio,3.98,,%,2026-01-01,2026-09-04T15:50:40Z,Coinbase,2,,,engine/technical/README.md,
ETH,crypto,tecnico,atr14_pct_precio,3.92,,%,2026-01-02,2026-09-04T15:50:40Z,Coinbase,2,,,engine/technical/README.md,
ETH,crypto,tecnico,atr14_pct_precio,3.78,,%,2026-01-03,2026-09-04T15:50:40Z,Coinbase,2,,,engine/technical/README.md,
ETH,crypto,tecnico,atr14_pct_precio,3.6,,%,2026-01-04,2026-09-04T15:50:40Z,Coinbase,2,,,engine/technical/README.md,
ETH,crypto,tecnico,atr14_pct_precio,3.53,,%,2026-01-05,2026-09-04T15:50:40Z,Coinbase,2,,,engine/technical/README.md,
ETH,crypto,tecnico,atr14_pct_precio,3.48,,%,2026-01-06,2026-09-04T15:50:40Z,Coinbase,2,,,engine/technical/README.md,
ETH,crypto,tecnico,atr14_pct_precio,3.74,,%,2026-01-07,2026-09-04T15:50:40Z,Coinbase,2,,,engine/technical/README.md,
ETH,crypto,tecnico,atr14_pct_precio,3.82,,%,2026-01-08,2026-09-04T15:50:40Z,Coinbase,2,,,engine/technical/README.md,
ETH,crypto,tecnico,atr14_pct_precio,3.76,,%,2026-01-09,2026-09-04T15:50:40Z,Coinbase,2,,,engine/technical/README.md,
ETH,crypto,tecnico,atr14_pct_precio,3.55,,%,2026-01-10,2026-09-04T15:50:40Z,Coinbase,2,,,engine/technical/README.md,
ETH,crypto,tecnico,atr14_pct_precio,3.39,,%,2026-01-11,2026-09-04T15:50:40Z,Coinbase,2,,,engine/technical/README.md,
ETH,crypto,tecnico,atr14_pct_precio,3.44,,%,2026-01-12,2026-09-04T15:50:40Z,Coinbase,2,,,engine/technical/README.md,
ETH,crypto,tecnico,atr14_pct_precio,3.57,,%,2026-01-13,2026-09-04T15:50:40Z,Coinbase,2,,,engine/technical/README.md,
ETH,crypto,tecnico,atr14_pct_precio,3.55,,%,2026-01-14,2026-09-04T15:50:40Z,Coinbase,2,,,engine/technical/README.md,
ETH,crypto,tecnico,atr14_pct_precio,3.57,,%,2026-01-15,2026-09-04T15:50:40Z,Coinbase,2,,,engine/technical/README.md,
ETH,crypto,tecnico,atr14_pct_precio,3.49,,%,2026-01-16,2026-09-04T15:50:40Z,Coinbase,2,,,engine/technical/README.md,
ETH,crypto,tecnico,atr14_pct_precio,3.33,,%,2026-01-17,2026-09-04T15:50:40Z,Coinbase,2,,,engine/technical/README.md,
ETH,crypto,tecnico,atr14_pct_precio,3.34,,%,2026-01-18,2026-09-04T15:50:40Z,Coinbase,2,,,engine/technical/README.md,
ETH,crypto,tecnico,atr14_pct_precio,3.48,,%,2026-01-19,2026-09-04T15:50:40Z,Coinbase,2,,,engine/technical/README.md,
ETH,crypto,tecnico,atr14_pct_precio,4.29,,%,2026-01-20,2026-09-04T15:50:40Z,Coinbase,2,,,engine/technical/README.md,
ETH,crypto,tecnico,atr14_pct_precio,4.4,,%,2026-01-21,2026-09-04T15:50:40Z,Coinbase,2,,,engine/technical/README.md,
ETH,crypto,tecnico,atr14_pct_precio,4.51,,%,2026-01-22,2026-09-04T15:50:40Z,Coinbase,2,,,engine/technical/README.md,
ETH,crypto,tecnico,atr14_pct_precio,4.49,,%,2026-01-23,2026-09-04T15:50:40Z,Coinbase,2,,,engine/technical/README.md,
ETH,crypto,tecnico,atr14_pct_precio,4.23,,%,2026-01-24,2026-09-04T15:50:40Z,Coinbase,2,,,engine/technical/README.md,
ETH,crypto,tecnico,atr14_pct_precio,4.6,,%,2026-01-25,2026-09-04T15:50:40Z,Coinbase,2,,,engine/technical/README.md,
ETH,crypto,tecnico,atr14_pct_precio,4.44,,%,2026-01-26,2026-09-04T15:50:40Z,Coinbase,2,,,engine/technical/README.md,
ETH,crypto,tecnico,atr14_pct_precio,4.3,,%,2026-01-27,2026-09-04T15:50:40Z,Coinbase,2,,,engine/technical/README.md,
ETH,crypto,tecnico,atr14_pct_precio,4.16,,%,2026-01-28,2026-09-04T15:50:40Z,Coinbase,2,,,engine/technical/README.md,
ETH,crypto,tecnico,atr14_pct_precio,4.75,,%,2026-01-29,2026-09-04T15:50:40Z,Coinbase,2,,,engine/technical/README.md,
ETH,crypto,tecnico,atr14_pct_precio,5.0,,%,2026-01-30,2026-09-04T15:50:40Z,Coinbase,2,,,engine/technical/README.md,
ETH,crypto,tecnico,atr14_pct_precio,6.47,,%,2026-01-31,2026-09-04T15:50:40Z,Coinbase,2,,,engine/technical/README.md,
ETH,crypto,tecnico,atr14_pct_precio,7.32,,%,2026-02-01,2026-09-04T15:50:40Z,Coinbase,2,,,engine/technical/README.md,
ETH,crypto,tecnico,atr14_pct_precio,7.32,,%,2026-02-02,2026-09-04T15:50:40Z,Coinbase,2,,,engine/technical/README.md,
ETH,crypto,tecnico,atr14_pct_precio,7.96,,%,2026-02-03,2026-09-04T15:50:40Z,Coinbase,2,,,engine/technical/README.md,
ETH,crypto,tecnico,atr14_pct_precio,8.4,,%,2026-02-04,2026-09-04T15:50:40Z,Coinbase,2,,,engine/technical/README.md,
ETH,crypto,tecnico,atr14_pct_precio,10.51,,%,2026-02-05,2026-09-04T15:50:40Z,Coinbase,2,,,engine/technical/README.md,
ETH,crypto,tecnico,atr14_pct_precio,9.84,,%,2026-02-06,2026-09-04T15:50:40Z,Coinbase,2,,,engine/technical/README.md,
ETH,crypto,tecnico,atr14_pct_precio,9.45,,%,2026-02-07,2026-09-04T15:50:40Z,Coinbase,2,,,engine/technical/README.md,
ETH,crypto,tecnico,atr14_pct_precio,9.08,,%,2026-02-08,2026-09-04T15:50:40Z,Coinbase,2,,,engine/technical/README.md,
ETH,crypto,tecnico,atr14_pct_precio,8.9,,%,2026-02-09,2026-09-04T15:50:40Z,Coinbase,2,,,engine/technical/README.md,
ETH,crypto,tecnico,atr14_pct_precio,9.09,,%,2026-02-10,2026-09-04T15:50:40Z,Coinbase,2,,,engine/technical/README.md,
ETH,crypto,tecnico,atr14_pct_precio,9.24,,%,2026-02-11,2026-09-04T15:50:40Z,Coinbase,2,,,engine/technical/README.md,
ETH,crypto,tecnico,atr14_pct_precio,8.93,,%,2026-02-12,2026-09-04T15:50:40Z,Coinbase,2,,,engine/technical/README.md,
ETH,crypto,tecnico,atr14_pct_precio,8.38,,%,2026-02-13,2026-09-04T15:50:40Z,Coinbase,2,,,engine/technical/README.md,
ETH,crypto,tecnico,atr14_pct_precio,7.85,,%,2026-02-14,2026-09-04T15:50:40Z,Coinbase,2,,,engine/technical/README.md,
ETH,crypto,tecnico,atr14_pct_precio,8.39,,%,2026-02-15,2026-09-04T15:50:40Z,Coinbase,2,,,engine/technical/README.md,
ETH,crypto,tecnico,atr14_pct_precio,7.96,,%,2026-02-16,2026-09-04T15:50:40Z,Coinbase,2,,,engine/technical/README.md,
ETH,crypto,tecnico,atr14_pct_precio,7.66,,%,2026-02-17,2026-09-04T15:50:40Z,Coinbase,2,,,engine/technical/README.md,
ETH,crypto,tecnico,atr14_pct_precio,7.6,,%,2026-02-18,2026-09-04T15:50:40Z,Coinbase,2,,,engine/technical/README.md,
ETH,crypto,tecnico,atr14_pct_precio,7.35,,%,2026-02-19,2026-09-04T15:50:40Z,Coinbase,2,,,engine/technical/README.md,
ETH,crypto,tecnico,atr14_pct_precio,6.96,,%,2026-02-20,2026-09-04T15:50:40Z,Coinbase,2,,,engine/technical/README.md,
ETH,crypto,tecnico,atr14_pct_precio,6.59,,%,2026-02-21,2026-09-04T15:50:40Z,Coinbase,2,,,engine/technical/README.md,
ETH,crypto,tecnico,atr14_pct_precio,6.37,,%,2026-02-22,2026-09-04T15:50:40Z,Coinbase,2,,,engine/technical/README.md,
ETH,crypto,tecnico,atr14_pct_precio,6.66,,%,2026-02-23,2026-09-04T15:50:40Z,Coinbase,2,,,engine/technical/README.md,
ETH,crypto,tecnico,atr14_pct_precio,6.45,,%,2026-02-24,2026-09-04T15:50:40Z,Coinbase,2,,,engine/technical/README.md,
ETH,crypto,tecnico,atr14_pct_precio,6.44,,%,2026-02-25,2026-09-04T15:50:40Z,Coinbase,2,,,engine/technical/README.md,
ETH,crypto,tecnico,atr14_pct_precio,6.43,,%,2026-02-26,2026-09-04T15:50:40Z,Coinbase,2,,,engine/technical/README.md,
ETH,crypto,tecnico,atr14_pct_precio,6.93,,%,2026-02-27,2026-09-04T15:50:40Z,Coinbase,2,,,engine/technical/README.md,
ETH,crypto,tecnico,atr14_pct_precio,6.85,,%,2026-02-28,2026-09-04T15:50:40Z,Coinbase,2,,,engine/technical/README.md,
ETH,crypto,tecnico,atr14_pct_precio,6.95,,%,2026-03-01,2026-09-04T15:50:40Z,Coinbase,2,,,engine/technical/README.md,
ETH,crypto,tecnico,atr14_pct_precio,6.76,,%,2026-03-02,2026-09-04T15:50:40Z,Coinbase,2,,,engine/technical/README.md,
ETH,crypto,tecnico,atr14_pct_precio,6.71,,%,2026-03-03,2026-09-04T15:50:40Z,Coinbase,2,,,engine/technical/README.md,
ETH,crypto,tecnico,atr14_pct_precio,6.65,,%,2026-03-04,2026-09-04T15:50:40Z,Coinbase,2,,,engine/technical/README.md,
ETH,crypto,tecnico,atr14_pct_precio,6.68,,%,2026-03-05,2026-09-04T15:50:40Z,Coinbase,2,,,engine/technical/README.md,
ETH,crypto,tecnico,atr14_pct_precio,6.99,,%,2026-03-06,2026-09-04T15:50:40Z,Coinbase,2,,,engine/technical/README.md,
ETH,crypto,tecnico,atr14_pct_precio,6.68,,%,2026-03-07,2026-09-04T15:50:40Z,Coinbase,2,,,engine/technical/README.md,
ETH,crypto,tecnico,atr14_pct_precio,6.47,,%,2026-03-08,2026-09-04T15:50:40Z,Coinbase,2,,,engine/technical/README.md,
ETH,crypto,tecnico,atr14_pct_precio,6.28,,%,2026-03-09,2026-09-04T15:50:40Z,Coinbase,2,,,engine/technical/README.md,
ETH,crypto,tecnico,atr14_pct_precio,6.02,,%,2026-03-10,2026-09-04T15:50:40Z,Coinbase,2,,,engine/technical/README.md,
ETH,crypto,tecnico,atr14_pct_precio,5.82,,%,2026-03-11,2026-09-04T15:50:40Z,Coinbase,2,,,engine/technical/README.md,
ETH,crypto,tecnico,atr14_pct_precio,5.61,,%,2026-03-12,2026-09-04T15:50:40Z,Coinbase,2,,,engine/technical/README.md,
ETH,crypto,tecnico,atr14_pct_precio,5.61,,%,2026-03-13,2026-09-04T15:50:40Z,Coinbase,2,,,engine/technical/README.md,
ETH,crypto,tecnico,atr14_pct_precio,5.34,,%,2026-03-14,2026-09-04T15:50:40Z,Coinbase,2,,,engine/technical/README.md,
ETH,crypto,tecnico,atr14_pct_precio,5.15,,%,2026-03-15,2026-09-04T15:50:40Z,Coinbase,2,,,engine/technical/README.md,
ETH,crypto,tecnico,atr14_pct_precio,5.1,,%,2026-03-16,2026-09-04T15:50:40Z,Coinbase,2,,,engine/technical/README.md,
ETH,crypto,tecnico,atr14_pct_precio,5.07,,%,2026-03-17,2026-09-04T15:50:40Z,Coinbase,2,,,engine/technical/README.md,
ETH,crypto,tecnico,atr14_pct_precio,5.51,,%,2026-03-18,2026-09-04T15:50:40Z,Coinbase,2,,,engine/technical/README.md,
ETH,crypto,tecnico,atr14_pct_precio,5.79,,%,2026-03-19,2026-09-04T15:50:40Z,Coinbase,2,,,engine/technical/README.md,
ETH,crypto,tecnico,atr14_pct_precio,5.55,,%,2026-03-20,2026-09-04T15:50:40Z,Coinbase,2,,,engine/technical/README.md,
ETH,crypto,tecnico,atr14_pct_precio,5.63,,%,2026-03-21,2026-09-04T15:50:40Z,Coinbase,2,,,engine/technical/README.md,
ETH,crypto,tecnico,atr14_pct_precio,5.64,,%,2026-03-22,2026-09-04T15:50:40Z,Coinbase,2,,,engine/technical/README.md,
ETH,crypto,tecnico,atr14_pct_precio,5.59,,%,2026-03-23,2026-09-04T15:50:40Z,Coinbase,2,,,engine/technical/README.md,
ETH,crypto,tecnico,atr14_pct_precio,5.41,,%,2026-03-24,2026-09-04T15:50:40Z,Coinbase,2,,,engine/technical/README.md,
ETH,crypto,tecnico,atr14_pct_precio,5.16,,%,2026-03-25,2026-09-04T15:50:40Z,Coinbase,2,,,engine/technical/README.md,
ETH,crypto,tecnico,atr14_pct_precio,5.49,,%,2026-03-26,2026-09-04T15:50:40Z,Coinbase,2,,,engine/technical/README.md,
ETH,crypto,tecnico,atr14_pct_precio,5.63,,%,2026-03-27,2026-09-04T15:50:40Z,Coinbase,2,,,engine/technical/README.md,
ETH,crypto,tecnico,atr14_pct_precio,5.44,,%,2026-03-28,2026-09-04T15:50:40Z,Coinbase,2,,,engine/technical/README.md,
ETH,crypto,tecnico,atr14_pct_precio,5.35,,%,2026-03-29,2026-09-04T15:50:40Z,Coinbase,2,,,engine/technical/README.md,
ETH,crypto,tecnico,atr14_pct_precio,5.23,,%,2026-03-30,2026-09-04T15:50:40Z,Coinbase,2,,,engine/technical/README.md,
ETH,crypto,tecnico,atr14_pct_precio,5.05,,%,2026-03-31,2026-09-04T15:50:40Z,Coinbase,2,,,engine/technical/README.md,
ETH,crypto,tecnico,atr14_pct_precio,4.88,,%,2026-04-01,2026-09-04T15:50:40Z,Coinbase,2,,,engine/technical/README.md,
ETH,crypto,tecnico,atr14_pct_precio,5.14,,%,2026-04-02,2026-09-04T15:50:40Z,Coinbase,2,,,engine/technical/README.md,
ETH,crypto,tecnico,atr14_pct_precio,4.92,,%,2026-04-03,2026-09-04T15:50:40Z,Coinbase,2,,,engine/technical/README.md,
ETH,crypto,tecnico,atr14_pct_precio,4.67,,%,2026-04-04,2026-09-04T15:50:40Z,Coinbase,2,,,engine/technical/README.md,
ETH,crypto,tecnico,atr14_pct_precio,4.59,,%,2026-04-05,2026-09-04T15:50:40Z,Coinbase,2,,,engine/technical/README.md,
ETH,crypto,tecnico,atr14_pct_precio,4.56,,%,2026-04-06,2026-09-04T15:50:40Z,Coinbase,2,,,engine/technical/README.md,
ETH,crypto,tecnico,atr14_pct_precio,4.64,,%,2026-04-07,2026-09-04T15:50:40Z,Coinbase,2,,,engine/technical/README.md,
ETH,crypto,tecnico,atr14_pct_precio,4.65,,%,2026-04-08,2026-09-04T15:50:40Z,Coinbase,2,,,engine/technical/README.md,
ETH,crypto,tecnico,atr14_pct_precio,4.61,,%,2026-04-09,2026-09-04T15:50:40Z,Coinbase,2,,,engine/technical/README.md,
ETH,crypto,tecnico,atr14_pct_precio,4.42,,%,2026-04-10,2026-09-04T15:50:40Z,Coinbase,2,,,engine/technical/README.md,
ETH,crypto,tecnico,atr14_pct_precio,4.35,,%,2026-04-11,2026-09-04T15:50:40Z,Coinbase,2,,,engine/technical/README.md,
ETH,crypto,tecnico,atr14_pct_precio,4.56,,%,2026-04-12,2026-09-04T15:50:40Z,Coinbase,2,,,engine/technical/README.md,
ETH,crypto,tecnico,atr14_pct_precio,4.56,,%,2026-04-13,2026-09-04T15:50:40Z,Coinbase,2,,,engine/technical/README.md,
ETH,crypto,tecnico,atr14_pct_precio,4.67,,%,2026-04-14,2026-09-04T15:50:40Z,Coinbase,2,,,engine/technical/README.md,
ETH,crypto,tecnico,atr14_pct_precio,4.5,,%,2026-04-15,2026-09-04T15:50:40Z,Coinbase,2,,,engine/technical/README.md,
ETH,crypto,tecnico,atr14_pct_precio,4.43,,%,2026-04-16,2026-09-04T15:50:40Z,Coinbase,2,,,engine/technical/README.md,
ETH,crypto,tecnico,atr14_pct_precio,4.41,,%,2026-04-17,2026-09-04T15:50:40Z,Coinbase,2,,,engine/technical/README.md,
ETH,crypto,tecnico,atr14_pct_precio,4.48,,%,2026-04-18,2026-09-04T15:50:40Z,Coinbase,2,,,engine/technical/README.md,
ETH,crypto,tecnico,atr14_pct_precio,4.62,,%,2026-04-19,2026-09-04T15:50:40Z,Coinbase,2,,,engine/technical/README.md,
ETH,crypto,tecnico,atr14_pct_precio,4.45,,%,2026-04-20,2026-09-04T15:50:40Z,Coinbase,2,,,engine/technical/README.md,
ETH,crypto,tecnico,atr14_pct_precio,4.24,,%,2026-04-21,2026-09-04T15:50:40Z,Coinbase,2,,,engine/technical/README.md,
ETH,crypto,tecnico,atr14_pct_precio,4.18,,%,2026-04-22,2026-09-04T15:50:40Z,Coinbase,2,,,engine/technical/README.md,
ETH,crypto,tecnico,atr14_pct_precio,4.22,,%,2026-04-23,2026-09-04T15:50:40Z,Coinbase,2,,,engine/technical/README.md,
ETH,crypto,tecnico,atr14_pct_precio,4.08,,%,2026-04-24,2026-09-04T15:50:40Z,Coinbase,2,,,engine/technical/README.md,
ETH,crypto,tecnico,atr14_pct_precio,3.84,,%,2026-04-25,2026-09-04T15:50:40Z,Coinbase,2,,,engine/technical/README.md,
ETH,crypto,tecnico,atr14_pct_precio,3.72,,%,2026-04-26,2026-09-04T15:50:40Z,Coinbase,2,,,engine/technical/README.md,
ETH,crypto,tecnico,atr14_pct_precio,3.99,,%,2026-04-27,2026-09-04T15:50:40Z,Coinbase,2,,,engine/technical/README.md,
ETH,crypto,tecnico,atr14_pct_precio,3.87,,%,2026-04-28,2026-09-04T15:50:40Z,Coinbase,2,,,engine/technical/README.md,
ETH,crypto,tecnico,atr14_pct_precio,4.03,,%,2026-04-29,2026-09-04T15:50:40Z,Coinbase,2,,,engine/technical/README.md,
ETH,crypto,tecnico,atr14_pct_precio,3.89,,%,2026-04-30,2026-09-04T15:50:40Z,Coinbase,2,,,engine/technical/README.md,
ETH,crypto,tecnico,atr14_pct_precio,3.74,,%,2026-05-01,2026-09-04T15:50:40Z,Coinbase,2,,,engine/technical/README.md,
ETH,crypto,tecnico,atr14_pct_precio,3.59,,%,2026-05-02,2026-09-04T15:50:40Z,Coinbase,2,,,engine/technical/README.md,
ETH,crypto,tecnico,atr14_pct_precio,3.5,,%,2026-05-03,2026-09-04T15:50:40Z,Coinbase,2,,,engine/technical/README.md,
ETH,crypto,tecnico,atr14_pct_precio,3.46,,%,2026-05-04,2026-09-04T15:50:40Z,Coinbase,2,,,engine/technical/README.md,
ETH,crypto,tecnico,atr14_pct_precio,3.37,,%,2026-05-05,2026-09-04T15:50:40Z,Coinbase,2,,,engine/technical/README.md,
ETH,crypto,tecnico,atr14_pct_precio,3.39,,%,2026-05-06,2026-09-04T15:50:40Z,Coinbase,2,,,engine/technical/README.md,
ETH,crypto,tecnico,atr14_pct_precio,3.45,,%,2026-05-07,2026-09-04T15:50:40Z,Coinbase,2,,,engine/technical/README.md,
ETH,crypto,tecnico,atr14_pct_precio,3.39,,%,2026-05-08,2026-09-04T15:50:40Z,Coinbase,2,,,engine/technical/README.md,
ETH,crypto,tecnico,atr14_pct_precio,3.23,,%,2026-05-09,2026-09-04T15:50:40Z,Coinbase,2,,,engine/technical/README.md,
ETH,crypto,tecnico,atr14_pct_precio,3.16,,%,2026-05-10,2026-09-04T15:50:40Z,Coinbase,2,,,engine/technical/README.md,
ETH,crypto,tecnico,atr14_pct_precio,3.2,,%,2026-05-11,2026-09-04T15:50:40Z,Coinbase,2,,,engine/technical/README.md,
ETH,crypto,tecnico,atr14_pct_precio,3.28,,%,2026-05-12,2026-09-04T15:50:40Z,Coinbase,2,,,engine/technical/README.md,
ETH,crypto,tecnico,atr14_pct_precio,3.35,,%,2026-05-13,2026-09-04T15:50:40Z,Coinbase,2,,,engine/technical/README.md,
ETH,crypto,tecnico,atr14_pct_precio,3.34,,%,2026-05-14,2026-09-04T15:50:40Z,Coinbase,2,,,engine/technical/README.md,
ETH,crypto,tecnico,atr14_pct_precio,3.46,,%,2026-05-15,2026-09-04T15:50:40Z,Coinbase,2,,,engine/technical/README.md,
ETH,crypto,tecnico,atr14_pct_precio,3.49,,%,2026-05-16,2026-09-04T15:50:40Z,Coinbase,2,,,engine/technical/README.md,
ETH,crypto,tecnico,atr14_pct_precio,3.68,,%,2026-05-17,2026-09-04T15:50:40Z,Coinbase,2,,,engine/technical/README.md,
ETH,crypto,tecnico,atr14_pct_precio,3.68,,%,2026-05-18,2026-09-04T15:50:40Z,Coinbase,2,,,engine/technical/README.md,
ETH,crypto,tecnico,atr14_pct_precio,3.58,,%,2026-05-19,2026-09-04T15:50:40Z,Coinbase,2,,,engine/technical/README.md,
ETH,crypto,tecnico,atr14_pct_precio,3.45,,%,2026-05-20,2026-09-04T15:50:40Z,Coinbase,2,,,engine/technical/README.md,
ETH,crypto,tecnico,atr14_pct_precio,3.33,,%,2026-05-21,2026-09-04T15:50:40Z,Coinbase,2,,,engine/technical/README.md,
ETH,crypto,tecnico,atr14_pct_precio,3.47,,%,2026-05-22,2026-09-04T15:50:40Z,Coinbase,2,,,engine/technical/README.md,
ETH,crypto,tecnico,atr14_pct_precio,3.62,,%,2026-05-23,2026-09-04T15:50:40Z,Coinbase,2,,,engine/technical/README.md,
ETH,crypto,tecnico,atr14_pct_precio,3.65,,%,2026-05-24,2026-09-04T15:50:40Z,Coinbase,2,,,engine/technical/README.md,
ETH,crypto,tecnico,atr14_pct_precio,3.53,,%,2026-05-25,2026-09-04T15:50:40Z,Coinbase,2,,,engine/technical/README.md,
ETH,crypto,tecnico,atr14_pct_precio,3.64,,%,2026-05-26,2026-09-04T15:50:40Z,Coinbase,2,,,engine/technical/README.md,
ETH,crypto,tecnico,atr14_pct_precio,3.73,,%,2026-05-27,2026-09-04T15:50:40Z,Coinbase,2,,,engine/technical/README.md,
ETH,crypto,tecnico,atr14_pct_precio,3.72,,%,2026-05-28,2026-09-04T15:50:40Z,Coinbase,2,,,engine/technical/README.md,
ETH,crypto,tecnico,atr14_pct_precio,3.67,,%,2026-05-29,2026-09-04T15:50:40Z,Coinbase,2,,,engine/technical/README.md,
ETH,crypto,tecnico,atr14_pct_precio,3.5,,%,2026-05-30,2026-09-04T15:50:40Z,Coinbase,2,,,engine/technical/README.md,
ETH,crypto,tecnico,atr14_pct_precio,3.43,,%,2026-05-31,2026-09-04T15:50:40Z,Coinbase,2,,,engine/technical/README.md,
ETH,crypto,tecnico,atr14_pct_precio,3.39,,%,2026-06-01,2026-09-04T15:50:40Z,Coinbase,2,,,engine/technical/README.md,
ETH,crypto,tecnico,atr14_pct_precio,4.02,,%,2026-06-02,2026-09-04T15:50:40Z,Coinbase,2,,,engine/technical/README.md,
ETH,crypto,tecnico,atr14_pct_precio,4.29,,%,2026-06-03,2026-09-04T15:50:40Z,Coinbase,2,,,engine/technical/README.md,
ETH,crypto,tecnico,atr14_pct_precio,4.49,,%,2026-06-04,2026-09-04T15:50:40Z,Coinbase,2,,,engine/technical/README.md,
ETH,crypto,tecnico,atr14_pct_precio,5.61,,%,2026-06-05,2026-09-04T15:50:40Z,Coinbase,2,,,engine/technical/README.md,
ETH,crypto,tecnico,atr14_pct_precio,5.68,,%,2026-06-06,2026-09-04T15:50:40Z,Coinbase,2,,,engine/technical/README.md,
ETH,crypto,tecnico,atr14_pct_precio,5.55,,%,2026-06-07,2026-09-04T15:50:40Z,Coinbase,2,,,engine/technical/README.md,
ETH,crypto,tecnico,atr14_pct_precio,5.45,,%,2026-06-08,2026-09-04T15:50:40Z,Coinbase,2,,,engine/technical/README.md,
ETH,crypto,tecnico,atr14_pct_precio,5.59,,%,2026-06-09,2026-09-04T15:50:40Z,Coinbase,2,,,engine/technical/README.md,
ETH,crypto,tecnico,atr14_pct_precio,5.52,,%,2026-06-10,2026-09-04T15:50:40Z,Coinbase,2,,,engine/technical/README.md,
ETH,crypto,tecnico,atr14_pct_precio,5.28,,%,2026-06-11,2026-09-04T15:50:40Z,Coinbase,2,,,engine/technical/README.md,
ETH,crypto,tecnico,atr14_pct_precio,5.08,,%,2026-06-12,2026-09-04T15:50:40Z,Coinbase,2,,,engine/technical/README.md,
ETH,crypto,tecnico,atr14_pct_precio,4.82,,%,2026-06-13,2026-09-04T15:50:40Z,Coinbase,2,,,engine/technical/README.md,
ETH,crypto,tecnico,atr14_pct_precio,4.67,,%,2026-06-14,2026-09-04T15:50:40Z,Coinbase,2,,,engine/technical/README.md,
ETH,crypto,tecnico,atr14_pct_precio,4.71,,%,2026-06-15,2026-09-04T15:50:40Z,Coinbase,2,,,engine/technical/README.md,
ETH,crypto,tecnico,atr14_pct_precio,4.7,,%,2026-06-16,2026-09-04T15:50:40Z,Coinbase,2,,,engine/technical/README.md,
ETH,crypto,tecnico,atr14_pct_precio,4.7,,%,2026-06-17,2026-09-04T15:50:40Z,Coinbase,2,,,engine/technical/README.md,
ETH,crypto,tecnico,atr14_pct_precio,4.8,,%,2026-06-18,2026-09-04T15:50:40Z,Coinbase,2,,,engine/technical/README.md,
ETH,crypto,tecnico,atr14_pct_precio,4.63,,%,2026-06-19,2026-09-04T15:50:40Z,Coinbase,2,,,engine/technical/README.md,
ETH,crypto,tecnico,atr14_pct_precio,4.41,,%,2026-06-20,2026-09-04T15:50:40Z,Coinbase,2,,,engine/technical/README.md,
ETH,crypto,tecnico,atr14_pct_precio,4.32,,%,2026-06-21,2026-09-04T15:50:40Z,Coinbase,2,,,engine/technical/README.md,
ETH,crypto,tecnico,atr14_pct_precio,4.27,,%,2026-06-22,2026-09-04T15:50:40Z,Coinbase,2,,,engine/technical/README.md,
ETH,crypto,tecnico,atr14_pct_precio,4.52,,%,2026-06-23,2026-09-04T15:50:40Z,Coinbase,2,,,engine/technical/README.md,
ETH,crypto,tecnico,atr14_pct_precio,4.92,,%,2026-06-24,2026-09-04T15:50:40Z,Coinbase,2,,,engine/technical/README.md,
ETH,crypto,tecnico,atr14_pct_precio,5.32,,%,2026-06-25,2026-09-04T15:50:40Z,Coinbase,2,,,engine/technical/README.md,
ETH,crypto,tecnico,atr14_pct_precio,5.26,,%,2026-06-26,2026-09-04T15:50:40Z,Coinbase,2,,,engine/technical/README.md,
ETH,crypto,tecnico,atr14_pct_precio,5.11,,%,2026-06-27,2026-09-04T15:50:40Z,Coinbase,2,,,engine/technical/README.md,
ETH,crypto,tecnico,atr14_pct_precio,4.94,,%,2026-06-28,2026-09-04T15:50:40Z,Coinbase,2,,,engine/technical/README.md,
ETH,crypto,tecnico,atr14_pct_precio,4.85,,%,2026-06-29,2026-09-04T15:50:40Z,Coinbase,2,,,engine/technical/README.md,
ETH,crypto,tecnico,atr14_pct_precio,4.89,,%,2026-06-30,2026-09-04T15:50:40Z,Coinbase,2,,,engine/technical/README.md,
ETH,crypto,tecnico,atr14_pct_precio,4.85,,%,2026-07-01,2026-09-04T15:50:40Z,Coinbase,2,,,engine/technical/README.md,
ETH,crypto,tecnico,atr14_pct_precio,4.77,,%,2026-07-02,2026-09-04T15:50:40Z,Coinbase,2,,,engine/technical/README.md,
ETH,crypto,tecnico,atr14_pct_precio,4.61,,%,2026-07-03,2026-09-04T15:50:40Z,Coinbase,2,,,engine/technical/README.md,
ETH,crypto,tecnico,atr14_pct_precio,4.48,,%,2026-07-04,2026-09-04T15:50:40Z,Coinbase,2,,,engine/technical/README.md,
ETH,crypto,tecnico,atr14_pct_precio,4.38,,%,2026-07-05,2026-09-04T15:50:40Z,Coinbase,2,,,engine/technical/README.md,
ETH,crypto,tecnico,atr14_pct_precio,4.44,,%,2026-07-06,2026-09-04T15:50:40Z,Coinbase,2,,,engine/technical/README.md,
ETH,crypto,tecnico,atr14_pct_precio,4.39,,%,2026-07-07,2026-09-04T15:50:40Z,Coinbase,2,,,engine/technical/README.md,
ETH,crypto,tecnico,atr14_pct_precio,4.44,,%,2026-07-08,2026-09-04T15:50:40Z,Coinbase,2,,,engine/technical/README.md,
ETH,crypto,tecnico,atr14_pct_precio,4.28,,%,2026-07-09,2026-09-04T15:50:40Z,Coinbase,2,,,engine/technical/README.md,
ETH,crypto,tecnico,atr14_pct_precio,4.16,,%,2026-07-10,2026-09-04T15:50:40Z,Coinbase,2,,,engine/technical/README.md,
ETH,crypto,tecnico,atr14_pct_precio,4.05,,%,2026-07-11,2026-09-04T15:50:40Z,Coinbase,2,,,engine/technical/README.md,
ETH,crypto,tecnico,atr14_pct_precio,3.91,,%,2026-07-12,2026-09-04T15:50:40Z,Coinbase,2,,,engine/technical/README.md,
ETH,crypto,tecnico,atr14_pct_precio,4.06,,%,2026-07-13,2026-09-04T15:50:40Z,Coinbase,2,,,engine/technical/README.md,
ETH,crypto,tecnico,atr14_pct_precio,3.99,,%,2026-07-14,2026-09-04T15:50:40Z,Coinbase,2,,,engine/technical/README.md,
ETH,crypto,tecnico,atr14_pct_precio,3.98,,%,2026-07-15,2026-09-04T15:50:40Z,Coinbase,2,,,engine/technical/README.md,
ETH,crypto,tecnico,atr14_pct_precio,4.06,,%,2026-07-16,2026-09-04T15:50:40Z,Coinbase,2,,,engine/technical/README.md,
ETH,crypto,tecnico,atr14_pct_precio,4.06,,%,2026-07-17,2026-09-04T15:50:40Z,Coinbase,2,,,engine/technical/README.md,
ETH,crypto,tecnico,atr14_pct_precio,3.84,,%,2026-07-18,2026-09-04T15:50:40Z,Coinbase,2,,,engine/technical/README.md,
ETH,crypto,tecnico,atr14_pct_precio,3.66,,%,2026-07-19,2026-09-04T15:50:40Z,Coinbase,2,,,engine/technical/README.md,
ETH,crypto,tecnico,atr14_pct_precio,3.63,,%,2026-07-20,2026-09-04T15:50:40Z,Coinbase,2,,,engine/technical/README.md,
ETH,crypto,tecnico,atr14_pct_precio,3.51,,%,2026-07-21,2026-09-04T15:50:40Z,Coinbase,2,,,engine/technical/README.md,
ETH,crypto,tecnico,atr14_pct_precio,3.42,,%,2026-07-22,2026-09-04T15:50:40Z,Coinbase,2,,,engine/technical/README.md,
ETH,crypto,tecnico,atr14_pct_precio,3.52,,%,2026-07-23,2026-09-04T15:50:40Z,Coinbase,2,,,engine/technical/README.md,
ETH,crypto,tecnico,atr14_pct_precio,3.52,,%,2026-07-24,2026-09-04T15:50:40Z,Coinbase,2,,,engine/technical/README.md,
ETH,crypto,tecnico,atr14_pct_precio,3.34,,%,2026-07-25,2026-09-04T15:50:40Z,Coinbase,2,,,engine/technical/README.md,
ETH,crypto,tecnico,atr14_pct_precio,3.31,,%,2026-07-26,2026-09-04T15:50:40Z,Coinbase,2,,,engine/technical/README.md,
ETH,crypto,tecnico,atr14_pct_precio,3.52,,%,2026-07-27,2026-09-04T15:50:40Z,Coinbase,2,,,engine/technical/README.md,
ETH,crypto,tecnico,atr14_pct_precio,3.48,,%,2026-07-28,2026-09-04T15:50:40Z,Coinbase,2,,,engine/technical/README.md,
ETH,crypto,tecnico,atr14_pct_precio,3.53,,%,2026-07-29,2026-09-04T15:50:40Z,Coinbase,2,,,engine/technical/README.md,
ETH,crypto,tecnico,atr14_pct_precio,3.41,,%,2026-07-30,2026-09-04T15:50:40Z,Coinbase,2,,,engine/technical/README.md,
ETH,crypto,tecnico,atr14_pct_precio,3.57,,%,2026-07-31,2026-09-04T15:50:40Z,Coinbase,2,,,engine/technical/README.md,
ETH,crypto,tecnico,atr14_pct_precio,3.55,,%,2026-08-01,2026-09-04T15:50:40Z,Coinbase,2,,,engine/technical/README.md,
ETH,crypto,tecnico,atr14_pct_precio,3.42,,%,2026-08-02,2026-09-04T15:50:40Z,Coinbase,2,,,engine/technical/README.md,
ETH,crypto,tecnico,atr14_pct_precio,3.42,,%,2026-08-03,2026-09-04T15:50:40Z,Coinbase,2,,,engine/technical/README.md,
ETH,crypto,tecnico,atr14_pct_precio,3.29,,%,2026-08-04,2026-09-04T15:50:40Z,Coinbase,2,,,engine/technical/README.md,
ETH,crypto,tecnico,atr14_pct_precio,3.26,,%,2026-08-05,2026-09-04T15:50:40Z,Coinbase,2,,,engine/technical/README.md,
ETH,crypto,tecnico,atr14_pct_precio,3.14,,%,2026-08-06,2026-09-04T15:50:40Z,Coinbase,2,,,engine/technical/README.md,
ETH,crypto,tecnico,atr14_pct_precio,3.07,,%,2026-08-07,2026-09-04T15:50:40Z,Coinbase,2,,,engine/technical/README.md,
ETH,crypto,tecnico,atr14_pct_precio,2.9,,%,2026-08-08,2026-09-04T15:50:40Z,Coinbase,2,,,engine/technical/README.md,
ETH,crypto,tecnico,atr14_pct_precio,2.81,,%,2026-08-09,2026-09-04T15:50:40Z,Coinbase,2,,,engine/technical/README.md,
ETH,crypto,tecnico,atr14_pct_precio,2.9,,%,2026-08-10,2026-09-04T15:50:40Z,Coinbase,2,,,engine/technical/README.md,
ETH,crypto,tecnico,atr14_pct_precio,2.83,,%,2026-08-11,2026-09-04T15:50:40Z,Coinbase,2,,,engine/technical/README.md,
ETH,crypto,tecnico,atr14_pct_precio,2.81,,%,2026-08-12,2026-09-04T15:50:40Z,Coinbase,2,,,engine/technical/README.md,
ETH,crypto,tecnico,atr14_pct_precio,2.74,,%,2026-08-13,2026-09-04T15:50:40Z,Coinbase,2,,,engine/technical/README.md,
ETH,crypto,tecnico,atr14_pct_precio,2.69,,%,2026-08-14,2026-09-04T15:50:40Z,Coinbase,2,,,engine/technical/README.md,
ETH,crypto,tecnico,atr14_pct_precio,2.53,,%,2026-08-15,2026-09-04T15:50:40Z,Coinbase,2,,,engine/technical/README.md,
ETH,crypto,tecnico,atr14_pct_precio,2.45,,%,2026-08-16,2026-09-04T15:50:40Z,Coinbase,2,,,engine/technical/README.md,
ETH,crypto,tecnico,atr14_pct_precio,2.4,,%,2026-08-17,2026-09-04T15:50:40Z,Coinbase,2,,,engine/technical/README.md,
ETH,crypto,tecnico,atr14_pct_precio,2.36,,%,2026-08-18,2026-09-04T15:50:40Z,Coinbase,2,,,engine/technical/README.md,
ETH,crypto,tecnico,atr14_pct_precio,3.19,,%,2026-08-19,2026-09-04T15:50:40Z,Coinbase,2,,,engine/technical/README.md,
ETH,crypto,tecnico,atr14_pct_precio,3.29,,%,2026-08-20,2026-09-04T15:50:40Z,Coinbase,2,,,engine/technical/README.md,
ETH,crypto,tecnico,atr14_pct_precio,3.46,,%,2026-08-21,2026-09-04T15:50:40Z,Coinbase,2,,,engine/technical/README.md,
ETH,crypto,tecnico,atr14_pct_precio,3.86,,%,2026-08-22,2026-09-04T15:50:40Z,Coinbase,2,,,engine/technical/README.md,
ETH,crypto,tecnico,atr14_pct_precio,3.91,,%,2026-08-23,2026-09-04T15:50:40Z,Coinbase,2,,,engine/technical/README.md,
ETH,crypto,tecnico,atr14_pct_precio,3.92,,%,2026-08-24,2026-09-04T15:50:40Z,Coinbase,2,,,engine/technical/README.md,
ETH,crypto,tecnico,atr14_pct_precio,4.05,,%,2026-08-25,2026-09-04T15:50:40Z,Coinbase,2,,,engine/technical/README.md,
ETH,crypto,tecnico,atr14_pct_precio,3.89,,%,2026-08-26,2026-09-04T15:50:40Z,Coinbase,2,,,engine/technical/README.md,
ETH,crypto,tecnico,atr14_pct_precio,3.85,,%,2026-08-27,2026-09-04T15:50:40Z,Coinbase,2,,,engine/technical/README.md,
ETH,crypto,tecnico,atr14_pct_precio,4.0,,%,2026-08-28,2026-09-04T15:50:40Z,Coinbase,2,,,engine/technical/README.md,
ETH,crypto,tecnico,atr14_pct_precio,3.78,,%,2026-08-29,2026-09-04T15:50:40Z,Coinbase,2,,,engine/technical/README.md,
ETH,crypto,tecnico,atr14_pct_precio,4.02,,%,2026-08-30,2026-09-04T15:50:40Z,Coinbase,2,,,engine/technical/README.md,
ETH,crypto,tecnico,atr14_pct_precio,3.93,,%,2026-08-31,2026-09-04T15:50:40Z,Coinbase,2,,,engine/technical/README.md,
ETH,crypto,tecnico,atr14_pct_precio,4.0,,%,2026-09-01,2026-09-04T15:50:40Z,Coinbase,2,,,engine/technical/README.md,
ETH,crypto,tecnico,atr14_pct_precio,3.97,,%,2026-09-02,2026-09-04T15:50:40Z,Coinbase,2,,,engine/technical/README.md,
ETH,crypto,tecnico,atr14_pct_precio,3.82,,%,2026-09-03,2026-09-03T12:15:39Z,Kraken,2,100,,engine/technical/README.md,
ETH,crypto,tecnico,atr14_pct_precio,3.74,,%,2026-09-04,2026-09-04T10:11:47Z,Kraken,2,100,,engine/technical/README.md,
ETH,crypto,tecnico,confluencia_sesgo,,mixto (3/4 señales alcistas — sin confluencia clara),categorico,2026-09-03,2026-09-03T11:40:58Z,Kraken,2,100,,engine/technical/README.md,
ETH,crypto,tecnico,confluencia_sesgo,,mixto (3/4 señales alcistas — sin confluencia clara),categorico,2026-09-04,2026-09-04T10:11:47Z,Kraken,2,100,,engine/technical/README.md,
ETH,crypto,tecnico,posicion_rango_90d_pct,88.6,,%,2026-09-03,2026-09-03T11:40:58Z,Kraken,2,100,,engine/technical/README.md,
ETH,crypto,tecnico,posicion_rango_90d_pct,100.0,,%,2026-09-04,2026-09-04T10:11:47Z,Kraken,2,100,,engine/technical/README.md,
ETH,crypto,tecnico,precio,2553.94,,EUR,2026-01-01,2026-09-04T15:50:40Z,Coinbase,2,,,engine/technical/README.md,
ETH,crypto,tecnico,precio,2667.17,,EUR,2026-01-02,2026-09-04T15:50:40Z,Coinbase,2,,,engine/technical/README.md,
ETH,crypto,tecnico,precio,2669.7,,EUR,2026-01-03,2026-09-04T15:50:40Z,Coinbase,2,,,engine/technical/README.md,
ETH,crypto,tecnico,precio,2686.41,,EUR,2026-01-04,2026-09-04T15:50:40Z,Coinbase,2,,,engine/technical/README.md,
ETH,crypto,tecnico,precio,2754.57,,EUR,2026-01-05,2026-09-04T15:50:40Z,Coinbase,2,,,engine/technical/README.md,
ETH,crypto,tecnico,precio,2819.59,,EUR,2026-01-06,2026-09-04T15:50:40Z,Coinbase,2,,,engine/technical/README.md,
ETH,crypto,tecnico,precio,2711.54,,EUR,2026-01-07,2026-09-04T15:50:40Z,Coinbase,2,,,engine/technical/README.md,
ETH,crypto,tecnico,precio,2663.25,,EUR,2026-01-08,2026-09-04T15:50:40Z,Coinbase,2,,,engine/technical/README.md,
ETH,crypto,tecnico,precio,2651.9,,EUR,2026-01-09,2026-09-04T15:50:40Z,Coinbase,2,,,engine/technical/README.md,
ETH,crypto,tecnico,precio,2652.23,,EUR,2026-01-10,2026-09-04T15:50:40Z,Coinbase,2,,,engine/technical/README.md,
ETH,crypto,tecnico,precio,2683.92,,EUR,2026-01-11,2026-09-04T15:50:40Z,Coinbase,2,,,engine/technical/README.md,
ETH,crypto,tecnico,precio,2650.36,,EUR,2026-01-12,2026-09-04T15:50:40Z,Coinbase,2,,,engine/technical/README.md,
ETH,crypto,tecnico,precio,2853.56,,EUR,2026-01-13,2026-09-04T15:50:40Z,Coinbase,2,,,engine/technical/README.md,
ETH,crypto,tecnico,precio,2881.51,,EUR,2026-01-14,2026-09-04T15:50:40Z,Coinbase,2,,,engine/technical/README.md,
ETH,crypto,tecnico,precio,2858.21,,EUR,2026-01-15,2026-09-04T15:50:40Z,Coinbase,2,,,engine/technical/README.md,
ETH,crypto,tecnico,precio,2840.46,,EUR,2026-01-16,2026-09-04T15:50:40Z,Coinbase,2,,,engine/technical/README.md,
ETH,crypto,tecnico,precio,2856.55,,EUR,2026-01-17,2026-09-04T15:50:40Z,Coinbase,2,,,engine/technical/README.md,
ETH,crypto,tecnico,precio,2824.96,,EUR,2026-01-18,2026-09-04T15:50:40Z,Coinbase,2,,,engine/technical/README.md,
ETH,crypto,tecnico,precio,2739.46,,EUR,2026-01-19,2026-09-04T15:50:40Z,Coinbase,2,,,engine/technical/README.md,
ETH,crypto,tecnico,precio,2503.3,,EUR,2026-01-20,2026-09-04T15:50:40Z,Coinbase,2,,,engine/technical/README.md,
ETH,crypto,tecnico,precio,2553.35,,EUR,2026-01-21,2026-09-04T15:50:40Z,Coinbase,2,,,engine/technical/README.md,
ETH,crypto,tecnico,precio,2509.88,,EUR,2026-01-22,2026-09-04T15:50:40Z,Coinbase,2,,,engine/technical/README.md,
ETH,crypto,tecnico,precio,2498.39,,EUR,2026-01-23,2026-09-04T15:50:40Z,Coinbase,2,,,engine/technical/README.md,
ETH,crypto,tecnico,precio,2494.99,,EUR,2026-01-24,2026-09-04T15:50:40Z,Coinbase,2,,,engine/technical/README.md,
ETH,crypto,tecnico,precio,2373.54,,EUR,2026-01-25,2026-09-04T15:50:40Z,Coinbase,2,,,engine/technical/README.md,
ETH,crypto,tecnico,precio,2463.79,,EUR,2026-01-26,2026-09-04T15:50:40Z,Coinbase,2,,,engine/technical/README.md,
ETH,crypto,tecnico,precio,2513.99,,EUR,2026-01-27,2026-09-04T15:50:40Z,Coinbase,2,,,engine/technical/README.md,
ETH,crypto,tecnico,precio,2510.82,,EUR,2026-01-28,2026-09-04T15:50:40Z,Coinbase,2,,,engine/technical/README.md,
ETH,crypto,tecnico,precio,2357.99,,EUR,2026-01-29,2026-09-04T15:50:40Z,Coinbase,2,,,engine/technical/README.md,
ETH,crypto,tecnico,precio,2282.33,,EUR,2026-01-30,2026-09-04T15:50:40Z,Coinbase,2,,,engine/technical/README.md,
ETH,crypto,tecnico,precio,2072.85,,EUR,2026-01-31,2026-09-04T15:50:40Z,Coinbase,2,,,engine/technical/README.md,
ETH,crypto,tecnico,precio,1914.84,,EUR,2026-02-01,2026-09-04T15:50:40Z,Coinbase,2,,,engine/technical/README.md,
ETH,crypto,tecnico,precio,1988.93,,EUR,2026-02-02,2026-09-04T15:50:40Z,Coinbase,2,,,engine/technical/README.md,
ETH,crypto,tecnico,precio,1888.93,,EUR,2026-02-03,2026-09-04T15:50:40Z,Coinbase,2,,,engine/technical/README.md,
ETH,crypto,tecnico,precio,1816.0,,EUR,2026-02-04,2026-09-04T15:50:40Z,Coinbase,2,,,engine/technical/README.md,
ETH,crypto,tecnico,precio,1549.54,,EUR,2026-02-05,2026-09-04T15:50:40Z,Coinbase,2,,,engine/technical/README.md,
ETH,crypto,tecnico,precio,1749.75,,EUR,2026-02-06,2026-09-04T15:50:40Z,Coinbase,2,,,engine/technical/README.md,
ETH,crypto,tecnico,precio,1774.18,,EUR,2026-02-07,2026-09-04T15:50:40Z,Coinbase,2,,,engine/technical/README.md,
ETH,crypto,tecnico,precio,1769.62,,EUR,2026-02-08,2026-09-04T15:50:40Z,Coinbase,2,,,engine/technical/README.md,
ETH,crypto,tecnico,precio,1768.61,,EUR,2026-02-09,2026-09-04T15:50:40Z,Coinbase,2,,,engine/technical/README.md,
ETH,crypto,tecnico,precio,1701.1,,EUR,2026-02-10,2026-09-04T15:50:40Z,Coinbase,2,,,engine/technical/README.md,
ETH,crypto,tecnico,precio,1634.41,,EUR,2026-02-11,2026-09-04T15:50:40Z,Coinbase,2,,,engine/technical/README.md,
ETH,crypto,tecnico,precio,1639.29,,EUR,2026-02-12,2026-09-04T15:50:40Z,Coinbase,2,,,engine/technical/README.md,
ETH,crypto,tecnico,precio,1726.23,,EUR,2026-02-13,2026-09-04T15:50:40Z,Coinbase,2,,,engine/technical/README.md,
ETH,crypto,tecnico,precio,1760.88,,EUR,2026-02-14,2026-09-04T15:50:40Z,Coinbase,2,,,engine/technical/README.md,
ETH,crypto,tecnico,precio,1657.23,,EUR,2026-02-15,2026-09-04T15:50:40Z,Coinbase,2,,,engine/technical/README.md,
ETH,crypto,tecnico,precio,1686.22,,EUR,2026-02-16,2026-09-04T15:50:40Z,Coinbase,2,,,engine/technical/README.md,
ETH,crypto,tecnico,precio,1680.67,,EUR,2026-02-17,2026-09-04T15:50:40Z,Coinbase,2,,,engine/technical/README.md,
ETH,crypto,tecnico,precio,1659.56,,EUR,2026-02-18,2026-09-04T15:50:40Z,Coinbase,2,,,engine/technical/README.md,
ETH,crypto,tecnico,precio,1656.0,,EUR,2026-02-19,2026-09-04T15:50:40Z,Coinbase,2,,,engine/technical/README.md,
ETH,crypto,tecnico,precio,1670.57,,EUR,2026-02-20,2026-09-04T15:50:40Z,Coinbase,2,,,engine/technical/README.md,
ETH,crypto,tecnico,precio,1674.64,,EUR,2026-02-21,2026-09-04T15:50:40Z,Coinbase,2,,,engine/technical/README.md,
ETH,crypto,tecnico,precio,1654.77,,EUR,2026-02-22,2026-09-04T15:50:40Z,Coinbase,2,,,engine/technical/README.md,
ETH,crypto,tecnico,precio,1574.12,,EUR,2026-02-23,2026-09-04T15:50:40Z,Coinbase,2,,,engine/technical/README.md,
ETH,crypto,tecnico,precio,1573.76,,EUR,2026-02-24,2026-09-04T15:50:40Z,Coinbase,2,,,engine/technical/README.md,
ETH,crypto,tecnico,precio,1741.97,,EUR,2026-02-25,2026-09-04T15:50:40Z,Coinbase,2,,,engine/technical/README.md,
ETH,crypto,tecnico,precio,1718.57,,EUR,2026-02-26,2026-09-04T15:50:40Z,Coinbase,2,,,engine/technical/README.md,
ETH,crypto,tecnico,precio,1634.63,,EUR,2026-02-27,2026-09-04T15:50:40Z,Coinbase,2,,,engine/technical/README.md,
ETH,crypto,tecnico,precio,1667.1,,EUR,2026-02-28,2026-09-04T15:50:40Z,Coinbase,2,,,engine/technical/README.md,
ETH,crypto,tecnico,precio,1650.55,,EUR,2026-03-01,2026-09-04T15:50:40Z,Coinbase,2,,,engine/technical/README.md,
ETH,crypto,tecnico,precio,1733.93,,EUR,2026-03-02,2026-09-04T15:50:40Z,Coinbase,2,,,engine/technical/README.md,
ETH,crypto,tecnico,precio,1707.22,,EUR,2026-03-03,2026-09-04T15:50:40Z,Coinbase,2,,,engine/technical/README.md,
ETH,crypto,tecnico,precio,1830.27,,EUR,2026-03-04,2026-09-04T15:50:40Z,Coinbase,2,,,engine/technical/README.md,
ETH,crypto,tecnico,precio,1786.63,,EUR,2026-03-05,2026-09-04T15:50:40Z,Coinbase,2,,,engine/technical/README.md,
ETH,crypto,tecnico,precio,1704.74,,EUR,2026-03-06,2026-09-04T15:50:40Z,Coinbase,2,,,engine/technical/README.md,
ETH,crypto,tecnico,precio,1698.63,,EUR,2026-03-07,2026-09-04T15:50:40Z,Coinbase,2,,,engine/technical/README.md,
ETH,crypto,tecnico,precio,1681.65,,EUR,2026-03-08,2026-09-04T15:50:40Z,Coinbase,2,,,engine/technical/README.md,
ETH,crypto,tecnico,precio,1715.83,,EUR,2026-03-09,2026-09-04T15:50:40Z,Coinbase,2,,,engine/technical/README.md,
ETH,crypto,tecnico,precio,1754.9,,EUR,2026-03-10,2026-09-04T15:50:40Z,Coinbase,2,,,engine/technical/README.md,
ETH,crypto,tecnico,precio,1777.83,,EUR,2026-03-11,2026-09-04T15:50:40Z,Coinbase,2,,,engine/technical/README.md,
ETH,crypto,tecnico,precio,1799.76,,EUR,2026-03-12,2026-09-04T15:50:40Z,Coinbase,2,,,engine/technical/README.md,
ETH,crypto,tecnico,precio,1832.58,,EUR,2026-03-13,2026-09-04T15:50:40Z,Coinbase,2,,,engine/technical/README.md,
ETH,crypto,tecnico,precio,1839.14,,EUR,2026-03-14,2026-09-04T15:50:40Z,Coinbase,2,,,engine/technical/README.md,
ETH,crypto,tecnico,precio,1907.83,,EUR,2026-03-15,2026-09-04T15:50:40Z,Coinbase,2,,,engine/technical/README.md,
ETH,crypto,tecnico,precio,2046.35,,EUR,2026-03-16,2026-09-04T15:50:40Z,Coinbase,2,,,engine/technical/README.md,
ETH,crypto,tecnico,precio,2009.43,,EUR,2026-03-17,2026-09-04T15:50:40Z,Coinbase,2,,,engine/technical/README.md,
ETH,crypto,tecnico,precio,1922.51,,EUR,2026-03-18,2026-09-04T15:50:40Z,Coinbase,2,,,engine/technical/README.md,
ETH,crypto,tecnico,precio,1847.47,,EUR,2026-03-19,2026-09-04T15:50:40Z,Coinbase,2,,,engine/technical/README.md,
ETH,crypto,tecnico,precio,1855.48,,EUR,2026-03-20,2026-09-04T15:50:40Z,Coinbase,2,,,engine/technical/README.md,
ETH,crypto,tecnico,precio,1801.4,,EUR,2026-03-21,2026-09-04T15:50:40Z,Coinbase,2,,,engine/technical/README.md,
ETH,crypto,tecnico,precio,1776.54,,EUR,2026-03-22,2026-09-04T15:50:40Z,Coinbase,2,,,engine/technical/README.md,
ETH,crypto,tecnico,precio,1854.85,,EUR,2026-03-23,2026-09-04T15:50:40Z,Coinbase,2,,,engine/technical/README.md,
ETH,crypto,tecnico,precio,1857.15,,EUR,2026-03-24,2026-09-04T15:50:40Z,Coinbase,2,,,engine/technical/README.md,
ETH,crypto,tecnico,precio,1875.43,,EUR,2026-03-25,2026-09-04T15:50:40Z,Coinbase,2,,,engine/technical/README.md,
ETH,crypto,tecnico,precio,1785.57,,EUR,2026-03-26,2026-09-04T15:50:40Z,Coinbase,2,,,engine/technical/README.md,
ETH,crypto,tecnico,precio,1731.44,,EUR,2026-03-27,2026-09-04T15:50:40Z,Coinbase,2,,,engine/technical/README.md,
ETH,crypto,tecnico,precio,1734.48,,EUR,2026-03-28,2026-09-04T15:50:40Z,Coinbase,2,,,engine/technical/README.md,
ETH,crypto,tecnico,precio,1728.76,,EUR,2026-03-29,2026-09-04T15:50:40Z,Coinbase,2,,,engine/technical/README.md,
ETH,crypto,tecnico,precio,1768.13,,EUR,2026-03-30,2026-09-04T15:50:40Z,Coinbase,2,,,engine/technical/README.md,
ETH,crypto,tecnico,precio,1816.96,,EUR,2026-03-31,2026-09-04T15:50:40Z,Coinbase,2,,,engine/technical/README.md,
ETH,crypto,tecnico,precio,1846.9,,EUR,2026-04-01,2026-09-04T15:50:40Z,Coinbase,2,,,engine/technical/README.md,
ETH,crypto,tecnico,precio,1782.85,,EUR,2026-04-02,2026-09-04T15:50:40Z,Coinbase,2,,,engine/technical/README.md,
ETH,crypto,tecnico,precio,1782.71,,EUR,2026-04-03,2026-09-04T15:50:40Z,Coinbase,2,,,engine/technical/README.md,
ETH,crypto,tecnico,precio,1793.94,,EUR,2026-04-04,2026-09-04T15:50:40Z,Coinbase,2,,,engine/technical/README.md,
ETH,crypto,tecnico,precio,1832.06,,EUR,2026-04-05,2026-09-04T15:50:40Z,Coinbase,2,,,engine/technical/README.md,
ETH,crypto,tecnico,precio,1824.84,,EUR,2026-04-06,2026-09-04T15:50:40Z,Coinbase,2,,,engine/technical/README.md,
ETH,crypto,tecnico,precio,1916.43,,EUR,2026-04-07,2026-09-04T15:50:40Z,Coinbase,2,,,engine/technical/README.md,
ETH,crypto,tecnico,precio,1879.46,,EUR,2026-04-08,2026-09-04T15:50:40Z,Coinbase,2,,,engine/technical/README.md,
ETH,crypto,tecnico,precio,1873.64,,EUR,2026-04-09,2026-09-04T15:50:40Z,Coinbase,2,,,engine/technical/README.md,
ETH,crypto,tecnico,precio,1915.95,,EUR,2026-04-10,2026-09-04T15:50:40Z,Coinbase,2,,,engine/technical/README.md,
ETH,crypto,tecnico,precio,1950.01,,EUR,2026-04-11,2026-09-04T15:50:40Z,Coinbase,2,,,engine/technical/README.md,
ETH,crypto,tecnico,precio,1877.48,,EUR,2026-04-12,2026-09-04T15:50:40Z,Coinbase,2,,,engine/technical/README.md,
ETH,crypto,tecnico,precio,2013.93,,EUR,2026-04-13,2026-09-04T15:50:40Z,Coinbase,2,,,engine/technical/README.md,
ETH,crypto,tecnico,precio,1969.7,,EUR,2026-04-14,2026-09-04T15:50:40Z,Coinbase,2,,,engine/technical/README.md,
ETH,crypto,tecnico,precio,1999.92,,EUR,2026-04-15,2026-09-04T15:50:40Z,Coinbase,2,,,engine/technical/README.md,
ETH,crypto,tecnico,precio,1993.36,,EUR,2026-04-16,2026-09-04T15:50:40Z,Coinbase,2,,,engine/technical/README.md,
ETH,crypto,tecnico,precio,2057.71,,EUR,2026-04-17,2026-09-04T15:50:40Z,Coinbase,2,,,engine/technical/README.md,
ETH,crypto,tecnico,precio,1999.67,,EUR,2026-04-18,2026-09-04T15:50:40Z,Coinbase,2,,,engine/technical/README.md,
ETH,crypto,tecnico,precio,1929.77,,EUR,2026-04-19,2026-09-04T15:50:40Z,Coinbase,2,,,engine/technical/README.md,
ETH,crypto,tecnico,precio,1964.67,,EUR,2026-04-20,2026-09-04T15:50:40Z,Coinbase,2,,,engine/technical/README.md,
ETH,crypto,tecnico,precio,1982.92,,EUR,2026-04-21,2026-09-04T15:50:40Z,Coinbase,2,,,engine/technical/README.md,
ETH,crypto,tecnico,precio,2028.91,,EUR,2026-04-22,2026-09-04T15:50:40Z,Coinbase,2,,,engine/technical/README.md,
ETH,crypto,tecnico,precio,1995.8,,EUR,2026-04-23,2026-09-04T15:50:40Z,Coinbase,2,,,engine/technical/README.md,
ETH,crypto,tecnico,precio,1975.81,,EUR,2026-04-24,2026-09-04T15:50:40Z,Coinbase,2,,,engine/technical/README.md,
ETH,crypto,tecnico,precio,1981.06,,EUR,2026-04-25,2026-09-04T15:50:40Z,Coinbase,2,,,engine/technical/README.md,
ETH,crypto,tecnico,precio,2025.1,,EUR,2026-04-26,2026-09-04T15:50:40Z,Coinbase,2,,,engine/technical/README.md,
ETH,crypto,tecnico,precio,1964.71,,EUR,2026-04-27,2026-09-04T15:50:40Z,Coinbase,2,,,engine/technical/README.md,
ETH,crypto,tecnico,precio,1953.88,,EUR,2026-04-28,2026-09-04T15:50:40Z,Coinbase,2,,,engine/technical/README.md,
ETH,crypto,tecnico,precio,1928.34,,EUR,2026-04-29,2026-09-04T15:50:40Z,Coinbase,2,,,engine/technical/README.md,
ETH,crypto,tecnico,precio,1924.63,,EUR,2026-04-30,2026-09-04T15:50:40Z,Coinbase,2,,,engine/technical/README.md,
ETH,crypto,tecnico,precio,1958.75,,EUR,2026-05-01,2026-09-04T15:50:40Z,Coinbase,2,,,engine/technical/README.md,
ETH,crypto,tecnico,precio,1976.3,,EUR,2026-05-02,2026-09-04T15:50:40Z,Coinbase,2,,,engine/technical/README.md,
ETH,crypto,tecnico,precio,1978.4,,EUR,2026-05-03,2026-09-04T15:50:40Z,Coinbase,2,,,engine/technical/README.md,
ETH,crypto,tecnico,precio,2007.73,,EUR,2026-05-04,2026-09-04T15:50:40Z,Coinbase,2,,,engine/technical/README.md,
ETH,crypto,tecnico,precio,2014.68,,EUR,2026-05-05,2026-09-04T15:50:40Z,Coinbase,2,,,engine/technical/README.md,
ETH,crypto,tecnico,precio,2001.21,,EUR,2026-05-06,2026-09-04T15:50:40Z,Coinbase,2,,,engine/technical/README.md,
ETH,crypto,tecnico,precio,1952.82,,EUR,2026-05-07,2026-09-04T15:50:40Z,Coinbase,2,,,engine/technical/README.md,
ETH,crypto,tecnico,precio,1958.0,,EUR,2026-05-08,2026-09-04T15:50:40Z,Coinbase,2,,,engine/technical/README.md,
ETH,crypto,tecnico,precio,1976.05,,EUR,2026-05-09,2026-09-04T15:50:40Z,Coinbase,2,,,engine/technical/README.md,
ETH,crypto,tecnico,precio,2014.23,,EUR,2026-05-10,2026-09-04T15:50:40Z,Coinbase,2,,,engine/technical/README.md,
ETH,crypto,tecnico,precio,1985.84,,EUR,2026-05-11,2026-09-04T15:50:40Z,Coinbase,2,,,engine/technical/README.md,
ETH,crypto,tecnico,precio,1938.27,,EUR,2026-05-12,2026-09-04T15:50:40Z,Coinbase,2,,,engine/technical/README.md,
ETH,crypto,tecnico,precio,1927.5,,EUR,2026-05-13,2026-09-04T15:50:40Z,Coinbase,2,,,engine/technical/README.md,
ETH,crypto,tecnico,precio,1957.19,,EUR,2026-05-14,2026-09-04T15:50:40Z,Coinbase,2,,,engine/technical/README.md,
ETH,crypto,tecnico,precio,1913.32,,EUR,2026-05-15,2026-09-04T15:50:40Z,Coinbase,2,,,engine/technical/README.md,
ETH,crypto,tecnico,precio,1876.88,,EUR,2026-05-16,2026-09-04T15:50:40Z,Coinbase,2,,,engine/technical/README.md,
ETH,crypto,tecnico,precio,1834.38,,EUR,2026-05-17,2026-09-04T15:50:40Z,Coinbase,2,,,engine/technical/README.md,
ETH,crypto,tecnico,precio,1826.62,,EUR,2026-05-18,2026-09-04T15:50:40Z,Coinbase,2,,,engine/technical/README.md,
ETH,crypto,tecnico,precio,1818.12,,EUR,2026-05-19,2026-09-04T15:50:40Z,Coinbase,2,,,engine/technical/README.md,
ETH,crypto,tecnico,precio,1830.22,,EUR,2026-05-20,2026-09-04T15:50:40Z,Coinbase,2,,,engine/technical/README.md,
ETH,crypto,tecnico,precio,1835.32,,EUR,2026-05-21,2026-09-04T15:50:40Z,Coinbase,2,,,engine/technical/README.md,
ETH,crypto,tecnico,precio,1779.68,,EUR,2026-05-22,2026-09-04T15:50:40Z,Coinbase,2,,,engine/technical/README.md,
ETH,crypto,tecnico,precio,1823.09,,EUR,2026-05-23,2026-09-04T15:50:40Z,Coinbase,2,,,engine/technical/README.md,
ETH,crypto,tecnico,precio,1802.27,,EUR,2026-05-24,2026-09-04T15:50:40Z,Coinbase,2,,,engine/technical/README.md,
ETH,crypto,tecnico,precio,1815.49,,EUR,2026-05-25,2026-09-04T15:50:40Z,Coinbase,2,,,engine/technical/README.md,
ETH,crypto,tecnico,precio,1779.96,,EUR,2026-05-26,2026-09-04T15:50:40Z,Coinbase,2,,,engine/technical/README.md,
ETH,crypto,tecnico,precio,1739.97,,EUR,2026-05-27,2026-09-04T15:50:40Z,Coinbase,2,,,engine/technical/README.md,
ETH,crypto,tecnico,precio,1722.7,,EUR,2026-05-28,2026-09-04T15:50:40Z,Coinbase,2,,,engine/technical/README.md,
ETH,crypto,tecnico,precio,1726.57,,EUR,2026-05-29,2026-09-04T15:50:40Z,Coinbase,2,,,engine/technical/README.md,
ETH,crypto,tecnico,precio,1732.46,,EUR,2026-05-30,2026-09-04T15:50:40Z,Coinbase,2,,,engine/technical/README.md,
ETH,crypto,tecnico,precio,1720.26,,EUR,2026-05-31,2026-09-04T15:50:40Z,Coinbase,2,,,engine/technical/README.md,
ETH,crypto,tecnico,precio,1722.32,,EUR,2026-06-01,2026-09-04T15:50:40Z,Coinbase,2,,,engine/technical/README.md,
ETH,crypto,tecnico,precio,1598.76,,EUR,2026-06-02,2026-09-04T15:50:40Z,Coinbase,2,,,engine/technical/README.md,
ETH,crypto,tecnico,precio,1560.43,,EUR,2026-06-03,2026-09-04T15:50:40Z,Coinbase,2,,,engine/technical/README.md,
ETH,crypto,tecnico,precio,1523.97,,EUR,2026-06-04,2026-09-04T15:50:40Z,Coinbase,2,,,engine/technical/README.md,
ETH,crypto,tecnico,precio,1375.78,,EUR,2026-06-05,2026-09-04T15:50:40Z,Coinbase,2,,,engine/technical/README.md,
ETH,crypto,tecnico,precio,1364.45,,EUR,2026-06-06,2026-09-04T15:50:40Z,Coinbase,2,,,engine/technical/README.md,
ETH,crypto,tecnico,precio,1467.32,,EUR,2026-06-07,2026-09-04T15:50:40Z,Coinbase,2,,,engine/technical/README.md,
ETH,crypto,tecnico,precio,1466.23,,EUR,2026-06-08,2026-09-04T15:50:40Z,Coinbase,2,,,engine/technical/README.md,
ETH,crypto,tecnico,precio,1421.78,,EUR,2026-06-09,2026-09-04T15:50:40Z,Coinbase,2,,,engine/technical/README.md,
ETH,crypto,tecnico,precio,1405.26,,EUR,2026-06-10,2026-09-04T15:50:40Z,Coinbase,2,,,engine/technical/README.md,
ETH,crypto,tecnico,precio,1444.68,,EUR,2026-06-11,2026-09-04T15:50:40Z,Coinbase,2,,,engine/technical/README.md,
ETH,crypto,tecnico,precio,1440.28,,EUR,2026-06-12,2026-09-04T15:50:40Z,Coinbase,2,,,engine/technical/README.md,
ETH,crypto,tecnico,precio,1453.77,,EUR,2026-06-13,2026-09-04T15:50:40Z,Coinbase,2,,,engine/technical/README.md,
ETH,crypto,tecnico,precio,1487.18,,EUR,2026-06-14,2026-09-04T15:50:40Z,Coinbase,2,,,engine/technical/README.md,
ETH,crypto,tecnico,precio,1548.7,,EUR,2026-06-15,2026-09-04T15:50:40Z,Coinbase,2,,,engine/technical/README.md,
ETH,crypto,tecnico,precio,1543.95,,EUR,2026-06-16,2026-09-04T15:50:40Z,Coinbase,2,,,engine/technical/README.md,
ETH,crypto,tecnico,precio,1520.14,,EUR,2026-06-17,2026-09-04T15:50:40Z,Coinbase,2,,,engine/technical/README.md,
ETH,crypto,tecnico,precio,1491.41,,EUR,2026-06-18,2026-09-04T15:50:40Z,Coinbase,2,,,engine/technical/README.md,
ETH,crypto,tecnico,precio,1489.58,,EUR,2026-06-19,2026-09-04T15:50:40Z,Coinbase,2,,,engine/technical/README.md,
ETH,crypto,tecnico,precio,1516.8,,EUR,2026-06-20,2026-09-04T15:50:40Z,Coinbase,2,,,engine/technical/README.md,
ETH,crypto,tecnico,precio,1491.47,,EUR,2026-06-21,2026-09-04T15:50:40Z,Coinbase,2,,,engine/technical/README.md,
ETH,crypto,tecnico,precio,1510.63,,EUR,2026-06-22,2026-09-04T15:50:40Z,Coinbase,2,,,engine/technical/README.md,
ETH,crypto,tecnico,precio,1462.96,,EUR,2026-06-23,2026-09-04T15:50:40Z,Coinbase,2,,,engine/technical/README.md,
ETH,crypto,tecnico,precio,1426.62,,EUR,2026-06-24,2026-09-04T15:50:40Z,Coinbase,2,,,engine/technical/README.md,
ETH,crypto,tecnico,precio,1377.76,,EUR,2026-06-25,2026-09-04T15:50:40Z,Coinbase,2,,,engine/technical/README.md,
ETH,crypto,tecnico,precio,1385.67,,EUR,2026-06-26,2026-09-04T15:50:40Z,Coinbase,2,,,engine/technical/README.md,
ETH,crypto,tecnico,precio,1380.59,,EUR,2026-06-27,2026-09-04T15:50:40Z,Coinbase,2,,,engine/technical/README.md,
ETH,crypto,tecnico,precio,1378.71,,EUR,2026-06-28,2026-09-04T15:50:40Z,Coinbase,2,,,engine/technical/README.md,
ETH,crypto,tecnico,precio,1410.77,,EUR,2026-06-29,2026-09-04T15:50:40Z,Coinbase,2,,,engine/technical/README.md,
ETH,crypto,tecnico,precio,1375.63,,EUR,2026-06-30,2026-09-04T15:50:40Z,Coinbase,2,,,engine/technical/README.md,
ETH,crypto,tecnico,precio,1412.83,,EUR,2026-07-01,2026-09-04T15:50:40Z,Coinbase,2,,,engine/technical/README.md,
ETH,crypto,tecnico,precio,1487.14,,EUR,2026-07-02,2026-09-04T15:50:40Z,Coinbase,2,,,engine/technical/README.md,
ETH,crypto,tecnico,precio,1536.58,,EUR,2026-07-03,2026-09-04T15:50:40Z,Coinbase,2,,,engine/technical/README.md,
ETH,crypto,tecnico,precio,1556.83,,EUR,2026-07-04,2026-09-04T15:50:40Z,Coinbase,2,,,engine/technical/README.md,
ETH,crypto,tecnico,precio,1560.16,,EUR,2026-07-05,2026-09-04T15:50:40Z,Coinbase,2,,,engine/technical/README.md,
ETH,crypto,tecnico,precio,1571.61,,EUR,2026-07-06,2026-09-04T15:50:40Z,Coinbase,2,,,engine/technical/README.md,
ETH,crypto,tecnico,precio,1552.95,,EUR,2026-07-07,2026-09-04T15:50:40Z,Coinbase,2,,,engine/technical/README.md,
ETH,crypto,tecnico,precio,1526.33,,EUR,2026-07-08,2026-09-04T15:50:40Z,Coinbase,2,,,engine/technical/README.md,
ETH,crypto,tecnico,precio,1525.95,,EUR,2026-07-09,2026-09-04T15:50:40Z,Coinbase,2,,,engine/technical/README.md,
ETH,crypto,tecnico,precio,1573.68,,EUR,2026-07-10,2026-09-04T15:50:40Z,Coinbase,2,,,engine/technical/README.md,
ETH,crypto,tecnico,precio,1566.08,,EUR,2026-07-11,2026-09-04T15:50:40Z,Coinbase,2,,,engine/technical/README.md,
ETH,crypto,tecnico,precio,1581.78,,EUR,2026-07-12,2026-09-04T15:50:40Z,Coinbase,2,,,engine/technical/README.md,
ETH,crypto,tecnico,precio,1559.53,,EUR,2026-07-13,2026-09-04T15:50:40Z,Coinbase,2,,,engine/technical/README.md,
ETH,crypto,tecnico,precio,1655.41,,EUR,2026-07-14,2026-09-04T15:50:40Z,Coinbase,2,,,engine/technical/README.md,
ETH,crypto,tecnico,precio,1671.92,,EUR,2026-07-15,2026-09-04T15:50:40Z,Coinbase,2,,,engine/technical/README.md,
ETH,crypto,tecnico,precio,1628.25,,EUR,2026-07-16,2026-09-04T15:50:40Z,Coinbase,2,,,engine/technical/README.md,
ETH,crypto,tecnico,precio,1610.26,,EUR,2026-07-17,2026-09-04T15:50:40Z,Coinbase,2,,,engine/technical/README.md,
ETH,crypto,tecnico,precio,1628.22,,EUR,2026-07-18,2026-09-04T15:50:40Z,Coinbase,2,,,engine/technical/README.md,
ETH,crypto,tecnico,precio,1636.45,,EUR,2026-07-19,2026-09-04T15:50:40Z,Coinbase,2,,,engine/technical/README.md,
ETH,crypto,tecnico,precio,1667.41,,EUR,2026-07-20,2026-09-04T15:50:40Z,Coinbase,2,,,engine/technical/README.md,
ETH,crypto,tecnico,precio,1691.51,,EUR,2026-07-21,2026-09-04T15:50:40Z,Coinbase,2,,,engine/technical/README.md,
ETH,crypto,tecnico,precio,1694.58,,EUR,2026-07-22,2026-09-04T15:50:40Z,Coinbase,2,,,engine/technical/README.md,
ETH,crypto,tecnico,precio,1650.41,,EUR,2026-07-23,2026-09-04T15:50:40Z,Coinbase,2,,,engine/technical/README.md,
ETH,crypto,tecnico,precio,1636.01,,EUR,2026-07-24,2026-09-04T15:50:40Z,Coinbase,2,,,engine/technical/README.md,
ETH,crypto,tecnico,precio,1648.22,,EUR,2026-07-25,2026-09-04T15:50:40Z,Coinbase,2,,,engine/technical/README.md,
ETH,crypto,tecnico,precio,1714.55,,EUR,2026-07-26,2026-09-04T15:50:40Z,Coinbase,2,,,engine/technical/README.md,
ETH,crypto,tecnico,precio,1663.63,,EUR,2026-07-27,2026-09-04T15:50:40Z,Coinbase,2,,,engine/technical/README.md,
ETH,crypto,tecnico,precio,1686.12,,EUR,2026-07-28,2026-09-04T15:50:40Z,Coinbase,2,,,engine/technical/README.md,
ETH,crypto,tecnico,precio,1664.33,,EUR,2026-07-29,2026-09-04T15:50:40Z,Coinbase,2,,,engine/technical/README.md,
ETH,crypto,tecnico,precio,1663.46,,EUR,2026-07-30,2026-09-04T15:50:40Z,Coinbase,2,,,engine/technical/README.md,
ETH,crypto,tecnico,precio,1614.55,,EUR,2026-07-31,2026-09-04T15:50:40Z,Coinbase,2,,,engine/technical/README.md,
ETH,crypto,tecnico,precio,1600.36,,EUR,2026-08-01,2026-09-04T15:50:40Z,Coinbase,2,,,engine/technical/README.md,
ETH,crypto,tecnico,precio,1631.68,,EUR,2026-08-02,2026-09-04T15:50:40Z,Coinbase,2,,,engine/technical/README.md,
ETH,crypto,tecnico,precio,1614.47,,EUR,2026-08-03,2026-09-04T15:50:40Z,Coinbase,2,,,engine/technical/README.md,
ETH,crypto,tecnico,precio,1620.39,,EUR,2026-08-04,2026-09-04T15:50:40Z,Coinbase,2,,,engine/technical/README.md,
ETH,crypto,tecnico,precio,1650.93,,EUR,2026-08-05,2026-09-04T15:50:40Z,Coinbase,2,,,engine/technical/README.md,
ETH,crypto,tecnico,precio,1650.74,,EUR,2026-08-06,2026-09-04T15:50:40Z,Coinbase,2,,,engine/technical/README.md,
ETH,crypto,tecnico,precio,1655.58,,EUR,2026-08-07,2026-09-04T15:50:40Z,Coinbase,2,,,engine/technical/README.md,
ETH,crypto,tecnico,precio,1658.18,,EUR,2026-08-08,2026-09-04T15:50:40Z,Coinbase,2,,,engine/technical/README.md,
ETH,crypto,tecnico,precio,1652.58,,EUR,2026-08-09,2026-09-04T15:50:40Z,Coinbase,2,,,engine/technical/README.md,
ETH,crypto,tecnico,precio,1621.07,,EUR,2026-08-10,2026-09-04T15:50:40Z,Coinbase,2,,,engine/technical/README.md,
ETH,crypto,tecnico,precio,1629.6,,EUR,2026-08-11,2026-09-04T15:50:40Z,Coinbase,2,,,engine/technical/README.md,
ETH,crypto,tecnico,precio,1629.21,,EUR,2026-08-12,2026-09-04T15:50:40Z,Coinbase,2,,,engine/technical/README.md,
ETH,crypto,tecnico,precio,1634.51,,EUR,2026-08-13,2026-09-04T15:50:40Z,Coinbase,2,,,engine/technical/README.md,
ETH,crypto,tecnico,precio,1625.57,,EUR,2026-08-14,2026-09-04T15:50:40Z,Coinbase,2,,,engine/technical/README.md,
ETH,crypto,tecnico,precio,1626.72,,EUR,2026-08-15,2026-09-04T15:50:40Z,Coinbase,2,,,engine/technical/README.md,
ETH,crypto,tecnico,precio,1619.66,,EUR,2026-08-16,2026-09-04T15:50:40Z,Coinbase,2,,,engine/technical/README.md,
ETH,crypto,tecnico,precio,1650.4,,EUR,2026-08-17,2026-09-04T15:50:40Z,Coinbase,2,,,engine/technical/README.md,
ETH,crypto,tecnico,precio,1656.35,,EUR,2026-08-18,2026-09-04T15:50:40Z,Coinbase,2,,,engine/technical/README.md,
ETH,crypto,tecnico,precio,1927.89,,EUR,2026-08-19,2026-09-04T15:50:40Z,Coinbase,2,,,engine/technical/README.md,
ETH,crypto,tecnico,precio,1991.18,,EUR,2026-08-20,2026-09-04T15:50:40Z,Coinbase,2,,,engine/technical/README.md,
ETH,crypto,tecnico,precio,2152.71,,EUR,2026-08-21,2026-09-04T15:50:40Z,Coinbase,2,,,engine/technical/README.md,
ETH,crypto,tecnico,precio,2068.64,,EUR,2026-08-22,2026-09-04T15:50:40Z,Coinbase,2,,,engine/technical/README.md,
ETH,crypto,tecnico,precio,2106.37,,EUR,2026-08-23,2026-09-04T15:50:40Z,Coinbase,2,,,engine/technical/README.md,
ETH,crypto,tecnico,precio,2128.12,,EUR,2026-08-24,2026-09-04T15:50:40Z,Coinbase,2,,,engine/technical/README.md,
ETH,crypto,tecnico,precio,2091.37,,EUR,2026-08-25,2026-09-04T15:50:40Z,Coinbase,2,,,engine/technical/README.md,
ETH,crypto,tecnico,precio,2150.85,,EUR,2026-08-26,2026-09-04T15:50:40Z,Coinbase,2,,,engine/technical/README.md,
ETH,crypto,tecnico,precio,2155.16,,EUR,2026-08-27,2026-09-04T15:50:40Z,Coinbase,2,,,engine/technical/README.md,
ETH,crypto,tecnico,precio,2108.21,,EUR,2026-08-28,2026-09-04T15:50:40Z,Coinbase,2,,,engine/technical/README.md,
ETH,crypto,tecnico,precio,2123.25,,EUR,2026-08-29,2026-09-04T15:50:40Z,Coinbase,2,,,engine/technical/README.md,
ETH,crypto,tecnico,precio,2086.33,,EUR,2026-08-30,2026-09-04T15:50:40Z,Coinbase,2,,,engine/technical/README.md,
ETH,crypto,tecnico,precio,2123.08,,EUR,2026-08-31,2026-09-04T15:50:40Z,Coinbase,2,,,engine/technical/README.md,
ETH,crypto,tecnico,precio,2086.15,,EUR,2026-09-01,2026-09-04T15:50:40Z,Coinbase,2,,,engine/technical/README.md,
ETH,crypto,tecnico,precio,2063.81,,EUR,2026-09-02,2026-09-04T15:50:40Z,Coinbase,2,,,engine/technical/README.md,
ETH,crypto,tecnico,precio,2065.46,,EUR,2026-09-03,2026-09-03T11:40:58Z,Kraken,2,100,,engine/technical/README.md,
ETH,crypto,tecnico,precio,2168.86,,EUR,2026-09-04,2026-09-04T10:11:47Z,Kraken,2,100,,engine/technical/README.md,
ETH,crypto,tecnico,rsi14,49.3,,indice,2026-01-01,2026-09-04T15:50:40Z,Coinbase,2,,,engine/technical/README.md,
ETH,crypto,tecnico,rsi14,58.7,,indice,2026-01-02,2026-09-04T15:50:40Z,Coinbase,2,,,engine/technical/README.md,
ETH,crypto,tecnico,rsi14,58.9,,indice,2026-01-03,2026-09-04T15:50:40Z,Coinbase,2,,,engine/technical/README.md,
ETH,crypto,tecnico,rsi14,60.1,,indice,2026-01-04,2026-09-04T15:50:40Z,Coinbase,2,,,engine/technical/README.md,
ETH,crypto,tecnico,rsi14,64.8,,indice,2026-01-05,2026-09-04T15:50:40Z,Coinbase,2,,,engine/technical/README.md,
ETH,crypto,tecnico,rsi14,68.6,,indice,2026-01-06,2026-09-04T15:50:40Z,Coinbase,2,,,engine/technical/README.md,
ETH,crypto,tecnico,rsi14,57.5,,indice,2026-01-07,2026-09-04T15:50:40Z,Coinbase,2,,,engine/technical/README.md,
ETH,crypto,tecnico,rsi14,53.3,,indice,2026-01-08,2026-09-04T15:50:40Z,Coinbase,2,,,engine/technical/README.md,
ETH,crypto,tecnico,rsi14,52.4,,indice,2026-01-09,2026-09-04T15:50:40Z,Coinbase,2,,,engine/technical/README.md,
ETH,crypto,tecnico,rsi14,52.4,,indice,2026-01-10,2026-09-04T15:50:40Z,Coinbase,2,,,engine/technical/README.md,
ETH,crypto,tecnico,rsi14,55.0,,indice,2026-01-11,2026-09-04T15:50:40Z,Coinbase,2,,,engine/technical/README.md,
ETH,crypto,tecnico,rsi14,51.8,,indice,2026-01-12,2026-09-04T15:50:40Z,Coinbase,2,,,engine/technical/README.md,
ETH,crypto,tecnico,rsi14,65.2,,indice,2026-01-13,2026-09-04T15:50:40Z,Coinbase,2,,,engine/technical/README.md,
ETH,crypto,tecnico,rsi14,66.6,,indice,2026-01-14,2026-09-04T15:50:40Z,Coinbase,2,,,engine/technical/README.md,
ETH,crypto,tecnico,rsi14,64.3,,indice,2026-01-15,2026-09-04T15:50:40Z,Coinbase,2,,,engine/technical/README.md,
ETH,crypto,tecnico,rsi14,62.5,,indice,2026-01-16,2026-09-04T15:50:40Z,Coinbase,2,,,engine/technical/README.md,
ETH,crypto,tecnico,rsi14,63.5,,indice,2026-01-17,2026-09-04T15:50:40Z,Coinbase,2,,,engine/technical/README.md,
ETH,crypto,tecnico,rsi14,60.2,,indice,2026-01-18,2026-09-04T15:50:40Z,Coinbase,2,,,engine/technical/README.md,
ETH,crypto,tecnico,rsi14,52.2,,indice,2026-01-19,2026-09-04T15:50:40Z,Coinbase,2,,,engine/technical/README.md,
ETH,crypto,tecnico,rsi14,37.5,,indice,2026-01-20,2026-09-04T15:50:40Z,Coinbase,2,,,engine/technical/README.md,
ETH,crypto,tecnico,rsi14,41.3,,indice,2026-01-21,2026-09-04T15:50:40Z,Coinbase,2,,,engine/technical/README.md,
ETH,crypto,tecnico,rsi14,39.1,,indice,2026-01-22,2026-09-04T15:50:40Z,Coinbase,2,,,engine/technical/README.md,
ETH,crypto,tecnico,rsi14,38.5,,indice,2026-01-23,2026-09-04T15:50:40Z,Coinbase,2,,,engine/technical/README.md,
ETH,crypto,tecnico,rsi14,38.3,,indice,2026-01-24,2026-09-04T15:50:40Z,Coinbase,2,,,engine/technical/README.md,
ETH,crypto,tecnico,rsi14,32.4,,indice,2026-01-25,2026-09-04T15:50:40Z,Coinbase,2,,,engine/technical/README.md,
ETH,crypto,tecnico,rsi14,39.8,,indice,2026-01-26,2026-09-04T15:50:40Z,Coinbase,2,,,engine/technical/README.md,
ETH,crypto,tecnico,rsi14,43.6,,indice,2026-01-27,2026-09-04T15:50:40Z,Coinbase,2,,,engine/technical/README.md,
ETH,crypto,tecnico,rsi14,43.4,,indice,2026-01-28,2026-09-04T15:50:40Z,Coinbase,2,,,engine/technical/README.md,
ETH,crypto,tecnico,rsi14,35.6,,indice,2026-01-29,2026-09-04T15:50:40Z,Coinbase,2,,,engine/technical/README.md,
ETH,crypto,tecnico,rsi14,32.5,,indice,2026-01-30,2026-09-04T15:50:40Z,Coinbase,2,,,engine/technical/README.md,
ETH,crypto,tecnico,rsi14,25.8,,indice,2026-01-31,2026-09-04T15:50:40Z,Coinbase,2,,,engine/technical/README.md,
ETH,crypto,tecnico,rsi14,22.1,,indice,2026-02-01,2026-09-04T15:50:40Z,Coinbase,2,,,engine/technical/README.md,
ETH,crypto,tecnico,rsi14,27.4,,indice,2026-02-02,2026-09-04T15:50:40Z,Coinbase,2,,,engine/technical/README.md,
ETH,crypto,tecnico,rsi14,24.9,,indice,2026-02-03,2026-09-04T15:50:40Z,Coinbase,2,,,engine/technical/README.md,
ETH,crypto,tecnico,rsi14,23.3,,indice,2026-02-04,2026-09-04T15:50:40Z,Coinbase,2,,,engine/technical/README.md,
ETH,crypto,tecnico,rsi14,18.5,,indice,2026-02-05,2026-09-04T15:50:40Z,Coinbase,2,,,engine/technical/README.md,
ETH,crypto,tecnico,rsi14,30.1,,indice,2026-02-06,2026-09-04T15:50:40Z,Coinbase,2,,,engine/technical/README.md,
ETH,crypto,tecnico,rsi14,31.4,,indice,2026-02-07,2026-09-04T15:50:40Z,Coinbase,2,,,engine/technical/README.md,
ETH,crypto,tecnico,rsi14,31.3,,indice,2026-02-08,2026-09-04T15:50:40Z,Coinbase,2,,,engine/technical/README.md,
ETH,crypto,tecnico,rsi14,31.3,,indice,2026-02-09,2026-09-04T15:50:40Z,Coinbase,2,,,engine/technical/README.md,
ETH,crypto,tecnico,rsi14,29.4,,indice,2026-02-10,2026-09-04T15:50:40Z,Coinbase,2,,,engine/technical/README.md,
ETH,crypto,tecnico,rsi14,27.7,,indice,2026-02-11,2026-09-04T15:50:40Z,Coinbase,2,,,engine/technical/README.md,
ETH,crypto,tecnico,rsi14,28.0,,indice,2026-02-12,2026-09-04T15:50:40Z,Coinbase,2,,,engine/technical/README.md,
ETH,crypto,tecnico,rsi14,33.9,,indice,2026-02-13,2026-09-04T15:50:40Z,Coinbase,2,,,engine/technical/README.md,
ETH,crypto,tecnico,rsi14,36.1,,indice,2026-02-14,2026-09-04T15:50:40Z,Coinbase,2,,,engine/technical/README.md,
ETH,crypto,tecnico,rsi14,32.6,,indice,2026-02-15,2026-09-04T15:50:40Z,Coinbase,2,,,engine/technical/README.md,
ETH,crypto,tecnico,rsi14,34.5,,indice,2026-02-16,2026-09-04T15:50:40Z,Coinbase,2,,,engine/technical/README.md,
ETH,crypto,tecnico,rsi14,34.3,,indice,2026-02-17,2026-09-04T15:50:40Z,Coinbase,2,,,engine/technical/README.md,
ETH,crypto,tecnico,rsi14,33.5,,indice,2026-02-18,2026-09-04T15:50:40Z,Coinbase,2,,,engine/technical/README.md,
ETH,crypto,tecnico,rsi14,33.4,,indice,2026-02-19,2026-09-04T15:50:40Z,Coinbase,2,,,engine/technical/README.md,
ETH,crypto,tecnico,rsi14,34.6,,indice,2026-02-20,2026-09-04T15:50:40Z,Coinbase,2,,,engine/technical/README.md,
ETH,crypto,tecnico,rsi14,35.0,,indice,2026-02-21,2026-09-04T15:50:40Z,Coinbase,2,,,engine/technical/README.md,
ETH,crypto,tecnico,rsi14,34.0,,indice,2026-02-22,2026-09-04T15:50:40Z,Coinbase,2,,,engine/technical/README.md,
ETH,crypto,tecnico,rsi14,30.2,,indice,2026-02-23,2026-09-04T15:50:40Z,Coinbase,2,,,engine/technical/README.md,
ETH,crypto,tecnico,rsi14,30.2,,indice,2026-02-24,2026-09-04T15:50:40Z,Coinbase,2,,,engine/technical/README.md,
ETH,crypto,tecnico,rsi14,44.9,,indice,2026-02-25,2026-09-04T15:50:40Z,Coinbase,2,,,engine/technical/README.md,
ETH,crypto,tecnico,rsi14,43.5,,indice,2026-02-26,2026-09-04T15:50:40Z,Coinbase,2,,,engine/technical/README.md,
ETH,crypto,tecnico,rsi14,38.9,,indice,2026-02-27,2026-09-04T15:50:40Z,Coinbase,2,,,engine/technical/README.md,
ETH,crypto,tecnico,rsi14,41.5,,indice,2026-02-28,2026-09-04T15:50:40Z,Coinbase,2,,,engine/technical/README.md,
ETH,crypto,tecnico,rsi14,40.6,,indice,2026-03-01,2026-09-04T15:50:40Z,Coinbase,2,,,engine/technical/README.md,
ETH,crypto,tecnico,rsi14,47.0,,indice,2026-03-02,2026-09-04T15:50:40Z,Coinbase,2,,,engine/technical/README.md,
ETH,crypto,tecnico,rsi14,45.3,,indice,2026-03-03,2026-09-04T15:50:40Z,Coinbase,2,,,engine/technical/README.md,
ETH,crypto,tecnico,rsi14,53.7,,indice,2026-03-04,2026-09-04T15:50:40Z,Coinbase,2,,,engine/technical/README.md,
ETH,crypto,tecnico,rsi14,50.7,,indice,2026-03-05,2026-09-04T15:50:40Z,Coinbase,2,,,engine/technical/README.md,
ETH,crypto,tecnico,rsi14,45.6,,indice,2026-03-06,2026-09-04T15:50:40Z,Coinbase,2,,,engine/technical/README.md,
ETH,crypto,tecnico,rsi14,45.3,,indice,2026-03-07,2026-09-04T15:50:40Z,Coinbase,2,,,engine/technical/README.md,
ETH,crypto,tecnico,rsi14,44.2,,indice,2026-03-08,2026-09-04T15:50:40Z,Coinbase,2,,,engine/technical/README.md,
ETH,crypto,tecnico,rsi14,46.9,,indice,2026-03-09,2026-09-04T15:50:40Z,Coinbase,2,,,engine/technical/README.md,
ETH,crypto,tecnico,rsi14,49.9,,indice,2026-03-10,2026-09-04T15:50:40Z,Coinbase,2,,,engine/technical/README.md,
ETH,crypto,tecnico,rsi14,51.6,,indice,2026-03-11,2026-09-04T15:50:40Z,Coinbase,2,,,engine/technical/README.md,
ETH,crypto,tecnico,rsi14,53.2,,indice,2026-03-12,2026-09-04T15:50:40Z,Coinbase,2,,,engine/technical/README.md,
ETH,crypto,tecnico,rsi14,55.7,,indice,2026-03-13,2026-09-04T15:50:40Z,Coinbase,2,,,engine/technical/README.md,
ETH,crypto,tecnico,rsi14,56.2,,indice,2026-03-14,2026-09-04T15:50:40Z,Coinbase,2,,,engine/technical/README.md,
ETH,crypto,tecnico,rsi14,61.0,,indice,2026-03-15,2026-09-04T15:50:40Z,Coinbase,2,,,engine/technical/README.md,
ETH,crypto,tecnico,rsi14,68.6,,indice,2026-03-16,2026-09-04T15:50:40Z,Coinbase,2,,,engine/technical/README.md,
ETH,crypto,tecnico,rsi14,65.0,,indice,2026-03-17,2026-09-04T15:50:40Z,Coinbase,2,,,engine/technical/README.md,
ETH,crypto,tecnico,rsi14,57.3,,indice,2026-03-18,2026-09-04T15:50:40Z,Coinbase,2,,,engine/technical/README.md,
ETH,crypto,tecnico,rsi14,51.6,,indice,2026-03-19,2026-09-04T15:50:40Z,Coinbase,2,,,engine/technical/README.md,
ETH,crypto,tecnico,rsi14,52.2,,indice,2026-03-20,2026-09-04T15:50:40Z,Coinbase,2,,,engine/technical/README.md,
ETH,crypto,tecnico,rsi14,48.2,,indice,2026-03-21,2026-09-04T15:50:40Z,Coinbase,2,,,engine/technical/README.md,
ETH,crypto,tecnico,rsi14,46.5,,indice,2026-03-22,2026-09-04T15:50:40Z,Coinbase,2,,,engine/technical/README.md,
ETH,crypto,tecnico,rsi14,52.3,,indice,2026-03-23,2026-09-04T15:50:40Z,Coinbase,2,,,engine/technical/README.md,
ETH,crypto,tecnico,rsi14,52.5,,indice,2026-03-24,2026-09-04T15:50:40Z,Coinbase,2,,,engine/technical/README.md,
ETH,crypto,tecnico,rsi14,53.8,,indice,2026-03-25,2026-09-04T15:50:40Z,Coinbase,2,,,engine/technical/README.md,
ETH,crypto,tecnico,rsi14,46.8,,indice,2026-03-26,2026-09-04T15:50:40Z,Coinbase,2,,,engine/technical/README.md,
ETH,crypto,tecnico,rsi14,43.1,,indice,2026-03-27,2026-09-04T15:50:40Z,Coinbase,2,,,engine/technical/README.md,
ETH,crypto,tecnico,rsi14,43.4,,indice,2026-03-28,2026-09-04T15:50:40Z,Coinbase,2,,,engine/technical/README.md,
ETH,crypto,tecnico,rsi14,43.0,,indice,2026-03-29,2026-09-04T15:50:40Z,Coinbase,2,,,engine/technical/README.md,
ETH,crypto,tecnico,rsi14,46.7,,indice,2026-03-30,2026-09-04T15:50:40Z,Coinbase,2,,,engine/technical/README.md,
ETH,crypto,tecnico,rsi14,51.0,,indice,2026-03-31,2026-09-04T15:50:40Z,Coinbase,2,,,engine/technical/README.md,
ETH,crypto,tecnico,rsi14,53.5,,indice,2026-04-01,2026-09-04T15:50:40Z,Coinbase,2,,,engine/technical/README.md,
ETH,crypto,tecnico,rsi14,47.9,,indice,2026-04-02,2026-09-04T15:50:40Z,Coinbase,2,,,engine/technical/README.md,
ETH,crypto,tecnico,rsi14,47.9,,indice,2026-04-03,2026-09-04T15:50:40Z,Coinbase,2,,,engine/technical/README.md,
ETH,crypto,tecnico,rsi14,49.0,,indice,2026-04-04,2026-09-04T15:50:40Z,Coinbase,2,,,engine/technical/README.md,
ETH,crypto,tecnico,rsi14,52.6,,indice,2026-04-05,2026-09-04T15:50:40Z,Coinbase,2,,,engine/technical/README.md,
ETH,crypto,tecnico,rsi14,51.8,,indice,2026-04-06,2026-09-04T15:50:40Z,Coinbase,2,,,engine/technical/README.md,
ETH,crypto,tecnico,rsi14,59.7,,indice,2026-04-07,2026-09-04T15:50:40Z,Coinbase,2,,,engine/technical/README.md,
ETH,crypto,tecnico,rsi14,55.7,,indice,2026-04-08,2026-09-04T15:50:40Z,Coinbase,2,,,engine/technical/README.md,
ETH,crypto,tecnico,rsi14,55.1,,indice,2026-04-09,2026-09-04T15:50:40Z,Coinbase,2,,,engine/technical/README.md,
ETH,crypto,tecnico,rsi14,58.7,,indice,2026-04-10,2026-09-04T15:50:40Z,Coinbase,2,,,engine/technical/README.md,
ETH,crypto,tecnico,rsi14,61.3,,indice,2026-04-11,2026-09-04T15:50:40Z,Coinbase,2,,,engine/technical/README.md,
ETH,crypto,tecnico,rsi14,53.4,,indice,2026-04-12,2026-09-04T15:50:40Z,Coinbase,2,,,engine/technical/README.md,
ETH,crypto,tecnico,rsi14,63.1,,indice,2026-04-13,2026-09-04T15:50:40Z,Coinbase,2,,,engine/technical/README.md,
ETH,crypto,tecnico,rsi14,58.8,,indice,2026-04-14,2026-09-04T15:50:40Z,Coinbase,2,,,engine/technical/README.md,
ETH,crypto,tecnico,rsi14,60.8,,indice,2026-04-15,2026-09-04T15:50:40Z,Coinbase,2,,,engine/technical/README.md,
ETH,crypto,tecnico,rsi14,60.1,,indice,2026-04-16,2026-09-04T15:50:40Z,Coinbase,2,,,engine/technical/README.md,
ETH,crypto,tecnico,rsi14,64.2,,indice,2026-04-17,2026-09-04T15:50:40Z,Coinbase,2,,,engine/technical/README.md,
ETH,crypto,tecnico,rsi14,58.4,,indice,2026-04-18,2026-09-04T15:50:40Z,Coinbase,2,,,engine/technical/README.md,
ETH,crypto,tecnico,rsi14,52.2,,indice,2026-04-19,2026-09-04T15:50:40Z,Coinbase,2,,,engine/technical/README.md,
ETH,crypto,tecnico,rsi14,54.8,,indice,2026-04-20,2026-09-04T15:50:40Z,Coinbase,2,,,engine/technical/README.md,
ETH,crypto,tecnico,rsi14,56.1,,indice,2026-04-21,2026-09-04T15:50:40Z,Coinbase,2,,,engine/technical/README.md,
ETH,crypto,tecnico,rsi14,59.3,,indice,2026-04-22,2026-09-04T15:50:40Z,Coinbase,2,,,engine/technical/README.md,
ETH,crypto,tecnico,rsi14,56.1,,indice,2026-04-23,2026-09-04T15:50:40Z,Coinbase,2,,,engine/technical/README.md,
ETH,crypto,tecnico,rsi14,54.2,,indice,2026-04-24,2026-09-04T15:50:40Z,Coinbase,2,,,engine/technical/README.md,
ETH,crypto,tecnico,rsi14,54.6,,indice,2026-04-25,2026-09-04T15:50:40Z,Coinbase,2,,,engine/technical/README.md,
ETH,crypto,tecnico,rsi14,58.2,,indice,2026-04-26,2026-09-04T15:50:40Z,Coinbase,2,,,engine/technical/README.md,
ETH,crypto,tecnico,rsi14,52.1,,indice,2026-04-27,2026-09-04T15:50:40Z,Coinbase,2,,,engine/technical/README.md,
ETH,crypto,tecnico,rsi14,51.1,,indice,2026-04-28,2026-09-04T15:50:40Z,Coinbase,2,,,engine/technical/README.md,
ETH,crypto,tecnico,rsi14,48.6,,indice,2026-04-29,2026-09-04T15:50:40Z,Coinbase,2,,,engine/technical/README.md,
ETH,crypto,tecnico,rsi14,48.3,,indice,2026-04-30,2026-09-04T15:50:40Z,Coinbase,2,,,engine/technical/README.md,
ETH,crypto,tecnico,rsi14,51.8,,indice,2026-05-01,2026-09-04T15:50:40Z,Coinbase,2,,,engine/technical/README.md,
ETH,crypto,tecnico,rsi14,53.6,,indice,2026-05-02,2026-09-04T15:50:40Z,Coinbase,2,,,engine/technical/README.md,
ETH,crypto,tecnico,rsi14,53.8,,indice,2026-05-03,2026-09-04T15:50:40Z,Coinbase,2,,,engine/technical/README.md,
ETH,crypto,tecnico,rsi14,56.9,,indice,2026-05-04,2026-09-04T15:50:40Z,Coinbase,2,,,engine/technical/README.md,
ETH,crypto,tecnico,rsi14,57.6,,indice,2026-05-05,2026-09-04T15:50:40Z,Coinbase,2,,,engine/technical/README.md,
ETH,crypto,tecnico,rsi14,55.7,,indice,2026-05-06,2026-09-04T15:50:40Z,Coinbase,2,,,engine/technical/README.md,
ETH,crypto,tecnico,rsi14,49.3,,indice,2026-05-07,2026-09-04T15:50:40Z,Coinbase,2,,,engine/technical/README.md,
ETH,crypto,tecnico,rsi14,49.9,,indice,2026-05-08,2026-09-04T15:50:40Z,Coinbase,2,,,engine/technical/README.md,
ETH,crypto,tecnico,rsi14,52.3,,indice,2026-05-09,2026-09-04T15:50:40Z,Coinbase,2,,,engine/technical/README.md,
ETH,crypto,tecnico,rsi14,56.9,,indice,2026-05-10,2026-09-04T15:50:40Z,Coinbase,2,,,engine/technical/README.md,
ETH,crypto,tecnico,rsi14,52.8,,indice,2026-05-11,2026-09-04T15:50:40Z,Coinbase,2,,,engine/technical/README.md,
ETH,crypto,tecnico,rsi14,46.8,,indice,2026-05-12,2026-09-04T15:50:40Z,Coinbase,2,,,engine/technical/README.md,
ETH,crypto,tecnico,rsi14,45.5,,indice,2026-05-13,2026-09-04T15:50:40Z,Coinbase,2,,,engine/technical/README.md,
ETH,crypto,tecnico,rsi14,49.6,,indice,2026-05-14,2026-09-04T15:50:40Z,Coinbase,2,,,engine/technical/README.md,
ETH,crypto,tecnico,rsi14,44.3,,indice,2026-05-15,2026-09-04T15:50:40Z,Coinbase,2,,,engine/technical/README.md,
ETH,crypto,tecnico,rsi14,40.5,,indice,2026-05-16,2026-09-04T15:50:40Z,Coinbase,2,,,engine/technical/README.md,
ETH,crypto,tecnico,rsi14,36.5,,indice,2026-05-17,2026-09-04T15:50:40Z,Coinbase,2,,,engine/technical/README.md,
ETH,crypto,tecnico,rsi14,35.8,,indice,2026-05-18,2026-09-04T15:50:40Z,Coinbase,2,,,engine/technical/README.md,
ETH,crypto,tecnico,rsi14,35.0,,indice,2026-05-19,2026-09-04T15:50:40Z,Coinbase,2,,,engine/technical/README.md,
ETH,crypto,tecnico,rsi14,37.1,,indice,2026-05-20,2026-09-04T15:50:40Z,Coinbase,2,,,engine/technical/README.md,
ETH,crypto,tecnico,rsi14,38.1,,indice,2026-05-21,2026-09-04T15:50:40Z,Coinbase,2,,,engine/technical/README.md,
ETH,crypto,tecnico,rsi14,32.5,,indice,2026-05-22,2026-09-04T15:50:40Z,Coinbase,2,,,engine/technical/README.md,
ETH,crypto,tecnico,rsi14,39.9,,indice,2026-05-23,2026-09-04T15:50:40Z,Coinbase,2,,,engine/technical/README.md,
ETH,crypto,tecnico,rsi14,37.7,,indice,2026-05-24,2026-09-04T15:50:40Z,Coinbase,2,,,engine/technical/README.md,
ETH,crypto,tecnico,rsi14,39.9,,indice,2026-05-25,2026-09-04T15:50:40Z,Coinbase,2,,,engine/technical/README.md,
ETH,crypto,tecnico,rsi14,36.2,,indice,2026-05-26,2026-09-04T15:50:40Z,Coinbase,2,,,engine/technical/README.md,
ETH,crypto,tecnico,rsi14,32.6,,indice,2026-05-27,2026-09-04T15:50:40Z,Coinbase,2,,,engine/technical/README.md,
ETH,crypto,tecnico,rsi14,31.1,,indice,2026-05-28,2026-09-04T15:50:40Z,Coinbase,2,,,engine/technical/README.md,
ETH,crypto,tecnico,rsi14,31.9,,indice,2026-05-29,2026-09-04T15:50:40Z,Coinbase,2,,,engine/technical/README.md,
ETH,crypto,tecnico,rsi14,33.0,,indice,2026-05-30,2026-09-04T15:50:40Z,Coinbase,2,,,engine/technical/README.md,
ETH,crypto,tecnico,rsi14,31.8,,indice,2026-05-31,2026-09-04T15:50:40Z,Coinbase,2,,,engine/technical/README.md,
ETH,crypto,tecnico,rsi14,32.3,,indice,2026-06-01,2026-09-04T15:50:40Z,Coinbase,2,,,engine/technical/README.md,
ETH,crypto,tecnico,rsi14,22.6,,indice,2026-06-02,2026-09-04T15:50:40Z,Coinbase,2,,,engine/technical/README.md,
ETH,crypto,tecnico,rsi14,20.5,,indice,2026-06-03,2026-09-04T15:50:40Z,Coinbase,2,,,engine/technical/README.md,
ETH,crypto,tecnico,rsi14,18.7,,indice,2026-06-04,2026-09-04T15:50:40Z,Coinbase,2,,,engine/technical/README.md,
ETH,crypto,tecnico,rsi14,13.6,,indice,2026-06-05,2026-09-04T15:50:40Z,Coinbase,2,,,engine/technical/README.md,
ETH,crypto,tecnico,rsi14,13.3,,indice,2026-06-06,2026-09-04T15:50:40Z,Coinbase,2,,,engine/technical/README.md,
ETH,crypto,tecnico,rsi14,28.6,,indice,2026-06-07,2026-09-04T15:50:40Z,Coinbase,2,,,engine/technical/README.md,
ETH,crypto,tecnico,rsi14,28.6,,indice,2026-06-08,2026-09-04T15:50:40Z,Coinbase,2,,,engine/technical/README.md,
ETH,crypto,tecnico,rsi14,26.3,,indice,2026-06-09,2026-09-04T15:50:40Z,Coinbase,2,,,engine/technical/README.md,
ETH,crypto,tecnico,rsi14,25.4,,indice,2026-06-10,2026-09-04T15:50:40Z,Coinbase,2,,,engine/technical/README.md,
ETH,crypto,tecnico,rsi14,31.0,,indice,2026-06-11,2026-09-04T15:50:40Z,Coinbase,2,,,engine/technical/README.md,
ETH,crypto,tecnico,rsi14,30.7,,indice,2026-06-12,2026-09-04T15:50:40Z,Coinbase,2,,,engine/technical/README.md,
ETH,crypto,tecnico,rsi14,32.7,,indice,2026-06-13,2026-09-04T15:50:40Z,Coinbase,2,,,engine/technical/README.md,
ETH,crypto,tecnico,rsi14,37.5,,indice,2026-06-14,2026-09-04T15:50:40Z,Coinbase,2,,,engine/technical/README.md,
ETH,crypto,tecnico,rsi14,45.2,,indice,2026-06-15,2026-09-04T15:50:40Z,Coinbase,2,,,engine/technical/README.md,
ETH,crypto,tecnico,rsi14,44.7,,indice,2026-06-16,2026-09-04T15:50:40Z,Coinbase,2,,,engine/technical/README.md,
ETH,crypto,tecnico,rsi14,42.4,,indice,2026-06-17,2026-09-04T15:50:40Z,Coinbase,2,,,engine/technical/README.md,
ETH,crypto,tecnico,rsi14,39.7,,indice,2026-06-18,2026-09-04T15:50:40Z,Coinbase,2,,,engine/technical/README.md,
ETH,crypto,tecnico,rsi14,39.6,,indice,2026-06-19,2026-09-04T15:50:40Z,Coinbase,2,,,engine/technical/README.md,
ETH,crypto,tecnico,rsi14,43.5,,indice,2026-06-20,2026-09-04T15:50:40Z,Coinbase,2,,,engine/technical/README.md,
ETH,crypto,tecnico,rsi14,40.8,,indice,2026-06-21,2026-09-04T15:50:40Z,Coinbase,2,,,engine/technical/README.md,
ETH,crypto,tecnico,rsi14,43.6,,indice,2026-06-22,2026-09-04T15:50:40Z,Coinbase,2,,,engine/technical/README.md,
ETH,crypto,tecnico,rsi14,38.7,,indice,2026-06-23,2026-09-04T15:50:40Z,Coinbase,2,,,engine/technical/README.md,
ETH,crypto,tecnico,rsi14,35.5,,indice,2026-06-24,2026-09-04T15:50:40Z,Coinbase,2,,,engine/technical/README.md,
ETH,crypto,tecnico,rsi14,31.6,,indice,2026-06-25,2026-09-04T15:50:40Z,Coinbase,2,,,engine/technical/README.md,
ETH,crypto,tecnico,rsi14,32.9,,indice,2026-06-26,2026-09-04T15:50:40Z,Coinbase,2,,,engine/technical/README.md,
ETH,crypto,tecnico,rsi14,32.4,,indice,2026-06-27,2026-09-04T15:50:40Z,Coinbase,2,,,engine/technical/README.md,
ETH,crypto,tecnico,rsi14,32.3,,indice,2026-06-28,2026-09-04T15:50:40Z,Coinbase,2,,,engine/technical/README.md,
ETH,crypto,tecnico,rsi14,38.0,,indice,2026-06-29,2026-09-04T15:50:40Z,Coinbase,2,,,engine/technical/README.md,
ETH,crypto,tecnico,rsi14,34.6,,indice,2026-06-30,2026-09-04T15:50:40Z,Coinbase,2,,,engine/technical/README.md,
ETH,crypto,tecnico,rsi14,40.7,,indice,2026-07-01,2026-09-04T15:50:40Z,Coinbase,2,,,engine/technical/README.md,
ETH,crypto,tecnico,rsi14,50.7,,indice,2026-07-02,2026-09-04T15:50:40Z,Coinbase,2,,,engine/technical/README.md,
ETH,crypto,tecnico,rsi14,56.0,,indice,2026-07-03,2026-09-04T15:50:40Z,Coinbase,2,,,engine/technical/README.md,
ETH,crypto,tecnico,rsi14,58.0,,indice,2026-07-04,2026-09-04T15:50:40Z,Coinbase,2,,,engine/technical/README.md,
ETH,crypto,tecnico,rsi14,58.3,,indice,2026-07-05,2026-09-04T15:50:40Z,Coinbase,2,,,engine/technical/README.md,
ETH,crypto,tecnico,rsi14,59.5,,indice,2026-07-06,2026-09-04T15:50:40Z,Coinbase,2,,,engine/technical/README.md,
ETH,crypto,tecnico,rsi14,56.7,,indice,2026-07-07,2026-09-04T15:50:40Z,Coinbase,2,,,engine/technical/README.md,
ETH,crypto,tecnico,rsi14,52.8,,indice,2026-07-08,2026-09-04T15:50:40Z,Coinbase,2,,,engine/technical/README.md,
ETH,crypto,tecnico,rsi14,52.7,,indice,2026-07-09,2026-09-04T15:50:40Z,Coinbase,2,,,engine/technical/README.md,
ETH,crypto,tecnico,rsi14,58.6,,indice,2026-07-10,2026-09-04T15:50:40Z,Coinbase,2,,,engine/technical/README.md,
ETH,crypto,tecnico,rsi14,57.4,,indice,2026-07-11,2026-09-04T15:50:40Z,Coinbase,2,,,engine/technical/README.md,
ETH,crypto,tecnico,rsi14,59.3,,indice,2026-07-12,2026-09-04T15:50:40Z,Coinbase,2,,,engine/technical/README.md,
ETH,crypto,tecnico,rsi14,55.5,,indice,2026-07-13,2026-09-04T15:50:40Z,Coinbase,2,,,engine/technical/README.md,
ETH,crypto,tecnico,rsi14,65.6,,indice,2026-07-14,2026-09-04T15:50:40Z,Coinbase,2,,,engine/technical/README.md,
ETH,crypto,tecnico,rsi14,67.0,,indice,2026-07-15,2026-09-04T15:50:40Z,Coinbase,2,,,engine/technical/README.md,
ETH,crypto,tecnico,rsi14,60.1,,indice,2026-07-16,2026-09-04T15:50:40Z,Coinbase,2,,,engine/technical/README.md,
ETH,crypto,tecnico,rsi14,57.5,,indice,2026-07-17,2026-09-04T15:50:40Z,Coinbase,2,,,engine/technical/README.md,
ETH,crypto,tecnico,rsi14,59.4,,indice,2026-07-18,2026-09-04T15:50:40Z,Coinbase,2,,,engine/technical/README.md,
ETH,crypto,tecnico,rsi14,60.3,,indice,2026-07-19,2026-09-04T15:50:40Z,Coinbase,2,,,engine/technical/README.md,
ETH,crypto,tecnico,rsi14,63.5,,indice,2026-07-20,2026-09-04T15:50:40Z,Coinbase,2,,,engine/technical/README.md,
ETH,crypto,tecnico,rsi14,65.8,,indice,2026-07-21,2026-09-04T15:50:40Z,Coinbase,2,,,engine/technical/README.md,
ETH,crypto,tecnico,rsi14,66.1,,indice,2026-07-22,2026-09-04T15:50:40Z,Coinbase,2,,,engine/technical/README.md,
ETH,crypto,tecnico,rsi14,58.3,,indice,2026-07-23,2026-09-04T15:50:40Z,Coinbase,2,,,engine/technical/README.md,
ETH,crypto,tecnico,rsi14,56.0,,indice,2026-07-24,2026-09-04T15:50:40Z,Coinbase,2,,,engine/technical/README.md,
ETH,crypto,tecnico,rsi14,57.5,,indice,2026-07-25,2026-09-04T15:50:40Z,Coinbase,2,,,engine/technical/README.md,
ETH,crypto,tecnico,rsi14,64.8,,indice,2026-07-26,2026-09-04T15:50:40Z,Coinbase,2,,,engine/technical/README.md,
ETH,crypto,tecnico,rsi14,56.8,,indice,2026-07-27,2026-09-04T15:50:40Z,Coinbase,2,,,engine/technical/README.md,
ETH,crypto,tecnico,rsi14,59.2,,indice,2026-07-28,2026-09-04T15:50:40Z,Coinbase,2,,,engine/technical/README.md,
ETH,crypto,tecnico,rsi14,55.9,,indice,2026-07-29,2026-09-04T15:50:40Z,Coinbase,2,,,engine/technical/README.md,
ETH,crypto,tecnico,rsi14,55.8,,indice,2026-07-30,2026-09-04T15:50:40Z,Coinbase,2,,,engine/technical/README.md,
ETH,crypto,tecnico,rsi14,48.9,,indice,2026-07-31,2026-09-04T15:50:40Z,Coinbase,2,,,engine/technical/README.md,
ETH,crypto,tecnico,rsi14,47.0,,indice,2026-08-01,2026-09-04T15:50:40Z,Coinbase,2,,,engine/technical/README.md,
ETH,crypto,tecnico,rsi14,51.3,,indice,2026-08-02,2026-09-04T15:50:40Z,Coinbase,2,,,engine/technical/README.md,
ETH,crypto,tecnico,rsi14,49.0,,indice,2026-08-03,2026-09-04T15:50:40Z,Coinbase,2,,,engine/technical/README.md,
ETH,crypto,tecnico,rsi14,49.8,,indice,2026-08-04,2026-09-04T15:50:40Z,Coinbase,2,,,engine/technical/README.md,
ETH,crypto,tecnico,rsi14,54.1,,indice,2026-08-05,2026-09-04T15:50:40Z,Coinbase,2,,,engine/technical/README.md,
ETH,crypto,tecnico,rsi14,54.1,,indice,2026-08-06,2026-09-04T15:50:40Z,Coinbase,2,,,engine/technical/README.md,
ETH,crypto,tecnico,rsi14,54.8,,indice,2026-08-07,2026-09-04T15:50:40Z,Coinbase,2,,,engine/technical/README.md,
ETH,crypto,tecnico,rsi14,55.2,,indice,2026-08-08,2026-09-04T15:50:40Z,Coinbase,2,,,engine/technical/README.md,
ETH,crypto,tecnico,rsi14,54.1,,indice,2026-08-09,2026-09-04T15:50:40Z,Coinbase,2,,,engine/technical/README.md,
ETH,crypto,tecnico,rsi14,48.2,,indice,2026-08-10,2026-09-04T15:50:40Z,Coinbase,2,,,engine/technical/README.md,
ETH,crypto,tecnico,rsi14,49.8,,indice,2026-08-11,2026-09-04T15:50:40Z,Coinbase,2,,,engine/technical/README.md,
ETH,crypto,tecnico,rsi14,49.7,,indice,2026-08-12,2026-09-04T15:50:40Z,Coinbase,2,,,engine/technical/README.md,
ETH,crypto,tecnico,rsi14,50.8,,indice,2026-08-13,2026-09-04T15:50:40Z,Coinbase,2,,,engine/technical/README.md,
ETH,crypto,tecnico,rsi14,48.9,,indice,2026-08-14,2026-09-04T15:50:40Z,Coinbase,2,,,engine/technical/README.md,
ETH,crypto,tecnico,rsi14,49.2,,indice,2026-08-15,2026-09-04T15:50:40Z,Coinbase,2,,,engine/technical/README.md,
ETH,crypto,tecnico,rsi14,47.5,,indice,2026-08-16,2026-09-04T15:50:40Z,Coinbase,2,,,engine/technical/README.md,
ETH,crypto,tecnico,rsi14,54.6,,indice,2026-08-17,2026-09-04T15:50:40Z,Coinbase,2,,,engine/technical/README.md,
ETH,crypto,tecnico,rsi14,55.8,,indice,2026-08-18,2026-09-04T15:50:40Z,Coinbase,2,,,engine/technical/README.md,
ETH,crypto,tecnico,rsi14,81.2,,indice,2026-08-19,2026-09-04T15:50:40Z,Coinbase,2,,,engine/technical/README.md,
ETH,crypto,tecnico,rsi14,83.5,,indice,2026-08-20,2026-09-04T15:50:40Z,Coinbase,2,,,engine/technical/README.md,
ETH,crypto,tecnico,rsi14,87.8,,indice,2026-08-21,2026-09-04T15:50:40Z,Coinbase,2,,,engine/technical/README.md,
ETH,crypto,tecnico,rsi14,76.7,,indice,2026-08-22,2026-09-04T15:50:40Z,Coinbase,2,,,engine/technical/README.md,
ETH,crypto,tecnico,rsi14,78.1,,indice,2026-08-23,2026-09-04T15:50:40Z,Coinbase,2,,,engine/technical/README.md,
ETH,crypto,tecnico,rsi14,78.8,,indice,2026-08-24,2026-09-04T15:50:40Z,Coinbase,2,,,engine/technical/README.md,
ETH,crypto,tecnico,rsi14,74.2,,indice,2026-08-25,2026-09-04T15:50:40Z,Coinbase,2,,,engine/technical/README.md,
ETH,crypto,tecnico,rsi14,76.6,,indice,2026-08-26,2026-09-04T15:50:40Z,Coinbase,2,,,engine/technical/README.md,
ETH,crypto,tecnico,rsi14,76.7,,indice,2026-08-27,2026-09-04T15:50:40Z,Coinbase,2,,,engine/technical/README.md,
ETH,crypto,tecnico,rsi14,70.8,,indice,2026-08-28,2026-09-04T15:50:40Z,Coinbase,2,,,engine/technical/README.md,
ETH,crypto,tecnico,rsi14,71.5,,indice,2026-08-29,2026-09-04T15:50:40Z,Coinbase,2,,,engine/technical/README.md,
ETH,crypto,tecnico,rsi14,66.9,,indice,2026-08-30,2026-09-04T15:50:40Z,Coinbase,2,,,engine/technical/README.md,
ETH,crypto,tecnico,rsi14,69.0,,indice,2026-08-31,2026-09-04T15:50:40Z,Coinbase,2,,,engine/technical/README.md,
ETH,crypto,tecnico,rsi14,64.5,,indice,2026-09-01,2026-09-04T15:50:40Z,Coinbase,2,,,engine/technical/README.md,
ETH,crypto,tecnico,rsi14,61.9,,indice,2026-09-02,2026-09-04T15:50:40Z,Coinbase,2,,,engine/technical/README.md,
ETH,crypto,tecnico,rsi14,62.1,,indice,2026-09-03,2026-09-03T11:40:58Z,Kraken,2,100,,engine/technical/README.md,
ETH,crypto,tecnico,rsi14,68.6,,indice,2026-09-04,2026-09-04T10:11:47Z,Kraken,2,100,,engine/technical/README.md,
ETH,crypto,tecnico,sma100,2993.8839,,EUR,2026-01-01,2026-09-04T15:50:40Z,Coinbase,2,,,engine/technical/README.md,
ETH,crypto,tecnico,sma100,2985.1769,,EUR,2026-01-02,2026-09-04T15:50:40Z,Coinbase,2,,,engine/technical/README.md,
ETH,crypto,tecnico,sma100,2978.6426,,EUR,2026-01-03,2026-09-04T15:50:40Z,Coinbase,2,,,engine/technical/README.md,
ETH,crypto,tecnico,sma100,2971.0006,,EUR,2026-01-04,2026-09-04T15:50:40Z,Coinbase,2,,,engine/technical/README.md,
ETH,crypto,tecnico,sma100,2964.1531,,EUR,2026-01-05,2026-09-04T15:50:40Z,Coinbase,2,,,engine/technical/README.md,
ETH,crypto,tecnico,sma100,2956.9384,,EUR,2026-01-06,2026-09-04T15:50:40Z,Coinbase,2,,,engine/technical/README.md,
ETH,crypto,tecnico,sma100,2948.1187,,EUR,2026-01-07,2026-09-04T15:50:40Z,Coinbase,2,,,engine/technical/README.md,
ETH,crypto,tecnico,sma100,2939.4094,,EUR,2026-01-08,2026-09-04T15:50:40Z,Coinbase,2,,,engine/technical/README.md,
ETH,crypto,tecnico,sma100,2928.8913,,EUR,2026-01-09,2026-09-04T15:50:40Z,Coinbase,2,,,engine/technical/README.md,
ETH,crypto,tecnico,sma100,2917.1606,,EUR,2026-01-10,2026-09-04T15:50:40Z,Coinbase,2,,,engine/technical/README.md,
ETH,crypto,tecnico,sma100,2905.5972,,EUR,2026-01-11,2026-09-04T15:50:40Z,Coinbase,2,,,engine/technical/README.md,
ETH,crypto,tecnico,sma100,2893.9715,,EUR,2026-01-12,2026-09-04T15:50:40Z,Coinbase,2,,,engine/technical/README.md,
ETH,crypto,tecnico,sma100,2884.1211,,EUR,2026-01-13,2026-09-04T15:50:40Z,Coinbase,2,,,engine/technical/README.md,
ETH,crypto,tecnico,sma100,2873.0213,,EUR,2026-01-14,2026-09-04T15:50:40Z,Coinbase,2,,,engine/technical/README.md,
ETH,crypto,tecnico,sma100,2863.4331,,EUR,2026-01-15,2026-09-04T15:50:40Z,Coinbase,2,,,engine/technical/README.md,
ETH,crypto,tecnico,sma100,2852.913,,EUR,2026-01-16,2026-09-04T15:50:40Z,Coinbase,2,,,engine/technical/README.md,
ETH,crypto,tecnico,sma100,2843.7038,,EUR,2026-01-17,2026-09-04T15:50:40Z,Coinbase,2,,,engine/technical/README.md,
ETH,crypto,tecnico,sma100,2838.4822,,EUR,2026-01-18,2026-09-04T15:50:40Z,Coinbase,2,,,engine/technical/README.md,
ETH,crypto,tecnico,sma100,2833.1685,,EUR,2026-01-19,2026-09-04T15:50:40Z,Coinbase,2,,,engine/technical/README.md,
ETH,crypto,tecnico,sma100,2822.296,,EUR,2026-01-20,2026-09-04T15:50:40Z,Coinbase,2,,,engine/technical/README.md,
ETH,crypto,tecnico,sma100,2811.0961,,EUR,2026-01-21,2026-09-04T15:50:40Z,Coinbase,2,,,engine/technical/README.md,
ETH,crypto,tecnico,sma100,2800.6044,,EUR,2026-01-22,2026-09-04T15:50:40Z,Coinbase,2,,,engine/technical/README.md,
ETH,crypto,tecnico,sma100,2791.3417,,EUR,2026-01-23,2026-09-04T15:50:40Z,Coinbase,2,,,engine/technical/README.md,
ETH,crypto,tecnico,sma100,2783.009,,EUR,2026-01-24,2026-09-04T15:50:40Z,Coinbase,2,,,engine/technical/README.md,
ETH,crypto,tecnico,sma100,2773.8218,,EUR,2026-01-25,2026-09-04T15:50:40Z,Coinbase,2,,,engine/technical/README.md,
ETH,crypto,tecnico,sma100,2765.0485,,EUR,2026-01-26,2026-09-04T15:50:40Z,Coinbase,2,,,engine/technical/README.md,
ETH,crypto,tecnico,sma100,2756.0011,,EUR,2026-01-27,2026-09-04T15:50:40Z,Coinbase,2,,,engine/technical/README.md,
ETH,crypto,tecnico,sma100,2746.9278,,EUR,2026-01-28,2026-09-04T15:50:40Z,Coinbase,2,,,engine/technical/README.md,
ETH,crypto,tecnico,sma100,2737.1062,,EUR,2026-01-29,2026-09-04T15:50:40Z,Coinbase,2,,,engine/technical/README.md,
ETH,crypto,tecnico,sma100,2727.1423,,EUR,2026-01-30,2026-09-04T15:50:40Z,Coinbase,2,,,engine/technical/README.md,
ETH,crypto,tecnico,sma100,2714.6558,,EUR,2026-01-31,2026-09-04T15:50:40Z,Coinbase,2,,,engine/technical/README.md,
ETH,crypto,tecnico,sma100,2699.9616,,EUR,2026-02-01,2026-09-04T15:50:40Z,Coinbase,2,,,engine/technical/README.md,
ETH,crypto,tecnico,sma100,2685.8592,,EUR,2026-02-02,2026-09-04T15:50:40Z,Coinbase,2,,,engine/technical/README.md,
ETH,crypto,tecnico,sma100,2669.006,,EUR,2026-02-03,2026-09-04T15:50:40Z,Coinbase,2,,,engine/technical/README.md,
ETH,crypto,tecnico,sma100,2651.8108,,EUR,2026-02-04,2026-09-04T15:50:40Z,Coinbase,2,,,engine/technical/README.md,
ETH,crypto,tecnico,sma100,2633.1538,,EUR,2026-02-05,2026-09-04T15:50:40Z,Coinbase,2,,,engine/technical/README.md,
ETH,crypto,tecnico,sma100,2617.0015,,EUR,2026-02-06,2026-09-04T15:50:40Z,Coinbase,2,,,engine/technical/README.md,
ETH,crypto,tecnico,sma100,2601.8617,,EUR,2026-02-07,2026-09-04T15:50:40Z,Coinbase,2,,,engine/technical/README.md,
ETH,crypto,tecnico,sma100,2586.2448,,EUR,2026-02-08,2026-09-04T15:50:40Z,Coinbase,2,,,engine/technical/README.md,
ETH,crypto,tecnico,sma100,2570.4046,,EUR,2026-02-09,2026-09-04T15:50:40Z,Coinbase,2,,,engine/technical/README.md,
ETH,crypto,tecnico,sma100,2553.5395,,EUR,2026-02-10,2026-09-04T15:50:40Z,Coinbase,2,,,engine/technical/README.md,
ETH,crypto,tecnico,sma100,2538.6079,,EUR,2026-02-11,2026-09-04T15:50:40Z,Coinbase,2,,,engine/technical/README.md,
ETH,crypto,tecnico,sma100,2526.3904,,EUR,2026-02-12,2026-09-04T15:50:40Z,Coinbase,2,,,engine/technical/README.md,
ETH,crypto,tecnico,sma100,2513.8701,,EUR,2026-02-13,2026-09-04T15:50:40Z,Coinbase,2,,,engine/technical/README.md,
ETH,crypto,tecnico,sma100,2502.7781,,EUR,2026-02-14,2026-09-04T15:50:40Z,Coinbase,2,,,engine/technical/README.md,
ETH,crypto,tecnico,sma100,2489.6695,,EUR,2026-02-15,2026-09-04T15:50:40Z,Coinbase,2,,,engine/technical/README.md,
ETH,crypto,tecnico,sma100,2477.1408,,EUR,2026-02-16,2026-09-04T15:50:40Z,Coinbase,2,,,engine/technical/README.md,
ETH,crypto,tecnico,sma100,2462.9243,,EUR,2026-02-17,2026-09-04T15:50:40Z,Coinbase,2,,,engine/technical/README.md,
ETH,crypto,tecnico,sma100,2448.6671,,EUR,2026-02-18,2026-09-04T15:50:40Z,Coinbase,2,,,engine/technical/README.md,
ETH,crypto,tecnico,sma100,2435.7465,,EUR,2026-02-19,2026-09-04T15:50:40Z,Coinbase,2,,,engine/technical/README.md,
ETH,crypto,tecnico,sma100,2422.9824,,EUR,2026-02-20,2026-09-04T15:50:40Z,Coinbase,2,,,engine/technical/README.md,
ETH,crypto,tecnico,sma100,2411.9418,,EUR,2026-02-21,2026-09-04T15:50:40Z,Coinbase,2,,,engine/technical/README.md,
ETH,crypto,tecnico,sma100,2401.7192,,EUR,2026-02-22,2026-09-04T15:50:40Z,Coinbase,2,,,engine/technical/README.md,
ETH,crypto,tecnico,sma100,2390.1955,,EUR,2026-02-23,2026-09-04T15:50:40Z,Coinbase,2,,,engine/technical/README.md,
ETH,crypto,tecnico,sma100,2379.3261,,EUR,2026-02-24,2026-09-04T15:50:40Z,Coinbase,2,,,engine/technical/README.md,
ETH,crypto,tecnico,sma100,2370.6508,,EUR,2026-02-25,2026-09-04T15:50:40Z,Coinbase,2,,,engine/technical/README.md,
ETH,crypto,tecnico,sma100,2360.8815,,EUR,2026-02-26,2026-09-04T15:50:40Z,Coinbase,2,,,engine/technical/README.md,
ETH,crypto,tecnico,sma100,2351.0307,,EUR,2026-02-27,2026-09-04T15:50:40Z,Coinbase,2,,,engine/technical/README.md,
ETH,crypto,tecnico,sma100,2343.1563,,EUR,2026-02-28,2026-09-04T15:50:40Z,Coinbase,2,,,engine/technical/README.md,
ETH,crypto,tecnico,sma100,2335.6399,,EUR,2026-03-01,2026-09-04T15:50:40Z,Coinbase,2,,,engine/technical/README.md,
ETH,crypto,tecnico,sma100,2328.9139,,EUR,2026-03-02,2026-09-04T15:50:40Z,Coinbase,2,,,engine/technical/README.md,
ETH,crypto,tecnico,sma100,2321.6384,,EUR,2026-03-03,2026-09-04T15:50:40Z,Coinbase,2,,,engine/technical/README.md,
ETH,crypto,tecnico,sma100,2314.3104,,EUR,2026-03-04,2026-09-04T15:50:40Z,Coinbase,2,,,engine/technical/README.md,
ETH,crypto,tecnico,sma100,2306.5904,,EUR,2026-03-05,2026-09-04T15:50:40Z,Coinbase,2,,,engine/technical/README.md,
ETH,crypto,tecnico,sma100,2297.5545,,EUR,2026-03-06,2026-09-04T15:50:40Z,Coinbase,2,,,engine/technical/README.md,
ETH,crypto,tecnico,sma100,2288.5401,,EUR,2026-03-07,2026-09-04T15:50:40Z,Coinbase,2,,,engine/technical/README.md,
ETH,crypto,tecnico,sma100,2279.2003,,EUR,2026-03-08,2026-09-04T15:50:40Z,Coinbase,2,,,engine/technical/README.md,
ETH,crypto,tecnico,sma100,2270.5516,,EUR,2026-03-09,2026-09-04T15:50:40Z,Coinbase,2,,,engine/technical/README.md,
ETH,crypto,tecnico,sma100,2262.303,,EUR,2026-03-10,2026-09-04T15:50:40Z,Coinbase,2,,,engine/technical/README.md,
ETH,crypto,tecnico,sma100,2255.9534,,EUR,2026-03-11,2026-09-04T15:50:40Z,Coinbase,2,,,engine/technical/README.md,
ETH,crypto,tecnico,sma100,2248.1786,,EUR,2026-03-12,2026-09-04T15:50:40Z,Coinbase,2,,,engine/technical/README.md,
ETH,crypto,tecnico,sma100,2239.1579,,EUR,2026-03-13,2026-09-04T15:50:40Z,Coinbase,2,,,engine/technical/README.md,
ETH,crypto,tecnico,sma100,2230.6288,,EUR,2026-03-14,2026-09-04T15:50:40Z,Coinbase,2,,,engine/technical/README.md,
ETH,crypto,tecnico,sma100,2223.7174,,EUR,2026-03-15,2026-09-04T15:50:40Z,Coinbase,2,,,engine/technical/README.md,
ETH,crypto,tecnico,sma100,2218.0501,,EUR,2026-03-16,2026-09-04T15:50:40Z,Coinbase,2,,,engine/technical/README.md,
ETH,crypto,tecnico,sma100,2211.8436,,EUR,2026-03-17,2026-09-04T15:50:40Z,Coinbase,2,,,engine/technical/README.md,
ETH,crypto,tecnico,sma100,2204.2281,,EUR,2026-03-18,2026-09-04T15:50:40Z,Coinbase,2,,,engine/technical/README.md,
ETH,crypto,tecnico,sma100,2194.1686,,EUR,2026-03-19,2026-09-04T15:50:40Z,Coinbase,2,,,engine/technical/README.md,
ETH,crypto,tecnico,sma100,2184.3151,,EUR,2026-03-20,2026-09-04T15:50:40Z,Coinbase,2,,,engine/technical/README.md,
ETH,crypto,tecnico,sma100,2174.7462,,EUR,2026-03-21,2026-09-04T15:50:40Z,Coinbase,2,,,engine/technical/README.md,
ETH,crypto,tecnico,sma100,2166.2069,,EUR,2026-03-22,2026-09-04T15:50:40Z,Coinbase,2,,,engine/technical/README.md,
ETH,crypto,tecnico,sma100,2158.2062,,EUR,2026-03-23,2026-09-04T15:50:40Z,Coinbase,2,,,engine/technical/README.md,
ETH,crypto,tecnico,sma100,2150.6686,,EUR,2026-03-24,2026-09-04T15:50:40Z,Coinbase,2,,,engine/technical/README.md,
ETH,crypto,tecnico,sma100,2144.1935,,EUR,2026-03-25,2026-09-04T15:50:40Z,Coinbase,2,,,engine/technical/README.md,
ETH,crypto,tecnico,sma100,2136.8373,,EUR,2026-03-26,2026-09-04T15:50:40Z,Coinbase,2,,,engine/technical/README.md,
ETH,crypto,tecnico,sma100,2130.0329,,EUR,2026-03-27,2026-09-04T15:50:40Z,Coinbase,2,,,engine/technical/README.md,
ETH,crypto,tecnico,sma100,2123.2667,,EUR,2026-03-28,2026-09-04T15:50:40Z,Coinbase,2,,,engine/technical/README.md,
ETH,crypto,tecnico,sma100,2115.1214,,EUR,2026-03-29,2026-09-04T15:50:40Z,Coinbase,2,,,engine/technical/README.md,
ETH,crypto,tecnico,sma100,2107.3725,,EUR,2026-03-30,2026-09-04T15:50:40Z,Coinbase,2,,,engine/technical/README.md,
ETH,crypto,tecnico,sma100,2099.9154,,EUR,2026-03-31,2026-09-04T15:50:40Z,Coinbase,2,,,engine/technical/README.md,
ETH,crypto,tecnico,sma100,2092.817,,EUR,2026-04-01,2026-09-04T15:50:40Z,Coinbase,2,,,engine/technical/README.md,
ETH,crypto,tecnico,sma100,2085.5232,,EUR,2026-04-02,2026-09-04T15:50:40Z,Coinbase,2,,,engine/technical/README.md,
ETH,crypto,tecnico,sma100,2078.3365,,EUR,2026-04-03,2026-09-04T15:50:40Z,Coinbase,2,,,engine/technical/README.md,
ETH,crypto,tecnico,sma100,2071.6489,,EUR,2026-04-04,2026-09-04T15:50:40Z,Coinbase,2,,,engine/technical/README.md,
ETH,crypto,tecnico,sma100,2065.1063,,EUR,2026-04-05,2026-09-04T15:50:40Z,Coinbase,2,,,engine/technical/README.md,
ETH,crypto,tecnico,sma100,2058.3367,,EUR,2026-04-06,2026-09-04T15:50:40Z,Coinbase,2,,,engine/technical/README.md,
ETH,crypto,tecnico,sma100,2052.4518,,EUR,2026-04-07,2026-09-04T15:50:40Z,Coinbase,2,,,engine/technical/README.md,
ETH,crypto,tecnico,sma100,2046.3183,,EUR,2026-04-08,2026-09-04T15:50:40Z,Coinbase,2,,,engine/technical/README.md,
ETH,crypto,tecnico,sma100,2039.7689,,EUR,2026-04-09,2026-09-04T15:50:40Z,Coinbase,2,,,engine/technical/README.md,
ETH,crypto,tecnico,sma100,2033.6885,,EUR,2026-04-10,2026-09-04T15:50:40Z,Coinbase,2,,,engine/technical/README.md,
ETH,crypto,tecnico,sma100,2027.6492,,EUR,2026-04-11,2026-09-04T15:50:40Z,Coinbase,2,,,engine/technical/README.md,
ETH,crypto,tecnico,sma100,2019.7523,,EUR,2026-04-12,2026-09-04T15:50:40Z,Coinbase,2,,,engine/technical/README.md,
ETH,crypto,tecnico,sma100,2013.1946,,EUR,2026-04-13,2026-09-04T15:50:40Z,Coinbase,2,,,engine/technical/README.md,
ETH,crypto,tecnico,sma100,2006.0275,,EUR,2026-04-14,2026-09-04T15:50:40Z,Coinbase,2,,,engine/technical/README.md,
ETH,crypto,tecnico,sma100,1998.481,,EUR,2026-04-15,2026-09-04T15:50:40Z,Coinbase,2,,,engine/technical/README.md,
ETH,crypto,tecnico,sma100,1990.2187,,EUR,2026-04-16,2026-09-04T15:50:40Z,Coinbase,2,,,engine/technical/README.md,
ETH,crypto,tecnico,sma100,1983.6804,,EUR,2026-04-17,2026-09-04T15:50:40Z,Coinbase,2,,,engine/technical/README.md,
ETH,crypto,tecnico,sma100,1977.0446,,EUR,2026-04-18,2026-09-04T15:50:40Z,Coinbase,2,,,engine/technical/README.md,
ETH,crypto,tecnico,sma100,1969.8233,,EUR,2026-04-19,2026-09-04T15:50:40Z,Coinbase,2,,,engine/technical/README.md,
ETH,crypto,tecnico,sma100,1962.9477,,EUR,2026-04-20,2026-09-04T15:50:40Z,Coinbase,2,,,engine/technical/README.md,
ETH,crypto,tecnico,sma100,1955.9377,,EUR,2026-04-21,2026-09-04T15:50:40Z,Coinbase,2,,,engine/technical/README.md,
ETH,crypto,tecnico,sma100,1949.7232,,EUR,2026-04-22,2026-09-04T15:50:40Z,Coinbase,2,,,engine/technical/README.md,
ETH,crypto,tecnico,sma100,1941.1456,,EUR,2026-04-23,2026-09-04T15:50:40Z,Coinbase,2,,,engine/technical/README.md,
ETH,crypto,tecnico,sma100,1932.0886,,EUR,2026-04-24,2026-09-04T15:50:40Z,Coinbase,2,,,engine/technical/README.md,
ETH,crypto,tecnico,sma100,1923.3171,,EUR,2026-04-25,2026-09-04T15:50:40Z,Coinbase,2,,,engine/technical/README.md,
ETH,crypto,tecnico,sma100,1915.1635,,EUR,2026-04-26,2026-09-04T15:50:40Z,Coinbase,2,,,engine/technical/README.md,
ETH,crypto,tecnico,sma100,1906.2451,,EUR,2026-04-27,2026-09-04T15:50:40Z,Coinbase,2,,,engine/technical/README.md,
ETH,crypto,tecnico,sma100,1897.5343,,EUR,2026-04-28,2026-09-04T15:50:40Z,Coinbase,2,,,engine/technical/README.md,
ETH,crypto,tecnico,sma100,1889.4231,,EUR,2026-04-29,2026-09-04T15:50:40Z,Coinbase,2,,,engine/technical/README.md,
ETH,crypto,tecnico,sma100,1883.6364,,EUR,2026-04-30,2026-09-04T15:50:40Z,Coinbase,2,,,engine/technical/README.md,
ETH,crypto,tecnico,sma100,1877.6904,,EUR,2026-05-01,2026-09-04T15:50:40Z,Coinbase,2,,,engine/technical/README.md,
ETH,crypto,tecnico,sma100,1872.3546,,EUR,2026-05-02,2026-09-04T15:50:40Z,Coinbase,2,,,engine/technical/README.md,
ETH,crypto,tecnico,sma100,1867.1547,,EUR,2026-05-03,2026-09-04T15:50:40Z,Coinbase,2,,,engine/technical/README.md,
ETH,crypto,tecnico,sma100,1862.2821,,EUR,2026-05-04,2026-09-04T15:50:40Z,Coinbase,2,,,engine/technical/README.md,
ETH,crypto,tecnico,sma100,1858.6935,,EUR,2026-05-05,2026-09-04T15:50:40Z,Coinbase,2,,,engine/technical/README.md,
ETH,crypto,tecnico,sma100,1854.0677,,EUR,2026-05-06,2026-09-04T15:50:40Z,Coinbase,2,,,engine/technical/README.md,
ETH,crypto,tecnico,sma100,1848.456,,EUR,2026-05-07,2026-09-04T15:50:40Z,Coinbase,2,,,engine/technical/README.md,
ETH,crypto,tecnico,sma100,1842.9278,,EUR,2026-05-08,2026-09-04T15:50:40Z,Coinbase,2,,,engine/technical/README.md,
ETH,crypto,tecnico,sma100,1839.1084,,EUR,2026-05-09,2026-09-04T15:50:40Z,Coinbase,2,,,engine/technical/README.md,
ETH,crypto,tecnico,sma100,1836.4274,,EUR,2026-05-10,2026-09-04T15:50:40Z,Coinbase,2,,,engine/technical/README.md,
ETH,crypto,tecnico,sma100,1835.5573,,EUR,2026-05-11,2026-09-04T15:50:40Z,Coinbase,2,,,engine/technical/README.md,
ETH,crypto,tecnico,sma100,1835.7916,,EUR,2026-05-12,2026-09-04T15:50:40Z,Coinbase,2,,,engine/technical/README.md,
ETH,crypto,tecnico,sma100,1835.1773,,EUR,2026-05-13,2026-09-04T15:50:40Z,Coinbase,2,,,engine/technical/README.md,
ETH,crypto,tecnico,sma100,1835.8599,,EUR,2026-05-14,2026-09-04T15:50:40Z,Coinbase,2,,,engine/technical/README.md,
ETH,crypto,tecnico,sma100,1836.8331,,EUR,2026-05-15,2026-09-04T15:50:40Z,Coinbase,2,,,engine/technical/README.md,
ETH,crypto,tecnico,sma100,1840.1065,,EUR,2026-05-16,2026-09-04T15:50:40Z,Coinbase,2,,,engine/technical/README.md,
ETH,crypto,tecnico,sma100,1840.9528,,EUR,2026-05-17,2026-09-04T15:50:40Z,Coinbase,2,,,engine/technical/README.md,
ETH,crypto,tecnico,sma100,1841.4772,,EUR,2026-05-18,2026-09-04T15:50:40Z,Coinbase,2,,,engine/technical/README.md,
ETH,crypto,tecnico,sma100,1841.9622,,EUR,2026-05-19,2026-09-04T15:50:40Z,Coinbase,2,,,engine/technical/README.md,
ETH,crypto,tecnico,sma100,1842.5783,,EUR,2026-05-20,2026-09-04T15:50:40Z,Coinbase,2,,,engine/technical/README.md,
ETH,crypto,tecnico,sma100,1843.9205,,EUR,2026-05-21,2026-09-04T15:50:40Z,Coinbase,2,,,engine/technical/README.md,
ETH,crypto,tecnico,sma100,1845.3732,,EUR,2026-05-22,2026-09-04T15:50:40Z,Coinbase,2,,,engine/technical/README.md,
ETH,crypto,tecnico,sma100,1847.2112,,EUR,2026-05-23,2026-09-04T15:50:40Z,Coinbase,2,,,engine/technical/README.md,
ETH,crypto,tecnico,sma100,1847.9716,,EUR,2026-05-24,2026-09-04T15:50:40Z,Coinbase,2,,,engine/technical/README.md,
ETH,crypto,tecnico,sma100,1848.5177,,EUR,2026-05-25,2026-09-04T15:50:40Z,Coinbase,2,,,engine/technical/README.md,
ETH,crypto,tecnico,sma100,1849.745,,EUR,2026-05-26,2026-09-04T15:50:40Z,Coinbase,2,,,engine/technical/README.md,
ETH,crypto,tecnico,sma100,1850.2825,,EUR,2026-05-27,2026-09-04T15:50:40Z,Coinbase,2,,,engine/technical/README.md,
ETH,crypto,tecnico,sma100,1850.7028,,EUR,2026-05-28,2026-09-04T15:50:40Z,Coinbase,2,,,engine/technical/README.md,
ETH,crypto,tecnico,sma100,1851.3729,,EUR,2026-05-29,2026-09-04T15:50:40Z,Coinbase,2,,,engine/technical/README.md,
ETH,crypto,tecnico,sma100,1852.1375,,EUR,2026-05-30,2026-09-04T15:50:40Z,Coinbase,2,,,engine/technical/README.md,
ETH,crypto,tecnico,sma100,1852.6344,,EUR,2026-05-31,2026-09-04T15:50:40Z,Coinbase,2,,,engine/technical/README.md,
ETH,crypto,tecnico,sma100,1853.1112,,EUR,2026-06-01,2026-09-04T15:50:40Z,Coinbase,2,,,engine/technical/README.md,
ETH,crypto,tecnico,sma100,1852.5511,,EUR,2026-06-02,2026-09-04T15:50:40Z,Coinbase,2,,,engine/technical/README.md,
ETH,crypto,tecnico,sma100,1852.4142,,EUR,2026-06-03,2026-09-04T15:50:40Z,Coinbase,2,,,engine/technical/README.md,
ETH,crypto,tecnico,sma100,1851.9163,,EUR,2026-06-04,2026-09-04T15:50:40Z,Coinbase,2,,,engine/technical/README.md,
ETH,crypto,tecnico,sma100,1848.2544,,EUR,2026-06-05,2026-09-04T15:50:40Z,Coinbase,2,,,engine/technical/README.md,
ETH,crypto,tecnico,sma100,1844.7132,,EUR,2026-06-06,2026-09-04T15:50:40Z,Coinbase,2,,,engine/technical/README.md,
ETH,crypto,tecnico,sma100,1843.0401,,EUR,2026-06-07,2026-09-04T15:50:40Z,Coinbase,2,,,engine/technical/README.md,
ETH,crypto,tecnico,sma100,1841.0314,,EUR,2026-06-08,2026-09-04T15:50:40Z,Coinbase,2,,,engine/technical/README.md,
ETH,crypto,tecnico,sma100,1838.7437,,EUR,2026-06-09,2026-09-04T15:50:40Z,Coinbase,2,,,engine/technical/README.md,
ETH,crypto,tecnico,sma100,1835.457,,EUR,2026-06-10,2026-09-04T15:50:40Z,Coinbase,2,,,engine/technical/README.md,
ETH,crypto,tecnico,sma100,1832.8316,,EUR,2026-06-11,2026-09-04T15:50:40Z,Coinbase,2,,,engine/technical/README.md,
ETH,crypto,tecnico,sma100,1828.9317,,EUR,2026-06-12,2026-09-04T15:50:40Z,Coinbase,2,,,engine/technical/README.md,
ETH,crypto,tecnico,sma100,1825.6031,,EUR,2026-06-13,2026-09-04T15:50:40Z,Coinbase,2,,,engine/technical/README.md,
ETH,crypto,tecnico,sma100,1823.4275,,EUR,2026-06-14,2026-09-04T15:50:40Z,Coinbase,2,,,engine/technical/README.md,
ETH,crypto,tecnico,sma100,1821.9282,,EUR,2026-06-15,2026-09-04T15:50:40Z,Coinbase,2,,,engine/technical/README.md,
ETH,crypto,tecnico,sma100,1820.5512,,EUR,2026-06-16,2026-09-04T15:50:40Z,Coinbase,2,,,engine/technical/README.md,
ETH,crypto,tecnico,sma100,1818.5943,,EUR,2026-06-17,2026-09-04T15:50:40Z,Coinbase,2,,,engine/technical/README.md,
ETH,crypto,tecnico,sma100,1815.9594,,EUR,2026-06-18,2026-09-04T15:50:40Z,Coinbase,2,,,engine/technical/README.md,
ETH,crypto,tecnico,sma100,1813.0769,,EUR,2026-06-19,2026-09-04T15:50:40Z,Coinbase,2,,,engine/technical/README.md,
ETH,crypto,tecnico,sma100,1810.2473,,EUR,2026-06-20,2026-09-04T15:50:40Z,Coinbase,2,,,engine/technical/README.md,
ETH,crypto,tecnico,sma100,1806.8362,,EUR,2026-06-21,2026-09-04T15:50:40Z,Coinbase,2,,,engine/technical/README.md,
ETH,crypto,tecnico,sma100,1803.5511,,EUR,2026-06-22,2026-09-04T15:50:40Z,Coinbase,2,,,engine/technical/README.md,
ETH,crypto,tecnico,sma100,1799.1024,,EUR,2026-06-23,2026-09-04T15:50:40Z,Coinbase,2,,,engine/technical/README.md,
ETH,crypto,tecnico,sma100,1792.9051,,EUR,2026-06-24,2026-09-04T15:50:40Z,Coinbase,2,,,engine/technical/README.md,
ETH,crypto,tecnico,sma100,1786.5884,,EUR,2026-06-25,2026-09-04T15:50:40Z,Coinbase,2,,,engine/technical/README.md,
ETH,crypto,tecnico,sma100,1781.22,,EUR,2026-06-26,2026-09-04T15:50:40Z,Coinbase,2,,,engine/technical/README.md,
ETH,crypto,tecnico,sma100,1776.5512,,EUR,2026-06-27,2026-09-04T15:50:40Z,Coinbase,2,,,engine/technical/README.md,
ETH,crypto,tecnico,sma100,1771.7835,,EUR,2026-06-28,2026-09-04T15:50:40Z,Coinbase,2,,,engine/technical/README.md,
ETH,crypto,tecnico,sma100,1767.8772,,EUR,2026-06-29,2026-09-04T15:50:40Z,Coinbase,2,,,engine/technical/README.md,
ETH,crypto,tecnico,sma100,1763.8681,,EUR,2026-06-30,2026-09-04T15:50:40Z,Coinbase,2,,,engine/technical/README.md,
ETH,crypto,tecnico,sma100,1759.4479,,EUR,2026-07-01,2026-09-04T15:50:40Z,Coinbase,2,,,engine/technical/README.md,
ETH,crypto,tecnico,sma100,1755.7478,,EUR,2026-07-02,2026-09-04T15:50:40Z,Coinbase,2,,,engine/technical/README.md,
ETH,crypto,tecnico,sma100,1752.3593,,EUR,2026-07-03,2026-09-04T15:50:40Z,Coinbase,2,,,engine/technical/README.md,
ETH,crypto,tecnico,sma100,1750.0719,,EUR,2026-07-04,2026-09-04T15:50:40Z,Coinbase,2,,,engine/technical/README.md,
ETH,crypto,tecnico,sma100,1748.3591,,EUR,2026-07-05,2026-09-04T15:50:40Z,Coinbase,2,,,engine/technical/README.md,
ETH,crypto,tecnico,sma100,1746.7304,,EUR,2026-07-06,2026-09-04T15:50:40Z,Coinbase,2,,,engine/technical/README.md,
ETH,crypto,tecnico,sma100,1744.9723,,EUR,2026-07-07,2026-09-04T15:50:40Z,Coinbase,2,,,engine/technical/README.md,
ETH,crypto,tecnico,sma100,1742.5543,,EUR,2026-07-08,2026-09-04T15:50:40Z,Coinbase,2,,,engine/technical/README.md,
ETH,crypto,tecnico,sma100,1739.6442,,EUR,2026-07-09,2026-09-04T15:50:40Z,Coinbase,2,,,engine/technical/README.md,
ETH,crypto,tecnico,sma100,1736.912,,EUR,2026-07-10,2026-09-04T15:50:40Z,Coinbase,2,,,engine/technical/README.md,
ETH,crypto,tecnico,sma100,1734.7443,,EUR,2026-07-11,2026-09-04T15:50:40Z,Coinbase,2,,,engine/technical/README.md,
ETH,crypto,tecnico,sma100,1732.735,,EUR,2026-07-12,2026-09-04T15:50:40Z,Coinbase,2,,,engine/technical/README.md,
ETH,crypto,tecnico,sma100,1730.3909,,EUR,2026-07-13,2026-09-04T15:50:40Z,Coinbase,2,,,engine/technical/README.md,
ETH,crypto,tecnico,sma100,1728.6244,,EUR,2026-07-14,2026-09-04T15:50:40Z,Coinbase,2,,,engine/technical/README.md,
ETH,crypto,tecnico,sma100,1727.0952,,EUR,2026-07-15,2026-09-04T15:50:40Z,Coinbase,2,,,engine/technical/README.md,
ETH,crypto,tecnico,sma100,1724.2134,,EUR,2026-07-16,2026-09-04T15:50:40Z,Coinbase,2,,,engine/technical/README.md,
ETH,crypto,tecnico,sma100,1721.5214,,EUR,2026-07-17,2026-09-04T15:50:40Z,Coinbase,2,,,engine/technical/README.md,
ETH,crypto,tecnico,sma100,1719.0672,,EUR,2026-07-18,2026-09-04T15:50:40Z,Coinbase,2,,,engine/technical/README.md,
ETH,crypto,tecnico,sma100,1716.2722,,EUR,2026-07-19,2026-09-04T15:50:40Z,Coinbase,2,,,engine/technical/README.md,
ETH,crypto,tecnico,sma100,1713.4462,,EUR,2026-07-20,2026-09-04T15:50:40Z,Coinbase,2,,,engine/technical/README.md,
ETH,crypto,tecnico,sma100,1711.5865,,EUR,2026-07-21,2026-09-04T15:50:40Z,Coinbase,2,,,engine/technical/README.md,
ETH,crypto,tecnico,sma100,1708.393,,EUR,2026-07-22,2026-09-04T15:50:40Z,Coinbase,2,,,engine/technical/README.md,
ETH,crypto,tecnico,sma100,1705.2001,,EUR,2026-07-23,2026-09-04T15:50:40Z,Coinbase,2,,,engine/technical/README.md,
ETH,crypto,tecnico,sma100,1701.561,,EUR,2026-07-24,2026-09-04T15:50:40Z,Coinbase,2,,,engine/technical/README.md,
ETH,crypto,tecnico,sma100,1698.1096,,EUR,2026-07-25,2026-09-04T15:50:40Z,Coinbase,2,,,engine/technical/README.md,
ETH,crypto,tecnico,sma100,1694.678,,EUR,2026-07-26,2026-09-04T15:50:40Z,Coinbase,2,,,engine/technical/README.md,
ETH,crypto,tecnico,sma100,1691.3176,,EUR,2026-07-27,2026-09-04T15:50:40Z,Coinbase,2,,,engine/technical/README.md,
ETH,crypto,tecnico,sma100,1688.8811,,EUR,2026-07-28,2026-09-04T15:50:40Z,Coinbase,2,,,engine/technical/README.md,
ETH,crypto,tecnico,sma100,1685.8777,,EUR,2026-07-29,2026-09-04T15:50:40Z,Coinbase,2,,,engine/technical/README.md,
ETH,crypto,tecnico,sma100,1682.6831,,EUR,2026-07-30,2026-09-04T15:50:40Z,Coinbase,2,,,engine/technical/README.md,
ETH,crypto,tecnico,sma100,1678.5395,,EUR,2026-07-31,2026-09-04T15:50:40Z,Coinbase,2,,,engine/technical/README.md,
ETH,crypto,tecnico,sma100,1674.5851,,EUR,2026-08-01,2026-09-04T15:50:40Z,Coinbase,2,,,engine/technical/README.md,
ETH,crypto,tecnico,sma100,1671.1438,,EUR,2026-08-02,2026-09-04T15:50:40Z,Coinbase,2,,,engine/technical/README.md,
ETH,crypto,tecnico,sma100,1667.4779,,EUR,2026-08-03,2026-09-04T15:50:40Z,Coinbase,2,,,engine/technical/README.md,
ETH,crypto,tecnico,sma100,1663.4308,,EUR,2026-08-04,2026-09-04T15:50:40Z,Coinbase,2,,,engine/technical/README.md,
ETH,crypto,tecnico,sma100,1660.293,,EUR,2026-08-05,2026-09-04T15:50:40Z,Coinbase,2,,,engine/technical/README.md,
ETH,crypto,tecnico,sma100,1657.2616,,EUR,2026-08-06,2026-09-04T15:50:40Z,Coinbase,2,,,engine/technical/README.md,
ETH,crypto,tecnico,sma100,1654.534,,EUR,2026-08-07,2026-09-04T15:50:40Z,Coinbase,2,,,engine/technical/README.md,
ETH,crypto,tecnico,sma100,1651.8695,,EUR,2026-08-08,2026-09-04T15:50:40Z,Coinbase,2,,,engine/technical/README.md,
ETH,crypto,tecnico,sma100,1648.8078,,EUR,2026-08-09,2026-09-04T15:50:40Z,Coinbase,2,,,engine/technical/README.md,
ETH,crypto,tecnico,sma100,1645.2555,,EUR,2026-08-10,2026-09-04T15:50:40Z,Coinbase,2,,,engine/technical/README.md,
ETH,crypto,tecnico,sma100,1641.7675,,EUR,2026-08-11,2026-09-04T15:50:40Z,Coinbase,2,,,engine/technical/README.md,
ETH,crypto,tecnico,sma100,1637.9823,,EUR,2026-08-12,2026-09-04T15:50:40Z,Coinbase,2,,,engine/technical/README.md,
ETH,crypto,tecnico,sma100,1634.1806,,EUR,2026-08-13,2026-09-04T15:50:40Z,Coinbase,2,,,engine/technical/README.md,
ETH,crypto,tecnico,sma100,1630.4242,,EUR,2026-08-14,2026-09-04T15:50:40Z,Coinbase,2,,,engine/technical/README.md,
ETH,crypto,tecnico,sma100,1627.1632,,EUR,2026-08-15,2026-09-04T15:50:40Z,Coinbase,2,,,engine/technical/README.md,
ETH,crypto,tecnico,sma100,1623.7798,,EUR,2026-08-16,2026-09-04T15:50:40Z,Coinbase,2,,,engine/technical/README.md,
ETH,crypto,tecnico,sma100,1620.5233,,EUR,2026-08-17,2026-09-04T15:50:40Z,Coinbase,2,,,engine/technical/README.md,
ETH,crypto,tecnico,sma100,1616.9445,,EUR,2026-08-18,2026-09-04T15:50:40Z,Coinbase,2,,,engine/technical/README.md,
ETH,crypto,tecnico,sma100,1616.365,,EUR,2026-08-19,2026-09-04T15:50:40Z,Coinbase,2,,,engine/technical/README.md,
ETH,crypto,tecnico,sma100,1616.8941,,EUR,2026-08-20,2026-09-04T15:50:40Z,Coinbase,2,,,engine/technical/README.md,
ETH,crypto,tecnico,sma100,1619.1462,,EUR,2026-08-21,2026-09-04T15:50:40Z,Coinbase,2,,,engine/technical/README.md,
ETH,crypto,tecnico,sma100,1620.2607,,EUR,2026-08-22,2026-09-04T15:50:40Z,Coinbase,2,,,engine/technical/README.md,
ETH,crypto,tecnico,sma100,1622.1912,,EUR,2026-08-23,2026-09-04T15:50:40Z,Coinbase,2,,,engine/technical/README.md,
ETH,crypto,tecnico,sma100,1624.7036,,EUR,2026-08-24,2026-09-04T15:50:40Z,Coinbase,2,,,engine/technical/README.md,
ETH,crypto,tecnico,sma100,1627.2735,,EUR,2026-08-25,2026-09-04T15:50:40Z,Coinbase,2,,,engine/technical/README.md,
ETH,crypto,tecnico,sma100,1630.5158,,EUR,2026-08-26,2026-09-04T15:50:40Z,Coinbase,2,,,engine/technical/README.md,
ETH,crypto,tecnico,sma100,1633.8862,,EUR,2026-08-27,2026-09-04T15:50:40Z,Coinbase,2,,,engine/technical/README.md,
ETH,crypto,tecnico,sma100,1636.6661,,EUR,2026-08-28,2026-09-04T15:50:40Z,Coinbase,2,,,engine/technical/README.md,
ETH,crypto,tecnico,sma100,1639.5454,,EUR,2026-08-29,2026-09-04T15:50:40Z,Coinbase,2,,,engine/technical/README.md,
ETH,crypto,tecnico,sma100,1642.6119,,EUR,2026-08-30,2026-09-04T15:50:40Z,Coinbase,2,,,engine/technical/README.md,
ETH,crypto,tecnico,sma100,1645.6118,,EUR,2026-08-31,2026-09-04T15:50:40Z,Coinbase,2,,,engine/technical/README.md,
ETH,crypto,tecnico,sma100,1648.4506,,EUR,2026-09-01,2026-09-04T15:50:40Z,Coinbase,2,,,engine/technical/README.md,
ETH,crypto,tecnico,sma100,1650.9338,,EUR,2026-09-02,2026-09-04T15:50:40Z,Coinbase,2,,,engine/technical/README.md,
ETH,crypto,tecnico,sma100,1650.9216,,EUR,2026-09-03,2026-09-03T12:15:39Z,Kraken,2,100,,engine/technical/README.md,
ETH,crypto,tecnico,sma100,1658.9602,,EUR,2026-09-04,2026-09-04T10:11:47Z,Kraken,2,100,,engine/technical/README.md,
ETH,crypto,tecnico,sma20,2520.3665,,EUR,2026-01-01,2026-09-04T15:50:40Z,Coinbase,2,,,engine/technical/README.md,
ETH,crypto,tecnico,sma20,2520.979,,EUR,2026-01-02,2026-09-04T15:50:40Z,Coinbase,2,,,engine/technical/README.md,
ETH,crypto,tecnico,sma20,2523.9185,,EUR,2026-01-03,2026-09-04T15:50:40Z,Coinbase,2,,,engine/technical/README.md,
ETH,crypto,tecnico,sma20,2532.092,,EUR,2026-01-04,2026-09-04T15:50:40Z,Coinbase,2,,,engine/technical/README.md,
ETH,crypto,tecnico,sma20,2543.761,,EUR,2026-01-05,2026-09-04T15:50:40Z,Coinbase,2,,,engine/technical/README.md,
ETH,crypto,tecnico,sma20,2564.1465,,EUR,2026-01-06,2026-09-04T15:50:40Z,Coinbase,2,,,engine/technical/README.md,
ETH,crypto,tecnico,sma20,2579.1685,,EUR,2026-01-07,2026-09-04T15:50:40Z,Coinbase,2,,,engine/technical/README.md,
ETH,crypto,tecnico,sma20,2585.1665,,EUR,2026-01-08,2026-09-04T15:50:40Z,Coinbase,2,,,engine/technical/README.md,
ETH,crypto,tecnico,sma20,2590.6105,,EUR,2026-01-09,2026-09-04T15:50:40Z,Coinbase,2,,,engine/technical/README.md,
ETH,crypto,tecnico,sma20,2595.0885,,EUR,2026-01-10,2026-09-04T15:50:40Z,Coinbase,2,,,engine/technical/README.md,
ETH,crypto,tecnico,sma20,2601.4475,,EUR,2026-01-11,2026-09-04T15:50:40Z,Coinbase,2,,,engine/technical/README.md,
ETH,crypto,tecnico,sma20,2608.354,,EUR,2026-01-12,2026-09-04T15:50:40Z,Coinbase,2,,,engine/technical/README.md,
ETH,crypto,tecnico,sma20,2625.963,,EUR,2026-01-13,2026-09-04T15:50:40Z,Coinbase,2,,,engine/technical/README.md,
ETH,crypto,tecnico,sma20,2646.9035,,EUR,2026-01-14,2026-09-04T15:50:40Z,Coinbase,2,,,engine/technical/README.md,
ETH,crypto,tecnico,sma20,2665.498,,EUR,2026-01-15,2026-09-04T15:50:40Z,Coinbase,2,,,engine/technical/README.md,
ETH,crypto,tecnico,sma20,2682.431,,EUR,2026-01-16,2026-09-04T15:50:40Z,Coinbase,2,,,engine/technical/README.md,
ETH,crypto,tecnico,sma20,2700.0125,,EUR,2026-01-17,2026-09-04T15:50:40Z,Coinbase,2,,,engine/technical/README.md,
ETH,crypto,tecnico,sma20,2716.62,,EUR,2026-01-18,2026-09-04T15:50:40Z,Coinbase,2,,,engine/technical/README.md,
ETH,crypto,tecnico,sma20,2727.164,,EUR,2026-01-19,2026-09-04T15:50:40Z,Coinbase,2,,,engine/technical/README.md,
ETH,crypto,tecnico,sma20,2726.1295,,EUR,2026-01-20,2026-09-04T15:50:40Z,Coinbase,2,,,engine/technical/README.md,
ETH,crypto,tecnico,sma20,2726.1,,EUR,2026-01-21,2026-09-04T15:50:40Z,Coinbase,2,,,engine/technical/README.md,
ETH,crypto,tecnico,sma20,2718.2355,,EUR,2026-01-22,2026-09-04T15:50:40Z,Coinbase,2,,,engine/technical/README.md,
ETH,crypto,tecnico,sma20,2709.67,,EUR,2026-01-23,2026-09-04T15:50:40Z,Coinbase,2,,,engine/technical/README.md,
ETH,crypto,tecnico,sma20,2700.099,,EUR,2026-01-24,2026-09-04T15:50:40Z,Coinbase,2,,,engine/technical/README.md,
ETH,crypto,tecnico,sma20,2681.0475,,EUR,2026-01-25,2026-09-04T15:50:40Z,Coinbase,2,,,engine/technical/README.md,
ETH,crypto,tecnico,sma20,2663.2575,,EUR,2026-01-26,2026-09-04T15:50:40Z,Coinbase,2,,,engine/technical/README.md,
ETH,crypto,tecnico,sma20,2653.38,,EUR,2026-01-27,2026-09-04T15:50:40Z,Coinbase,2,,,engine/technical/README.md,
ETH,crypto,tecnico,sma20,2645.7585,,EUR,2026-01-28,2026-09-04T15:50:40Z,Coinbase,2,,,engine/technical/README.md,
ETH,crypto,tecnico,sma20,2631.063,,EUR,2026-01-29,2026-09-04T15:50:40Z,Coinbase,2,,,engine/technical/README.md,
ETH,crypto,tecnico,sma20,2612.568,,EUR,2026-01-30,2026-09-04T15:50:40Z,Coinbase,2,,,engine/technical/README.md,
ETH,crypto,tecnico,sma20,2582.0145,,EUR,2026-01-31,2026-09-04T15:50:40Z,Coinbase,2,,,engine/technical/README.md,
ETH,crypto,tecnico,sma20,2545.2385,,EUR,2026-02-01,2026-09-04T15:50:40Z,Coinbase,2,,,engine/technical/README.md,
ETH,crypto,tecnico,sma20,2502.007,,EUR,2026-02-02,2026-09-04T15:50:40Z,Coinbase,2,,,engine/technical/README.md,
ETH,crypto,tecnico,sma20,2452.378,,EUR,2026-02-03,2026-09-04T15:50:40Z,Coinbase,2,,,engine/technical/README.md,
ETH,crypto,tecnico,sma20,2400.2675,,EUR,2026-02-04,2026-09-04T15:50:40Z,Coinbase,2,,,engine/technical/README.md,
ETH,crypto,tecnico,sma20,2335.7215,,EUR,2026-02-05,2026-09-04T15:50:40Z,Coinbase,2,,,engine/technical/README.md,
ETH,crypto,tecnico,sma20,2280.3815,,EUR,2026-02-06,2026-09-04T15:50:40Z,Coinbase,2,,,engine/technical/README.md,
ETH,crypto,tecnico,sma20,2227.8425,,EUR,2026-02-07,2026-09-04T15:50:40Z,Coinbase,2,,,engine/technical/README.md,
ETH,crypto,tecnico,sma20,2179.3505,,EUR,2026-02-08,2026-09-04T15:50:40Z,Coinbase,2,,,engine/technical/README.md,
ETH,crypto,tecnico,sma20,2142.616,,EUR,2026-02-09,2026-09-04T15:50:40Z,Coinbase,2,,,engine/technical/README.md,
ETH,crypto,tecnico,sma20,2100.0035,,EUR,2026-02-10,2026-09-04T15:50:40Z,Coinbase,2,,,engine/technical/README.md,
ETH,crypto,tecnico,sma20,2056.23,,EUR,2026-02-11,2026-09-04T15:50:40Z,Coinbase,2,,,engine/technical/README.md,
ETH,crypto,tecnico,sma20,2013.275,,EUR,2026-02-12,2026-09-04T15:50:40Z,Coinbase,2,,,engine/technical/README.md,
ETH,crypto,tecnico,sma20,1974.837,,EUR,2026-02-13,2026-09-04T15:50:40Z,Coinbase,2,,,engine/technical/README.md,
ETH,crypto,tecnico,sma20,1944.204,,EUR,2026-02-14,2026-09-04T15:50:40Z,Coinbase,2,,,engine/technical/README.md,
ETH,crypto,tecnico,sma20,1903.876,,EUR,2026-02-15,2026-09-04T15:50:40Z,Coinbase,2,,,engine/technical/README.md,
ETH,crypto,tecnico,sma20,1862.4875,,EUR,2026-02-16,2026-09-04T15:50:40Z,Coinbase,2,,,engine/technical/README.md,
ETH,crypto,tecnico,sma20,1820.98,,EUR,2026-02-17,2026-09-04T15:50:40Z,Coinbase,2,,,engine/technical/README.md,
ETH,crypto,tecnico,sma20,1786.0585,,EUR,2026-02-18,2026-09-04T15:50:40Z,Coinbase,2,,,engine/technical/README.md,
ETH,crypto,tecnico,sma20,1754.742,,EUR,2026-02-19,2026-09-04T15:50:40Z,Coinbase,2,,,engine/technical/README.md,
ETH,crypto,tecnico,sma20,1734.628,,EUR,2026-02-20,2026-09-04T15:50:40Z,Coinbase,2,,,engine/technical/README.md,
ETH,crypto,tecnico,sma20,1722.618,,EUR,2026-02-21,2026-09-04T15:50:40Z,Coinbase,2,,,engine/technical/README.md,
ETH,crypto,tecnico,sma20,1705.91,,EUR,2026-02-22,2026-09-04T15:50:40Z,Coinbase,2,,,engine/technical/README.md,
ETH,crypto,tecnico,sma20,1690.1695,,EUR,2026-02-23,2026-09-04T15:50:40Z,Coinbase,2,,,engine/technical/README.md,
ETH,crypto,tecnico,sma20,1678.0575,,EUR,2026-02-24,2026-09-04T15:50:40Z,Coinbase,2,,,engine/technical/README.md,
ETH,crypto,tecnico,sma20,1687.679,,EUR,2026-02-25,2026-09-04T15:50:40Z,Coinbase,2,,,engine/technical/README.md,
ETH,crypto,tecnico,sma20,1686.12,,EUR,2026-02-26,2026-09-04T15:50:40Z,Coinbase,2,,,engine/technical/README.md,
ETH,crypto,tecnico,sma20,1679.1425,,EUR,2026-02-27,2026-09-04T15:50:40Z,Coinbase,2,,,engine/technical/README.md,
ETH,crypto,tecnico,sma20,1674.0165,,EUR,2026-02-28,2026-09-04T15:50:40Z,Coinbase,2,,,engine/technical/README.md,
ETH,crypto,tecnico,sma20,1668.1135,,EUR,2026-03-01,2026-09-04T15:50:40Z,Coinbase,2,,,engine/technical/README.md,
ETH,crypto,tecnico,sma20,1669.755,,EUR,2026-03-02,2026-09-04T15:50:40Z,Coinbase,2,,,engine/technical/README.md,
ETH,crypto,tecnico,sma20,1673.3955,,EUR,2026-03-03,2026-09-04T15:50:40Z,Coinbase,2,,,engine/technical/README.md,
ETH,crypto,tecnico,sma20,1682.9445,,EUR,2026-03-04,2026-09-04T15:50:40Z,Coinbase,2,,,engine/technical/README.md,
ETH,crypto,tecnico,sma20,1685.9645,,EUR,2026-03-05,2026-09-04T15:50:40Z,Coinbase,2,,,engine/technical/README.md,
ETH,crypto,tecnico,sma20,1683.1575,,EUR,2026-03-06,2026-09-04T15:50:40Z,Coinbase,2,,,engine/technical/README.md,
ETH,crypto,tecnico,sma20,1685.2275,,EUR,2026-03-07,2026-09-04T15:50:40Z,Coinbase,2,,,engine/technical/README.md,
ETH,crypto,tecnico,sma20,1684.999,,EUR,2026-03-08,2026-09-04T15:50:40Z,Coinbase,2,,,engine/technical/README.md,
ETH,crypto,tecnico,sma20,1686.757,,EUR,2026-03-09,2026-09-04T15:50:40Z,Coinbase,2,,,engine/technical/README.md,
ETH,crypto,tecnico,sma20,1691.524,,EUR,2026-03-10,2026-09-04T15:50:40Z,Coinbase,2,,,engine/technical/README.md,
ETH,crypto,tecnico,sma20,1697.6155,,EUR,2026-03-11,2026-09-04T15:50:40Z,Coinbase,2,,,engine/technical/README.md,
ETH,crypto,tecnico,sma20,1704.075,,EUR,2026-03-12,2026-09-04T15:50:40Z,Coinbase,2,,,engine/technical/README.md,
ETH,crypto,tecnico,sma20,1711.972,,EUR,2026-03-13,2026-09-04T15:50:40Z,Coinbase,2,,,engine/technical/README.md,
ETH,crypto,tecnico,sma20,1721.1905,,EUR,2026-03-14,2026-09-04T15:50:40Z,Coinbase,2,,,engine/technical/README.md,
ETH,crypto,tecnico,sma20,1737.876,,EUR,2026-03-15,2026-09-04T15:50:40Z,Coinbase,2,,,engine/technical/README.md,
ETH,crypto,tecnico,sma20,1761.5055,,EUR,2026-03-16,2026-09-04T15:50:40Z,Coinbase,2,,,engine/technical/README.md,
ETH,crypto,tecnico,sma20,1774.8785,,EUR,2026-03-17,2026-09-04T15:50:40Z,Coinbase,2,,,engine/technical/README.md,
ETH,crypto,tecnico,sma20,1785.0755,,EUR,2026-03-18,2026-09-04T15:50:40Z,Coinbase,2,,,engine/technical/README.md,
ETH,crypto,tecnico,sma20,1795.7175,,EUR,2026-03-19,2026-09-04T15:50:40Z,Coinbase,2,,,engine/technical/README.md,
ETH,crypto,tecnico,sma20,1805.1365,,EUR,2026-03-20,2026-09-04T15:50:40Z,Coinbase,2,,,engine/technical/README.md,
ETH,crypto,tecnico,sma20,1812.679,,EUR,2026-03-21,2026-09-04T15:50:40Z,Coinbase,2,,,engine/technical/README.md,
ETH,crypto,tecnico,sma20,1814.8095,,EUR,2026-03-22,2026-09-04T15:50:40Z,Coinbase,2,,,engine/technical/README.md,
ETH,crypto,tecnico,sma20,1822.191,,EUR,2026-03-23,2026-09-04T15:50:40Z,Coinbase,2,,,engine/technical/README.md,
ETH,crypto,tecnico,sma20,1823.535,,EUR,2026-03-24,2026-09-04T15:50:40Z,Coinbase,2,,,engine/technical/README.md,
ETH,crypto,tecnico,sma20,1827.975,,EUR,2026-03-25,2026-09-04T15:50:40Z,Coinbase,2,,,engine/technical/README.md,
ETH,crypto,tecnico,sma20,1832.0165,,EUR,2026-03-26,2026-09-04T15:50:40Z,Coinbase,2,,,engine/technical/README.md,
ETH,crypto,tecnico,sma20,1833.657,,EUR,2026-03-27,2026-09-04T15:50:40Z,Coinbase,2,,,engine/technical/README.md,
ETH,crypto,tecnico,sma20,1836.2985,,EUR,2026-03-28,2026-09-04T15:50:40Z,Coinbase,2,,,engine/technical/README.md,
ETH,crypto,tecnico,sma20,1836.945,,EUR,2026-03-29,2026-09-04T15:50:40Z,Coinbase,2,,,engine/technical/README.md,
ETH,crypto,tecnico,sma20,1837.6065,,EUR,2026-03-30,2026-09-04T15:50:40Z,Coinbase,2,,,engine/technical/README.md,
ETH,crypto,tecnico,sma20,1839.563,,EUR,2026-03-31,2026-09-04T15:50:40Z,Coinbase,2,,,engine/technical/README.md,
ETH,crypto,tecnico,sma20,1841.92,,EUR,2026-04-01,2026-09-04T15:50:40Z,Coinbase,2,,,engine/technical/README.md,
ETH,crypto,tecnico,sma20,1839.4335,,EUR,2026-04-02,2026-09-04T15:50:40Z,Coinbase,2,,,engine/technical/README.md,
ETH,crypto,tecnico,sma20,1836.612,,EUR,2026-04-03,2026-09-04T15:50:40Z,Coinbase,2,,,engine/technical/README.md,
ETH,crypto,tecnico,sma20,1830.9175,,EUR,2026-04-04,2026-09-04T15:50:40Z,Coinbase,2,,,engine/technical/README.md,
ETH,crypto,tecnico,sma20,1820.203,,EUR,2026-04-05,2026-09-04T15:50:40Z,Coinbase,2,,,engine/technical/README.md,
ETH,crypto,tecnico,sma20,1810.9735,,EUR,2026-04-06,2026-09-04T15:50:40Z,Coinbase,2,,,engine/technical/README.md,
ETH,crypto,tecnico,sma20,1810.6695,,EUR,2026-04-07,2026-09-04T15:50:40Z,Coinbase,2,,,engine/technical/README.md,
ETH,crypto,tecnico,sma20,1812.269,,EUR,2026-04-08,2026-09-04T15:50:40Z,Coinbase,2,,,engine/technical/README.md,
ETH,crypto,tecnico,sma20,1813.177,,EUR,2026-04-09,2026-09-04T15:50:40Z,Coinbase,2,,,engine/technical/README.md,
ETH,crypto,tecnico,sma20,1818.9045,,EUR,2026-04-10,2026-09-04T15:50:40Z,Coinbase,2,,,engine/technical/README.md,
ETH,crypto,tecnico,sma20,1827.578,,EUR,2026-04-11,2026-09-04T15:50:40Z,Coinbase,2,,,engine/technical/README.md,
ETH,crypto,tecnico,sma20,1828.7095,,EUR,2026-04-12,2026-09-04T15:50:40Z,Coinbase,2,,,engine/technical/README.md,
ETH,crypto,tecnico,sma20,1836.5485,,EUR,2026-04-13,2026-09-04T15:50:40Z,Coinbase,2,,,engine/technical/README.md,
ETH,crypto,tecnico,sma20,1841.262,,EUR,2026-04-14,2026-09-04T15:50:40Z,Coinbase,2,,,engine/technical/README.md,
ETH,crypto,tecnico,sma20,1851.9795,,EUR,2026-04-15,2026-09-04T15:50:40Z,Coinbase,2,,,engine/technical/README.md,
ETH,crypto,tecnico,sma20,1865.0755,,EUR,2026-04-16,2026-09-04T15:50:40Z,Coinbase,2,,,engine/technical/README.md,
ETH,crypto,tecnico,sma20,1881.237,,EUR,2026-04-17,2026-09-04T15:50:40Z,Coinbase,2,,,engine/technical/README.md,
ETH,crypto,tecnico,sma20,1894.7825,,EUR,2026-04-18,2026-09-04T15:50:40Z,Coinbase,2,,,engine/technical/README.md,
ETH,crypto,tecnico,sma20,1902.8645,,EUR,2026-04-19,2026-09-04T15:50:40Z,Coinbase,2,,,engine/technical/README.md,
ETH,crypto,tecnico,sma20,1910.25,,EUR,2026-04-20,2026-09-04T15:50:40Z,Coinbase,2,,,engine/technical/README.md,
ETH,crypto,tecnico,sma20,1917.051,,EUR,2026-04-21,2026-09-04T15:50:40Z,Coinbase,2,,,engine/technical/README.md,
ETH,crypto,tecnico,sma20,1929.354,,EUR,2026-04-22,2026-09-04T15:50:40Z,Coinbase,2,,,engine/technical/README.md,
ETH,crypto,tecnico,sma20,1940.0085,,EUR,2026-04-23,2026-09-04T15:50:40Z,Coinbase,2,,,engine/technical/README.md,
ETH,crypto,tecnico,sma20,1949.102,,EUR,2026-04-24,2026-09-04T15:50:40Z,Coinbase,2,,,engine/technical/README.md,
ETH,crypto,tecnico,sma20,1956.552,,EUR,2026-04-25,2026-09-04T15:50:40Z,Coinbase,2,,,engine/technical/README.md,
ETH,crypto,tecnico,sma20,1966.565,,EUR,2026-04-26,2026-09-04T15:50:40Z,Coinbase,2,,,engine/technical/README.md,
ETH,crypto,tecnico,sma20,1968.979,,EUR,2026-04-27,2026-09-04T15:50:40Z,Coinbase,2,,,engine/technical/README.md,
ETH,crypto,tecnico,sma20,1972.7,,EUR,2026-04-28,2026-09-04T15:50:40Z,Coinbase,2,,,engine/technical/README.md,
ETH,crypto,tecnico,sma20,1975.435,,EUR,2026-04-29,2026-09-04T15:50:40Z,Coinbase,2,,,engine/technical/README.md,
ETH,crypto,tecnico,sma20,1975.869,,EUR,2026-04-30,2026-09-04T15:50:40Z,Coinbase,2,,,engine/technical/README.md,
ETH,crypto,tecnico,sma20,1976.306,,EUR,2026-05-01,2026-09-04T15:50:40Z,Coinbase,2,,,engine/technical/README.md,
ETH,crypto,tecnico,sma20,1981.247,,EUR,2026-05-02,2026-09-04T15:50:40Z,Coinbase,2,,,engine/technical/README.md,
ETH,crypto,tecnico,sma20,1979.4705,,EUR,2026-05-03,2026-09-04T15:50:40Z,Coinbase,2,,,engine/technical/README.md,
ETH,crypto,tecnico,sma20,1981.372,,EUR,2026-05-04,2026-09-04T15:50:40Z,Coinbase,2,,,engine/technical/README.md,
ETH,crypto,tecnico,sma20,1982.11,,EUR,2026-05-05,2026-09-04T15:50:40Z,Coinbase,2,,,engine/technical/README.md,
ETH,crypto,tecnico,sma20,1982.5025,,EUR,2026-05-06,2026-09-04T15:50:40Z,Coinbase,2,,,engine/technical/README.md,
ETH,crypto,tecnico,sma20,1977.258,,EUR,2026-05-07,2026-09-04T15:50:40Z,Coinbase,2,,,engine/technical/README.md,
ETH,crypto,tecnico,sma20,1975.1745,,EUR,2026-05-08,2026-09-04T15:50:40Z,Coinbase,2,,,engine/technical/README.md,
ETH,crypto,tecnico,sma20,1977.4885,,EUR,2026-05-09,2026-09-04T15:50:40Z,Coinbase,2,,,engine/technical/README.md,
ETH,crypto,tecnico,sma20,1979.9665,,EUR,2026-05-10,2026-09-04T15:50:40Z,Coinbase,2,,,engine/technical/README.md,
ETH,crypto,tecnico,sma20,1980.1125,,EUR,2026-05-11,2026-09-04T15:50:40Z,Coinbase,2,,,engine/technical/README.md,
ETH,crypto,tecnico,sma20,1975.5805,,EUR,2026-05-12,2026-09-04T15:50:40Z,Coinbase,2,,,engine/technical/README.md,
ETH,crypto,tecnico,sma20,1972.1655,,EUR,2026-05-13,2026-09-04T15:50:40Z,Coinbase,2,,,engine/technical/README.md,
ETH,crypto,tecnico,sma20,1971.2345,,EUR,2026-05-14,2026-09-04T15:50:40Z,Coinbase,2,,,engine/technical/README.md,
ETH,crypto,tecnico,sma20,1967.8475,,EUR,2026-05-15,2026-09-04T15:50:40Z,Coinbase,2,,,engine/technical/README.md,
ETH,crypto,tecnico,sma20,1960.4365,,EUR,2026-05-16,2026-09-04T15:50:40Z,Coinbase,2,,,engine/technical/README.md,
ETH,crypto,tecnico,sma20,1953.92,,EUR,2026-05-17,2026-09-04T15:50:40Z,Coinbase,2,,,engine/technical/README.md,
ETH,crypto,tecnico,sma20,1947.557,,EUR,2026-05-18,2026-09-04T15:50:40Z,Coinbase,2,,,engine/technical/README.md,
ETH,crypto,tecnico,sma20,1942.046,,EUR,2026-05-19,2026-09-04T15:50:40Z,Coinbase,2,,,engine/technical/README.md,
ETH,crypto,tecnico,sma20,1937.3255,,EUR,2026-05-20,2026-09-04T15:50:40Z,Coinbase,2,,,engine/technical/README.md,
ETH,crypto,tecnico,sma20,1931.154,,EUR,2026-05-21,2026-09-04T15:50:40Z,Coinbase,2,,,engine/technical/README.md,
ETH,crypto,tecnico,sma20,1921.323,,EUR,2026-05-22,2026-09-04T15:50:40Z,Coinbase,2,,,engine/technical/README.md,
ETH,crypto,tecnico,sma20,1913.5575,,EUR,2026-05-23,2026-09-04T15:50:40Z,Coinbase,2,,,engine/technical/README.md,
ETH,crypto,tecnico,sma20,1903.2845,,EUR,2026-05-24,2026-09-04T15:50:40Z,Coinbase,2,,,engine/technical/README.md,
ETH,crypto,tecnico,sma20,1893.325,,EUR,2026-05-25,2026-09-04T15:50:40Z,Coinbase,2,,,engine/technical/README.md,
ETH,crypto,tecnico,sma20,1882.2625,,EUR,2026-05-26,2026-09-04T15:50:40Z,Coinbase,2,,,engine/technical/README.md,
ETH,crypto,tecnico,sma20,1871.62,,EUR,2026-05-27,2026-09-04T15:50:40Z,Coinbase,2,,,engine/technical/README.md,
ETH,crypto,tecnico,sma20,1859.855,,EUR,2026-05-28,2026-09-04T15:50:40Z,Coinbase,2,,,engine/technical/README.md,
ETH,crypto,tecnico,sma20,1847.381,,EUR,2026-05-29,2026-09-04T15:50:40Z,Coinbase,2,,,engine/technical/README.md,
ETH,crypto,tecnico,sma20,1833.2925,,EUR,2026-05-30,2026-09-04T15:50:40Z,Coinbase,2,,,engine/technical/README.md,
ETH,crypto,tecnico,sma20,1820.0135,,EUR,2026-05-31,2026-09-04T15:50:40Z,Coinbase,2,,,engine/technical/README.md,
ETH,crypto,tecnico,sma20,1809.216,,EUR,2026-06-01,2026-09-04T15:50:40Z,Coinbase,2,,,engine/technical/README.md,
ETH,crypto,tecnico,sma20,1792.779,,EUR,2026-06-02,2026-09-04T15:50:40Z,Coinbase,2,,,engine/technical/README.md,
ETH,crypto,tecnico,sma20,1772.941,,EUR,2026-06-03,2026-09-04T15:50:40Z,Coinbase,2,,,engine/technical/README.md,
ETH,crypto,tecnico,sma20,1753.4735,,EUR,2026-06-04,2026-09-04T15:50:40Z,Coinbase,2,,,engine/technical/README.md,
ETH,crypto,tecnico,sma20,1728.4185,,EUR,2026-06-05,2026-09-04T15:50:40Z,Coinbase,2,,,engine/technical/README.md,
ETH,crypto,tecnico,sma20,1704.922,,EUR,2026-06-06,2026-09-04T15:50:40Z,Coinbase,2,,,engine/technical/README.md,
ETH,crypto,tecnico,sma20,1686.957,,EUR,2026-06-07,2026-09-04T15:50:40Z,Coinbase,2,,,engine/technical/README.md,
ETH,crypto,tecnico,sma20,1669.3625,,EUR,2026-06-08,2026-09-04T15:50:40Z,Coinbase,2,,,engine/technical/README.md,
ETH,crypto,tecnico,sma20,1648.9405,,EUR,2026-06-09,2026-09-04T15:50:40Z,Coinbase,2,,,engine/technical/README.md,
ETH,crypto,tecnico,sma20,1627.4375,,EUR,2026-06-10,2026-09-04T15:50:40Z,Coinbase,2,,,engine/technical/README.md,
ETH,crypto,tecnico,sma20,1610.6875,,EUR,2026-06-11,2026-09-04T15:50:40Z,Coinbase,2,,,engine/technical/README.md,
ETH,crypto,tecnico,sma20,1591.547,,EUR,2026-06-12,2026-09-04T15:50:40Z,Coinbase,2,,,engine/technical/README.md,
ETH,crypto,tecnico,sma20,1574.122,,EUR,2026-06-13,2026-09-04T15:50:40Z,Coinbase,2,,,engine/technical/README.md,
ETH,crypto,tecnico,sma20,1557.7065,,EUR,2026-06-14,2026-09-04T15:50:40Z,Coinbase,2,,,engine/technical/README.md,
ETH,crypto,tecnico,sma20,1546.1435,,EUR,2026-06-15,2026-09-04T15:50:40Z,Coinbase,2,,,engine/technical/README.md,
ETH,crypto,tecnico,sma20,1536.3425,,EUR,2026-06-16,2026-09-04T15:50:40Z,Coinbase,2,,,engine/technical/README.md,
ETH,crypto,tecnico,sma20,1526.2145,,EUR,2026-06-17,2026-09-04T15:50:40Z,Coinbase,2,,,engine/technical/README.md,
ETH,crypto,tecnico,sma20,1514.4565,,EUR,2026-06-18,2026-09-04T15:50:40Z,Coinbase,2,,,engine/technical/README.md,
ETH,crypto,tecnico,sma20,1502.3125,,EUR,2026-06-19,2026-09-04T15:50:40Z,Coinbase,2,,,engine/technical/README.md,
ETH,crypto,tecnico,sma20,1492.1395,,EUR,2026-06-20,2026-09-04T15:50:40Z,Coinbase,2,,,engine/technical/README.md,
ETH,crypto,tecnico,sma20,1480.597,,EUR,2026-06-21,2026-09-04T15:50:40Z,Coinbase,2,,,engine/technical/README.md,
ETH,crypto,tecnico,sma20,1476.1905,,EUR,2026-06-22,2026-09-04T15:50:40Z,Coinbase,2,,,engine/technical/README.md,
ETH,crypto,tecnico,sma20,1471.317,,EUR,2026-06-23,2026-09-04T15:50:40Z,Coinbase,2,,,engine/technical/README.md,
ETH,crypto,tecnico,sma20,1466.4495,,EUR,2026-06-24,2026-09-04T15:50:40Z,Coinbase,2,,,engine/technical/README.md,
ETH,crypto,tecnico,sma20,1466.5485,,EUR,2026-06-25,2026-09-04T15:50:40Z,Coinbase,2,,,engine/technical/README.md,
ETH,crypto,tecnico,sma20,1467.6095,,EUR,2026-06-26,2026-09-04T15:50:40Z,Coinbase,2,,,engine/technical/README.md,
ETH,crypto,tecnico,sma20,1463.273,,EUR,2026-06-27,2026-09-04T15:50:40Z,Coinbase,2,,,engine/technical/README.md,
ETH,crypto,tecnico,sma20,1458.897,,EUR,2026-06-28,2026-09-04T15:50:40Z,Coinbase,2,,,engine/technical/README.md,
ETH,crypto,tecnico,sma20,1458.3465,,EUR,2026-06-29,2026-09-04T15:50:40Z,Coinbase,2,,,engine/technical/README.md,
ETH,crypto,tecnico,sma20,1456.865,,EUR,2026-06-30,2026-09-04T15:50:40Z,Coinbase,2,,,engine/technical/README.md,
ETH,crypto,tecnico,sma20,1455.2725,,EUR,2026-07-01,2026-09-04T15:50:40Z,Coinbase,2,,,engine/technical/README.md,
ETH,crypto,tecnico,sma20,1457.6155,,EUR,2026-07-02,2026-09-04T15:50:40Z,Coinbase,2,,,engine/technical/README.md,
ETH,crypto,tecnico,sma20,1461.756,,EUR,2026-07-03,2026-09-04T15:50:40Z,Coinbase,2,,,engine/technical/README.md,
ETH,crypto,tecnico,sma20,1465.2385,,EUR,2026-07-04,2026-09-04T15:50:40Z,Coinbase,2,,,engine/technical/README.md,
ETH,crypto,tecnico,sma20,1465.8115,,EUR,2026-07-05,2026-09-04T15:50:40Z,Coinbase,2,,,engine/technical/README.md,
ETH,crypto,tecnico,sma20,1467.1945,,EUR,2026-07-06,2026-09-04T15:50:40Z,Coinbase,2,,,engine/technical/README.md,
ETH,crypto,tecnico,sma20,1468.835,,EUR,2026-07-07,2026-09-04T15:50:40Z,Coinbase,2,,,engine/technical/README.md,
ETH,crypto,tecnico,sma20,1470.581,,EUR,2026-07-08,2026-09-04T15:50:40Z,Coinbase,2,,,engine/technical/README.md,
ETH,crypto,tecnico,sma20,1472.3995,,EUR,2026-07-09,2026-09-04T15:50:40Z,Coinbase,2,,,engine/technical/README.md,
ETH,crypto,tecnico,sma20,1475.2435,,EUR,2026-07-10,2026-09-04T15:50:40Z,Coinbase,2,,,engine/technical/README.md,
ETH,crypto,tecnico,sma20,1478.974,,EUR,2026-07-11,2026-09-04T15:50:40Z,Coinbase,2,,,engine/technical/README.md,
ETH,crypto,tecnico,sma20,1482.5315,,EUR,2026-07-12,2026-09-04T15:50:40Z,Coinbase,2,,,engine/technical/README.md,
ETH,crypto,tecnico,sma20,1487.36,,EUR,2026-07-13,2026-09-04T15:50:40Z,Coinbase,2,,,engine/technical/README.md,
ETH,crypto,tecnico,sma20,1498.7995,,EUR,2026-07-14,2026-09-04T15:50:40Z,Coinbase,2,,,engine/technical/README.md,
ETH,crypto,tecnico,sma20,1513.5075,,EUR,2026-07-15,2026-09-04T15:50:40Z,Coinbase,2,,,engine/technical/README.md,
ETH,crypto,tecnico,sma20,1525.6365,,EUR,2026-07-16,2026-09-04T15:50:40Z,Coinbase,2,,,engine/technical/README.md,
ETH,crypto,tecnico,sma20,1537.12,,EUR,2026-07-17,2026-09-04T15:50:40Z,Coinbase,2,,,engine/technical/README.md,
ETH,crypto,tecnico,sma20,1549.5955,,EUR,2026-07-18,2026-09-04T15:50:40Z,Coinbase,2,,,engine/technical/README.md,
ETH,crypto,tecnico,sma20,1560.8795,,EUR,2026-07-19,2026-09-04T15:50:40Z,Coinbase,2,,,engine/technical/README.md,
ETH,crypto,tecnico,sma20,1575.4685,,EUR,2026-07-20,2026-09-04T15:50:40Z,Coinbase,2,,,engine/technical/README.md,
ETH,crypto,tecnico,sma20,1589.4025,,EUR,2026-07-21,2026-09-04T15:50:40Z,Coinbase,2,,,engine/technical/README.md,
ETH,crypto,tecnico,sma20,1599.7745,,EUR,2026-07-22,2026-09-04T15:50:40Z,Coinbase,2,,,engine/technical/README.md,
ETH,crypto,tecnico,sma20,1605.466,,EUR,2026-07-23,2026-09-04T15:50:40Z,Coinbase,2,,,engine/technical/README.md,
ETH,crypto,tecnico,sma20,1609.425,,EUR,2026-07-24,2026-09-04T15:50:40Z,Coinbase,2,,,engine/technical/README.md,
ETH,crypto,tecnico,sma20,1613.828,,EUR,2026-07-25,2026-09-04T15:50:40Z,Coinbase,2,,,engine/technical/README.md,
ETH,crypto,tecnico,sma20,1620.975,,EUR,2026-07-26,2026-09-04T15:50:40Z,Coinbase,2,,,engine/technical/README.md,
ETH,crypto,tecnico,sma20,1626.509,,EUR,2026-07-27,2026-09-04T15:50:40Z,Coinbase,2,,,engine/technical/README.md,
ETH,crypto,tecnico,sma20,1634.4985,,EUR,2026-07-28,2026-09-04T15:50:40Z,Coinbase,2,,,engine/technical/README.md,
ETH,crypto,tecnico,sma20,1641.4175,,EUR,2026-07-29,2026-09-04T15:50:40Z,Coinbase,2,,,engine/technical/README.md,
ETH,crypto,tecnico,sma20,1645.9065,,EUR,2026-07-30,2026-09-04T15:50:40Z,Coinbase,2,,,engine/technical/README.md,
ETH,crypto,tecnico,sma20,1648.33,,EUR,2026-07-31,2026-09-04T15:50:40Z,Coinbase,2,,,engine/technical/README.md,
ETH,crypto,tecnico,sma20,1649.259,,EUR,2026-08-01,2026-09-04T15:50:40Z,Coinbase,2,,,engine/technical/README.md,
ETH,crypto,tecnico,sma20,1652.8665,,EUR,2026-08-02,2026-09-04T15:50:40Z,Coinbase,2,,,engine/technical/README.md,
ETH,crypto,tecnico,sma20,1650.8195,,EUR,2026-08-03,2026-09-04T15:50:40Z,Coinbase,2,,,engine/technical/README.md,
ETH,crypto,tecnico,sma20,1648.243,,EUR,2026-08-04,2026-09-04T15:50:40Z,Coinbase,2,,,engine/technical/README.md,
ETH,crypto,tecnico,sma20,1649.377,,EUR,2026-08-05,2026-09-04T15:50:40Z,Coinbase,2,,,engine/technical/README.md,
ETH,crypto,tecnico,sma20,1651.401,,EUR,2026-08-06,2026-09-04T15:50:40Z,Coinbase,2,,,engine/technical/README.md,
ETH,crypto,tecnico,sma20,1652.769,,EUR,2026-08-07,2026-09-04T15:50:40Z,Coinbase,2,,,engine/technical/README.md,
ETH,crypto,tecnico,sma20,1653.8555,,EUR,2026-08-08,2026-09-04T15:50:40Z,Coinbase,2,,,engine/technical/README.md,
ETH,crypto,tecnico,sma20,1653.114,,EUR,2026-08-09,2026-09-04T15:50:40Z,Coinbase,2,,,engine/technical/README.md,
ETH,crypto,tecnico,sma20,1649.592,,EUR,2026-08-10,2026-09-04T15:50:40Z,Coinbase,2,,,engine/technical/README.md,
ETH,crypto,tecnico,sma20,1646.343,,EUR,2026-08-11,2026-09-04T15:50:40Z,Coinbase,2,,,engine/technical/README.md,
ETH,crypto,tecnico,sma20,1645.283,,EUR,2026-08-12,2026-09-04T15:50:40Z,Coinbase,2,,,engine/technical/README.md,
ETH,crypto,tecnico,sma20,1645.208,,EUR,2026-08-13,2026-09-04T15:50:40Z,Coinbase,2,,,engine/technical/README.md,
ETH,crypto,tecnico,sma20,1644.0755,,EUR,2026-08-14,2026-09-04T15:50:40Z,Coinbase,2,,,engine/technical/README.md,
ETH,crypto,tecnico,sma20,1639.684,,EUR,2026-08-15,2026-09-04T15:50:40Z,Coinbase,2,,,engine/technical/README.md,
ETH,crypto,tecnico,sma20,1637.4855,,EUR,2026-08-16,2026-09-04T15:50:40Z,Coinbase,2,,,engine/technical/README.md,
ETH,crypto,tecnico,sma20,1635.6995,,EUR,2026-08-17,2026-09-04T15:50:40Z,Coinbase,2,,,engine/technical/README.md,
ETH,crypto,tecnico,sma20,1635.3005,,EUR,2026-08-18,2026-09-04T15:50:40Z,Coinbase,2,,,engine/technical/README.md,
ETH,crypto,tecnico,sma20,1648.522,,EUR,2026-08-19,2026-09-04T15:50:40Z,Coinbase,2,,,engine/technical/README.md,
ETH,crypto,tecnico,sma20,1667.3535,,EUR,2026-08-20,2026-09-04T15:50:40Z,Coinbase,2,,,engine/technical/README.md,
ETH,crypto,tecnico,sma20,1694.971,,EUR,2026-08-21,2026-09-04T15:50:40Z,Coinbase,2,,,engine/technical/README.md,
ETH,crypto,tecnico,sma20,1716.819,,EUR,2026-08-22,2026-09-04T15:50:40Z,Coinbase,2,,,engine/technical/README.md,
ETH,crypto,tecnico,sma20,1741.414,,EUR,2026-08-23,2026-09-04T15:50:40Z,Coinbase,2,,,engine/technical/README.md,
ETH,crypto,tecnico,sma20,1766.8005,,EUR,2026-08-24,2026-09-04T15:50:40Z,Coinbase,2,,,engine/technical/README.md,
ETH,crypto,tecnico,sma20,1788.8225,,EUR,2026-08-25,2026-09-04T15:50:40Z,Coinbase,2,,,engine/technical/README.md,
ETH,crypto,tecnico,sma20,1813.828,,EUR,2026-08-26,2026-09-04T15:50:40Z,Coinbase,2,,,engine/technical/README.md,
ETH,crypto,tecnico,sma20,1838.807,,EUR,2026-08-27,2026-09-04T15:50:40Z,Coinbase,2,,,engine/technical/README.md,
ETH,crypto,tecnico,sma20,1861.3085,,EUR,2026-08-28,2026-09-04T15:50:40Z,Coinbase,2,,,engine/technical/README.md,
ETH,crypto,tecnico,sma20,1884.842,,EUR,2026-08-29,2026-09-04T15:50:40Z,Coinbase,2,,,engine/technical/README.md,
ETH,crypto,tecnico,sma20,1908.105,,EUR,2026-08-30,2026-09-04T15:50:40Z,Coinbase,2,,,engine/technical/README.md,
ETH,crypto,tecnico,sma20,1932.779,,EUR,2026-08-31,2026-09-04T15:50:40Z,Coinbase,2,,,engine/technical/README.md,
ETH,crypto,tecnico,sma20,1955.626,,EUR,2026-09-01,2026-09-04T15:50:40Z,Coinbase,2,,,engine/technical/README.md,
ETH,crypto,tecnico,sma20,1977.091,,EUR,2026-09-02,2026-09-04T15:50:40Z,Coinbase,2,,,engine/technical/README.md,
ETH,crypto,tecnico,sma20,1977.1715,,EUR,2026-09-03,2026-09-03T12:15:39Z,Kraken,2,100,,engine/technical/README.md,
ETH,crypto,tecnico,sma20,2030.748,,EUR,2026-09-04,2026-09-04T10:11:47Z,Kraken,2,100,,engine/technical/README.md,
ETH,crypto,tecnico,sma200,3080.6399,,EUR,2026-01-01,2026-09-04T15:50:40Z,Coinbase,2,,,engine/technical/README.md,
ETH,crypto,tecnico,sma200,3082.9651,,EUR,2026-01-02,2026-09-04T15:50:40Z,Coinbase,2,,,engine/technical/README.md,
ETH,crypto,tecnico,sma200,3085.38925,,EUR,2026-01-03,2026-09-04T15:50:40Z,Coinbase,2,,,engine/technical/README.md,
ETH,crypto,tecnico,sma200,3087.81795,,EUR,2026-01-04,2026-09-04T15:50:40Z,Coinbase,2,,,engine/technical/README.md,
ETH,crypto,tecnico,sma200,3090.6403,,EUR,2026-01-05,2026-09-04T15:50:40Z,Coinbase,2,,,engine/technical/README.md,
ETH,crypto,tecnico,sma200,3094.292,,EUR,2026-01-06,2026-09-04T15:50:40Z,Coinbase,2,,,engine/technical/README.md,
ETH,crypto,tecnico,sma200,3097.8764,,EUR,2026-01-07,2026-09-04T15:50:40Z,Coinbase,2,,,engine/technical/README.md,
ETH,crypto,tecnico,sma200,3101.50585,,EUR,2026-01-08,2026-09-04T15:50:40Z,Coinbase,2,,,engine/technical/README.md,
ETH,crypto,tecnico,sma200,3104.3624,,EUR,2026-01-09,2026-09-04T15:50:40Z,Coinbase,2,,,engine/technical/README.md,
ETH,crypto,tecnico,sma200,3107.0761,,EUR,2026-01-10,2026-09-04T15:50:40Z,Coinbase,2,,,engine/technical/README.md,
ETH,crypto,tecnico,sma200,3110.14065,,EUR,2026-01-11,2026-09-04T15:50:40Z,Coinbase,2,,,engine/technical/README.md,
ETH,crypto,tecnico,sma200,3113.0608,,EUR,2026-01-12,2026-09-04T15:50:40Z,Coinbase,2,,,engine/technical/README.md,
ETH,crypto,tecnico,sma200,3116.9791,,EUR,2026-01-13,2026-09-04T15:50:40Z,Coinbase,2,,,engine/technical/README.md,
ETH,crypto,tecnico,sma200,3120.98445,,EUR,2026-01-14,2026-09-04T15:50:40Z,Coinbase,2,,,engine/technical/README.md,
ETH,crypto,tecnico,sma200,3124.60905,,EUR,2026-01-15,2026-09-04T15:50:40Z,Coinbase,2,,,engine/technical/README.md,
ETH,crypto,tecnico,sma200,3128.2635,,EUR,2026-01-16,2026-09-04T15:50:40Z,Coinbase,2,,,engine/technical/README.md,
ETH,crypto,tecnico,sma200,3132.35695,,EUR,2026-01-17,2026-09-04T15:50:40Z,Coinbase,2,,,engine/technical/README.md,
ETH,crypto,tecnico,sma200,3135.59135,,EUR,2026-01-18,2026-09-04T15:50:40Z,Coinbase,2,,,engine/technical/README.md,
ETH,crypto,tecnico,sma200,3138.27845,,EUR,2026-01-19,2026-09-04T15:50:40Z,Coinbase,2,,,engine/technical/README.md,
ETH,crypto,tecnico,sma200,3140.13675,,EUR,2026-01-20,2026-09-04T15:50:40Z,Coinbase,2,,,engine/technical/README.md,
ETH,crypto,tecnico,sma200,3142.20815,,EUR,2026-01-21,2026-09-04T15:50:40Z,Coinbase,2,,,engine/technical/README.md,
ETH,crypto,tecnico,sma200,3143.84295,,EUR,2026-01-22,2026-09-04T15:50:40Z,Coinbase,2,,,engine/technical/README.md,
ETH,crypto,tecnico,sma200,3145.50555,,EUR,2026-01-23,2026-09-04T15:50:40Z,Coinbase,2,,,engine/technical/README.md,
ETH,crypto,tecnico,sma200,3146.8264,,EUR,2026-01-24,2026-09-04T15:50:40Z,Coinbase,2,,,engine/technical/README.md,
ETH,crypto,tecnico,sma200,3146.89375,,EUR,2026-01-25,2026-09-04T15:50:40Z,Coinbase,2,,,engine/technical/README.md,
ETH,crypto,tecnico,sma200,3146.6382,,EUR,2026-01-26,2026-09-04T15:50:40Z,Coinbase,2,,,engine/technical/README.md,
ETH,crypto,tecnico,sma200,3146.61235,,EUR,2026-01-27,2026-09-04T15:50:40Z,Coinbase,2,,,engine/technical/README.md,
ETH,crypto,tecnico,sma200,3146.64425,,EUR,2026-01-28,2026-09-04T15:50:40Z,Coinbase,2,,,engine/technical/README.md,
ETH,crypto,tecnico,sma200,3145.74385,,EUR,2026-01-29,2026-09-04T15:50:40Z,Coinbase,2,,,engine/technical/README.md,
ETH,crypto,tecnico,sma200,3144.2497,,EUR,2026-01-30,2026-09-04T15:50:40Z,Coinbase,2,,,engine/technical/README.md,
ETH,crypto,tecnico,sma200,3141.10495,,EUR,2026-01-31,2026-09-04T15:50:40Z,Coinbase,2,,,engine/technical/README.md,
ETH,crypto,tecnico,sma200,3136.1845,,EUR,2026-02-01,2026-09-04T15:50:40Z,Coinbase,2,,,engine/technical/README.md,
ETH,crypto,tecnico,sma200,3131.16995,,EUR,2026-02-02,2026-09-04T15:50:40Z,Coinbase,2,,,engine/technical/README.md,
ETH,crypto,tecnico,sma200,3125.3623,,EUR,2026-02-03,2026-09-04T15:50:40Z,Coinbase,2,,,engine/technical/README.md,
ETH,crypto,tecnico,sma200,3118.9898,,EUR,2026-02-04,2026-09-04T15:50:40Z,Coinbase,2,,,engine/technical/README.md,
ETH,crypto,tecnico,sma200,3110.587,,EUR,2026-02-05,2026-09-04T15:50:40Z,Coinbase,2,,,engine/technical/README.md,
ETH,crypto,tecnico,sma200,3103.2447,,EUR,2026-02-06,2026-09-04T15:50:40Z,Coinbase,2,,,engine/technical/README.md,
ETH,crypto,tecnico,sma200,3096.15595,,EUR,2026-02-07,2026-09-04T15:50:40Z,Coinbase,2,,,engine/technical/README.md,
ETH,crypto,tecnico,sma200,3089.5912,,EUR,2026-02-08,2026-09-04T15:50:40Z,Coinbase,2,,,engine/technical/README.md,
ETH,crypto,tecnico,sma200,3082.65705,,EUR,2026-02-09,2026-09-04T15:50:40Z,Coinbase,2,,,engine/technical/README.md,
ETH,crypto,tecnico,sma200,3075.30455,,EUR,2026-02-10,2026-09-04T15:50:40Z,Coinbase,2,,,engine/technical/README.md,
ETH,crypto,tecnico,sma200,3067.5466,,EUR,2026-02-11,2026-09-04T15:50:40Z,Coinbase,2,,,engine/technical/README.md,
ETH,crypto,tecnico,sma200,3059.2754,,EUR,2026-02-12,2026-09-04T15:50:40Z,Coinbase,2,,,engine/technical/README.md,
ETH,crypto,tecnico,sma200,3051.532,,EUR,2026-02-13,2026-09-04T15:50:40Z,Coinbase,2,,,engine/technical/README.md,
ETH,crypto,tecnico,sma200,3043.9128,,EUR,2026-02-14,2026-09-04T15:50:40Z,Coinbase,2,,,engine/technical/README.md,
ETH,crypto,tecnico,sma200,3035.5442,,EUR,2026-02-15,2026-09-04T15:50:40Z,Coinbase,2,,,engine/technical/README.md,
ETH,crypto,tecnico,sma200,3027.78005,,EUR,2026-02-16,2026-09-04T15:50:40Z,Coinbase,2,,,engine/technical/README.md,
ETH,crypto,tecnico,sma200,3021.1173,,EUR,2026-02-17,2026-09-04T15:50:40Z,Coinbase,2,,,engine/technical/README.md,
ETH,crypto,tecnico,sma200,3014.7591,,EUR,2026-02-18,2026-09-04T15:50:40Z,Coinbase,2,,,engine/technical/README.md,
ETH,crypto,tecnico,sma200,3007.9204,,EUR,2026-02-19,2026-09-04T15:50:40Z,Coinbase,2,,,engine/technical/README.md,
ETH,crypto,tecnico,sma200,3000.21085,,EUR,2026-02-20,2026-09-04T15:50:40Z,Coinbase,2,,,engine/technical/README.md,
ETH,crypto,tecnico,sma200,2992.9914,,EUR,2026-02-21,2026-09-04T15:50:40Z,Coinbase,2,,,engine/technical/README.md,
ETH,crypto,tecnico,sma200,2985.4709,,EUR,2026-02-22,2026-09-04T15:50:40Z,Coinbase,2,,,engine/technical/README.md,
ETH,crypto,tecnico,sma200,2976.59325,,EUR,2026-02-23,2026-09-04T15:50:40Z,Coinbase,2,,,engine/technical/README.md,
ETH,crypto,tecnico,sma200,2967.26425,,EUR,2026-02-24,2026-09-04T15:50:40Z,Coinbase,2,,,engine/technical/README.md,
ETH,crypto,tecnico,sma200,2957.7377,,EUR,2026-02-25,2026-09-04T15:50:40Z,Coinbase,2,,,engine/technical/README.md,
ETH,crypto,tecnico,sma200,2948.0959,,EUR,2026-02-26,2026-09-04T15:50:40Z,Coinbase,2,,,engine/technical/README.md,
ETH,crypto,tecnico,sma200,2938.08305,,EUR,2026-02-27,2026-09-04T15:50:40Z,Coinbase,2,,,engine/technical/README.md,
ETH,crypto,tecnico,sma200,2926.79055,,EUR,2026-02-28,2026-09-04T15:50:40Z,Coinbase,2,,,engine/technical/README.md,
ETH,crypto,tecnico,sma200,2914.87855,,EUR,2026-03-01,2026-09-04T15:50:40Z,Coinbase,2,,,engine/technical/README.md,
ETH,crypto,tecnico,sma200,2904.01365,,EUR,2026-03-02,2026-09-04T15:50:40Z,Coinbase,2,,,engine/technical/README.md,
ETH,crypto,tecnico,sma200,2893.561,,EUR,2026-03-03,2026-09-04T15:50:40Z,Coinbase,2,,,engine/technical/README.md,
ETH,crypto,tecnico,sma200,2883.78575,,EUR,2026-03-04,2026-09-04T15:50:40Z,Coinbase,2,,,engine/technical/README.md,
ETH,crypto,tecnico,sma200,2873.6105,,EUR,2026-03-05,2026-09-04T15:50:40Z,Coinbase,2,,,engine/technical/README.md,
ETH,crypto,tecnico,sma200,2863.63795,,EUR,2026-03-06,2026-09-04T15:50:40Z,Coinbase,2,,,engine/technical/README.md,
ETH,crypto,tecnico,sma200,2854.61565,,EUR,2026-03-07,2026-09-04T15:50:40Z,Coinbase,2,,,engine/technical/README.md,
ETH,crypto,tecnico,sma200,2844.41415,,EUR,2026-03-08,2026-09-04T15:50:40Z,Coinbase,2,,,engine/technical/README.md,
ETH,crypto,tecnico,sma200,2834.8035,,EUR,2026-03-09,2026-09-04T15:50:40Z,Coinbase,2,,,engine/technical/README.md,
ETH,crypto,tecnico,sma200,2823.07965,,EUR,2026-03-10,2026-09-04T15:50:40Z,Coinbase,2,,,engine/technical/README.md,
ETH,crypto,tecnico,sma200,2811.69815,,EUR,2026-03-11,2026-09-04T15:50:40Z,Coinbase,2,,,engine/technical/README.md,
ETH,crypto,tecnico,sma200,2800.29895,,EUR,2026-03-12,2026-09-04T15:50:40Z,Coinbase,2,,,engine/technical/README.md,
ETH,crypto,tecnico,sma200,2790.60945,,EUR,2026-03-13,2026-09-04T15:50:40Z,Coinbase,2,,,engine/technical/README.md,
ETH,crypto,tecnico,sma200,2780.0353,,EUR,2026-03-14,2026-09-04T15:50:40Z,Coinbase,2,,,engine/technical/README.md,
ETH,crypto,tecnico,sma200,2770.2308,,EUR,2026-03-15,2026-09-04T15:50:40Z,Coinbase,2,,,engine/technical/README.md,
ETH,crypto,tecnico,sma200,2761.1484,,EUR,2026-03-16,2026-09-04T15:50:40Z,Coinbase,2,,,engine/technical/README.md,
ETH,crypto,tecnico,sma200,2752.5251,,EUR,2026-03-17,2026-09-04T15:50:40Z,Coinbase,2,,,engine/technical/README.md,
ETH,crypto,tecnico,sma200,2743.4086,,EUR,2026-03-18,2026-09-04T15:50:40Z,Coinbase,2,,,engine/technical/README.md,
ETH,crypto,tecnico,sma200,2733.8597,,EUR,2026-03-19,2026-09-04T15:50:40Z,Coinbase,2,,,engine/technical/README.md,
ETH,crypto,tecnico,sma200,2724.7202,,EUR,2026-03-20,2026-09-04T15:50:40Z,Coinbase,2,,,engine/technical/README.md,
ETH,crypto,tecnico,sma200,2715.13875,,EUR,2026-03-21,2026-09-04T15:50:40Z,Coinbase,2,,,engine/technical/README.md,
ETH,crypto,tecnico,sma200,2704.92975,,EUR,2026-03-22,2026-09-04T15:50:40Z,Coinbase,2,,,engine/technical/README.md,
ETH,crypto,tecnico,sma200,2695.7591,,EUR,2026-03-23,2026-09-04T15:50:40Z,Coinbase,2,,,engine/technical/README.md,
ETH,crypto,tecnico,sma200,2686.65325,,EUR,2026-03-24,2026-09-04T15:50:40Z,Coinbase,2,,,engine/technical/README.md,
ETH,crypto,tecnico,sma200,2677.7812,,EUR,2026-03-25,2026-09-04T15:50:40Z,Coinbase,2,,,engine/technical/README.md,
ETH,crypto,tecnico,sma200,2668.33455,,EUR,2026-03-26,2026-09-04T15:50:40Z,Coinbase,2,,,engine/technical/README.md,
ETH,crypto,tecnico,sma200,2658.69045,,EUR,2026-03-27,2026-09-04T15:50:40Z,Coinbase,2,,,engine/technical/README.md,
ETH,crypto,tecnico,sma200,2648.94945,,EUR,2026-03-28,2026-09-04T15:50:40Z,Coinbase,2,,,engine/technical/README.md,
ETH,crypto,tecnico,sma200,2639.01635,,EUR,2026-03-29,2026-09-04T15:50:40Z,Coinbase,2,,,engine/technical/README.md,
ETH,crypto,tecnico,sma200,2628.83685,,EUR,2026-03-30,2026-09-04T15:50:40Z,Coinbase,2,,,engine/technical/README.md,
ETH,crypto,tecnico,sma200,2617.8501,,EUR,2026-03-31,2026-09-04T15:50:40Z,Coinbase,2,,,engine/technical/README.md,
ETH,crypto,tecnico,sma200,2607.25105,,EUR,2026-04-01,2026-09-04T15:50:40Z,Coinbase,2,,,engine/technical/README.md,
ETH,crypto,tecnico,sma200,2596.52725,,EUR,2026-04-02,2026-09-04T15:50:40Z,Coinbase,2,,,engine/technical/README.md,
ETH,crypto,tecnico,sma200,2586.2094,,EUR,2026-04-03,2026-09-04T15:50:40Z,Coinbase,2,,,engine/technical/README.md,
ETH,crypto,tecnico,sma200,2576.2122,,EUR,2026-04-04,2026-09-04T15:50:40Z,Coinbase,2,,,engine/technical/README.md,
ETH,crypto,tecnico,sma200,2565.9643,,EUR,2026-04-05,2026-09-04T15:50:40Z,Coinbase,2,,,engine/technical/README.md,
ETH,crypto,tecnico,sma200,2555.62495,,EUR,2026-04-06,2026-09-04T15:50:40Z,Coinbase,2,,,engine/technical/README.md,
ETH,crypto,tecnico,sma200,2546.1643,,EUR,2026-04-07,2026-09-04T15:50:40Z,Coinbase,2,,,engine/technical/README.md,
ETH,crypto,tecnico,sma200,2536.46385,,EUR,2026-04-08,2026-09-04T15:50:40Z,Coinbase,2,,,engine/technical/README.md,
ETH,crypto,tecnico,sma200,2526.8856,,EUR,2026-04-09,2026-09-04T15:50:40Z,Coinbase,2,,,engine/technical/README.md,
ETH,crypto,tecnico,sma200,2518.65085,,EUR,2026-04-10,2026-09-04T15:50:40Z,Coinbase,2,,,engine/technical/README.md,
ETH,crypto,tecnico,sma200,2510.76655,,EUR,2026-04-11,2026-09-04T15:50:40Z,Coinbase,2,,,engine/technical/README.md,
ETH,crypto,tecnico,sma200,2502.4646,,EUR,2026-04-12,2026-09-04T15:50:40Z,Coinbase,2,,,engine/technical/README.md,
ETH,crypto,tecnico,sma200,2495.9186,,EUR,2026-04-13,2026-09-04T15:50:40Z,Coinbase,2,,,engine/technical/README.md,
ETH,crypto,tecnico,sma200,2488.51405,,EUR,2026-04-14,2026-09-04T15:50:40Z,Coinbase,2,,,engine/technical/README.md,
ETH,crypto,tecnico,sma200,2481.31705,,EUR,2026-04-15,2026-09-04T15:50:40Z,Coinbase,2,,,engine/technical/README.md,
ETH,crypto,tecnico,sma200,2473.57855,,EUR,2026-04-16,2026-09-04T15:50:40Z,Coinbase,2,,,engine/technical/README.md,
ETH,crypto,tecnico,sma200,2465.89955,,EUR,2026-04-17,2026-09-04T15:50:40Z,Coinbase,2,,,engine/technical/README.md,
ETH,crypto,tecnico,sma200,2458.227,,EUR,2026-04-18,2026-09-04T15:50:40Z,Coinbase,2,,,engine/technical/README.md,
ETH,crypto,tecnico,sma200,2449.3573,,EUR,2026-04-19,2026-09-04T15:50:40Z,Coinbase,2,,,engine/technical/README.md,
ETH,crypto,tecnico,sma200,2440.05415,,EUR,2026-04-20,2026-09-04T15:50:40Z,Coinbase,2,,,engine/technical/README.md,
ETH,crypto,tecnico,sma200,2430.76745,,EUR,2026-04-21,2026-09-04T15:50:40Z,Coinbase,2,,,engine/technical/README.md,
ETH,crypto,tecnico,sma200,2421.84735,,EUR,2026-04-22,2026-09-04T15:50:40Z,Coinbase,2,,,engine/technical/README.md,
ETH,crypto,tecnico,sma200,2412.63335,,EUR,2026-04-23,2026-09-04T15:50:40Z,Coinbase,2,,,engine/technical/README.md,
ETH,crypto,tecnico,sma200,2402.55495,,EUR,2026-04-24,2026-09-04T15:50:40Z,Coinbase,2,,,engine/technical/README.md,
ETH,crypto,tecnico,sma200,2393.3751,,EUR,2026-04-25,2026-09-04T15:50:40Z,Coinbase,2,,,engine/technical/README.md,
ETH,crypto,tecnico,sma200,2384.03825,,EUR,2026-04-26,2026-09-04T15:50:40Z,Coinbase,2,,,engine/technical/README.md,
ETH,crypto,tecnico,sma200,2374.97445,,EUR,2026-04-27,2026-09-04T15:50:40Z,Coinbase,2,,,engine/technical/README.md,
ETH,crypto,tecnico,sma200,2368.00825,,EUR,2026-04-28,2026-09-04T15:50:40Z,Coinbase,2,,,engine/technical/README.md,
ETH,crypto,tecnico,sma200,2361.2958,,EUR,2026-04-29,2026-09-04T15:50:40Z,Coinbase,2,,,engine/technical/README.md,
ETH,crypto,tecnico,sma200,2352.9662,,EUR,2026-04-30,2026-09-04T15:50:40Z,Coinbase,2,,,engine/technical/README.md,
ETH,crypto,tecnico,sma200,2344.39325,,EUR,2026-05-01,2026-09-04T15:50:40Z,Coinbase,2,,,engine/technical/README.md,
ETH,crypto,tecnico,sma200,2336.4795,,EUR,2026-05-02,2026-09-04T15:50:40Z,Coinbase,2,,,engine/technical/README.md,
ETH,crypto,tecnico,sma200,2329.2482,,EUR,2026-05-03,2026-09-04T15:50:40Z,Coinbase,2,,,engine/technical/README.md,
ETH,crypto,tecnico,sma200,2322.64555,,EUR,2026-05-04,2026-09-04T15:50:40Z,Coinbase,2,,,engine/technical/README.md,
ETH,crypto,tecnico,sma200,2316.25765,,EUR,2026-05-05,2026-09-04T15:50:40Z,Coinbase,2,,,engine/technical/README.md,
ETH,crypto,tecnico,sma200,2309.5581,,EUR,2026-05-06,2026-09-04T15:50:40Z,Coinbase,2,,,engine/technical/README.md,
ETH,crypto,tecnico,sma200,2302.22855,,EUR,2026-05-07,2026-09-04T15:50:40Z,Coinbase,2,,,engine/technical/README.md,
ETH,crypto,tecnico,sma200,2294.9278,,EUR,2026-05-08,2026-09-04T15:50:40Z,Coinbase,2,,,engine/technical/README.md,
ETH,crypto,tecnico,sma200,2288.1073,,EUR,2026-05-09,2026-09-04T15:50:40Z,Coinbase,2,,,engine/technical/README.md,
ETH,crypto,tecnico,sma200,2281.78485,,EUR,2026-05-10,2026-09-04T15:50:40Z,Coinbase,2,,,engine/technical/README.md,
ETH,crypto,tecnico,sma200,2275.10655,,EUR,2026-05-11,2026-09-04T15:50:40Z,Coinbase,2,,,engine/technical/README.md,
ETH,crypto,tecnico,sma200,2267.8766,,EUR,2026-05-12,2026-09-04T15:50:40Z,Coinbase,2,,,engine/technical/README.md,
ETH,crypto,tecnico,sma200,2260.51825,,EUR,2026-05-13,2026-09-04T15:50:40Z,Coinbase,2,,,engine/technical/README.md,
ETH,crypto,tecnico,sma200,2252.43295,,EUR,2026-05-14,2026-09-04T15:50:40Z,Coinbase,2,,,engine/technical/README.md,
ETH,crypto,tecnico,sma200,2244.32195,,EUR,2026-05-15,2026-09-04T15:50:40Z,Coinbase,2,,,engine/technical/README.md,
ETH,crypto,tecnico,sma200,2236.63015,,EUR,2026-05-16,2026-09-04T15:50:40Z,Coinbase,2,,,engine/technical/README.md,
ETH,crypto,tecnico,sma200,2228.97715,,EUR,2026-05-17,2026-09-04T15:50:40Z,Coinbase,2,,,engine/technical/README.md,
ETH,crypto,tecnico,sma200,2221.66945,,EUR,2026-05-18,2026-09-04T15:50:40Z,Coinbase,2,,,engine/technical/README.md,
ETH,crypto,tecnico,sma200,2214.1035,,EUR,2026-05-19,2026-09-04T15:50:40Z,Coinbase,2,,,engine/technical/README.md,
ETH,crypto,tecnico,sma200,2206.49145,,EUR,2026-05-20,2026-09-04T15:50:40Z,Coinbase,2,,,engine/technical/README.md,
ETH,crypto,tecnico,sma200,2198.73,,EUR,2026-05-21,2026-09-04T15:50:40Z,Coinbase,2,,,engine/technical/README.md,
ETH,crypto,tecnico,sma200,2191.99055,,EUR,2026-05-22,2026-09-04T15:50:40Z,Coinbase,2,,,engine/technical/README.md,
ETH,crypto,tecnico,sma200,2186.8008,,EUR,2026-05-23,2026-09-04T15:50:40Z,Coinbase,2,,,engine/technical/README.md,
ETH,crypto,tecnico,sma200,2180.92085,,EUR,2026-05-24,2026-09-04T15:50:40Z,Coinbase,2,,,engine/technical/README.md,
ETH,crypto,tecnico,sma200,2175.6479,,EUR,2026-05-25,2026-09-04T15:50:40Z,Coinbase,2,,,engine/technical/README.md,
ETH,crypto,tecnico,sma200,2169.70725,,EUR,2026-05-26,2026-09-04T15:50:40Z,Coinbase,2,,,engine/technical/README.md,
ETH,crypto,tecnico,sma200,2163.71165,,EUR,2026-05-27,2026-09-04T15:50:40Z,Coinbase,2,,,engine/technical/README.md,
ETH,crypto,tecnico,sma200,2156.81355,,EUR,2026-05-28,2026-09-04T15:50:40Z,Coinbase,2,,,engine/technical/README.md,
ETH,crypto,tecnico,sma200,2150.02,,EUR,2026-05-29,2026-09-04T15:50:40Z,Coinbase,2,,,engine/technical/README.md,
ETH,crypto,tecnico,sma200,2143.942,,EUR,2026-05-30,2026-09-04T15:50:40Z,Coinbase,2,,,engine/technical/README.md,
ETH,crypto,tecnico,sma200,2137.8084,,EUR,2026-05-31,2026-09-04T15:50:40Z,Coinbase,2,,,engine/technical/README.md,
ETH,crypto,tecnico,sma200,2132.5265,,EUR,2026-06-01,2026-09-04T15:50:40Z,Coinbase,2,,,engine/technical/README.md,
ETH,crypto,tecnico,sma200,2127.13515,,EUR,2026-06-02,2026-09-04T15:50:40Z,Coinbase,2,,,engine/technical/README.md,
ETH,crypto,tecnico,sma200,2121.30485,,EUR,2026-06-03,2026-09-04T15:50:40Z,Coinbase,2,,,engine/technical/README.md,
ETH,crypto,tecnico,sma200,2115.6212,,EUR,2026-06-04,2026-09-04T15:50:40Z,Coinbase,2,,,engine/technical/README.md,
ETH,crypto,tecnico,sma200,2109.4526,,EUR,2026-06-05,2026-09-04T15:50:40Z,Coinbase,2,,,engine/technical/README.md,
ETH,crypto,tecnico,sma200,2102.79735,,EUR,2026-06-06,2026-09-04T15:50:40Z,Coinbase,2,,,engine/technical/README.md,
ETH,crypto,tecnico,sma200,2097.0354,,EUR,2026-06-07,2026-09-04T15:50:40Z,Coinbase,2,,,engine/technical/README.md,
ETH,crypto,tecnico,sma200,2092.09385,,EUR,2026-06-08,2026-09-04T15:50:40Z,Coinbase,2,,,engine/technical/README.md,
ETH,crypto,tecnico,sma200,2087.1918,,EUR,2026-06-09,2026-09-04T15:50:40Z,Coinbase,2,,,engine/technical/README.md,
ETH,crypto,tecnico,sma200,2082.18545,,EUR,2026-06-10,2026-09-04T15:50:40Z,Coinbase,2,,,engine/technical/README.md,
ETH,crypto,tecnico,sma200,2077.235,,EUR,2026-06-11,2026-09-04T15:50:40Z,Coinbase,2,,,engine/technical/README.md,
ETH,crypto,tecnico,sma200,2071.62105,,EUR,2026-06-12,2026-09-04T15:50:40Z,Coinbase,2,,,engine/technical/README.md,
ETH,crypto,tecnico,sma200,2066.09675,,EUR,2026-06-13,2026-09-04T15:50:40Z,Coinbase,2,,,engine/technical/README.md,
ETH,crypto,tecnico,sma200,2060.491,,EUR,2026-06-14,2026-09-04T15:50:40Z,Coinbase,2,,,engine/technical/README.md,
ETH,crypto,tecnico,sma200,2055.23415,,EUR,2026-06-15,2026-09-04T15:50:40Z,Coinbase,2,,,engine/technical/README.md,
ETH,crypto,tecnico,sma200,2049.87575,,EUR,2026-06-16,2026-09-04T15:50:40Z,Coinbase,2,,,engine/technical/README.md,
ETH,crypto,tecnico,sma200,2044.57295,,EUR,2026-06-17,2026-09-04T15:50:40Z,Coinbase,2,,,engine/technical/README.md,
ETH,crypto,tecnico,sma200,2039.1312,,EUR,2026-06-18,2026-09-04T15:50:40Z,Coinbase,2,,,engine/technical/README.md,
ETH,crypto,tecnico,sma200,2034.51515,,EUR,2026-06-19,2026-09-04T15:50:40Z,Coinbase,2,,,engine/technical/README.md,
ETH,crypto,tecnico,sma200,2029.21295,,EUR,2026-06-20,2026-09-04T15:50:40Z,Coinbase,2,,,engine/technical/README.md,
ETH,crypto,tecnico,sma200,2022.99705,,EUR,2026-06-21,2026-09-04T15:50:40Z,Coinbase,2,,,engine/technical/README.md,
ETH,crypto,tecnico,sma200,2017.08995,,EUR,2026-06-22,2026-09-04T15:50:40Z,Coinbase,2,,,engine/technical/README.md,
ETH,crypto,tecnico,sma200,2011.4099,,EUR,2026-06-23,2026-09-04T15:50:40Z,Coinbase,2,,,engine/technical/README.md,
ETH,crypto,tecnico,sma200,2005.4776,,EUR,2026-06-24,2026-09-04T15:50:40Z,Coinbase,2,,,engine/technical/README.md,
ETH,crypto,tecnico,sma200,1999.216,,EUR,2026-06-25,2026-09-04T15:50:40Z,Coinbase,2,,,engine/technical/README.md,
ETH,crypto,tecnico,sma200,1992.72405,,EUR,2026-06-26,2026-09-04T15:50:40Z,Coinbase,2,,,engine/technical/README.md,
ETH,crypto,tecnico,sma200,1985.3599,,EUR,2026-06-27,2026-09-04T15:50:40Z,Coinbase,2,,,engine/technical/README.md,
ETH,crypto,tecnico,sma200,1978.0493,,EUR,2026-06-28,2026-09-04T15:50:40Z,Coinbase,2,,,engine/technical/README.md,
ETH,crypto,tecnico,sma200,1971.3117,,EUR,2026-06-29,2026-09-04T15:50:40Z,Coinbase,2,,,engine/technical/README.md,
ETH,crypto,tecnico,sma200,1965.0375,,EUR,2026-06-30,2026-09-04T15:50:40Z,Coinbase,2,,,engine/technical/README.md,
ETH,crypto,tecnico,sma200,1958.82705,,EUR,2026-07-01,2026-09-04T15:50:40Z,Coinbase,2,,,engine/technical/README.md,
ETH,crypto,tecnico,sma200,1953.2082,,EUR,2026-07-02,2026-09-04T15:50:40Z,Coinbase,2,,,engine/technical/README.md,
ETH,crypto,tecnico,sma200,1948.2764,,EUR,2026-07-03,2026-09-04T15:50:40Z,Coinbase,2,,,engine/technical/README.md,
ETH,crypto,tecnico,sma200,1943.4546,,EUR,2026-07-04,2026-09-04T15:50:40Z,Coinbase,2,,,engine/technical/README.md,
ETH,crypto,tecnico,sma200,1939.196,,EUR,2026-07-05,2026-09-04T15:50:40Z,Coinbase,2,,,engine/technical/README.md,
ETH,crypto,tecnico,sma200,1934.99855,,EUR,2026-07-06,2026-09-04T15:50:40Z,Coinbase,2,,,engine/technical/README.md,
ETH,crypto,tecnico,sma200,1930.04685,,EUR,2026-07-07,2026-09-04T15:50:40Z,Coinbase,2,,,engine/technical/README.md,
ETH,crypto,tecnico,sma200,1924.9634,,EUR,2026-07-08,2026-09-04T15:50:40Z,Coinbase,2,,,engine/technical/README.md,
ETH,crypto,tecnico,sma200,1919.7798,,EUR,2026-07-09,2026-09-04T15:50:40Z,Coinbase,2,,,engine/technical/README.md,
ETH,crypto,tecnico,sma200,1914.8645,,EUR,2026-07-10,2026-09-04T15:50:40Z,Coinbase,2,,,engine/technical/README.md,
ETH,crypto,tecnico,sma200,1910.13375,,EUR,2026-07-11,2026-09-04T15:50:40Z,Coinbase,2,,,engine/technical/README.md,
ETH,crypto,tecnico,sma200,1905.53575,,EUR,2026-07-12,2026-09-04T15:50:40Z,Coinbase,2,,,engine/technical/README.md,
ETH,crypto,tecnico,sma200,1901.0199,,EUR,2026-07-13,2026-09-04T15:50:40Z,Coinbase,2,,,engine/technical/README.md,
ETH,crypto,tecnico,sma200,1896.86535,,EUR,2026-07-14,2026-09-04T15:50:40Z,Coinbase,2,,,engine/technical/README.md,
ETH,crypto,tecnico,sma200,1892.71595,,EUR,2026-07-15,2026-09-04T15:50:40Z,Coinbase,2,,,engine/technical/README.md,
ETH,crypto,tecnico,sma200,1888.3326,,EUR,2026-07-16,2026-09-04T15:50:40Z,Coinbase,2,,,engine/technical/README.md,
ETH,crypto,tecnico,sma200,1883.91985,,EUR,2026-07-17,2026-09-04T15:50:40Z,Coinbase,2,,,engine/technical/README.md,
ETH,crypto,tecnico,sma200,1879.41805,,EUR,2026-07-18,2026-09-04T15:50:40Z,Coinbase,2,,,engine/technical/README.md,
ETH,crypto,tecnico,sma200,1874.98035,,EUR,2026-07-19,2026-09-04T15:50:40Z,Coinbase,2,,,engine/technical/README.md,
ETH,crypto,tecnico,sma200,1870.5477,,EUR,2026-07-20,2026-09-04T15:50:40Z,Coinbase,2,,,engine/technical/README.md,
ETH,crypto,tecnico,sma200,1865.6694,,EUR,2026-07-21,2026-09-04T15:50:40Z,Coinbase,2,,,engine/technical/README.md,
ETH,crypto,tecnico,sma200,1860.7938,,EUR,2026-07-22,2026-09-04T15:50:40Z,Coinbase,2,,,engine/technical/README.md,
ETH,crypto,tecnico,sma200,1855.6138,,EUR,2026-07-23,2026-09-04T15:50:40Z,Coinbase,2,,,engine/technical/README.md,
ETH,crypto,tecnico,sma200,1850.021,,EUR,2026-07-24,2026-09-04T15:50:40Z,Coinbase,2,,,engine/technical/README.md,
ETH,crypto,tecnico,sma200,1844.16415,,EUR,2026-07-25,2026-09-04T15:50:40Z,Coinbase,2,,,engine/technical/README.md,
ETH,crypto,tecnico,sma200,1839.1792,,EUR,2026-07-26,2026-09-04T15:50:40Z,Coinbase,2,,,engine/technical/README.md,
ETH,crypto,tecnico,sma200,1834.1811,,EUR,2026-07-27,2026-09-04T15:50:40Z,Coinbase,2,,,engine/technical/README.md,
ETH,crypto,tecnico,sma200,1829.3522,,EUR,2026-07-28,2026-09-04T15:50:40Z,Coinbase,2,,,engine/technical/README.md,
ETH,crypto,tecnico,sma200,1824.4127,,EUR,2026-07-29,2026-09-04T15:50:40Z,Coinbase,2,,,engine/technical/README.md,
ETH,crypto,tecnico,sma200,1819.3104,,EUR,2026-07-30,2026-09-04T15:50:40Z,Coinbase,2,,,engine/technical/README.md,
ETH,crypto,tecnico,sma200,1814.13135,,EUR,2026-07-31,2026-09-04T15:50:40Z,Coinbase,2,,,engine/technical/README.md,
ETH,crypto,tecnico,sma200,1807.86535,,EUR,2026-08-01,2026-09-04T15:50:40Z,Coinbase,2,,,engine/technical/README.md,
ETH,crypto,tecnico,sma200,1801.6162,,EUR,2026-08-02,2026-09-04T15:50:40Z,Coinbase,2,,,engine/technical/README.md,
ETH,crypto,tecnico,sma200,1795.3975,,EUR,2026-08-03,2026-09-04T15:50:40Z,Coinbase,2,,,engine/technical/README.md,
ETH,crypto,tecnico,sma200,1789.29715,,EUR,2026-08-04,2026-09-04T15:50:40Z,Coinbase,2,,,engine/technical/README.md,
ETH,crypto,tecnico,sma200,1783.26905,,EUR,2026-08-05,2026-09-04T15:50:40Z,Coinbase,2,,,engine/technical/README.md,
ETH,crypto,tecnico,sma200,1777.39795,,EUR,2026-08-06,2026-09-04T15:50:40Z,Coinbase,2,,,engine/technical/README.md,
ETH,crypto,tecnico,sma200,1771.97855,,EUR,2026-08-07,2026-09-04T15:50:40Z,Coinbase,2,,,engine/technical/README.md,
ETH,crypto,tecnico,sma200,1767.75295,,EUR,2026-08-08,2026-09-04T15:50:40Z,Coinbase,2,,,engine/technical/README.md,
ETH,crypto,tecnico,sma200,1763.2491,,EUR,2026-08-09,2026-09-04T15:50:40Z,Coinbase,2,,,engine/technical/README.md,
ETH,crypto,tecnico,sma200,1758.80505,,EUR,2026-08-10,2026-09-04T15:50:40Z,Coinbase,2,,,engine/technical/README.md,
ETH,crypto,tecnico,sma200,1754.4611,,EUR,2026-08-11,2026-09-04T15:50:40Z,Coinbase,2,,,engine/technical/README.md,
ETH,crypto,tecnico,sma200,1750.1322,,EUR,2026-08-12,2026-09-04T15:50:40Z,Coinbase,2,,,engine/technical/README.md,
ETH,crypto,tecnico,sma200,1746.43705,,EUR,2026-08-13,2026-09-04T15:50:40Z,Coinbase,2,,,engine/technical/README.md,
ETH,crypto,tecnico,sma200,1742.24595,,EUR,2026-08-14,2026-09-04T15:50:40Z,Coinbase,2,,,engine/technical/README.md,
ETH,crypto,tecnico,sma200,1737.8096,,EUR,2026-08-15,2026-09-04T15:50:40Z,Coinbase,2,,,engine/technical/README.md,
ETH,crypto,tecnico,sma200,1733.3538,,EUR,2026-08-16,2026-09-04T15:50:40Z,Coinbase,2,,,engine/technical/README.md,
ETH,crypto,tecnico,sma200,1729.81585,,EUR,2026-08-17,2026-09-04T15:50:40Z,Coinbase,2,,,engine/technical/README.md,
ETH,crypto,tecnico,sma200,1726.68595,,EUR,2026-08-18,2026-09-04T15:50:40Z,Coinbase,2,,,engine/technical/README.md,
ETH,crypto,tecnico,sma200,1725.96115,,EUR,2026-08-19,2026-09-04T15:50:40Z,Coinbase,2,,,engine/technical/README.md,
ETH,crypto,tecnico,sma200,1726.34285,,EUR,2026-08-20,2026-09-04T15:50:40Z,Coinbase,2,,,engine/technical/README.md,
ETH,crypto,tecnico,sma200,1727.16175,,EUR,2026-08-21,2026-09-04T15:50:40Z,Coinbase,2,,,engine/technical/README.md,
ETH,crypto,tecnico,sma200,1728.0603,,EUR,2026-08-22,2026-09-04T15:50:40Z,Coinbase,2,,,engine/technical/README.md,
ETH,crypto,tecnico,sma200,1729.51215,,EUR,2026-08-23,2026-09-04T15:50:40Z,Coinbase,2,,,engine/technical/README.md,
ETH,crypto,tecnico,sma200,1732.40505,,EUR,2026-08-24,2026-09-04T15:50:40Z,Coinbase,2,,,engine/technical/README.md,
ETH,crypto,tecnico,sma200,1734.11315,,EUR,2026-08-25,2026-09-04T15:50:40Z,Coinbase,2,,,engine/technical/README.md,
ETH,crypto,tecnico,sma200,1735.9965,,EUR,2026-08-26,2026-09-04T15:50:40Z,Coinbase,2,,,engine/technical/README.md,
ETH,crypto,tecnico,sma200,1737.9242,,EUR,2026-08-27,2026-09-04T15:50:40Z,Coinbase,2,,,engine/technical/README.md,
ETH,crypto,tecnico,sma200,1739.6222,,EUR,2026-08-28,2026-09-04T15:50:40Z,Coinbase,2,,,engine/technical/README.md,
ETH,crypto,tecnico,sma200,1741.73295,,EUR,2026-08-29,2026-09-04T15:50:40Z,Coinbase,2,,,engine/technical/README.md,
ETH,crypto,tecnico,sma200,1743.99255,,EUR,2026-08-30,2026-09-04T15:50:40Z,Coinbase,2,,,engine/technical/README.md,
ETH,crypto,tecnico,sma200,1746.4115,,EUR,2026-08-31,2026-09-04T15:50:40Z,Coinbase,2,,,engine/technical/README.md,
ETH,crypto,tecnico,sma200,1748.2111,,EUR,2026-09-01,2026-09-04T15:50:40Z,Coinbase,2,,,engine/technical/README.md,
ETH,crypto,tecnico,sma200,1749.72575,,EUR,2026-09-02,2026-09-04T15:50:40Z,Coinbase,2,,,engine/technical/README.md,
ETH,crypto,tecnico,sma200,1749.71635,,EUR,2026-09-03,2026-09-03T12:15:39Z,Kraken,2,100,,engine/technical/README.md,
ETH,crypto,tecnico,sma200,1754.62225,,EUR,2026-09-04,2026-09-04T10:11:47Z,Kraken,2,100,,engine/technical/README.md,
ETH,crypto,tecnico,sma50,2580.1022,,EUR,2026-01-01,2026-09-04T15:50:40Z,Coinbase,2,,,engine/technical/README.md,
ETH,crypto,tecnico,sma50,2577.8716,,EUR,2026-01-02,2026-09-04T15:50:40Z,Coinbase,2,,,engine/technical/README.md,
ETH,crypto,tecnico,sma50,2577.725,,EUR,2026-01-03,2026-09-04T15:50:40Z,Coinbase,2,,,engine/technical/README.md,
ETH,crypto,tecnico,sma50,2576.9234,,EUR,2026-01-04,2026-09-04T15:50:40Z,Coinbase,2,,,engine/technical/README.md,
ETH,crypto,tecnico,sma50,2578.8008,,EUR,2026-01-05,2026-09-04T15:50:40Z,Coinbase,2,,,engine/technical/README.md,
ETH,crypto,tecnico,sma50,2583.0026,,EUR,2026-01-06,2026-09-04T15:50:40Z,Coinbase,2,,,engine/technical/README.md,
ETH,crypto,tecnico,sma50,2583.3234,,EUR,2026-01-07,2026-09-04T15:50:40Z,Coinbase,2,,,engine/technical/README.md,
ETH,crypto,tecnico,sma50,2584.1942,,EUR,2026-01-08,2026-09-04T15:50:40Z,Coinbase,2,,,engine/technical/README.md,
ETH,crypto,tecnico,sma50,2588.1414,,EUR,2026-01-09,2026-09-04T15:50:40Z,Coinbase,2,,,engine/technical/README.md,
ETH,crypto,tecnico,sma50,2593.1422,,EUR,2026-01-10,2026-09-04T15:50:40Z,Coinbase,2,,,engine/technical/README.md,
ETH,crypto,tecnico,sma50,2598.69,,EUR,2026-01-11,2026-09-04T15:50:40Z,Coinbase,2,,,engine/technical/README.md,
ETH,crypto,tecnico,sma50,2603.0018,,EUR,2026-01-12,2026-09-04T15:50:40Z,Coinbase,2,,,engine/technical/README.md,
ETH,crypto,tecnico,sma50,2608.8116,,EUR,2026-01-13,2026-09-04T15:50:40Z,Coinbase,2,,,engine/technical/README.md,
ETH,crypto,tecnico,sma50,2615.2692,,EUR,2026-01-14,2026-09-04T15:50:40Z,Coinbase,2,,,engine/technical/README.md,
ETH,crypto,tecnico,sma50,2620.2668,,EUR,2026-01-15,2026-09-04T15:50:40Z,Coinbase,2,,,engine/technical/README.md,
ETH,crypto,tecnico,sma50,2625.0746,,EUR,2026-01-16,2026-09-04T15:50:40Z,Coinbase,2,,,engine/technical/README.md,
ETH,crypto,tecnico,sma50,2629.893,,EUR,2026-01-17,2026-09-04T15:50:40Z,Coinbase,2,,,engine/technical/README.md,
ETH,crypto,tecnico,sma50,2634.7782,,EUR,2026-01-18,2026-09-04T15:50:40Z,Coinbase,2,,,engine/technical/README.md,
ETH,crypto,tecnico,sma50,2637.9722,,EUR,2026-01-19,2026-09-04T15:50:40Z,Coinbase,2,,,engine/technical/README.md,
ETH,crypto,tecnico,sma50,2639.7824,,EUR,2026-01-20,2026-09-04T15:50:40Z,Coinbase,2,,,engine/technical/README.md,
ETH,crypto,tecnico,sma50,2639.3046,,EUR,2026-01-21,2026-09-04T15:50:40Z,Coinbase,2,,,engine/technical/README.md,
ETH,crypto,tecnico,sma50,2634.8092,,EUR,2026-01-22,2026-09-04T15:50:40Z,Coinbase,2,,,engine/technical/README.md,
ETH,crypto,tecnico,sma50,2630.936,,EUR,2026-01-23,2026-09-04T15:50:40Z,Coinbase,2,,,engine/technical/README.md,
ETH,crypto,tecnico,sma50,2628.8564,,EUR,2026-01-24,2026-09-04T15:50:40Z,Coinbase,2,,,engine/technical/README.md,
ETH,crypto,tecnico,sma50,2624.0656,,EUR,2026-01-25,2026-09-04T15:50:40Z,Coinbase,2,,,engine/technical/README.md,
ETH,crypto,tecnico,sma50,2620.7398,,EUR,2026-01-26,2026-09-04T15:50:40Z,Coinbase,2,,,engine/technical/README.md,
ETH,crypto,tecnico,sma50,2617.3384,,EUR,2026-01-27,2026-09-04T15:50:40Z,Coinbase,2,,,engine/technical/README.md,
ETH,crypto,tecnico,sma50,2610.4864,,EUR,2026-01-28,2026-09-04T15:50:40Z,Coinbase,2,,,engine/technical/README.md,
ETH,crypto,tecnico,sma50,2600.8296,,EUR,2026-01-29,2026-09-04T15:50:40Z,Coinbase,2,,,engine/technical/README.md,
ETH,crypto,tecnico,sma50,2591.3104,,EUR,2026-01-30,2026-09-04T15:50:40Z,Coinbase,2,,,engine/technical/README.md,
ETH,crypto,tecnico,sma50,2580.158,,EUR,2026-01-31,2026-09-04T15:50:40Z,Coinbase,2,,,engine/technical/README.md,
ETH,crypto,tecnico,sma50,2565.3564,,EUR,2026-02-01,2026-09-04T15:50:40Z,Coinbase,2,,,engine/technical/README.md,
ETH,crypto,tecnico,sma50,2552.9168,,EUR,2026-02-02,2026-09-04T15:50:40Z,Coinbase,2,,,engine/technical/README.md,
ETH,crypto,tecnico,sma50,2540.2366,,EUR,2026-02-03,2026-09-04T15:50:40Z,Coinbase,2,,,engine/technical/README.md,
ETH,crypto,tecnico,sma50,2526.1328,,EUR,2026-02-04,2026-09-04T15:50:40Z,Coinbase,2,,,engine/technical/README.md,
ETH,crypto,tecnico,sma50,2508.886,,EUR,2026-02-05,2026-09-04T15:50:40Z,Coinbase,2,,,engine/technical/README.md,
ETH,crypto,tecnico,sma50,2495.659,,EUR,2026-02-06,2026-09-04T15:50:40Z,Coinbase,2,,,engine/technical/README.md,
ETH,crypto,tecnico,sma50,2480.2768,,EUR,2026-02-07,2026-09-04T15:50:40Z,Coinbase,2,,,engine/technical/README.md,
ETH,crypto,tecnico,sma50,2464.8088,,EUR,2026-02-08,2026-09-04T15:50:40Z,Coinbase,2,,,engine/technical/README.md,
ETH,crypto,tecnico,sma50,2448.9276,,EUR,2026-02-09,2026-09-04T15:50:40Z,Coinbase,2,,,engine/technical/README.md,
ETH,crypto,tecnico,sma50,2431.8148,,EUR,2026-02-10,2026-09-04T15:50:40Z,Coinbase,2,,,engine/technical/README.md,
ETH,crypto,tecnico,sma50,2414.2584,,EUR,2026-02-11,2026-09-04T15:50:40Z,Coinbase,2,,,engine/technical/README.md,
ETH,crypto,tecnico,sma50,2397.0166,,EUR,2026-02-12,2026-09-04T15:50:40Z,Coinbase,2,,,engine/technical/README.md,
ETH,crypto,tecnico,sma50,2382.2872,,EUR,2026-02-13,2026-09-04T15:50:40Z,Coinbase,2,,,engine/technical/README.md,
ETH,crypto,tecnico,sma50,2367.7784,,EUR,2026-02-14,2026-09-04T15:50:40Z,Coinbase,2,,,engine/technical/README.md,
ETH,crypto,tecnico,sma50,2350.887,,EUR,2026-02-15,2026-09-04T15:50:40Z,Coinbase,2,,,engine/technical/README.md,
ETH,crypto,tecnico,sma50,2334.513,,EUR,2026-02-16,2026-09-04T15:50:40Z,Coinbase,2,,,engine/technical/README.md,
ETH,crypto,tecnico,sma50,2318.2702,,EUR,2026-02-17,2026-09-04T15:50:40Z,Coinbase,2,,,engine/technical/README.md,
ETH,crypto,tecnico,sma50,2300.8898,,EUR,2026-02-18,2026-09-04T15:50:40Z,Coinbase,2,,,engine/technical/README.md,
ETH,crypto,tecnico,sma50,2283.53,,EUR,2026-02-19,2026-09-04T15:50:40Z,Coinbase,2,,,engine/technical/README.md,
ETH,crypto,tecnico,sma50,2265.8626,,EUR,2026-02-20,2026-09-04T15:50:40Z,Coinbase,2,,,engine/technical/README.md,
ETH,crypto,tecnico,sma50,2246.012,,EUR,2026-02-21,2026-09-04T15:50:40Z,Coinbase,2,,,engine/technical/README.md,
ETH,crypto,tecnico,sma50,2225.7134,,EUR,2026-02-22,2026-09-04T15:50:40Z,Coinbase,2,,,engine/technical/README.md,
ETH,crypto,tecnico,sma50,2203.4676,,EUR,2026-02-23,2026-09-04T15:50:40Z,Coinbase,2,,,engine/technical/README.md,
ETH,crypto,tecnico,sma50,2179.8514,,EUR,2026-02-24,2026-09-04T15:50:40Z,Coinbase,2,,,engine/technical/README.md,
ETH,crypto,tecnico,sma50,2158.299,,EUR,2026-02-25,2026-09-04T15:50:40Z,Coinbase,2,,,engine/technical/README.md,
ETH,crypto,tecnico,sma50,2138.4396,,EUR,2026-02-26,2026-09-04T15:50:40Z,Coinbase,2,,,engine/technical/README.md,
ETH,crypto,tecnico,sma50,2117.8672,,EUR,2026-02-27,2026-09-04T15:50:40Z,Coinbase,2,,,engine/technical/README.md,
ETH,crypto,tecnico,sma50,2098.1712,,EUR,2026-02-28,2026-09-04T15:50:40Z,Coinbase,2,,,engine/technical/README.md,
ETH,crypto,tecnico,sma50,2078.1376,,EUR,2026-03-01,2026-09-04T15:50:40Z,Coinbase,2,,,engine/technical/README.md,
ETH,crypto,tecnico,sma50,2059.1378,,EUR,2026-03-02,2026-09-04T15:50:40Z,Coinbase,2,,,engine/technical/README.md,
ETH,crypto,tecnico,sma50,2040.275,,EUR,2026-03-03,2026-09-04T15:50:40Z,Coinbase,2,,,engine/technical/README.md,
ETH,crypto,tecnico,sma50,2019.8092,,EUR,2026-03-04,2026-09-04T15:50:40Z,Coinbase,2,,,engine/technical/README.md,
ETH,crypto,tecnico,sma50,1997.9116,,EUR,2026-03-05,2026-09-04T15:50:40Z,Coinbase,2,,,engine/technical/README.md,
ETH,crypto,tecnico,sma50,1974.8422,,EUR,2026-03-06,2026-09-04T15:50:40Z,Coinbase,2,,,engine/technical/README.md,
ETH,crypto,tecnico,sma50,1952.0056,,EUR,2026-03-07,2026-09-04T15:50:40Z,Coinbase,2,,,engine/technical/README.md,
ETH,crypto,tecnico,sma50,1928.5076,,EUR,2026-03-08,2026-09-04T15:50:40Z,Coinbase,2,,,engine/technical/README.md,
ETH,crypto,tecnico,sma50,1906.325,,EUR,2026-03-09,2026-09-04T15:50:40Z,Coinbase,2,,,engine/technical/README.md,
ETH,crypto,tecnico,sma50,1886.6338,,EUR,2026-03-10,2026-09-04T15:50:40Z,Coinbase,2,,,engine/technical/README.md,
ETH,crypto,tecnico,sma50,1872.1244,,EUR,2026-03-11,2026-09-04T15:50:40Z,Coinbase,2,,,engine/technical/README.md,
ETH,crypto,tecnico,sma50,1857.0526,,EUR,2026-03-12,2026-09-04T15:50:40Z,Coinbase,2,,,engine/technical/README.md,
ETH,crypto,tecnico,sma50,1843.5066,,EUR,2026-03-13,2026-09-04T15:50:40Z,Coinbase,2,,,engine/technical/README.md,
ETH,crypto,tecnico,sma50,1830.3216,,EUR,2026-03-14,2026-09-04T15:50:40Z,Coinbase,2,,,engine/technical/README.md,
ETH,crypto,tecnico,sma50,1818.5784,,EUR,2026-03-15,2026-09-04T15:50:40Z,Coinbase,2,,,engine/technical/README.md,
ETH,crypto,tecnico,sma50,1812.0346,,EUR,2026-03-16,2026-09-04T15:50:40Z,Coinbase,2,,,engine/technical/README.md,
ETH,crypto,tecnico,sma50,1802.9474,,EUR,2026-03-17,2026-09-04T15:50:40Z,Coinbase,2,,,engine/technical/README.md,
ETH,crypto,tecnico,sma50,1791.1178,,EUR,2026-03-18,2026-09-04T15:50:40Z,Coinbase,2,,,engine/technical/README.md,
ETH,crypto,tecnico,sma50,1777.8508,,EUR,2026-03-19,2026-09-04T15:50:40Z,Coinbase,2,,,engine/technical/README.md,
ETH,crypto,tecnico,sma50,1767.8006,,EUR,2026-03-20,2026-09-04T15:50:40Z,Coinbase,2,,,engine/technical/README.md,
ETH,crypto,tecnico,sma50,1758.182,,EUR,2026-03-21,2026-09-04T15:50:40Z,Coinbase,2,,,engine/technical/README.md,
ETH,crypto,tecnico,sma50,1752.2558,,EUR,2026-03-22,2026-09-04T15:50:40Z,Coinbase,2,,,engine/technical/README.md,
ETH,crypto,tecnico,sma50,1751.056,,EUR,2026-03-23,2026-09-04T15:50:40Z,Coinbase,2,,,engine/technical/README.md,
ETH,crypto,tecnico,sma50,1748.4204,,EUR,2026-03-24,2026-09-04T15:50:40Z,Coinbase,2,,,engine/technical/README.md,
ETH,crypto,tecnico,sma50,1748.1504,,EUR,2026-03-25,2026-09-04T15:50:40Z,Coinbase,2,,,engine/technical/README.md,
ETH,crypto,tecnico,sma50,1747.5418,,EUR,2026-03-26,2026-09-04T15:50:40Z,Coinbase,2,,,engine/technical/README.md,
ETH,crypto,tecnico,sma50,1751.1798,,EUR,2026-03-27,2026-09-04T15:50:40Z,Coinbase,2,,,engine/technical/README.md,
ETH,crypto,tecnico,sma50,1750.8744,,EUR,2026-03-28,2026-09-04T15:50:40Z,Coinbase,2,,,engine/technical/README.md,
ETH,crypto,tecnico,sma50,1749.966,,EUR,2026-03-29,2026-09-04T15:50:40Z,Coinbase,2,,,engine/technical/README.md,
ETH,crypto,tecnico,sma50,1749.9362,,EUR,2026-03-30,2026-09-04T15:50:40Z,Coinbase,2,,,engine/technical/README.md,
ETH,crypto,tecnico,sma50,1750.9032,,EUR,2026-03-31,2026-09-04T15:50:40Z,Coinbase,2,,,engine/technical/README.md,
ETH,crypto,tecnico,sma50,1753.8192,,EUR,2026-04-01,2026-09-04T15:50:40Z,Coinbase,2,,,engine/technical/README.md,
ETH,crypto,tecnico,sma50,1756.788,,EUR,2026-04-02,2026-09-04T15:50:40Z,Coinbase,2,,,engine/technical/README.md,
ETH,crypto,tecnico,sma50,1759.6564,,EUR,2026-04-03,2026-09-04T15:50:40Z,Coinbase,2,,,engine/technical/README.md,
ETH,crypto,tecnico,sma50,1761.0106,,EUR,2026-04-04,2026-09-04T15:50:40Z,Coinbase,2,,,engine/technical/README.md,
ETH,crypto,tecnico,sma50,1762.4342,,EUR,2026-04-05,2026-09-04T15:50:40Z,Coinbase,2,,,engine/technical/README.md,
ETH,crypto,tecnico,sma50,1765.7864,,EUR,2026-04-06,2026-09-04T15:50:40Z,Coinbase,2,,,engine/technical/README.md,
ETH,crypto,tecnico,sma50,1770.3906,,EUR,2026-04-07,2026-09-04T15:50:40Z,Coinbase,2,,,engine/technical/README.md,
ETH,crypto,tecnico,sma50,1774.3664,,EUR,2026-04-08,2026-09-04T15:50:40Z,Coinbase,2,,,engine/technical/README.md,
ETH,crypto,tecnico,sma50,1778.648,,EUR,2026-04-09,2026-09-04T15:50:40Z,Coinbase,2,,,engine/technical/README.md,
ETH,crypto,tecnico,sma50,1783.847,,EUR,2026-04-10,2026-09-04T15:50:40Z,Coinbase,2,,,engine/technical/README.md,
ETH,crypto,tecnico,sma50,1789.4358,,EUR,2026-04-11,2026-09-04T15:50:40Z,Coinbase,2,,,engine/technical/README.md,
ETH,crypto,tecnico,sma50,1793.4926,,EUR,2026-04-12,2026-09-04T15:50:40Z,Coinbase,2,,,engine/technical/README.md,
ETH,crypto,tecnico,sma50,1800.6758,,EUR,2026-04-13,2026-09-04T15:50:40Z,Coinbase,2,,,engine/technical/README.md,
ETH,crypto,tecnico,sma50,1808.5874,,EUR,2026-04-14,2026-09-04T15:50:40Z,Coinbase,2,,,engine/technical/README.md,
ETH,crypto,tecnico,sma50,1817.1106,,EUR,2026-04-15,2026-09-04T15:50:40Z,Coinbase,2,,,engine/technical/README.md,
ETH,crypto,tecnico,sma50,1822.1384,,EUR,2026-04-16,2026-09-04T15:50:40Z,Coinbase,2,,,engine/technical/README.md,
ETH,crypto,tecnico,sma50,1828.9212,,EUR,2026-04-17,2026-09-04T15:50:40Z,Coinbase,2,,,engine/technical/README.md,
ETH,crypto,tecnico,sma50,1836.222,,EUR,2026-04-18,2026-09-04T15:50:40Z,Coinbase,2,,,engine/technical/README.md,
ETH,crypto,tecnico,sma50,1841.4754,,EUR,2026-04-19,2026-09-04T15:50:40Z,Coinbase,2,,,engine/technical/README.md,
ETH,crypto,tecnico,sma50,1847.7578,,EUR,2026-04-20,2026-09-04T15:50:40Z,Coinbase,2,,,engine/technical/README.md,
ETH,crypto,tecnico,sma50,1852.7376,,EUR,2026-04-21,2026-09-04T15:50:40Z,Coinbase,2,,,engine/technical/README.md,
ETH,crypto,tecnico,sma50,1859.1714,,EUR,2026-04-22,2026-09-04T15:50:40Z,Coinbase,2,,,engine/technical/README.md,
ETH,crypto,tecnico,sma50,1862.482,,EUR,2026-04-23,2026-09-04T15:50:40Z,Coinbase,2,,,engine/technical/README.md,
ETH,crypto,tecnico,sma50,1866.2656,,EUR,2026-04-24,2026-09-04T15:50:40Z,Coinbase,2,,,engine/technical/README.md,
ETH,crypto,tecnico,sma50,1871.792,,EUR,2026-04-25,2026-09-04T15:50:40Z,Coinbase,2,,,engine/technical/README.md,
ETH,crypto,tecnico,sma50,1878.3214,,EUR,2026-04-26,2026-09-04T15:50:40Z,Coinbase,2,,,engine/technical/README.md,
ETH,crypto,tecnico,sma50,1883.9826,,EUR,2026-04-27,2026-09-04T15:50:40Z,Coinbase,2,,,engine/technical/README.md,
ETH,crypto,tecnico,sma50,1888.7436,,EUR,2026-04-28,2026-09-04T15:50:40Z,Coinbase,2,,,engine/technical/README.md,
ETH,crypto,tecnico,sma50,1892.2124,,EUR,2026-04-29,2026-09-04T15:50:40Z,Coinbase,2,,,engine/technical/README.md,
ETH,crypto,tecnico,sma50,1895.1484,,EUR,2026-04-30,2026-09-04T15:50:40Z,Coinbase,2,,,engine/technical/README.md,
ETH,crypto,tecnico,sma50,1898.3282,,EUR,2026-05-01,2026-09-04T15:50:40Z,Coinbase,2,,,engine/technical/README.md,
ETH,crypto,tecnico,sma50,1901.2026,,EUR,2026-05-02,2026-09-04T15:50:40Z,Coinbase,2,,,engine/technical/README.md,
ETH,crypto,tecnico,sma50,1903.9878,,EUR,2026-05-03,2026-09-04T15:50:40Z,Coinbase,2,,,engine/technical/README.md,
ETH,crypto,tecnico,sma50,1905.9858,,EUR,2026-05-04,2026-09-04T15:50:40Z,Coinbase,2,,,engine/technical/README.md,
ETH,crypto,tecnico,sma50,1905.3524,,EUR,2026-05-05,2026-09-04T15:50:40Z,Coinbase,2,,,engine/technical/README.md,
ETH,crypto,tecnico,sma50,1905.188,,EUR,2026-05-06,2026-09-04T15:50:40Z,Coinbase,2,,,engine/technical/README.md,
ETH,crypto,tecnico,sma50,1905.7942,,EUR,2026-05-07,2026-09-04T15:50:40Z,Coinbase,2,,,engine/technical/README.md,
ETH,crypto,tecnico,sma50,1908.0048,,EUR,2026-05-08,2026-09-04T15:50:40Z,Coinbase,2,,,engine/technical/README.md,
ETH,crypto,tecnico,sma50,1910.4162,,EUR,2026-05-09,2026-09-04T15:50:40Z,Coinbase,2,,,engine/technical/README.md,
ETH,crypto,tecnico,sma50,1914.6728,,EUR,2026-05-10,2026-09-04T15:50:40Z,Coinbase,2,,,engine/technical/README.md,
ETH,crypto,tecnico,sma50,1918.8588,,EUR,2026-05-11,2026-09-04T15:50:40Z,Coinbase,2,,,engine/technical/README.md,
ETH,crypto,tecnico,sma50,1920.5272,,EUR,2026-05-12,2026-09-04T15:50:40Z,Coinbase,2,,,engine/technical/README.md,
ETH,crypto,tecnico,sma50,1921.9342,,EUR,2026-05-13,2026-09-04T15:50:40Z,Coinbase,2,,,engine/technical/README.md,
ETH,crypto,tecnico,sma50,1923.5694,,EUR,2026-05-14,2026-09-04T15:50:40Z,Coinbase,2,,,engine/technical/README.md,
ETH,crypto,tecnico,sma50,1926.1244,,EUR,2026-05-15,2026-09-04T15:50:40Z,Coinbase,2,,,engine/technical/README.md,
ETH,crypto,tecnico,sma50,1929.0332,,EUR,2026-05-16,2026-09-04T15:50:40Z,Coinbase,2,,,engine/technical/README.md,
ETH,crypto,tecnico,sma50,1931.0312,,EUR,2026-05-17,2026-09-04T15:50:40Z,Coinbase,2,,,engine/technical/README.md,
ETH,crypto,tecnico,sma50,1932.9884,,EUR,2026-05-18,2026-09-04T15:50:40Z,Coinbase,2,,,engine/technical/README.md,
ETH,crypto,tecnico,sma50,1933.9882,,EUR,2026-05-19,2026-09-04T15:50:40Z,Coinbase,2,,,engine/technical/README.md,
ETH,crypto,tecnico,sma50,1934.2534,,EUR,2026-05-20,2026-09-04T15:50:40Z,Coinbase,2,,,engine/technical/README.md,
ETH,crypto,tecnico,sma50,1934.0218,,EUR,2026-05-21,2026-09-04T15:50:40Z,Coinbase,2,,,engine/technical/README.md,
ETH,crypto,tecnico,sma50,1933.9584,,EUR,2026-05-22,2026-09-04T15:50:40Z,Coinbase,2,,,engine/technical/README.md,
ETH,crypto,tecnico,sma50,1934.766,,EUR,2026-05-23,2026-09-04T15:50:40Z,Coinbase,2,,,engine/technical/README.md,
ETH,crypto,tecnico,sma50,1934.9326,,EUR,2026-05-24,2026-09-04T15:50:40Z,Coinbase,2,,,engine/technical/README.md,
ETH,crypto,tecnico,sma50,1934.6012,,EUR,2026-05-25,2026-09-04T15:50:40Z,Coinbase,2,,,engine/technical/README.md,
ETH,crypto,tecnico,sma50,1933.7036,,EUR,2026-05-26,2026-09-04T15:50:40Z,Coinbase,2,,,engine/technical/README.md,
ETH,crypto,tecnico,sma50,1930.1744,,EUR,2026-05-27,2026-09-04T15:50:40Z,Coinbase,2,,,engine/technical/README.md,
ETH,crypto,tecnico,sma50,1927.0392,,EUR,2026-05-28,2026-09-04T15:50:40Z,Coinbase,2,,,engine/technical/README.md,
ETH,crypto,tecnico,sma50,1924.0978,,EUR,2026-05-29,2026-09-04T15:50:40Z,Coinbase,2,,,engine/technical/README.md,
ETH,crypto,tecnico,sma50,1920.428,,EUR,2026-05-30,2026-09-04T15:50:40Z,Coinbase,2,,,engine/technical/README.md,
ETH,crypto,tecnico,sma50,1915.833,,EUR,2026-05-31,2026-09-04T15:50:40Z,Coinbase,2,,,engine/technical/README.md,
ETH,crypto,tecnico,sma50,1912.7298,,EUR,2026-06-01,2026-09-04T15:50:40Z,Coinbase,2,,,engine/technical/README.md,
ETH,crypto,tecnico,sma50,1904.4264,,EUR,2026-06-02,2026-09-04T15:50:40Z,Coinbase,2,,,engine/technical/README.md,
ETH,crypto,tecnico,sma50,1896.241,,EUR,2026-06-03,2026-09-04T15:50:40Z,Coinbase,2,,,engine/technical/README.md,
ETH,crypto,tecnico,sma50,1886.722,,EUR,2026-06-04,2026-09-04T15:50:40Z,Coinbase,2,,,engine/technical/README.md,
ETH,crypto,tecnico,sma50,1874.3704,,EUR,2026-06-05,2026-09-04T15:50:40Z,Coinbase,2,,,engine/technical/README.md,
ETH,crypto,tecnico,sma50,1860.5052,,EUR,2026-06-06,2026-09-04T15:50:40Z,Coinbase,2,,,engine/technical/README.md,
ETH,crypto,tecnico,sma50,1849.8582,,EUR,2026-06-07,2026-09-04T15:50:40Z,Coinbase,2,,,engine/technical/README.md,
ETH,crypto,tecnico,sma50,1840.5874,,EUR,2026-06-08,2026-09-04T15:50:40Z,Coinbase,2,,,engine/technical/README.md,
ETH,crypto,tecnico,sma50,1829.7296,,EUR,2026-06-09,2026-09-04T15:50:40Z,Coinbase,2,,,engine/technical/README.md,
ETH,crypto,tecnico,sma50,1818.1764,,EUR,2026-06-10,2026-09-04T15:50:40Z,Coinbase,2,,,engine/technical/README.md,
ETH,crypto,tecnico,sma50,1806.4918,,EUR,2026-06-11,2026-09-04T15:50:40Z,Coinbase,2,,,engine/technical/README.md,
ETH,crypto,tecnico,sma50,1795.3814,,EUR,2026-06-12,2026-09-04T15:50:40Z,Coinbase,2,,,engine/technical/README.md,
ETH,crypto,tecnico,sma50,1784.9406,,EUR,2026-06-13,2026-09-04T15:50:40Z,Coinbase,2,,,engine/technical/README.md,
ETH,crypto,tecnico,sma50,1775.063,,EUR,2026-06-14,2026-09-04T15:50:40Z,Coinbase,2,,,engine/technical/README.md,
ETH,crypto,tecnico,sma50,1765.535,,EUR,2026-06-15,2026-09-04T15:50:40Z,Coinbase,2,,,engine/technical/README.md,
ETH,crypto,tecnico,sma50,1757.1198,,EUR,2026-06-16,2026-09-04T15:50:40Z,Coinbase,2,,,engine/technical/README.md,
ETH,crypto,tecnico,sma50,1748.445,,EUR,2026-06-17,2026-09-04T15:50:40Z,Coinbase,2,,,engine/technical/README.md,
ETH,crypto,tecnico,sma50,1739.7064,,EUR,2026-06-18,2026-09-04T15:50:40Z,Coinbase,2,,,engine/technical/README.md,
ETH,crypto,tecnico,sma50,1731.0054,,EUR,2026-06-19,2026-09-04T15:50:40Z,Coinbase,2,,,engine/technical/README.md,
ETH,crypto,tecnico,sma50,1722.1664,,EUR,2026-06-20,2026-09-04T15:50:40Z,Coinbase,2,,,engine/technical/README.md,
ETH,crypto,tecnico,sma50,1712.4698,,EUR,2026-06-21,2026-09-04T15:50:40Z,Coinbase,2,,,engine/technical/README.md,
ETH,crypto,tecnico,sma50,1703.1144,,EUR,2026-06-22,2026-09-04T15:50:40Z,Coinbase,2,,,engine/technical/README.md,
ETH,crypto,tecnico,sma50,1692.219,,EUR,2026-06-23,2026-09-04T15:50:40Z,Coinbase,2,,,engine/technical/README.md,
ETH,crypto,tecnico,sma50,1680.4578,,EUR,2026-06-24,2026-09-04T15:50:40Z,Coinbase,2,,,engine/technical/README.md,
ETH,crypto,tecnico,sma50,1667.9888,,EUR,2026-06-25,2026-09-04T15:50:40Z,Coinbase,2,,,engine/technical/README.md,
ETH,crypto,tecnico,sma50,1656.6458,,EUR,2026-06-26,2026-09-04T15:50:40Z,Coinbase,2,,,engine/technical/README.md,
ETH,crypto,tecnico,sma50,1645.0976,,EUR,2026-06-27,2026-09-04T15:50:40Z,Coinbase,2,,,engine/technical/README.md,
ETH,crypto,tecnico,sma50,1633.1508,,EUR,2026-06-28,2026-09-04T15:50:40Z,Coinbase,2,,,engine/technical/README.md,
ETH,crypto,tecnico,sma50,1621.0816,,EUR,2026-06-29,2026-09-04T15:50:40Z,Coinbase,2,,,engine/technical/README.md,
ETH,crypto,tecnico,sma50,1608.8774,,EUR,2026-06-30,2026-09-04T15:50:40Z,Coinbase,2,,,engine/technical/README.md,
ETH,crypto,tecnico,sma50,1598.3686,,EUR,2026-07-01,2026-09-04T15:50:40Z,Coinbase,2,,,engine/technical/README.md,
ETH,crypto,tecnico,sma50,1589.5614,,EUR,2026-07-02,2026-09-04T15:50:40Z,Coinbase,2,,,engine/technical/README.md,
ETH,crypto,tecnico,sma50,1581.1492,,EUR,2026-07-03,2026-09-04T15:50:40Z,Coinbase,2,,,engine/technical/README.md,
ETH,crypto,tecnico,sma50,1574.0194,,EUR,2026-07-04,2026-09-04T15:50:40Z,Coinbase,2,,,engine/technical/README.md,
ETH,crypto,tecnico,sma50,1567.685,,EUR,2026-07-05,2026-09-04T15:50:40Z,Coinbase,2,,,engine/technical/README.md,
ETH,crypto,tecnico,sma50,1562.4296,,EUR,2026-07-06,2026-09-04T15:50:40Z,Coinbase,2,,,engine/technical/README.md,
ETH,crypto,tecnico,sma50,1556.9562,,EUR,2026-07-07,2026-09-04T15:50:40Z,Coinbase,2,,,engine/technical/README.md,
ETH,crypto,tecnico,sma50,1551.1204,,EUR,2026-07-08,2026-09-04T15:50:40Z,Coinbase,2,,,engine/technical/README.md,
ETH,crypto,tecnico,sma50,1545.035,,EUR,2026-07-09,2026-09-04T15:50:40Z,Coinbase,2,,,engine/technical/README.md,
ETH,crypto,tecnico,sma50,1539.8022,,EUR,2026-07-10,2026-09-04T15:50:40Z,Coinbase,2,,,engine/technical/README.md,
ETH,crypto,tecnico,sma50,1535.5302,,EUR,2026-07-11,2026-09-04T15:50:40Z,Coinbase,2,,,engine/technical/README.md,
ETH,crypto,tecnico,sma50,1530.704,,EUR,2026-07-12,2026-09-04T15:50:40Z,Coinbase,2,,,engine/technical/README.md,
ETH,crypto,tecnico,sma50,1525.8492,,EUR,2026-07-13,2026-09-04T15:50:40Z,Coinbase,2,,,engine/technical/README.md,
ETH,crypto,tecnico,sma50,1522.6476,,EUR,2026-07-14,2026-09-04T15:50:40Z,Coinbase,2,,,engine/technical/README.md,
ETH,crypto,tecnico,sma50,1520.4868,,EUR,2026-07-15,2026-09-04T15:50:40Z,Coinbase,2,,,engine/technical/README.md,
ETH,crypto,tecnico,sma50,1518.2524,,EUR,2026-07-16,2026-09-04T15:50:40Z,Coinbase,2,,,engine/technical/README.md,
ETH,crypto,tecnico,sma50,1516.0036,,EUR,2026-07-17,2026-09-04T15:50:40Z,Coinbase,2,,,engine/technical/README.md,
ETH,crypto,tecnico,sma50,1514.0366,,EUR,2026-07-18,2026-09-04T15:50:40Z,Coinbase,2,,,engine/technical/README.md,
ETH,crypto,tecnico,sma50,1512.1164,,EUR,2026-07-19,2026-09-04T15:50:40Z,Coinbase,2,,,engine/technical/README.md,
ETH,crypto,tecnico,sma50,1511.0594,,EUR,2026-07-20,2026-09-04T15:50:40Z,Coinbase,2,,,engine/technical/README.md,
ETH,crypto,tecnico,sma50,1510.4432,,EUR,2026-07-21,2026-09-04T15:50:40Z,Coinbase,2,,,engine/technical/README.md,
ETH,crypto,tecnico,sma50,1512.3596,,EUR,2026-07-22,2026-09-04T15:50:40Z,Coinbase,2,,,engine/technical/README.md,
ETH,crypto,tecnico,sma50,1514.1592,,EUR,2026-07-23,2026-09-04T15:50:40Z,Coinbase,2,,,engine/technical/README.md,
ETH,crypto,tecnico,sma50,1516.4,,EUR,2026-07-24,2026-09-04T15:50:40Z,Coinbase,2,,,engine/technical/README.md,
ETH,crypto,tecnico,sma50,1521.8488,,EUR,2026-07-25,2026-09-04T15:50:40Z,Coinbase,2,,,engine/technical/README.md,
ETH,crypto,tecnico,sma50,1528.8508,,EUR,2026-07-26,2026-09-04T15:50:40Z,Coinbase,2,,,engine/technical/README.md,
ETH,crypto,tecnico,sma50,1532.777,,EUR,2026-07-27,2026-09-04T15:50:40Z,Coinbase,2,,,engine/technical/README.md,
ETH,crypto,tecnico,sma50,1537.1748,,EUR,2026-07-28,2026-09-04T15:50:40Z,Coinbase,2,,,engine/technical/README.md,
ETH,crypto,tecnico,sma50,1542.0258,,EUR,2026-07-29,2026-09-04T15:50:40Z,Coinbase,2,,,engine/technical/README.md,
ETH,crypto,tecnico,sma50,1547.1898,,EUR,2026-07-30,2026-09-04T15:50:40Z,Coinbase,2,,,engine/technical/README.md,
ETH,crypto,tecnico,sma50,1550.5872,,EUR,2026-07-31,2026-09-04T15:50:40Z,Coinbase,2,,,engine/technical/README.md,
ETH,crypto,tecnico,sma50,1553.7888,,EUR,2026-08-01,2026-09-04T15:50:40Z,Coinbase,2,,,engine/technical/README.md,
ETH,crypto,tecnico,sma50,1557.347,,EUR,2026-08-02,2026-09-04T15:50:40Z,Coinbase,2,,,engine/technical/README.md,
ETH,crypto,tecnico,sma50,1559.8928,,EUR,2026-08-03,2026-09-04T15:50:40Z,Coinbase,2,,,engine/technical/README.md,
ETH,crypto,tecnico,sma50,1561.3266,,EUR,2026-08-04,2026-09-04T15:50:40Z,Coinbase,2,,,engine/technical/README.md,
ETH,crypto,tecnico,sma50,1563.4662,,EUR,2026-08-05,2026-09-04T15:50:40Z,Coinbase,2,,,engine/technical/README.md,
ETH,crypto,tecnico,sma50,1566.0782,,EUR,2026-08-06,2026-09-04T15:50:40Z,Coinbase,2,,,engine/technical/README.md,
ETH,crypto,tecnico,sma50,1569.3616,,EUR,2026-08-07,2026-09-04T15:50:40Z,Coinbase,2,,,engine/technical/README.md,
ETH,crypto,tecnico,sma50,1572.7336,,EUR,2026-08-08,2026-09-04T15:50:40Z,Coinbase,2,,,engine/technical/README.md,
ETH,crypto,tecnico,sma50,1575.4492,,EUR,2026-08-09,2026-09-04T15:50:40Z,Coinbase,2,,,engine/technical/README.md,
ETH,crypto,tecnico,sma50,1578.0412,,EUR,2026-08-10,2026-09-04T15:50:40Z,Coinbase,2,,,engine/technical/README.md,
ETH,crypto,tecnico,sma50,1580.4206,,EUR,2026-08-11,2026-09-04T15:50:40Z,Coinbase,2,,,engine/technical/README.md,
ETH,crypto,tecnico,sma50,1583.7456,,EUR,2026-08-12,2026-09-04T15:50:40Z,Coinbase,2,,,engine/technical/README.md,
ETH,crypto,tecnico,sma50,1587.9034,,EUR,2026-08-13,2026-09-04T15:50:40Z,Coinbase,2,,,engine/technical/README.md,
ETH,crypto,tecnico,sma50,1592.8596,,EUR,2026-08-14,2026-09-04T15:50:40Z,Coinbase,2,,,engine/technical/README.md,
ETH,crypto,tecnico,sma50,1597.6806,,EUR,2026-08-15,2026-09-04T15:50:40Z,Coinbase,2,,,engine/technical/README.md,
ETH,crypto,tecnico,sma50,1602.462,,EUR,2026-08-16,2026-09-04T15:50:40Z,Coinbase,2,,,engine/technical/README.md,
ETH,crypto,tecnico,sma50,1607.8958,,EUR,2026-08-17,2026-09-04T15:50:40Z,Coinbase,2,,,engine/technical/README.md,
ETH,crypto,tecnico,sma50,1612.8074,,EUR,2026-08-18,2026-09-04T15:50:40Z,Coinbase,2,,,engine/technical/README.md,
ETH,crypto,tecnico,sma50,1623.8526,,EUR,2026-08-19,2026-09-04T15:50:40Z,Coinbase,2,,,engine/technical/README.md,
ETH,crypto,tecnico,sma50,1635.4196,,EUR,2026-08-20,2026-09-04T15:50:40Z,Coinbase,2,,,engine/technical/README.md,
ETH,crypto,tecnico,sma50,1648.731,,EUR,2026-08-21,2026-09-04T15:50:40Z,Coinbase,2,,,engine/technical/README.md,
ETH,crypto,tecnico,sma50,1659.3722,,EUR,2026-08-22,2026-09-04T15:50:40Z,Coinbase,2,,,engine/technical/README.md,
ETH,crypto,tecnico,sma50,1670.363,,EUR,2026-08-23,2026-09-04T15:50:40Z,Coinbase,2,,,engine/technical/README.md,
ETH,crypto,tecnico,sma50,1681.7222,,EUR,2026-08-24,2026-09-04T15:50:40Z,Coinbase,2,,,engine/technical/README.md,
ETH,crypto,tecnico,sma50,1692.1174,,EUR,2026-08-25,2026-09-04T15:50:40Z,Coinbase,2,,,engine/technical/README.md,
ETH,crypto,tecnico,sma50,1704.0754,,EUR,2026-08-26,2026-09-04T15:50:40Z,Coinbase,2,,,engine/technical/README.md,
ETH,crypto,tecnico,sma50,1716.652,,EUR,2026-08-27,2026-09-04T15:50:40Z,Coinbase,2,,,engine/technical/README.md,
ETH,crypto,tecnico,sma50,1728.2972,,EUR,2026-08-28,2026-09-04T15:50:40Z,Coinbase,2,,,engine/technical/README.md,
ETH,crypto,tecnico,sma50,1739.2886,,EUR,2026-08-29,2026-09-04T15:50:40Z,Coinbase,2,,,engine/technical/README.md,
ETH,crypto,tecnico,sma50,1749.6936,,EUR,2026-08-30,2026-09-04T15:50:40Z,Coinbase,2,,,engine/technical/README.md,
ETH,crypto,tecnico,sma50,1760.5196,,EUR,2026-08-31,2026-09-04T15:50:40Z,Coinbase,2,,,engine/technical/README.md,
ETH,crypto,tecnico,sma50,1771.052,,EUR,2026-09-01,2026-09-04T15:50:40Z,Coinbase,2,,,engine/technical/README.md,
ETH,crypto,tecnico,sma50,1779.22,,EUR,2026-09-02,2026-09-04T15:50:40Z,Coinbase,2,,,engine/technical/README.md,
ETH,crypto,tecnico,sma50,1779.2702,,EUR,2026-09-03,2026-09-03T12:15:39Z,Kraken,2,100,,engine/technical/README.md,
ETH,crypto,tecnico,sma50,1799.7648,,EUR,2026-09-04,2026-09-04T10:11:47Z,Kraken,2,100,,engine/technical/README.md,
ETH,crypto,tecnico,volatilidad_hist_30d_anualizada_pct,50.0,,%,2026-01-01,2026-09-04T15:50:40Z,Coinbase,2,,,engine/technical/README.md,
ETH,crypto,tecnico,volatilidad_hist_30d_anualizada_pct,47.9,,%,2026-01-02,2026-09-04T15:50:40Z,Coinbase,2,,,engine/technical/README.md,
ETH,crypto,tecnico,volatilidad_hist_30d_anualizada_pct,47.6,,%,2026-01-03,2026-09-04T15:50:40Z,Coinbase,2,,,engine/technical/README.md,
ETH,crypto,tecnico,volatilidad_hist_30d_anualizada_pct,45.9,,%,2026-01-04,2026-09-04T15:50:40Z,Coinbase,2,,,engine/technical/README.md,
ETH,crypto,tecnico,volatilidad_hist_30d_anualizada_pct,46.6,,%,2026-01-05,2026-09-04T15:50:40Z,Coinbase,2,,,engine/technical/README.md,
ETH,crypto,tecnico,volatilidad_hist_30d_anualizada_pct,47.2,,%,2026-01-06,2026-09-04T15:50:40Z,Coinbase,2,,,engine/technical/README.md,
ETH,crypto,tecnico,volatilidad_hist_30d_anualizada_pct,48.9,,%,2026-01-07,2026-09-04T15:50:40Z,Coinbase,2,,,engine/technical/README.md,
ETH,crypto,tecnico,volatilidad_hist_30d_anualizada_pct,44.0,,%,2026-01-08,2026-09-04T15:50:40Z,Coinbase,2,,,engine/technical/README.md,
ETH,crypto,tecnico,volatilidad_hist_30d_anualizada_pct,44.0,,%,2026-01-09,2026-09-04T15:50:40Z,Coinbase,2,,,engine/technical/README.md,
ETH,crypto,tecnico,volatilidad_hist_30d_anualizada_pct,42.9,,%,2026-01-10,2026-09-04T15:50:40Z,Coinbase,2,,,engine/technical/README.md,
ETH,crypto,tecnico,volatilidad_hist_30d_anualizada_pct,39.8,,%,2026-01-11,2026-09-04T15:50:40Z,Coinbase,2,,,engine/technical/README.md,
ETH,crypto,tecnico,volatilidad_hist_30d_anualizada_pct,39.9,,%,2026-01-12,2026-09-04T15:50:40Z,Coinbase,2,,,engine/technical/README.md,
ETH,crypto,tecnico,volatilidad_hist_30d_anualizada_pct,47.0,,%,2026-01-13,2026-09-04T15:50:40Z,Coinbase,2,,,engine/technical/README.md,
ETH,crypto,tecnico,volatilidad_hist_30d_anualizada_pct,45.1,,%,2026-01-14,2026-09-04T15:50:40Z,Coinbase,2,,,engine/technical/README.md,
ETH,crypto,tecnico,volatilidad_hist_30d_anualizada_pct,45.3,,%,2026-01-15,2026-09-04T15:50:40Z,Coinbase,2,,,engine/technical/README.md,
ETH,crypto,tecnico,volatilidad_hist_30d_anualizada_pct,42.0,,%,2026-01-16,2026-09-04T15:50:40Z,Coinbase,2,,,engine/technical/README.md,
ETH,crypto,tecnico,volatilidad_hist_30d_anualizada_pct,41.9,,%,2026-01-17,2026-09-04T15:50:40Z,Coinbase,2,,,engine/technical/README.md,
ETH,crypto,tecnico,volatilidad_hist_30d_anualizada_pct,38.6,,%,2026-01-18,2026-09-04T15:50:40Z,Coinbase,2,,,engine/technical/README.md,
ETH,crypto,tecnico,volatilidad_hist_30d_anualizada_pct,40.4,,%,2026-01-19,2026-09-04T15:50:40Z,Coinbase,2,,,engine/technical/README.md,
ETH,crypto,tecnico,volatilidad_hist_30d_anualizada_pct,51.7,,%,2026-01-20,2026-09-04T15:50:40Z,Coinbase,2,,,engine/technical/README.md,
ETH,crypto,tecnico,volatilidad_hist_30d_anualizada_pct,52.1,,%,2026-01-21,2026-09-04T15:50:40Z,Coinbase,2,,,engine/technical/README.md,
ETH,crypto,tecnico,volatilidad_hist_30d_anualizada_pct,52.1,,%,2026-01-22,2026-09-04T15:50:40Z,Coinbase,2,,,engine/technical/README.md,
ETH,crypto,tecnico,volatilidad_hist_30d_anualizada_pct,52.1,,%,2026-01-23,2026-09-04T15:50:40Z,Coinbase,2,,,engine/technical/README.md,
ETH,crypto,tecnico,volatilidad_hist_30d_anualizada_pct,51.8,,%,2026-01-24,2026-09-04T15:50:40Z,Coinbase,2,,,engine/technical/README.md,
ETH,crypto,tecnico,volatilidad_hist_30d_anualizada_pct,54.6,,%,2026-01-25,2026-09-04T15:50:40Z,Coinbase,2,,,engine/technical/README.md,
ETH,crypto,tecnico,volatilidad_hist_30d_anualizada_pct,56.2,,%,2026-01-26,2026-09-04T15:50:40Z,Coinbase,2,,,engine/technical/README.md,
ETH,crypto,tecnico,volatilidad_hist_30d_anualizada_pct,56.7,,%,2026-01-27,2026-09-04T15:50:40Z,Coinbase,2,,,engine/technical/README.md,
ETH,crypto,tecnico,volatilidad_hist_30d_anualizada_pct,56.6,,%,2026-01-28,2026-09-04T15:50:40Z,Coinbase,2,,,engine/technical/README.md,
ETH,crypto,tecnico,volatilidad_hist_30d_anualizada_pct,60.5,,%,2026-01-29,2026-09-04T15:50:40Z,Coinbase,2,,,engine/technical/README.md,
ETH,crypto,tecnico,volatilidad_hist_30d_anualizada_pct,61.4,,%,2026-01-30,2026-09-04T15:50:40Z,Coinbase,2,,,engine/technical/README.md,
ETH,crypto,tecnico,volatilidad_hist_30d_anualizada_pct,69.1,,%,2026-01-31,2026-09-04T15:50:40Z,Coinbase,2,,,engine/technical/README.md,
ETH,crypto,tecnico,volatilidad_hist_30d_anualizada_pct,71.1,,%,2026-02-01,2026-09-04T15:50:40Z,Coinbase,2,,,engine/technical/README.md,
ETH,crypto,tecnico,volatilidad_hist_30d_anualizada_pct,73.0,,%,2026-02-02,2026-09-04T15:50:40Z,Coinbase,2,,,engine/technical/README.md,
ETH,crypto,tecnico,volatilidad_hist_30d_anualizada_pct,74.2,,%,2026-02-03,2026-09-04T15:50:40Z,Coinbase,2,,,engine/technical/README.md,
ETH,crypto,tecnico,volatilidad_hist_30d_anualizada_pct,73.6,,%,2026-02-04,2026-09-04T15:50:40Z,Coinbase,2,,,engine/technical/README.md,
ETH,crypto,tecnico,volatilidad_hist_30d_anualizada_pct,88.0,,%,2026-02-05,2026-09-04T15:50:40Z,Coinbase,2,,,engine/technical/README.md,
ETH,crypto,tecnico,volatilidad_hist_30d_anualizada_pct,100.5,,%,2026-02-06,2026-09-04T15:50:40Z,Coinbase,2,,,engine/technical/README.md,
ETH,crypto,tecnico,volatilidad_hist_30d_anualizada_pct,101.0,,%,2026-02-07,2026-09-04T15:50:40Z,Coinbase,2,,,engine/technical/README.md,
ETH,crypto,tecnico,volatilidad_hist_30d_anualizada_pct,101.0,,%,2026-02-08,2026-09-04T15:50:40Z,Coinbase,2,,,engine/technical/README.md,
ETH,crypto,tecnico,volatilidad_hist_30d_anualizada_pct,101.0,,%,2026-02-09,2026-09-04T15:50:40Z,Coinbase,2,,,engine/technical/README.md,
ETH,crypto,tecnico,volatilidad_hist_30d_anualizada_pct,101.0,,%,2026-02-10,2026-09-04T15:50:40Z,Coinbase,2,,,engine/technical/README.md,
ETH,crypto,tecnico,volatilidad_hist_30d_anualizada_pct,101.3,,%,2026-02-11,2026-09-04T15:50:40Z,Coinbase,2,,,engine/technical/README.md,
ETH,crypto,tecnico,volatilidad_hist_30d_anualizada_pct,96.3,,%,2026-02-12,2026-09-04T15:50:40Z,Coinbase,2,,,engine/technical/README.md,
ETH,crypto,tecnico,volatilidad_hist_30d_anualizada_pct,98.9,,%,2026-02-13,2026-09-04T15:50:40Z,Coinbase,2,,,engine/technical/README.md,
ETH,crypto,tecnico,volatilidad_hist_30d_anualizada_pct,99.7,,%,2026-02-14,2026-09-04T15:50:40Z,Coinbase,2,,,engine/technical/README.md,
ETH,crypto,tecnico,volatilidad_hist_30d_anualizada_pct,100.8,,%,2026-02-15,2026-09-04T15:50:40Z,Coinbase,2,,,engine/technical/README.md,
ETH,crypto,tecnico,volatilidad_hist_30d_anualizada_pct,101.3,,%,2026-02-16,2026-09-04T15:50:40Z,Coinbase,2,,,engine/technical/README.md,
ETH,crypto,tecnico,volatilidad_hist_30d_anualizada_pct,101.4,,%,2026-02-17,2026-09-04T15:50:40Z,Coinbase,2,,,engine/technical/README.md,
ETH,crypto,tecnico,volatilidad_hist_30d_anualizada_pct,101.3,,%,2026-02-18,2026-09-04T15:50:40Z,Coinbase,2,,,engine/technical/README.md,
ETH,crypto,tecnico,volatilidad_hist_30d_anualizada_pct,97.8,,%,2026-02-19,2026-09-04T15:50:40Z,Coinbase,2,,,engine/technical/README.md,
ETH,crypto,tecnico,volatilidad_hist_30d_anualizada_pct,97.4,,%,2026-02-20,2026-09-04T15:50:40Z,Coinbase,2,,,engine/technical/README.md,
ETH,crypto,tecnico,volatilidad_hist_30d_anualizada_pct,97.6,,%,2026-02-21,2026-09-04T15:50:40Z,Coinbase,2,,,engine/technical/README.md,
ETH,crypto,tecnico,volatilidad_hist_30d_anualizada_pct,97.5,,%,2026-02-22,2026-09-04T15:50:40Z,Coinbase,2,,,engine/technical/README.md,
ETH,crypto,tecnico,volatilidad_hist_30d_anualizada_pct,98.2,,%,2026-02-23,2026-09-04T15:50:40Z,Coinbase,2,,,engine/technical/README.md,
ETH,crypto,tecnico,volatilidad_hist_30d_anualizada_pct,97.5,,%,2026-02-24,2026-09-04T15:50:40Z,Coinbase,2,,,engine/technical/README.md,
ETH,crypto,tecnico,volatilidad_hist_30d_anualizada_pct,104.1,,%,2026-02-25,2026-09-04T15:50:40Z,Coinbase,2,,,engine/technical/README.md,
ETH,crypto,tecnico,volatilidad_hist_30d_anualizada_pct,103.5,,%,2026-02-26,2026-09-04T15:50:40Z,Coinbase,2,,,engine/technical/README.md,
ETH,crypto,tecnico,volatilidad_hist_30d_anualizada_pct,104.2,,%,2026-02-27,2026-09-04T15:50:40Z,Coinbase,2,,,engine/technical/README.md,
ETH,crypto,tecnico,volatilidad_hist_30d_anualizada_pct,103.3,,%,2026-02-28,2026-09-04T15:50:40Z,Coinbase,2,,,engine/technical/README.md,
ETH,crypto,tecnico,volatilidad_hist_30d_anualizada_pct,103.1,,%,2026-03-01,2026-09-04T15:50:40Z,Coinbase,2,,,engine/technical/README.md,
ETH,crypto,tecnico,volatilidad_hist_30d_anualizada_pct,100.3,,%,2026-03-02,2026-09-04T15:50:40Z,Coinbase,2,,,engine/technical/README.md,
ETH,crypto,tecnico,volatilidad_hist_30d_anualizada_pct,96.9,,%,2026-03-03,2026-09-04T15:50:40Z,Coinbase,2,,,engine/technical/README.md,
ETH,crypto,tecnico,volatilidad_hist_30d_anualizada_pct,99.2,,%,2026-03-04,2026-09-04T15:50:40Z,Coinbase,2,,,engine/technical/README.md,
ETH,crypto,tecnico,volatilidad_hist_30d_anualizada_pct,98.0,,%,2026-03-05,2026-09-04T15:50:40Z,Coinbase,2,,,engine/technical/README.md,
ETH,crypto,tecnico,volatilidad_hist_30d_anualizada_pct,98.4,,%,2026-03-06,2026-09-04T15:50:40Z,Coinbase,2,,,engine/technical/README.md,
ETH,crypto,tecnico,volatilidad_hist_30d_anualizada_pct,80.5,,%,2026-03-07,2026-09-04T15:50:40Z,Coinbase,2,,,engine/technical/README.md,
ETH,crypto,tecnico,volatilidad_hist_30d_anualizada_pct,68.3,,%,2026-03-08,2026-09-04T15:50:40Z,Coinbase,2,,,engine/technical/README.md,
ETH,crypto,tecnico,volatilidad_hist_30d_anualizada_pct,68.6,,%,2026-03-09,2026-09-04T15:50:40Z,Coinbase,2,,,engine/technical/README.md,
ETH,crypto,tecnico,volatilidad_hist_30d_anualizada_pct,69.0,,%,2026-03-10,2026-09-04T15:50:40Z,Coinbase,2,,,engine/technical/README.md,
ETH,crypto,tecnico,volatilidad_hist_30d_anualizada_pct,69.2,,%,2026-03-11,2026-09-04T15:50:40Z,Coinbase,2,,,engine/technical/README.md,
ETH,crypto,tecnico,volatilidad_hist_30d_anualizada_pct,67.9,,%,2026-03-12,2026-09-04T15:50:40Z,Coinbase,2,,,engine/technical/README.md,
ETH,crypto,tecnico,volatilidad_hist_30d_anualizada_pct,66.3,,%,2026-03-13,2026-09-04T15:50:40Z,Coinbase,2,,,engine/technical/README.md,
ETH,crypto,tecnico,volatilidad_hist_30d_anualizada_pct,66.3,,%,2026-03-14,2026-09-04T15:50:40Z,Coinbase,2,,,engine/technical/README.md,
ETH,crypto,tecnico,volatilidad_hist_30d_anualizada_pct,65.2,,%,2026-03-15,2026-09-04T15:50:40Z,Coinbase,2,,,engine/technical/README.md,
ETH,crypto,tecnico,volatilidad_hist_30d_anualizada_pct,69.0,,%,2026-03-16,2026-09-04T15:50:40Z,Coinbase,2,,,engine/technical/README.md,
ETH,crypto,tecnico,volatilidad_hist_30d_anualizada_pct,65.4,,%,2026-03-17,2026-09-04T15:50:40Z,Coinbase,2,,,engine/technical/README.md,
ETH,crypto,tecnico,volatilidad_hist_30d_anualizada_pct,67.6,,%,2026-03-18,2026-09-04T15:50:40Z,Coinbase,2,,,engine/technical/README.md,
ETH,crypto,tecnico,volatilidad_hist_30d_anualizada_pct,69.3,,%,2026-03-19,2026-09-04T15:50:40Z,Coinbase,2,,,engine/technical/README.md,
ETH,crypto,tecnico,volatilidad_hist_30d_anualizada_pct,69.1,,%,2026-03-20,2026-09-04T15:50:40Z,Coinbase,2,,,engine/technical/README.md,
ETH,crypto,tecnico,volatilidad_hist_30d_anualizada_pct,70.0,,%,2026-03-21,2026-09-04T15:50:40Z,Coinbase,2,,,engine/technical/README.md,
ETH,crypto,tecnico,volatilidad_hist_30d_anualizada_pct,70.2,,%,2026-03-22,2026-09-04T15:50:40Z,Coinbase,2,,,engine/technical/README.md,
ETH,crypto,tecnico,volatilidad_hist_30d_anualizada_pct,71.7,,%,2026-03-23,2026-09-04T15:50:40Z,Coinbase,2,,,engine/technical/README.md,
ETH,crypto,tecnico,volatilidad_hist_30d_anualizada_pct,71.5,,%,2026-03-24,2026-09-04T15:50:40Z,Coinbase,2,,,engine/technical/README.md,
ETH,crypto,tecnico,volatilidad_hist_30d_anualizada_pct,68.8,,%,2026-03-25,2026-09-04T15:50:40Z,Coinbase,2,,,engine/technical/README.md,
ETH,crypto,tecnico,volatilidad_hist_30d_anualizada_pct,71.4,,%,2026-03-26,2026-09-04T15:50:40Z,Coinbase,2,,,engine/technical/README.md,
ETH,crypto,tecnico,volatilidad_hist_30d_anualizada_pct,63.2,,%,2026-03-27,2026-09-04T15:50:40Z,Coinbase,2,,,engine/technical/README.md,
ETH,crypto,tecnico,volatilidad_hist_30d_anualizada_pct,63.0,,%,2026-03-28,2026-09-04T15:50:40Z,Coinbase,2,,,engine/technical/README.md,
ETH,crypto,tecnico,volatilidad_hist_30d_anualizada_pct,60.3,,%,2026-03-29,2026-09-04T15:50:40Z,Coinbase,2,,,engine/technical/README.md,
ETH,crypto,tecnico,volatilidad_hist_30d_anualizada_pct,60.4,,%,2026-03-30,2026-09-04T15:50:40Z,Coinbase,2,,,engine/technical/README.md,
ETH,crypto,tecnico,volatilidad_hist_30d_anualizada_pct,60.9,,%,2026-03-31,2026-09-04T15:50:40Z,Coinbase,2,,,engine/technical/README.md,
ETH,crypto,tecnico,volatilidad_hist_30d_anualizada_pct,58.8,,%,2026-04-01,2026-09-04T15:50:40Z,Coinbase,2,,,engine/technical/README.md,
ETH,crypto,tecnico,volatilidad_hist_30d_anualizada_pct,60.0,,%,2026-04-02,2026-09-04T15:50:40Z,Coinbase,2,,,engine/technical/README.md,
ETH,crypto,tecnico,volatilidad_hist_30d_anualizada_pct,54.7,,%,2026-04-03,2026-09-04T15:50:40Z,Coinbase,2,,,engine/technical/README.md,
ETH,crypto,tecnico,volatilidad_hist_30d_anualizada_pct,54.1,,%,2026-04-04,2026-09-04T15:50:40Z,Coinbase,2,,,engine/technical/README.md,
ETH,crypto,tecnico,volatilidad_hist_30d_anualizada_pct,51.8,,%,2026-04-05,2026-09-04T15:50:40Z,Coinbase,2,,,engine/technical/README.md,
ETH,crypto,tecnico,volatilidad_hist_30d_anualizada_pct,51.8,,%,2026-04-06,2026-09-04T15:50:40Z,Coinbase,2,,,engine/technical/README.md,
ETH,crypto,tecnico,volatilidad_hist_30d_anualizada_pct,54.0,,%,2026-04-07,2026-09-04T15:50:40Z,Coinbase,2,,,engine/technical/README.md,
ETH,crypto,tecnico,volatilidad_hist_30d_anualizada_pct,54.4,,%,2026-04-08,2026-09-04T15:50:40Z,Coinbase,2,,,engine/technical/README.md,
ETH,crypto,tecnico,volatilidad_hist_30d_anualizada_pct,53.9,,%,2026-04-09,2026-09-04T15:50:40Z,Coinbase,2,,,engine/technical/README.md,
ETH,crypto,tecnico,volatilidad_hist_30d_anualizada_pct,54.3,,%,2026-04-10,2026-09-04T15:50:40Z,Coinbase,2,,,engine/technical/README.md,
ETH,crypto,tecnico,volatilidad_hist_30d_anualizada_pct,54.4,,%,2026-04-11,2026-09-04T15:50:40Z,Coinbase,2,,,engine/technical/README.md,
ETH,crypto,tecnico,volatilidad_hist_30d_anualizada_pct,55.9,,%,2026-04-12,2026-09-04T15:50:40Z,Coinbase,2,,,engine/technical/README.md,
ETH,crypto,tecnico,volatilidad_hist_30d_anualizada_pct,60.9,,%,2026-04-13,2026-09-04T15:50:40Z,Coinbase,2,,,engine/technical/README.md,
ETH,crypto,tecnico,volatilidad_hist_30d_anualizada_pct,60.3,,%,2026-04-14,2026-09-04T15:50:40Z,Coinbase,2,,,engine/technical/README.md,
ETH,crypto,tecnico,volatilidad_hist_30d_anualizada_pct,55.2,,%,2026-04-15,2026-09-04T15:50:40Z,Coinbase,2,,,engine/technical/README.md,
ETH,crypto,tecnico,volatilidad_hist_30d_anualizada_pct,54.9,,%,2026-04-16,2026-09-04T15:50:40Z,Coinbase,2,,,engine/technical/README.md,
ETH,crypto,tecnico,volatilidad_hist_30d_anualizada_pct,53.6,,%,2026-04-17,2026-09-04T15:50:40Z,Coinbase,2,,,engine/technical/README.md,
ETH,crypto,tecnico,volatilidad_hist_30d_anualizada_pct,52.6,,%,2026-04-18,2026-09-04T15:50:40Z,Coinbase,2,,,engine/technical/README.md,
ETH,crypto,tecnico,volatilidad_hist_30d_anualizada_pct,54.3,,%,2026-04-19,2026-09-04T15:50:40Z,Coinbase,2,,,engine/technical/README.md,
ETH,crypto,tecnico,volatilidad_hist_30d_anualizada_pct,53.4,,%,2026-04-20,2026-09-04T15:50:40Z,Coinbase,2,,,engine/technical/README.md,
ETH,crypto,tecnico,volatilidad_hist_30d_anualizada_pct,53.1,,%,2026-04-21,2026-09-04T15:50:40Z,Coinbase,2,,,engine/technical/README.md,
ETH,crypto,tecnico,volatilidad_hist_30d_anualizada_pct,51.6,,%,2026-04-22,2026-09-04T15:50:40Z,Coinbase,2,,,engine/technical/README.md,
ETH,crypto,tecnico,volatilidad_hist_30d_anualizada_pct,52.1,,%,2026-04-23,2026-09-04T15:50:40Z,Coinbase,2,,,engine/technical/README.md,
ETH,crypto,tecnico,volatilidad_hist_30d_anualizada_pct,52.2,,%,2026-04-24,2026-09-04T15:50:40Z,Coinbase,2,,,engine/technical/README.md,
ETH,crypto,tecnico,volatilidad_hist_30d_anualizada_pct,48.8,,%,2026-04-25,2026-09-04T15:50:40Z,Coinbase,2,,,engine/technical/README.md,
ETH,crypto,tecnico,volatilidad_hist_30d_anualizada_pct,47.6,,%,2026-04-26,2026-09-04T15:50:40Z,Coinbase,2,,,engine/technical/README.md,
ETH,crypto,tecnico,volatilidad_hist_30d_anualizada_pct,49.2,,%,2026-04-27,2026-09-04T15:50:40Z,Coinbase,2,,,engine/technical/README.md,
ETH,crypto,tecnico,volatilidad_hist_30d_anualizada_pct,49.3,,%,2026-04-28,2026-09-04T15:50:40Z,Coinbase,2,,,engine/technical/README.md,
ETH,crypto,tecnico,volatilidad_hist_30d_anualizada_pct,49.2,,%,2026-04-29,2026-09-04T15:50:40Z,Coinbase,2,,,engine/technical/README.md,
ETH,crypto,tecnico,volatilidad_hist_30d_anualizada_pct,48.4,,%,2026-04-30,2026-09-04T15:50:40Z,Coinbase,2,,,engine/technical/README.md,
ETH,crypto,tecnico,volatilidad_hist_30d_anualizada_pct,48.4,,%,2026-05-01,2026-09-04T15:50:40Z,Coinbase,2,,,engine/technical/README.md,
ETH,crypto,tecnico,volatilidad_hist_30d_anualizada_pct,46.6,,%,2026-05-02,2026-09-04T15:50:40Z,Coinbase,2,,,engine/technical/README.md,
ETH,crypto,tecnico,volatilidad_hist_30d_anualizada_pct,46.6,,%,2026-05-03,2026-09-04T15:50:40Z,Coinbase,2,,,engine/technical/README.md,
ETH,crypto,tecnico,volatilidad_hist_30d_anualizada_pct,46.7,,%,2026-05-04,2026-09-04T15:50:40Z,Coinbase,2,,,engine/technical/README.md,
ETH,crypto,tecnico,volatilidad_hist_30d_anualizada_pct,46.3,,%,2026-05-05,2026-09-04T15:50:40Z,Coinbase,2,,,engine/technical/README.md,
ETH,crypto,tecnico,volatilidad_hist_30d_anualizada_pct,46.4,,%,2026-05-06,2026-09-04T15:50:40Z,Coinbase,2,,,engine/technical/README.md,
ETH,crypto,tecnico,volatilidad_hist_30d_anualizada_pct,44.2,,%,2026-05-07,2026-09-04T15:50:40Z,Coinbase,2,,,engine/technical/README.md,
ETH,crypto,tecnico,volatilidad_hist_30d_anualizada_pct,43.7,,%,2026-05-08,2026-09-04T15:50:40Z,Coinbase,2,,,engine/technical/README.md,
ETH,crypto,tecnico,volatilidad_hist_30d_anualizada_pct,43.7,,%,2026-05-09,2026-09-04T15:50:40Z,Coinbase,2,,,engine/technical/README.md,
ETH,crypto,tecnico,volatilidad_hist_30d_anualizada_pct,43.5,,%,2026-05-10,2026-09-04T15:50:40Z,Coinbase,2,,,engine/technical/README.md,
ETH,crypto,tecnico,volatilidad_hist_30d_anualizada_pct,43.5,,%,2026-05-11,2026-09-04T15:50:40Z,Coinbase,2,,,engine/technical/README.md,
ETH,crypto,tecnico,volatilidad_hist_30d_anualizada_pct,42.2,,%,2026-05-12,2026-09-04T15:50:40Z,Coinbase,2,,,engine/technical/README.md,
ETH,crypto,tecnico,volatilidad_hist_30d_anualizada_pct,34.1,,%,2026-05-13,2026-09-04T15:50:40Z,Coinbase,2,,,engine/technical/README.md,
ETH,crypto,tecnico,volatilidad_hist_30d_anualizada_pct,33.7,,%,2026-05-14,2026-09-04T15:50:40Z,Coinbase,2,,,engine/technical/README.md,
ETH,crypto,tecnico,volatilidad_hist_30d_anualizada_pct,34.1,,%,2026-05-15,2026-09-04T15:50:40Z,Coinbase,2,,,engine/technical/README.md,
ETH,crypto,tecnico,volatilidad_hist_30d_anualizada_pct,34.7,,%,2026-05-16,2026-09-04T15:50:40Z,Coinbase,2,,,engine/technical/README.md,
ETH,crypto,tecnico,volatilidad_hist_30d_anualizada_pct,33.2,,%,2026-05-17,2026-09-04T15:50:40Z,Coinbase,2,,,engine/technical/README.md,
ETH,crypto,tecnico,volatilidad_hist_30d_anualizada_pct,32.0,,%,2026-05-18,2026-09-04T15:50:40Z,Coinbase,2,,,engine/technical/README.md,
ETH,crypto,tecnico,volatilidad_hist_30d_anualizada_pct,29.7,,%,2026-05-19,2026-09-04T15:50:40Z,Coinbase,2,,,engine/technical/README.md,
ETH,crypto,tecnico,volatilidad_hist_30d_anualizada_pct,29.0,,%,2026-05-20,2026-09-04T15:50:40Z,Coinbase,2,,,engine/technical/README.md,
ETH,crypto,tecnico,volatilidad_hist_30d_anualizada_pct,28.8,,%,2026-05-21,2026-09-04T15:50:40Z,Coinbase,2,,,engine/technical/README.md,
ETH,crypto,tecnico,volatilidad_hist_30d_anualizada_pct,28.9,,%,2026-05-22,2026-09-04T15:50:40Z,Coinbase,2,,,engine/technical/README.md,
ETH,crypto,tecnico,volatilidad_hist_30d_anualizada_pct,30.2,,%,2026-05-23,2026-09-04T15:50:40Z,Coinbase,2,,,engine/technical/README.md,
ETH,crypto,tecnico,volatilidad_hist_30d_anualizada_pct,30.2,,%,2026-05-24,2026-09-04T15:50:40Z,Coinbase,2,,,engine/technical/README.md,
ETH,crypto,tecnico,volatilidad_hist_30d_anualizada_pct,30.4,,%,2026-05-25,2026-09-04T15:50:40Z,Coinbase,2,,,engine/technical/README.md,
ETH,crypto,tecnico,volatilidad_hist_30d_anualizada_pct,29.6,,%,2026-05-26,2026-09-04T15:50:40Z,Coinbase,2,,,engine/technical/README.md,
ETH,crypto,tecnico,volatilidad_hist_30d_anualizada_pct,28.8,,%,2026-05-27,2026-09-04T15:50:40Z,Coinbase,2,,,engine/technical/README.md,
ETH,crypto,tecnico,volatilidad_hist_30d_anualizada_pct,28.9,,%,2026-05-28,2026-09-04T15:50:40Z,Coinbase,2,,,engine/technical/README.md,
ETH,crypto,tecnico,volatilidad_hist_30d_anualizada_pct,28.8,,%,2026-05-29,2026-09-04T15:50:40Z,Coinbase,2,,,engine/technical/README.md,
ETH,crypto,tecnico,volatilidad_hist_30d_anualizada_pct,28.9,,%,2026-05-30,2026-09-04T15:50:40Z,Coinbase,2,,,engine/technical/README.md,
ETH,crypto,tecnico,volatilidad_hist_30d_anualizada_pct,27.9,,%,2026-05-31,2026-09-04T15:50:40Z,Coinbase,2,,,engine/technical/README.md,
ETH,crypto,tecnico,volatilidad_hist_30d_anualizada_pct,27.6,,%,2026-06-01,2026-09-04T15:50:40Z,Coinbase,2,,,engine/technical/README.md,
ETH,crypto,tecnico,volatilidad_hist_30d_anualizada_pct,36.7,,%,2026-06-02,2026-09-04T15:50:40Z,Coinbase,2,,,engine/technical/README.md,
ETH,crypto,tecnico,volatilidad_hist_30d_anualizada_pct,36.3,,%,2026-06-03,2026-09-04T15:50:40Z,Coinbase,2,,,engine/technical/README.md,
ETH,crypto,tecnico,volatilidad_hist_30d_anualizada_pct,36.4,,%,2026-06-04,2026-09-04T15:50:40Z,Coinbase,2,,,engine/technical/README.md,
ETH,crypto,tecnico,volatilidad_hist_30d_anualizada_pct,48.7,,%,2026-06-05,2026-09-04T15:50:40Z,Coinbase,2,,,engine/technical/README.md,
ETH,crypto,tecnico,volatilidad_hist_30d_anualizada_pct,48.6,,%,2026-06-06,2026-09-04T15:50:40Z,Coinbase,2,,,engine/technical/README.md,
ETH,crypto,tecnico,volatilidad_hist_30d_anualizada_pct,56.7,,%,2026-06-07,2026-09-04T15:50:40Z,Coinbase,2,,,engine/technical/README.md,
ETH,crypto,tecnico,volatilidad_hist_30d_anualizada_pct,56.4,,%,2026-06-08,2026-09-04T15:50:40Z,Coinbase,2,,,engine/technical/README.md,
ETH,crypto,tecnico,volatilidad_hist_30d_anualizada_pct,55.8,,%,2026-06-09,2026-09-04T15:50:40Z,Coinbase,2,,,engine/technical/README.md,
ETH,crypto,tecnico,volatilidad_hist_30d_anualizada_pct,55.8,,%,2026-06-10,2026-09-04T15:50:40Z,Coinbase,2,,,engine/technical/README.md,
ETH,crypto,tecnico,volatilidad_hist_30d_anualizada_pct,57.2,,%,2026-06-11,2026-09-04T15:50:40Z,Coinbase,2,,,engine/technical/README.md,
ETH,crypto,tecnico,volatilidad_hist_30d_anualizada_pct,57.3,,%,2026-06-12,2026-09-04T15:50:40Z,Coinbase,2,,,engine/technical/README.md,
ETH,crypto,tecnico,volatilidad_hist_30d_anualizada_pct,57.0,,%,2026-06-13,2026-09-04T15:50:40Z,Coinbase,2,,,engine/technical/README.md,
ETH,crypto,tecnico,volatilidad_hist_30d_anualizada_pct,57.9,,%,2026-06-14,2026-09-04T15:50:40Z,Coinbase,2,,,engine/technical/README.md,
ETH,crypto,tecnico,volatilidad_hist_30d_anualizada_pct,60.2,,%,2026-06-15,2026-09-04T15:50:40Z,Coinbase,2,,,engine/technical/README.md,
ETH,crypto,tecnico,volatilidad_hist_30d_anualizada_pct,59.9,,%,2026-06-16,2026-09-04T15:50:40Z,Coinbase,2,,,engine/technical/README.md,
ETH,crypto,tecnico,volatilidad_hist_30d_anualizada_pct,60.0,,%,2026-06-17,2026-09-04T15:50:40Z,Coinbase,2,,,engine/technical/README.md,
ETH,crypto,tecnico,volatilidad_hist_30d_anualizada_pct,60.2,,%,2026-06-18,2026-09-04T15:50:40Z,Coinbase,2,,,engine/technical/README.md,
ETH,crypto,tecnico,volatilidad_hist_30d_anualizada_pct,60.0,,%,2026-06-19,2026-09-04T15:50:40Z,Coinbase,2,,,engine/technical/README.md,
ETH,crypto,tecnico,volatilidad_hist_30d_anualizada_pct,60.6,,%,2026-06-20,2026-09-04T15:50:40Z,Coinbase,2,,,engine/technical/README.md,
ETH,crypto,tecnico,volatilidad_hist_30d_anualizada_pct,60.0,,%,2026-06-21,2026-09-04T15:50:40Z,Coinbase,2,,,engine/technical/README.md,
ETH,crypto,tecnico,volatilidad_hist_30d_anualizada_pct,59.5,,%,2026-06-22,2026-09-04T15:50:40Z,Coinbase,2,,,engine/technical/README.md,
ETH,crypto,tecnico,volatilidad_hist_30d_anualizada_pct,60.1,,%,2026-06-23,2026-09-04T15:50:40Z,Coinbase,2,,,engine/technical/README.md,
ETH,crypto,tecnico,volatilidad_hist_30d_anualizada_pct,60.2,,%,2026-06-24,2026-09-04T15:50:40Z,Coinbase,2,,,engine/technical/README.md,
ETH,crypto,tecnico,volatilidad_hist_30d_anualizada_pct,60.8,,%,2026-06-25,2026-09-04T15:50:40Z,Coinbase,2,,,engine/technical/README.md,
ETH,crypto,tecnico,volatilidad_hist_30d_anualizada_pct,60.8,,%,2026-06-26,2026-09-04T15:50:40Z,Coinbase,2,,,engine/technical/README.md,
ETH,crypto,tecnico,volatilidad_hist_30d_anualizada_pct,60.8,,%,2026-06-27,2026-09-04T15:50:40Z,Coinbase,2,,,engine/technical/README.md,
ETH,crypto,tecnico,volatilidad_hist_30d_anualizada_pct,60.7,,%,2026-06-28,2026-09-04T15:50:40Z,Coinbase,2,,,engine/technical/README.md,
ETH,crypto,tecnico,volatilidad_hist_30d_anualizada_pct,61.6,,%,2026-06-29,2026-09-04T15:50:40Z,Coinbase,2,,,engine/technical/README.md,
ETH,crypto,tecnico,volatilidad_hist_30d_anualizada_pct,61.9,,%,2026-06-30,2026-09-04T15:50:40Z,Coinbase,2,,,engine/technical/README.md,
ETH,crypto,tecnico,volatilidad_hist_30d_anualizada_pct,63.0,,%,2026-07-01,2026-09-04T15:50:40Z,Coinbase,2,,,engine/technical/README.md,
ETH,crypto,tecnico,volatilidad_hist_30d_anualizada_pct,61.2,,%,2026-07-02,2026-09-04T15:50:40Z,Coinbase,2,,,engine/technical/README.md,
ETH,crypto,tecnico,volatilidad_hist_30d_anualizada_pct,61.8,,%,2026-07-03,2026-09-04T15:50:40Z,Coinbase,2,,,engine/technical/README.md,
ETH,crypto,tecnico,volatilidad_hist_30d_anualizada_pct,61.4,,%,2026-07-04,2026-09-04T15:50:40Z,Coinbase,2,,,engine/technical/README.md,
ETH,crypto,tecnico,volatilidad_hist_30d_anualizada_pct,48.9,,%,2026-07-05,2026-09-04T15:50:40Z,Coinbase,2,,,engine/technical/README.md,
ETH,crypto,tecnico,volatilidad_hist_30d_anualizada_pct,48.7,,%,2026-07-06,2026-09-04T15:50:40Z,Coinbase,2,,,engine/technical/README.md,
ETH,crypto,tecnico,volatilidad_hist_30d_anualizada_pct,42.4,,%,2026-07-07,2026-09-04T15:50:40Z,Coinbase,2,,,engine/technical/README.md,
ETH,crypto,tecnico,volatilidad_hist_30d_anualizada_pct,42.9,,%,2026-07-08,2026-09-04T15:50:40Z,Coinbase,2,,,engine/technical/README.md,
ETH,crypto,tecnico,volatilidad_hist_30d_anualizada_pct,41.3,,%,2026-07-09,2026-09-04T15:50:40Z,Coinbase,2,,,engine/technical/README.md,
ETH,crypto,tecnico,volatilidad_hist_30d_anualizada_pct,42.1,,%,2026-07-10,2026-09-04T15:50:40Z,Coinbase,2,,,engine/technical/README.md,
ETH,crypto,tecnico,volatilidad_hist_30d_anualizada_pct,41.3,,%,2026-07-11,2026-09-04T15:50:40Z,Coinbase,2,,,engine/technical/README.md,
ETH,crypto,tecnico,volatilidad_hist_30d_anualizada_pct,41.3,,%,2026-07-12,2026-09-04T15:50:40Z,Coinbase,2,,,engine/technical/README.md,
ETH,crypto,tecnico,volatilidad_hist_30d_anualizada_pct,41.7,,%,2026-07-13,2026-09-04T15:50:40Z,Coinbase,2,,,engine/technical/README.md,
ETH,crypto,tecnico,volatilidad_hist_30d_anualizada_pct,45.8,,%,2026-07-14,2026-09-04T15:50:40Z,Coinbase,2,,,engine/technical/README.md,
ETH,crypto,tecnico,volatilidad_hist_30d_anualizada_pct,43.9,,%,2026-07-15,2026-09-04T15:50:40Z,Coinbase,2,,,engine/technical/README.md,
ETH,crypto,tecnico,volatilidad_hist_30d_anualizada_pct,45.0,,%,2026-07-16,2026-09-04T15:50:40Z,Coinbase,2,,,engine/technical/README.md,
ETH,crypto,tecnico,volatilidad_hist_30d_anualizada_pct,44.8,,%,2026-07-17,2026-09-04T15:50:40Z,Coinbase,2,,,engine/technical/README.md,
ETH,crypto,tecnico,volatilidad_hist_30d_anualizada_pct,44.3,,%,2026-07-18,2026-09-04T15:50:40Z,Coinbase,2,,,engine/technical/README.md,
ETH,crypto,tecnico,volatilidad_hist_30d_anualizada_pct,44.2,,%,2026-07-19,2026-09-04T15:50:40Z,Coinbase,2,,,engine/technical/README.md,
ETH,crypto,tecnico,volatilidad_hist_30d_anualizada_pct,44.3,,%,2026-07-20,2026-09-04T15:50:40Z,Coinbase,2,,,engine/technical/README.md,
ETH,crypto,tecnico,volatilidad_hist_30d_anualizada_pct,43.8,,%,2026-07-21,2026-09-04T15:50:40Z,Coinbase,2,,,engine/technical/README.md,
ETH,crypto,tecnico,volatilidad_hist_30d_anualizada_pct,43.7,,%,2026-07-22,2026-09-04T15:50:40Z,Coinbase,2,,,engine/technical/README.md,
ETH,crypto,tecnico,volatilidad_hist_30d_anualizada_pct,43.2,,%,2026-07-23,2026-09-04T15:50:40Z,Coinbase,2,,,engine/technical/README.md,
ETH,crypto,tecnico,volatilidad_hist_30d_anualizada_pct,42.2,,%,2026-07-24,2026-09-04T15:50:40Z,Coinbase,2,,,engine/technical/README.md,
ETH,crypto,tecnico,volatilidad_hist_30d_anualizada_pct,39.7,,%,2026-07-25,2026-09-04T15:50:40Z,Coinbase,2,,,engine/technical/README.md,
ETH,crypto,tecnico,volatilidad_hist_30d_anualizada_pct,41.4,,%,2026-07-26,2026-09-04T15:50:40Z,Coinbase,2,,,engine/technical/README.md,
ETH,crypto,tecnico,volatilidad_hist_30d_anualizada_pct,43.2,,%,2026-07-27,2026-09-04T15:50:40Z,Coinbase,2,,,engine/technical/README.md,
ETH,crypto,tecnico,volatilidad_hist_30d_anualizada_pct,43.2,,%,2026-07-28,2026-09-04T15:50:40Z,Coinbase,2,,,engine/technical/README.md,
ETH,crypto,tecnico,volatilidad_hist_30d_anualizada_pct,43.3,,%,2026-07-29,2026-09-04T15:50:40Z,Coinbase,2,,,engine/technical/README.md,
ETH,crypto,tecnico,volatilidad_hist_30d_anualizada_pct,42.0,,%,2026-07-30,2026-09-04T15:50:40Z,Coinbase,2,,,engine/technical/README.md,
ETH,crypto,tecnico,volatilidad_hist_30d_anualizada_pct,43.1,,%,2026-07-31,2026-09-04T15:50:40Z,Coinbase,2,,,engine/technical/README.md,
ETH,crypto,tecnico,volatilidad_hist_30d_anualizada_pct,39.9,,%,2026-08-01,2026-09-04T15:50:40Z,Coinbase,2,,,engine/technical/README.md,
ETH,crypto,tecnico,volatilidad_hist_30d_anualizada_pct,38.9,,%,2026-08-02,2026-09-04T15:50:40Z,Coinbase,2,,,engine/technical/README.md,
ETH,crypto,tecnico,volatilidad_hist_30d_anualizada_pct,38.9,,%,2026-08-03,2026-09-04T15:50:40Z,Coinbase,2,,,engine/technical/README.md,
ETH,crypto,tecnico,volatilidad_hist_30d_anualizada_pct,38.9,,%,2026-08-04,2026-09-04T15:50:40Z,Coinbase,2,,,engine/technical/README.md,
ETH,crypto,tecnico,volatilidad_hist_30d_anualizada_pct,39.3,,%,2026-08-05,2026-09-04T15:50:40Z,Coinbase,2,,,engine/technical/README.md,
ETH,crypto,tecnico,volatilidad_hist_30d_anualizada_pct,39.0,,%,2026-08-06,2026-09-04T15:50:40Z,Coinbase,2,,,engine/technical/README.md,
ETH,crypto,tecnico,volatilidad_hist_30d_anualizada_pct,38.4,,%,2026-08-07,2026-09-04T15:50:40Z,Coinbase,2,,,engine/technical/README.md,
ETH,crypto,tecnico,volatilidad_hist_30d_anualizada_pct,38.4,,%,2026-08-08,2026-09-04T15:50:40Z,Coinbase,2,,,engine/technical/README.md,
ETH,crypto,tecnico,volatilidad_hist_30d_anualizada_pct,37.1,,%,2026-08-09,2026-09-04T15:50:40Z,Coinbase,2,,,engine/technical/README.md,
ETH,crypto,tecnico,volatilidad_hist_30d_anualizada_pct,37.7,,%,2026-08-10,2026-09-04T15:50:40Z,Coinbase,2,,,engine/technical/README.md,
ETH,crypto,tecnico,volatilidad_hist_30d_anualizada_pct,37.6,,%,2026-08-11,2026-09-04T15:50:40Z,Coinbase,2,,,engine/technical/README.md,
ETH,crypto,tecnico,volatilidad_hist_30d_anualizada_pct,37.2,,%,2026-08-12,2026-09-04T15:50:40Z,Coinbase,2,,,engine/technical/README.md,
ETH,crypto,tecnico,volatilidad_hist_30d_anualizada_pct,30.8,,%,2026-08-13,2026-09-04T15:50:40Z,Coinbase,2,,,engine/technical/README.md,
ETH,crypto,tecnico,volatilidad_hist_30d_anualizada_pct,30.6,,%,2026-08-14,2026-09-04T15:50:40Z,Coinbase,2,,,engine/technical/README.md,
ETH,crypto,tecnico,volatilidad_hist_30d_anualizada_pct,29.2,,%,2026-08-15,2026-09-04T15:50:40Z,Coinbase,2,,,engine/technical/README.md,
ETH,crypto,tecnico,volatilidad_hist_30d_anualizada_pct,28.9,,%,2026-08-16,2026-09-04T15:50:40Z,Coinbase,2,,,engine/technical/README.md,
ETH,crypto,tecnico,volatilidad_hist_30d_anualizada_pct,29.4,,%,2026-08-17,2026-09-04T15:50:40Z,Coinbase,2,,,engine/technical/README.md,
ETH,crypto,tecnico,volatilidad_hist_30d_anualizada_pct,29.4,,%,2026-08-18,2026-09-04T15:50:40Z,Coinbase,2,,,engine/technical/README.md,
ETH,crypto,tecnico,volatilidad_hist_30d_anualizada_pct,60.3,,%,2026-08-19,2026-09-04T15:50:40Z,Coinbase,2,,,engine/technical/README.md,
ETH,crypto,tecnico,volatilidad_hist_30d_anualizada_pct,61.0,,%,2026-08-20,2026-09-04T15:50:40Z,Coinbase,2,,,engine/technical/README.md,
ETH,crypto,tecnico,volatilidad_hist_30d_anualizada_pct,66.0,,%,2026-08-21,2026-09-04T15:50:40Z,Coinbase,2,,,engine/technical/README.md,
ETH,crypto,tecnico,volatilidad_hist_30d_anualizada_pct,67.0,,%,2026-08-22,2026-09-04T15:50:40Z,Coinbase,2,,,engine/technical/README.md,
ETH,crypto,tecnico,volatilidad_hist_30d_anualizada_pct,66.8,,%,2026-08-23,2026-09-04T15:50:40Z,Coinbase,2,,,engine/technical/README.md,
ETH,crypto,tecnico,volatilidad_hist_30d_anualizada_pct,66.8,,%,2026-08-24,2026-09-04T15:50:40Z,Coinbase,2,,,engine/technical/README.md,
ETH,crypto,tecnico,volatilidad_hist_30d_anualizada_pct,66.5,,%,2026-08-25,2026-09-04T15:50:40Z,Coinbase,2,,,engine/technical/README.md,
ETH,crypto,tecnico,volatilidad_hist_30d_anualizada_pct,65.5,,%,2026-08-26,2026-09-04T15:50:40Z,Coinbase,2,,,engine/technical/README.md,
ETH,crypto,tecnico,volatilidad_hist_30d_anualizada_pct,65.5,,%,2026-08-27,2026-09-04T15:50:40Z,Coinbase,2,,,engine/technical/README.md,
ETH,crypto,tecnico,volatilidad_hist_30d_anualizada_pct,66.0,,%,2026-08-28,2026-09-04T15:50:40Z,Coinbase,2,,,engine/technical/README.md,
ETH,crypto,tecnico,volatilidad_hist_30d_anualizada_pct,65.9,,%,2026-08-29,2026-09-04T15:50:40Z,Coinbase,2,,,engine/technical/README.md,
ETH,crypto,tecnico,volatilidad_hist_30d_anualizada_pct,65.1,,%,2026-08-30,2026-09-04T15:50:40Z,Coinbase,2,,,engine/technical/README.md,
ETH,crypto,tecnico,volatilidad_hist_30d_anualizada_pct,64.9,,%,2026-08-31,2026-09-04T15:50:40Z,Coinbase,2,,,engine/technical/README.md,
ETH,crypto,tecnico,volatilidad_hist_30d_anualizada_pct,65.5,,%,2026-09-01,2026-09-04T15:50:40Z,Coinbase,2,,,engine/technical/README.md,
ETH,crypto,tecnico,volatilidad_hist_30d_anualizada_pct,65.5,,%,2026-09-02,2026-09-04T15:50:40Z,Coinbase,2,,,engine/technical/README.md,
ETH,crypto,tecnico,volatilidad_hist_30d_anualizada_pct,65.4,,%,2026-09-03,2026-09-03T12:15:39Z,Kraken,2,100,,engine/technical/README.md,
ETH,crypto,tecnico,volatilidad_hist_30d_anualizada_pct,66.5,,%,2026-09-04,2026-09-04T10:11:47Z,Kraken,2,100,,engine/technical/README.md,
ETH,crypto,tecnico,volumen,1229.376045,,unidades,2026-01-01,2026-09-04T15:50:40Z,Coinbase,2,,,engine/technical/README.md,
ETH,crypto,tecnico,volumen,3025.820092,,unidades,2026-01-02,2026-09-04T15:50:40Z,Coinbase,2,,,engine/technical/README.md,
ETH,crypto,tecnico,volumen,1014.129756,,unidades,2026-01-03,2026-09-04T15:50:40Z,Coinbase,2,,,engine/technical/README.md,
ETH,crypto,tecnico,volumen,1821.818149,,unidades,2026-01-04,2026-09-04T15:50:40Z,Coinbase,2,,,engine/technical/README.md,
ETH,crypto,tecnico,volumen,2998.070891,,unidades,2026-01-05,2026-09-04T15:50:40Z,Coinbase,2,,,engine/technical/README.md,
ETH,crypto,tecnico,volumen,3697.439014,,unidades,2026-01-06,2026-09-04T15:50:40Z,Coinbase,2,,,engine/technical/README.md,
ETH,crypto,tecnico,volumen,2270.93678,,unidades,2026-01-07,2026-09-04T15:50:40Z,Coinbase,2,,,engine/technical/README.md,
ETH,crypto,tecnico,volumen,1871.370014,,unidades,2026-01-08,2026-09-04T15:50:40Z,Coinbase,2,,,engine/technical/README.md,
ETH,crypto,tecnico,volumen,3734.530771,,unidades,2026-01-09,2026-09-04T15:50:40Z,Coinbase,2,,,engine/technical/README.md,
ETH,crypto,tecnico,volumen,739.418532,,unidades,2026-01-10,2026-09-04T15:50:40Z,Coinbase,2,,,engine/technical/README.md,
ETH,crypto,tecnico,volumen,1283.293687,,unidades,2026-01-11,2026-09-04T15:50:40Z,Coinbase,2,,,engine/technical/README.md,
ETH,crypto,tecnico,volumen,1950.152449,,unidades,2026-01-12,2026-09-04T15:50:40Z,Coinbase,2,,,engine/technical/README.md,
ETH,crypto,tecnico,volumen,2785.543842,,unidades,2026-01-13,2026-09-04T15:50:40Z,Coinbase,2,,,engine/technical/README.md,
ETH,crypto,tecnico,volumen,3417.192386,,unidades,2026-01-14,2026-09-04T15:50:40Z,Coinbase,2,,,engine/technical/README.md,
ETH,crypto,tecnico,volumen,1976.724313,,unidades,2026-01-15,2026-09-04T15:50:40Z,Coinbase,2,,,engine/technical/README.md,
ETH,crypto,tecnico,volumen,1561.80711,,unidades,2026-01-16,2026-09-04T15:50:40Z,Coinbase,2,,,engine/technical/README.md,
ETH,crypto,tecnico,volumen,760.464089,,unidades,2026-01-17,2026-09-04T15:50:40Z,Coinbase,2,,,engine/technical/README.md,
ETH,crypto,tecnico,volumen,1613.624554,,unidades,2026-01-18,2026-09-04T15:50:40Z,Coinbase,2,,,engine/technical/README.md,
ETH,crypto,tecnico,volumen,1709.852161,,unidades,2026-01-19,2026-09-04T15:50:40Z,Coinbase,2,,,engine/technical/README.md,
ETH,crypto,tecnico,volumen,3931.382228,,unidades,2026-01-20,2026-09-04T15:50:40Z,Coinbase,2,,,engine/technical/README.md,
ETH,crypto,tecnico,volumen,3245.522296,,unidades,2026-01-21,2026-09-04T15:50:40Z,Coinbase,2,,,engine/technical/README.md,
ETH,crypto,tecnico,volumen,1830.194289,,unidades,2026-01-22,2026-09-04T15:50:40Z,Coinbase,2,,,engine/technical/README.md,
ETH,crypto,tecnico,volumen,1597.930491,,unidades,2026-01-23,2026-09-04T15:50:40Z,Coinbase,2,,,engine/technical/README.md,
ETH,crypto,tecnico,volumen,827.62379,,unidades,2026-01-24,2026-09-04T15:50:40Z,Coinbase,2,,,engine/technical/README.md,
ETH,crypto,tecnico,volumen,2873.322158,,unidades,2026-01-25,2026-09-04T15:50:40Z,Coinbase,2,,,engine/technical/README.md,
ETH,crypto,tecnico,volumen,3056.025201,,unidades,2026-01-26,2026-09-04T15:50:40Z,Coinbase,2,,,engine/technical/README.md,
ETH,crypto,tecnico,volumen,2391.074675,,unidades,2026-01-27,2026-09-04T15:50:40Z,Coinbase,2,,,engine/technical/README.md,
ETH,crypto,tecnico,volumen,2065.814515,,unidades,2026-01-28,2026-09-04T15:50:40Z,Coinbase,2,,,engine/technical/README.md,
ETH,crypto,tecnico,volumen,3817.932496,,unidades,2026-01-29,2026-09-04T15:50:40Z,Coinbase,2,,,engine/technical/README.md,
ETH,crypto,tecnico,volumen,4078.187615,,unidades,2026-01-30,2026-09-04T15:50:40Z,Coinbase,2,,,engine/technical/README.md,
ETH,crypto,tecnico,volumen,5389.692929,,unidades,2026-01-31,2026-09-04T15:50:40Z,Coinbase,2,,,engine/technical/README.md,
ETH,crypto,tecnico,volumen,5570.468065,,unidades,2026-02-01,2026-09-04T15:50:40Z,Coinbase,2,,,engine/technical/README.md,
ETH,crypto,tecnico,volumen,5968.158944,,unidades,2026-02-02,2026-09-04T15:50:40Z,Coinbase,2,,,engine/technical/README.md,
ETH,crypto,tecnico,volumen,5593.770126,,unidades,2026-02-03,2026-09-04T15:50:40Z,Coinbase,2,,,engine/technical/README.md,
ETH,crypto,tecnico,volumen,5241.128213,,unidades,2026-02-04,2026-09-04T15:50:40Z,Coinbase,2,,,engine/technical/README.md,
ETH,crypto,tecnico,volumen,9740.253335,,unidades,2026-02-05,2026-09-04T15:50:40Z,Coinbase,2,,,engine/technical/README.md,
ETH,crypto,tecnico,volumen,9812.323311,,unidades,2026-02-06,2026-09-04T15:50:40Z,Coinbase,2,,,engine/technical/README.md,
ETH,crypto,tecnico,volumen,4135.915477,,unidades,2026-02-07,2026-09-04T15:50:40Z,Coinbase,2,,,engine/technical/README.md,
ETH,crypto,tecnico,volumen,3798.73009,,unidades,2026-02-08,2026-09-04T15:50:40Z,Coinbase,2,,,engine/technical/README.md,
ETH,crypto,tecnico,volumen,5910.813161,,unidades,2026-02-09,2026-09-04T15:50:40Z,Coinbase,2,,,engine/technical/README.md,
ETH,crypto,tecnico,volumen,4398.539142,,unidades,2026-02-10,2026-09-04T15:50:40Z,Coinbase,2,,,engine/technical/README.md,
ETH,crypto,tecnico,volumen,3494.987004,,unidades,2026-02-11,2026-09-04T15:50:40Z,Coinbase,2,,,engine/technical/README.md,
ETH,crypto,tecnico,volumen,5070.787311,,unidades,2026-02-12,2026-09-04T15:50:40Z,Coinbase,2,,,engine/technical/README.md,
ETH,crypto,tecnico,volumen,3072.923955,,unidades,2026-02-13,2026-09-04T15:50:40Z,Coinbase,2,,,engine/technical/README.md,
ETH,crypto,tecnico,volumen,2001.250123,,unidades,2026-02-14,2026-09-04T15:50:40Z,Coinbase,2,,,engine/technical/README.md,
ETH,crypto,tecnico,volumen,3882.038363,,unidades,2026-02-15,2026-09-04T15:50:40Z,Coinbase,2,,,engine/technical/README.md,
ETH,crypto,tecnico,volumen,2899.171023,,unidades,2026-02-16,2026-09-04T15:50:40Z,Coinbase,2,,,engine/technical/README.md,
ETH,crypto,tecnico,volumen,2811.86309,,unidades,2026-02-17,2026-09-04T15:50:40Z,Coinbase,2,,,engine/technical/README.md,
ETH,crypto,tecnico,volumen,3151.506968,,unidades,2026-02-18,2026-09-04T15:50:40Z,Coinbase,2,,,engine/technical/README.md,
ETH,crypto,tecnico,volumen,2985.767114,,unidades,2026-02-19,2026-09-04T15:50:40Z,Coinbase,2,,,engine/technical/README.md,
ETH,crypto,tecnico,volumen,3113.953332,,unidades,2026-02-20,2026-09-04T15:50:40Z,Coinbase,2,,,engine/technical/README.md,
ETH,crypto,tecnico,volumen,1245.672534,,unidades,2026-02-21,2026-09-04T15:50:40Z,Coinbase,2,,,engine/technical/README.md,
ETH,crypto,tecnico,volumen,1280.573627,,unidades,2026-02-22,2026-09-04T15:50:40Z,Coinbase,2,,,engine/technical/README.md,
ETH,crypto,tecnico,volumen,5996.713601,,unidades,2026-02-23,2026-09-04T15:50:40Z,Coinbase,2,,,engine/technical/README.md,
ETH,crypto,tecnico,volumen,5053.47883,,unidades,2026-02-24,2026-09-04T15:50:40Z,Coinbase,2,,,engine/technical/README.md,
ETH,crypto,tecnico,volumen,7012.508251,,unidades,2026-02-25,2026-09-04T15:50:40Z,Coinbase,2,,,engine/technical/README.md,
ETH,crypto,tecnico,volumen,5011.857805,,unidades,2026-02-26,2026-09-04T15:50:40Z,Coinbase,2,,,engine/technical/README.md,
ETH,crypto,tecnico,volumen,5616.568372,,unidades,2026-02-27,2026-09-04T15:50:40Z,Coinbase,2,,,engine/technical/README.md,
ETH,crypto,tecnico,volumen,4929.180708,,unidades,2026-02-28,2026-09-04T15:50:40Z,Coinbase,2,,,engine/technical/README.md,
ETH,crypto,tecnico,volumen,4284.104782,,unidades,2026-03-01,2026-09-04T15:50:40Z,Coinbase,2,,,engine/technical/README.md,
ETH,crypto,tecnico,volumen,5628.227614,,unidades,2026-03-02,2026-09-04T15:50:40Z,Coinbase,2,,,engine/technical/README.md,
ETH,crypto,tecnico,volumen,5063.62895,,unidades,2026-03-03,2026-09-04T15:50:40Z,Coinbase,2,,,engine/technical/README.md,
ETH,crypto,tecnico,volumen,6667.018148,,unidades,2026-03-04,2026-09-04T15:50:40Z,Coinbase,2,,,engine/technical/README.md,
ETH,crypto,tecnico,volumen,5172.016185,,unidades,2026-03-05,2026-09-04T15:50:40Z,Coinbase,2,,,engine/technical/README.md,
ETH,crypto,tecnico,volumen,4347.330655,,unidades,2026-03-06,2026-09-04T15:50:40Z,Coinbase,2,,,engine/technical/README.md,
ETH,crypto,tecnico,volumen,1993.475522,,unidades,2026-03-07,2026-09-04T15:50:40Z,Coinbase,2,,,engine/technical/README.md,
ETH,crypto,tecnico,volumen,2393.224945,,unidades,2026-03-08,2026-09-04T15:50:40Z,Coinbase,2,,,engine/technical/README.md,
ETH,crypto,tecnico,volumen,6027.311465,,unidades,2026-03-09,2026-09-04T15:50:40Z,Coinbase,2,,,engine/technical/README.md,
ETH,crypto,tecnico,volumen,4863.893396,,unidades,2026-03-10,2026-09-04T15:50:40Z,Coinbase,2,,,engine/technical/README.md,
ETH,crypto,tecnico,volumen,3756.618539,,unidades,2026-03-11,2026-09-04T15:50:40Z,Coinbase,2,,,engine/technical/README.md,
ETH,crypto,tecnico,volumen,3930.934403,,unidades,2026-03-12,2026-09-04T15:50:40Z,Coinbase,2,,,engine/technical/README.md,
ETH,crypto,tecnico,volumen,6474.507251,,unidades,2026-03-13,2026-09-04T15:50:40Z,Coinbase,2,,,engine/technical/README.md,
ETH,crypto,tecnico,volumen,1505.406011,,unidades,2026-03-14,2026-09-04T15:50:40Z,Coinbase,2,,,engine/technical/README.md,
ETH,crypto,tecnico,volumen,3114.951177,,unidades,2026-03-15,2026-09-04T15:50:40Z,Coinbase,2,,,engine/technical/README.md,
ETH,crypto,tecnico,volumen,8148.807363,,unidades,2026-03-16,2026-09-04T15:50:40Z,Coinbase,2,,,engine/technical/README.md,
ETH,crypto,tecnico,volumen,4975.199983,,unidades,2026-03-17,2026-09-04T15:50:40Z,Coinbase,2,,,engine/technical/README.md,
ETH,crypto,tecnico,volumen,3785.057398,,unidades,2026-03-18,2026-09-04T15:50:40Z,Coinbase,2,,,engine/technical/README.md,
ETH,crypto,tecnico,volumen,4345.956768,,unidades,2026-03-19,2026-09-04T15:50:40Z,Coinbase,2,,,engine/technical/README.md,
ETH,crypto,tecnico,volumen,2941.990102,,unidades,2026-03-20,2026-09-04T15:50:40Z,Coinbase,2,,,engine/technical/README.md,
ETH,crypto,tecnico,volumen,1341.58017,,unidades,2026-03-21,2026-09-04T15:50:40Z,Coinbase,2,,,engine/technical/README.md,
ETH,crypto,tecnico,volumen,2915.081483,,unidades,2026-03-22,2026-09-04T15:50:40Z,Coinbase,2,,,engine/technical/README.md,
ETH,crypto,tecnico,volumen,5907.930575,,unidades,2026-03-23,2026-09-04T15:50:40Z,Coinbase,2,,,engine/technical/README.md,
ETH,crypto,tecnico,volumen,2880.920637,,unidades,2026-03-24,2026-09-04T15:50:40Z,Coinbase,2,,,engine/technical/README.md,
ETH,crypto,tecnico,volumen,2716.570775,,unidades,2026-03-25,2026-09-04T15:50:40Z,Coinbase,2,,,engine/technical/README.md,
ETH,crypto,tecnico,volumen,3128.150691,,unidades,2026-03-26,2026-09-04T15:50:40Z,Coinbase,2,,,engine/technical/README.md,
ETH,crypto,tecnico,volumen,3430.216903,,unidades,2026-03-27,2026-09-04T15:50:40Z,Coinbase,2,,,engine/technical/README.md,
ETH,crypto,tecnico,volumen,1626.717643,,unidades,2026-03-28,2026-09-04T15:50:40Z,Coinbase,2,,,engine/technical/README.md,
ETH,crypto,tecnico,volumen,1961.337722,,unidades,2026-03-29,2026-09-04T15:50:40Z,Coinbase,2,,,engine/technical/README.md,
ETH,crypto,tecnico,volumen,4164.965293,,unidades,2026-03-30,2026-09-04T15:50:40Z,Coinbase,2,,,engine/technical/README.md,
ETH,crypto,tecnico,volumen,4539.096949,,unidades,2026-03-31,2026-09-04T15:50:40Z,Coinbase,2,,,engine/technical/README.md,
ETH,crypto,tecnico,volumen,4587.951102,,unidades,2026-04-01,2026-09-04T15:50:40Z,Coinbase,2,,,engine/technical/README.md,
ETH,crypto,tecnico,volumen,3655.181025,,unidades,2026-04-02,2026-09-04T15:50:40Z,Coinbase,2,,,engine/technical/README.md,
ETH,crypto,tecnico,volumen,1708.241324,,unidades,2026-04-03,2026-09-04T15:50:40Z,Coinbase,2,,,engine/technical/README.md,
ETH,crypto,tecnico,volumen,1067.268976,,unidades,2026-04-04,2026-09-04T15:50:40Z,Coinbase,2,,,engine/technical/README.md,
ETH,crypto,tecnico,volumen,2797.425868,,unidades,2026-04-05,2026-09-04T15:50:40Z,Coinbase,2,,,engine/technical/README.md,
ETH,crypto,tecnico,volumen,4707.062545,,unidades,2026-04-06,2026-09-04T15:50:40Z,Coinbase,2,,,engine/technical/README.md,
ETH,crypto,tecnico,volumen,6372.239872,,unidades,2026-04-07,2026-09-04T15:50:40Z,Coinbase,2,,,engine/technical/README.md,
ETH,crypto,tecnico,volumen,4601.656691,,unidades,2026-04-08,2026-09-04T15:50:40Z,Coinbase,2,,,engine/technical/README.md,
ETH,crypto,tecnico,volumen,4877.253633,,unidades,2026-04-09,2026-09-04T15:50:40Z,Coinbase,2,,,engine/technical/README.md,
ETH,crypto,tecnico,volumen,3690.417774,,unidades,2026-04-10,2026-09-04T15:50:40Z,Coinbase,2,,,engine/technical/README.md,
ETH,crypto,tecnico,volumen,2070.175788,,unidades,2026-04-11,2026-09-04T15:50:40Z,Coinbase,2,,,engine/technical/README.md,
ETH,crypto,tecnico,volumen,3380.754886,,unidades,2026-04-12,2026-09-04T15:50:40Z,Coinbase,2,,,engine/technical/README.md,
ETH,crypto,tecnico,volumen,6092.615679,,unidades,2026-04-13,2026-09-04T15:50:40Z,Coinbase,2,,,engine/technical/README.md,
ETH,crypto,tecnico,volumen,5640.257026,,unidades,2026-04-14,2026-09-04T15:50:40Z,Coinbase,2,,,engine/technical/README.md,
ETH,crypto,tecnico,volumen,3533.746094,,unidades,2026-04-15,2026-09-04T15:50:40Z,Coinbase,2,,,engine/technical/README.md,
ETH,crypto,tecnico,volumen,3459.756466,,unidades,2026-04-16,2026-09-04T15:50:40Z,Coinbase,2,,,engine/technical/README.md,
ETH,crypto,tecnico,volumen,5883.079856,,unidades,2026-04-17,2026-09-04T15:50:40Z,Coinbase,2,,,engine/technical/README.md,
ETH,crypto,tecnico,volumen,2316.097484,,unidades,2026-04-18,2026-09-04T15:50:40Z,Coinbase,2,,,engine/technical/README.md,
ETH,crypto,tecnico,volumen,2484.075436,,unidades,2026-04-19,2026-09-04T15:50:40Z,Coinbase,2,,,engine/technical/README.md,
ETH,crypto,tecnico,volumen,3589.436301,,unidades,2026-04-20,2026-09-04T15:50:40Z,Coinbase,2,,,engine/technical/README.md,
ETH,crypto,tecnico,volumen,3646.982356,,unidades,2026-04-21,2026-09-04T15:50:40Z,Coinbase,2,,,engine/technical/README.md,
ETH,crypto,tecnico,volumen,4835.083547,,unidades,2026-04-22,2026-09-04T15:50:40Z,Coinbase,2,,,engine/technical/README.md,
ETH,crypto,tecnico,volumen,3711.6936,,unidades,2026-04-23,2026-09-04T15:50:40Z,Coinbase,2,,,engine/technical/README.md,
ETH,crypto,tecnico,volumen,2490.656621,,unidades,2026-04-24,2026-09-04T15:50:40Z,Coinbase,2,,,engine/technical/README.md,
ETH,crypto,tecnico,volumen,853.619105,,unidades,2026-04-25,2026-09-04T15:50:40Z,Coinbase,2,,,engine/technical/README.md,
ETH,crypto,tecnico,volumen,2495.161733,,unidades,2026-04-26,2026-09-04T15:50:40Z,Coinbase,2,,,engine/technical/README.md,
ETH,crypto,tecnico,volumen,3686.571743,,unidades,2026-04-27,2026-09-04T15:50:40Z,Coinbase,2,,,engine/technical/README.md,
ETH,crypto,tecnico,volumen,2210.851964,,unidades,2026-04-28,2026-09-04T15:50:40Z,Coinbase,2,,,engine/technical/README.md,
ETH,crypto,tecnico,volumen,4743.598336,,unidades,2026-04-29,2026-09-04T15:50:40Z,Coinbase,2,,,engine/technical/README.md,
ETH,crypto,tecnico,volumen,2755.535541,,unidades,2026-04-30,2026-09-04T15:50:40Z,Coinbase,2,,,engine/technical/README.md,
ETH,crypto,tecnico,volumen,2638.032177,,unidades,2026-05-01,2026-09-04T15:50:40Z,Coinbase,2,,,engine/technical/README.md,
ETH,crypto,tecnico,volumen,966.943581,,unidades,2026-05-02,2026-09-04T15:50:40Z,Coinbase,2,,,engine/technical/README.md,
ETH,crypto,tecnico,volumen,1822.692465,,unidades,2026-05-03,2026-09-04T15:50:40Z,Coinbase,2,,,engine/technical/README.md,
ETH,crypto,tecnico,volumen,5885.728896,,unidades,2026-05-04,2026-09-04T15:50:40Z,Coinbase,2,,,engine/technical/README.md,
ETH,crypto,tecnico,volumen,4317.690218,,unidades,2026-05-05,2026-09-04T15:50:40Z,Coinbase,2,,,engine/technical/README.md,
ETH,crypto,tecnico,volumen,4759.660069,,unidades,2026-05-06,2026-09-04T15:50:40Z,Coinbase,2,,,engine/technical/README.md,
ETH,crypto,tecnico,volumen,3869.489882,,unidades,2026-05-07,2026-09-04T15:50:40Z,Coinbase,2,,,engine/technical/README.md,
ETH,crypto,tecnico,volumen,3477.9299,,unidades,2026-05-08,2026-09-04T15:50:40Z,Coinbase,2,,,engine/technical/README.md,
ETH,crypto,tecnico,volumen,1119.492096,,unidades,2026-05-09,2026-09-04T15:50:40Z,Coinbase,2,,,engine/technical/README.md,
ETH,crypto,tecnico,volumen,2374.00853,,unidades,2026-05-10,2026-09-04T15:50:40Z,Coinbase,2,,,engine/technical/README.md,
ETH,crypto,tecnico,volumen,2239.155394,,unidades,2026-05-11,2026-09-04T15:50:40Z,Coinbase,2,,,engine/technical/README.md,
ETH,crypto,tecnico,volumen,2745.227711,,unidades,2026-05-12,2026-09-04T15:50:40Z,Coinbase,2,,,engine/technical/README.md,
ETH,crypto,tecnico,volumen,3476.324605,,unidades,2026-05-13,2026-09-04T15:50:40Z,Coinbase,2,,,engine/technical/README.md,
ETH,crypto,tecnico,volumen,3290.211158,,unidades,2026-05-14,2026-09-04T15:50:40Z,Coinbase,2,,,engine/technical/README.md,
ETH,crypto,tecnico,volumen,3040.672015,,unidades,2026-05-15,2026-09-04T15:50:40Z,Coinbase,2,,,engine/technical/README.md,
ETH,crypto,tecnico,volumen,2069.848879,,unidades,2026-05-16,2026-09-04T15:50:40Z,Coinbase,2,,,engine/technical/README.md,
ETH,crypto,tecnico,volumen,2309.850404,,unidades,2026-05-17,2026-09-04T15:50:40Z,Coinbase,2,,,engine/technical/README.md,
ETH,crypto,tecnico,volumen,5530.449673,,unidades,2026-05-18,2026-09-04T15:50:40Z,Coinbase,2,,,engine/technical/README.md,
ETH,crypto,tecnico,volumen,2647.830176,,unidades,2026-05-19,2026-09-04T15:50:40Z,Coinbase,2,,,engine/technical/README.md,
ETH,crypto,tecnico,volumen,2965.149557,,unidades,2026-05-20,2026-09-04T15:50:40Z,Coinbase,2,,,engine/technical/README.md,
ETH,crypto,tecnico,volumen,3803.938042,,unidades,2026-05-21,2026-09-04T15:50:40Z,Coinbase,2,,,engine/technical/README.md,
ETH,crypto,tecnico,volumen,3497.027192,,unidades,2026-05-22,2026-09-04T15:50:40Z,Coinbase,2,,,engine/technical/README.md,
ETH,crypto,tecnico,volumen,3268.145642,,unidades,2026-05-23,2026-09-04T15:50:40Z,Coinbase,2,,,engine/technical/README.md,
ETH,crypto,tecnico,volumen,2447.087666,,unidades,2026-05-24,2026-09-04T15:50:40Z,Coinbase,2,,,engine/technical/README.md,
ETH,crypto,tecnico,volumen,1765.605656,,unidades,2026-05-25,2026-09-04T15:50:40Z,Coinbase,2,,,engine/technical/README.md,
ETH,crypto,tecnico,volumen,4312.317855,,unidades,2026-05-26,2026-09-04T15:50:40Z,Coinbase,2,,,engine/technical/README.md,
ETH,crypto,tecnico,volumen,3650.363464,,unidades,2026-05-27,2026-09-04T15:50:40Z,Coinbase,2,,,engine/technical/README.md,
ETH,crypto,tecnico,volumen,5225.991384,,unidades,2026-05-28,2026-09-04T15:50:40Z,Coinbase,2,,,engine/technical/README.md,
ETH,crypto,tecnico,volumen,4600.531007,,unidades,2026-05-29,2026-09-04T15:50:40Z,Coinbase,2,,,engine/technical/README.md,
ETH,crypto,tecnico,volumen,1712.671282,,unidades,2026-05-30,2026-09-04T15:50:40Z,Coinbase,2,,,engine/technical/README.md,
ETH,crypto,tecnico,volumen,1733.333578,,unidades,2026-05-31,2026-09-04T15:50:40Z,Coinbase,2,,,engine/technical/README.md,
ETH,crypto,tecnico,volumen,2982.791793,,unidades,2026-06-01,2026-09-04T15:50:40Z,Coinbase,2,,,engine/technical/README.md,
ETH,crypto,tecnico,volumen,7280.291795,,unidades,2026-06-02,2026-09-04T15:50:40Z,Coinbase,2,,,engine/technical/README.md,
ETH,crypto,tecnico,volumen,9222.00368,,unidades,2026-06-03,2026-09-04T15:50:40Z,Coinbase,2,,,engine/technical/README.md,
ETH,crypto,tecnico,volumen,6597.733748,,unidades,2026-06-04,2026-09-04T15:50:40Z,Coinbase,2,,,engine/technical/README.md,
ETH,crypto,tecnico,volumen,12416.799359,,unidades,2026-06-05,2026-09-04T15:50:40Z,Coinbase,2,,,engine/technical/README.md,
ETH,crypto,tecnico,volumen,5581.771369,,unidades,2026-06-06,2026-09-04T15:50:40Z,Coinbase,2,,,engine/technical/README.md,
ETH,crypto,tecnico,volumen,6410.922669,,unidades,2026-06-07,2026-09-04T15:50:40Z,Coinbase,2,,,engine/technical/README.md,
ETH,crypto,tecnico,volumen,8992.651178,,unidades,2026-06-08,2026-09-04T15:50:40Z,Coinbase,2,,,engine/technical/README.md,
ETH,crypto,tecnico,volumen,5741.942996,,unidades,2026-06-09,2026-09-04T15:50:40Z,Coinbase,2,,,engine/technical/README.md,
ETH,crypto,tecnico,volumen,4547.283743,,unidades,2026-06-10,2026-09-04T15:50:40Z,Coinbase,2,,,engine/technical/README.md,
ETH,crypto,tecnico,volumen,5369.661187,,unidades,2026-06-11,2026-09-04T15:50:40Z,Coinbase,2,,,engine/technical/README.md,
ETH,crypto,tecnico,volumen,4605.668433,,unidades,2026-06-12,2026-09-04T15:50:40Z,Coinbase,2,,,engine/technical/README.md,
ETH,crypto,tecnico,volumen,2664.037483,,unidades,2026-06-13,2026-09-04T15:50:40Z,Coinbase,2,,,engine/technical/README.md,
ETH,crypto,tecnico,volumen,2627.863589,,unidades,2026-06-14,2026-09-04T15:50:40Z,Coinbase,2,,,engine/technical/README.md,
ETH,crypto,tecnico,volumen,6798.936552,,unidades,2026-06-15,2026-09-04T15:50:40Z,Coinbase,2,,,engine/technical/README.md,
ETH,crypto,tecnico,volumen,6430.784274,,unidades,2026-06-16,2026-09-04T15:50:40Z,Coinbase,2,,,engine/technical/README.md,
ETH,crypto,tecnico,volumen,3878.207647,,unidades,2026-06-17,2026-09-04T15:50:40Z,Coinbase,2,,,engine/technical/README.md,
ETH,crypto,tecnico,volumen,3336.91853,,unidades,2026-06-18,2026-09-04T15:50:40Z,Coinbase,2,,,engine/technical/README.md,
ETH,crypto,tecnico,volumen,2389.675178,,unidades,2026-06-19,2026-09-04T15:50:40Z,Coinbase,2,,,engine/technical/README.md,
ETH,crypto,tecnico,volumen,1367.179494,,unidades,2026-06-20,2026-09-04T15:50:40Z,Coinbase,2,,,engine/technical/README.md,
ETH,crypto,tecnico,volumen,908.578705,,unidades,2026-06-21,2026-09-04T15:50:40Z,Coinbase,2,,,engine/technical/README.md,
ETH,crypto,tecnico,volumen,3267.834282,,unidades,2026-06-22,2026-09-04T15:50:40Z,Coinbase,2,,,engine/technical/README.md,
ETH,crypto,tecnico,volumen,3362.327395,,unidades,2026-06-23,2026-09-04T15:50:40Z,Coinbase,2,,,engine/technical/README.md,
ETH,crypto,tecnico,volumen,6319.80933,,unidades,2026-06-24,2026-09-04T15:50:40Z,Coinbase,2,,,engine/technical/README.md,
ETH,crypto,tecnico,volumen,7661.23488,,unidades,2026-06-25,2026-09-04T15:50:40Z,Coinbase,2,,,engine/technical/README.md,
ETH,crypto,tecnico,volumen,5186.509972,,unidades,2026-06-26,2026-09-04T15:50:40Z,Coinbase,2,,,engine/technical/README.md,
ETH,crypto,tecnico,volumen,1946.92905,,unidades,2026-06-27,2026-09-04T15:50:40Z,Coinbase,2,,,engine/technical/README.md,
ETH,crypto,tecnico,volumen,1848.704102,,unidades,2026-06-28,2026-09-04T15:50:40Z,Coinbase,2,,,engine/technical/README.md,
ETH,crypto,tecnico,volumen,4826.860545,,unidades,2026-06-29,2026-09-04T15:50:40Z,Coinbase,2,,,engine/technical/README.md,
ETH,crypto,tecnico,volumen,5455.089034,,unidades,2026-06-30,2026-09-04T15:50:40Z,Coinbase,2,,,engine/technical/README.md,
ETH,crypto,tecnico,volumen,5133.531753,,unidades,2026-07-01,2026-09-04T15:50:40Z,Coinbase,2,,,engine/technical/README.md,
ETH,crypto,tecnico,volumen,6288.179469,,unidades,2026-07-02,2026-09-04T15:50:40Z,Coinbase,2,,,engine/technical/README.md,
ETH,crypto,tecnico,volumen,2803.409934,,unidades,2026-07-03,2026-09-04T15:50:40Z,Coinbase,2,,,engine/technical/README.md,
ETH,crypto,tecnico,volumen,1772.363445,,unidades,2026-07-04,2026-09-04T15:50:40Z,Coinbase,2,,,engine/technical/README.md,
ETH,crypto,tecnico,volumen,2203.847365,,unidades,2026-07-05,2026-09-04T15:50:40Z,Coinbase,2,,,engine/technical/README.md,
ETH,crypto,tecnico,volumen,4539.581685,,unidades,2026-07-06,2026-09-04T15:50:40Z,Coinbase,2,,,engine/technical/README.md,
ETH,crypto,tecnico,volumen,3107.558018,,unidades,2026-07-07,2026-09-04T15:50:40Z,Coinbase,2,,,engine/technical/README.md,
ETH,crypto,tecnico,volumen,3495.804487,,unidades,2026-07-08,2026-09-04T15:50:40Z,Coinbase,2,,,engine/technical/README.md,
ETH,crypto,tecnico,volumen,2057.225859,,unidades,2026-07-09,2026-09-04T15:50:40Z,Coinbase,2,,,engine/technical/README.md,
ETH,crypto,tecnico,volumen,2908.879761,,unidades,2026-07-10,2026-09-04T15:50:40Z,Coinbase,2,,,engine/technical/README.md,
ETH,crypto,tecnico,volumen,1522.215279,,unidades,2026-07-11,2026-09-04T15:50:40Z,Coinbase,2,,,engine/technical/README.md,
ETH,crypto,tecnico,volumen,1526.074882,,unidades,2026-07-12,2026-09-04T15:50:40Z,Coinbase,2,,,engine/technical/README.md,
ETH,crypto,tecnico,volumen,3646.608465,,unidades,2026-07-13,2026-09-04T15:50:40Z,Coinbase,2,,,engine/technical/README.md,
ETH,crypto,tecnico,volumen,4768.223789,,unidades,2026-07-14,2026-09-04T15:50:40Z,Coinbase,2,,,engine/technical/README.md,
ETH,crypto,tecnico,volumen,3472.683919,,unidades,2026-07-15,2026-09-04T15:50:40Z,Coinbase,2,,,engine/technical/README.md,
ETH,crypto,tecnico,volumen,2477.497513,,unidades,2026-07-16,2026-09-04T15:50:40Z,Coinbase,2,,,engine/technical/README.md,
ETH,crypto,tecnico,volumen,2591.320054,,unidades,2026-07-17,2026-09-04T15:50:40Z,Coinbase,2,,,engine/technical/README.md,
ETH,crypto,tecnico,volumen,960.151794,,unidades,2026-07-18,2026-09-04T15:50:40Z,Coinbase,2,,,engine/technical/README.md,
ETH,crypto,tecnico,volumen,1475.986639,,unidades,2026-07-19,2026-09-04T15:50:40Z,Coinbase,2,,,engine/technical/README.md,
ETH,crypto,tecnico,volumen,3292.892747,,unidades,2026-07-20,2026-09-04T15:50:40Z,Coinbase,2,,,engine/technical/README.md,
ETH,crypto,tecnico,volumen,3058.864586,,unidades,2026-07-21,2026-09-04T15:50:40Z,Coinbase,2,,,engine/technical/README.md,
ETH,crypto,tecnico,volumen,3150.397846,,unidades,2026-07-22,2026-09-04T15:50:40Z,Coinbase,2,,,engine/technical/README.md,
ETH,crypto,tecnico,volumen,3697.883348,,unidades,2026-07-23,2026-09-04T15:50:40Z,Coinbase,2,,,engine/technical/README.md,
ETH,crypto,tecnico,volumen,2867.861167,,unidades,2026-07-24,2026-09-04T15:50:40Z,Coinbase,2,,,engine/technical/README.md,
ETH,crypto,tecnico,volumen,1042.260504,,unidades,2026-07-25,2026-09-04T15:50:40Z,Coinbase,2,,,engine/technical/README.md,
ETH,crypto,tecnico,volumen,1327.513974,,unidades,2026-07-26,2026-09-04T15:50:40Z,Coinbase,2,,,engine/technical/README.md,
ETH,crypto,tecnico,volumen,3840.501859,,unidades,2026-07-27,2026-09-04T15:50:40Z,Coinbase,2,,,engine/technical/README.md,
ETH,crypto,tecnico,volumen,3415.929509,,unidades,2026-07-28,2026-09-04T15:50:40Z,Coinbase,2,,,engine/technical/README.md,
ETH,crypto,tecnico,volumen,3605.62415,,unidades,2026-07-29,2026-09-04T15:50:40Z,Coinbase,2,,,engine/technical/README.md,
ETH,crypto,tecnico,volumen,2375.217091,,unidades,2026-07-30,2026-09-04T15:50:40Z,Coinbase,2,,,engine/technical/README.md,
ETH,crypto,tecnico,volumen,3233.053241,,unidades,2026-07-31,2026-09-04T15:50:40Z,Coinbase,2,,,engine/technical/README.md,
ETH,crypto,tecnico,volumen,1498.336471,,unidades,2026-08-01,2026-09-04T15:50:40Z,Coinbase,2,,,engine/technical/README.md,
ETH,crypto,tecnico,volumen,1446.613333,,unidades,2026-08-02,2026-09-04T15:50:40Z,Coinbase,2,,,engine/technical/README.md,
ETH,crypto,tecnico,volumen,2036.859174,,unidades,2026-08-03,2026-09-04T15:50:40Z,Coinbase,2,,,engine/technical/README.md,
ETH,crypto,tecnico,volumen,2271.979543,,unidades,2026-08-04,2026-09-04T15:50:40Z,Coinbase,2,,,engine/technical/README.md,
ETH,crypto,tecnico,volumen,2992.541129,,unidades,2026-08-05,2026-09-04T15:50:40Z,Coinbase,2,,,engine/technical/README.md,
ETH,crypto,tecnico,volumen,2457.326499,,unidades,2026-08-06,2026-09-04T15:50:40Z,Coinbase,2,,,engine/technical/README.md,
ETH,crypto,tecnico,volumen,2526.488936,,unidades,2026-08-07,2026-09-04T15:50:40Z,Coinbase,2,,,engine/technical/README.md,
ETH,crypto,tecnico,volumen,786.20208,,unidades,2026-08-08,2026-09-04T15:50:40Z,Coinbase,2,,,engine/technical/README.md,
ETH,crypto,tecnico,volumen,948.238042,,unidades,2026-08-09,2026-09-04T15:50:40Z,Coinbase,2,,,engine/technical/README.md,
ETH,crypto,tecnico,volumen,2483.045607,,unidades,2026-08-10,2026-09-04T15:50:40Z,Coinbase,2,,,engine/technical/README.md,
ETH,crypto,tecnico,volumen,1949.00265,,unidades,2026-08-11,2026-09-04T15:50:40Z,Coinbase,2,,,engine/technical/README.md,
ETH,crypto,tecnico,volumen,2193.244072,,unidades,2026-08-12,2026-09-04T15:50:40Z,Coinbase,2,,,engine/technical/README.md,
ETH,crypto,tecnico,volumen,2040.777642,,unidades,2026-08-13,2026-09-04T15:50:40Z,Coinbase,2,,,engine/technical/README.md,
ETH,crypto,tecnico,volumen,1783.571394,,unidades,2026-08-14,2026-09-04T15:50:40Z,Coinbase,2,,,engine/technical/README.md,
ETH,crypto,tecnico,volumen,822.843141,,unidades,2026-08-15,2026-09-04T15:50:40Z,Coinbase,2,,,engine/technical/README.md,
ETH,crypto,tecnico,volumen,1025.530284,,unidades,2026-08-16,2026-09-04T15:50:40Z,Coinbase,2,,,engine/technical/README.md,
ETH,crypto,tecnico,volumen,2160.670783,,unidades,2026-08-17,2026-09-04T15:50:40Z,Coinbase,2,,,engine/technical/README.md,
ETH,crypto,tecnico,volumen,2038.115389,,unidades,2026-08-18,2026-09-04T15:50:40Z,Coinbase,2,,,engine/technical/README.md,
ETH,crypto,tecnico,volumen,8754.311451,,unidades,2026-08-19,2026-09-04T15:50:40Z,Coinbase,2,,,engine/technical/README.md,
ETH,crypto,tecnico,volumen,6247.56231,,unidades,2026-08-20,2026-09-04T15:50:40Z,Coinbase,2,,,engine/technical/README.md,
ETH,crypto,tecnico,volumen,6580.45954,,unidades,2026-08-21,2026-09-04T15:50:40Z,Coinbase,2,,,engine/technical/README.md,
ETH,crypto,tecnico,volumen,3401.447971,,unidades,2026-08-22,2026-09-04T15:50:40Z,Coinbase,2,,,engine/technical/README.md,
ETH,crypto,tecnico,volumen,2457.85547,,unidades,2026-08-23,2026-09-04T15:50:40Z,Coinbase,2,,,engine/technical/README.md,
ETH,crypto,tecnico,volumen,4859.844622,,unidades,2026-08-24,2026-09-04T15:50:40Z,Coinbase,2,,,engine/technical/README.md,
ETH,crypto,tecnico,volumen,3845.95915,,unidades,2026-08-25,2026-09-04T15:50:40Z,Coinbase,2,,,engine/technical/README.md,
ETH,crypto,tecnico,volumen,2815.027095,,unidades,2026-08-26,2026-09-04T15:50:40Z,Coinbase,2,,,engine/technical/README.md,
ETH,crypto,tecnico,volumen,2887.035295,,unidades,2026-08-27,2026-09-04T15:50:40Z,Coinbase,2,,,engine/technical/README.md,
ETH,crypto,tecnico,volumen,2824.234167,,unidades,2026-08-28,2026-09-04T15:50:40Z,Coinbase,2,,,engine/technical/README.md,
ETH,crypto,tecnico,volumen,1312.895288,,unidades,2026-08-29,2026-09-04T15:50:40Z,Coinbase,2,,,engine/technical/README.md,
ETH,crypto,tecnico,volumen,1715.188156,,unidades,2026-08-30,2026-09-04T15:50:40Z,Coinbase,2,,,engine/technical/README.md,
ETH,crypto,tecnico,volumen,2695.538179,,unidades,2026-08-31,2026-09-04T15:50:40Z,Coinbase,2,,,engine/technical/README.md,
ETH,crypto,tecnico,volumen,5313.866328,,unidades,2026-09-01,2026-09-04T15:50:40Z,Coinbase,2,,,engine/technical/README.md,
ETH,crypto,tecnico,volumen,2831.688555,,unidades,2026-09-02,2026-09-04T15:50:40Z,Coinbase,2,,,engine/technical/README.md,
