asset_id,asset_type,domain,metric,value,value_text,unit,data_as_of,retrieved_at,source,source_priority,confidence_pct,data_quality_pct,calculation_method,source_url
IBM,equity,fundamental,analyst_n_analistas,25.0,,analistas,2026-06-30,2026-09-03T12:15:39Z,Alpha Vantage,2,,75,engine/equity/README.md,
IBM,equity,fundamental,analyst_target_price,244.91,,USD,2026-06-30,2026-09-03T12:15:39Z,Alpha Vantage,2,,75,engine/equity/README.md,
IBM,equity,fundamental,analyst_upside_pct,5.7,,%,2026-06-30,2026-09-03T12:15:39Z,Alpha Vantage,2,,75,engine/equity/README.md,
IBM,equity,fundamental,earnings_beats_8q,7.0,,trimestres,2026-07-22,2026-09-03T12:15:39Z,Alpha Vantage,2,,75,engine/equity/README.md,
IBM,equity,fundamental,earnings_misses_8q,0.0,,trimestres,2026-07-22,2026-09-03T12:15:39Z,Alpha Vantage,2,,75,engine/equity/README.md,
IBM,equity,fundamental,earnings_surprise_avg_pct,5.43,,%,2026-07-22,2026-09-03T12:15:39Z,Alpha Vantage,2,,75,engine/equity/README.md,
IBM,equity,fundamental,earnings_surprise_last_pct,0.0,,%,2026-07-22,2026-09-03T12:15:39Z,Alpha Vantage,2,,75,engine/equity/README.md,
IBM,equity,fundamental,eps,11.25,,USD,2026-07-22,2026-09-03T12:15:39Z,Alpha Vantage,2,,75,engine/equity/README.md,
IBM,equity,fundamental,operating_margin_pct,16.6,,%,2026-07-22,2026-09-03T12:15:39Z,Alpha Vantage,2,,75,engine/equity/README.md,
IBM,equity,fundamental,pe_ratio,20.57,,ratio,2026-06-30,2026-09-03T11:40:59Z,Alpha Vantage,2,,75,engine/equity/README.md,
IBM,equity,fundamental,peg_ratio,2.44,,ratio,2026-06-30,2026-09-03T11:40:59Z,Alpha Vantage,2,,75,engine/equity/README.md,
IBM,equity,fundamental,profit_margin_pct,15.5,,%,2026-07-22,2026-09-03T12:15:39Z,Alpha Vantage,2,,75,engine/equity/README.md,
IBM,equity,fundamental,revenue_growth_yoy_pct,1.1,,%,2026-07-22,2026-09-03T11:40:59Z,Alpha Vantage,2,,75,engine/equity/README.md,
IBM,equity,fundamental,roe_pct,34.5,,%,2026-07-22,2026-09-03T11:40:59Z,Alpha Vantage,2,,75,engine/equity/README.md,
IBM,equity,tecnico,atr14,6.335001,,USD,2026-01-02,2026-09-04T20:02:00Z,Yahoo Finance,2,,,engine/technical/README.md,
IBM,equity,tecnico,atr14,6.431787,,USD,2026-01-05,2026-09-04T20:02:00Z,Yahoo Finance,2,,,engine/technical/README.md,
IBM,equity,tecnico,atr14,6.588087,,USD,2026-01-06,2026-09-04T20:02:00Z,Yahoo Finance,2,,,engine/technical/README.md,
IBM,equity,tecnico,atr14,6.68608,,USD,2026-01-07,2026-09-04T20:02:00Z,Yahoo Finance,2,,,engine/technical/README.md,
IBM,equity,tecnico,atr14,6.82779,,USD,2026-01-08,2026-09-04T20:02:00Z,Yahoo Finance,2,,,engine/technical/README.md,
IBM,equity,tecnico,atr14,6.697233,,USD,2026-01-09,2026-09-04T20:02:00Z,Yahoo Finance,2,,,engine/technical/README.md,
IBM,equity,tecnico,atr14,7.102431,,USD,2026-01-12,2026-09-04T20:02:00Z,Yahoo Finance,2,,,engine/technical/README.md,
IBM,equity,tecnico,atr14,7.376543,,USD,2026-01-13,2026-09-04T20:02:00Z,Yahoo Finance,2,,,engine/technical/README.md,
IBM,equity,tecnico,atr14,7.398933,,USD,2026-01-14,2026-09-04T20:02:00Z,Yahoo Finance,2,,,engine/technical/README.md,
IBM,equity,tecnico,atr14,7.930437,,USD,2026-01-15,2026-09-04T20:02:00Z,Yahoo Finance,2,,,engine/technical/README.md,
IBM,equity,tecnico,atr14,8.042549,,USD,2026-01-16,2026-09-04T20:02:00Z,Yahoo Finance,2,,,engine/technical/README.md,
IBM,equity,tecnico,atr14,8.575939,,USD,2026-01-20,2026-09-04T20:02:00Z,Yahoo Finance,2,,,engine/technical/README.md,
IBM,equity,tecnico,atr14,8.414801,,USD,2026-01-21,2026-09-04T20:02:00Z,Yahoo Finance,2,,,engine/technical/README.md,
IBM,equity,tecnico,atr14,8.342315,,USD,2026-01-22,2026-09-04T20:02:00Z,Yahoo Finance,2,,,engine/technical/README.md,
IBM,equity,tecnico,atr14,8.095007,,USD,2026-01-23,2026-09-04T20:02:00Z,Yahoo Finance,2,,,engine/technical/README.md,
IBM,equity,tecnico,atr14,7.82965,,USD,2026-01-26,2026-09-04T20:02:00Z,Yahoo Finance,2,,,engine/technical/README.md,
IBM,equity,tecnico,atr14,7.560389,,USD,2026-01-27,2026-09-04T20:02:00Z,Yahoo Finance,2,,,engine/technical/README.md,
IBM,equity,tecnico,atr14,7.355361,,USD,2026-01-28,2026-09-04T20:02:00Z,Yahoo Finance,2,,,engine/technical/README.md,
IBM,equity,tecnico,atr14,8.668549,,USD,2026-01-29,2026-09-04T20:02:00Z,Yahoo Finance,2,,,engine/technical/README.md,
IBM,equity,tecnico,atr14,8.728651,,USD,2026-01-30,2026-09-04T20:02:00Z,Yahoo Finance,2,,,engine/technical/README.md,
IBM,equity,tecnico,atr14,8.835891,,USD,2026-02-02,2026-09-04T20:02:00Z,Yahoo Finance,2,,,engine/technical/README.md,
IBM,equity,tecnico,atr14,10.410471,,USD,2026-02-03,2026-09-04T20:02:00Z,Yahoo Finance,2,,,engine/technical/README.md,
IBM,equity,tecnico,atr14,10.763295,,USD,2026-02-04,2026-09-04T20:02:00Z,Yahoo Finance,2,,,engine/technical/README.md,
IBM,equity,tecnico,atr14,10.473773,,USD,2026-02-05,2026-09-04T20:02:00Z,Yahoo Finance,2,,,engine/technical/README.md,
IBM,equity,tecnico,atr14,10.439932,,USD,2026-02-06,2026-09-04T20:02:00Z,Yahoo Finance,2,,,engine/technical/README.md,
IBM,equity,tecnico,atr14,10.23065,,USD,2026-02-09,2026-09-04T20:02:00Z,Yahoo Finance,2,,,engine/technical/README.md,
IBM,equity,tecnico,atr14,10.019889,,USD,2026-02-10,2026-09-04T20:02:00Z,Yahoo Finance,2,,,engine/technical/README.md,
IBM,equity,tecnico,atr14,10.814184,,USD,2026-02-11,2026-09-04T20:02:00Z,Yahoo Finance,2,,,engine/technical/README.md,
IBM,equity,tecnico,atr14,11.155313,,USD,2026-02-12,2026-09-04T20:02:00Z,Yahoo Finance,2,,,engine/technical/README.md,
IBM,equity,tecnico,atr14,10.931361,,USD,2026-02-13,2026-09-04T20:02:00Z,Yahoo Finance,2,,,engine/technical/README.md,
IBM,equity,tecnico,atr14,10.702694,,USD,2026-02-17,2026-09-04T20:02:00Z,Yahoo Finance,2,,,engine/technical/README.md,
IBM,equity,tecnico,atr14,10.285357,,USD,2026-02-18,2026-09-04T20:02:00Z,Yahoo Finance,2,,,engine/technical/README.md,
IBM,equity,tecnico,atr14,10.07069,,USD,2026-02-19,2026-09-04T20:02:00Z,Yahoo Finance,2,,,engine/technical/README.md,
IBM,equity,tecnico,atr14,9.725641,,USD,2026-02-20,2026-09-04T20:02:00Z,Yahoo Finance,2,,,engine/technical/README.md,
IBM,equity,tecnico,atr14,11.63381,,USD,2026-02-23,2026-09-04T20:02:00Z,Yahoo Finance,2,,,engine/technical/README.md,
IBM,equity,tecnico,atr14,11.748537,,USD,2026-02-24,2026-09-04T20:02:00Z,Yahoo Finance,2,,,engine/technical/README.md,
IBM,equity,tecnico,atr14,11.64007,,USD,2026-02-25,2026-09-04T20:02:00Z,Yahoo Finance,2,,,engine/technical/README.md,
IBM,equity,tecnico,atr14,11.519351,,USD,2026-02-26,2026-09-04T20:02:00Z,Yahoo Finance,2,,,engine/technical/README.md,
IBM,equity,tecnico,atr14,11.227968,,USD,2026-02-27,2026-09-04T20:02:00Z,Yahoo Finance,2,,,engine/technical/README.md,
IBM,equity,tecnico,atr14,10.92597,,USD,2026-03-02,2026-09-04T20:02:00Z,Yahoo Finance,2,,,engine/technical/README.md,
IBM,equity,tecnico,atr14,10.988401,,USD,2026-03-03,2026-09-04T20:02:00Z,Yahoo Finance,2,,,engine/technical/README.md,
IBM,equity,tecnico,atr14,10.62423,,USD,2026-03-04,2026-09-04T20:02:00Z,Yahoo Finance,2,,,engine/technical/README.md,
IBM,equity,tecnico,atr14,10.678214,,USD,2026-03-05,2026-09-04T20:02:00Z,Yahoo Finance,2,,,engine/technical/README.md,
IBM,equity,tecnico,atr14,10.429055,,USD,2026-03-06,2026-09-04T20:02:00Z,Yahoo Finance,2,,,engine/technical/README.md,
IBM,equity,tecnico,atr14,10.204122,,USD,2026-03-09,2026-09-04T20:02:00Z,Yahoo Finance,2,,,engine/technical/README.md,
IBM,equity,tecnico,atr14,9.967399,,USD,2026-03-10,2026-09-04T20:02:00Z,Yahoo Finance,2,,,engine/technical/README.md,
IBM,equity,tecnico,atr14,9.721157,,USD,2026-03-11,2026-09-04T20:02:00Z,Yahoo Finance,2,,,engine/technical/README.md,
IBM,equity,tecnico,atr14,9.341788,,USD,2026-03-12,2026-09-04T20:02:00Z,Yahoo Finance,2,,,engine/technical/README.md,
IBM,equity,tecnico,atr14,9.032375,,USD,2026-03-13,2026-09-04T20:02:00Z,Yahoo Finance,2,,,engine/technical/README.md,
IBM,equity,tecnico,atr14,8.822919,,USD,2026-03-16,2026-09-04T20:02:00Z,Yahoo Finance,2,,,engine/technical/README.md,
IBM,equity,tecnico,atr14,8.702711,,USD,2026-03-17,2026-09-04T20:02:00Z,Yahoo Finance,2,,,engine/technical/README.md,
IBM,equity,tecnico,atr14,8.661089,,USD,2026-03-18,2026-09-04T20:02:00Z,Yahoo Finance,2,,,engine/technical/README.md,
IBM,equity,tecnico,atr14,8.323868,,USD,2026-03-19,2026-09-04T20:02:00Z,Yahoo Finance,2,,,engine/technical/README.md,
IBM,equity,tecnico,atr14,8.343591,,USD,2026-03-20,2026-09-04T20:02:00Z,Yahoo Finance,2,,,engine/technical/README.md,
IBM,equity,tecnico,atr14,8.431906,,USD,2026-03-23,2026-09-04T20:02:00Z,Yahoo Finance,2,,,engine/technical/README.md,
IBM,equity,tecnico,atr14,8.575342,,USD,2026-03-24,2026-09-04T20:02:00Z,Yahoo Finance,2,,,engine/technical/README.md,
IBM,equity,tecnico,atr14,8.547817,,USD,2026-03-25,2026-09-04T20:02:00Z,Yahoo Finance,2,,,engine/technical/README.md,
IBM,equity,tecnico,atr14,8.427973,,USD,2026-03-26,2026-09-04T20:02:00Z,Yahoo Finance,2,,,engine/technical/README.md,
IBM,equity,tecnico,atr14,8.391689,,USD,2026-03-27,2026-09-04T20:02:00Z,Yahoo Finance,2,,,engine/technical/README.md,
IBM,equity,tecnico,atr14,8.083711,,USD,2026-03-30,2026-09-04T20:02:00Z,Yahoo Finance,2,,,engine/technical/README.md,
IBM,equity,tecnico,atr14,7.968446,,USD,2026-03-31,2026-09-04T20:02:00Z,Yahoo Finance,2,,,engine/technical/README.md,
IBM,equity,tecnico,atr14,7.836414,,USD,2026-04-01,2026-09-04T20:02:00Z,Yahoo Finance,2,,,engine/technical/README.md,
IBM,equity,tecnico,atr14,7.75667,,USD,2026-04-02,2026-09-04T20:02:00Z,Yahoo Finance,2,,,engine/technical/README.md,
IBM,equity,tecnico,atr14,7.499765,,USD,2026-04-06,2026-09-04T20:02:00Z,Yahoo Finance,2,,,engine/technical/README.md,
IBM,equity,tecnico,atr14,7.366924,,USD,2026-04-07,2026-09-04T20:02:00Z,Yahoo Finance,2,,,engine/technical/README.md,
IBM,equity,tecnico,atr14,7.497858,,USD,2026-04-08,2026-09-04T20:02:00Z,Yahoo Finance,2,,,engine/technical/README.md,
IBM,equity,tecnico,atr14,7.532297,,USD,2026-04-09,2026-09-04T20:02:00Z,Yahoo Finance,2,,,engine/technical/README.md,
IBM,equity,tecnico,atr14,7.619991,,USD,2026-04-10,2026-09-04T20:02:00Z,Yahoo Finance,2,,,engine/technical/README.md,
IBM,equity,tecnico,atr14,7.59785,,USD,2026-04-13,2026-09-04T20:02:00Z,Yahoo Finance,2,,,engine/technical/README.md,
IBM,equity,tecnico,atr14,7.32086,,USD,2026-04-14,2026-09-04T20:02:00Z,Yahoo Finance,2,,,engine/technical/README.md,
IBM,equity,tecnico,atr14,7.211512,,USD,2026-04-15,2026-09-04T20:02:00Z,Yahoo Finance,2,,,engine/technical/README.md,
IBM,equity,tecnico,atr14,7.154975,,USD,2026-04-16,2026-09-04T20:02:00Z,Yahoo Finance,2,,,engine/technical/README.md,
IBM,equity,tecnico,atr14,6.976048,,USD,2026-04-17,2026-09-04T20:02:00Z,Yahoo Finance,2,,,engine/technical/README.md,
IBM,equity,tecnico,atr14,6.902045,,USD,2026-04-20,2026-09-04T20:02:00Z,Yahoo Finance,2,,,engine/technical/README.md,
IBM,equity,tecnico,atr14,6.853327,,USD,2026-04-21,2026-09-04T20:02:00Z,Yahoo Finance,2,,,engine/technical/README.md,
IBM,equity,tecnico,atr14,7.101661,,USD,2026-04-22,2026-09-04T20:02:00Z,Yahoo Finance,2,,,engine/technical/README.md,
IBM,equity,tecnico,atr14,8.746543,,USD,2026-04-23,2026-09-04T20:02:00Z,Yahoo Finance,2,,,engine/technical/README.md,
IBM,equity,tecnico,atr14,8.678933,,USD,2026-04-24,2026-09-04T20:02:00Z,Yahoo Finance,2,,,engine/technical/README.md,
IBM,equity,tecnico,atr14,8.406152,,USD,2026-04-27,2026-09-04T20:02:00Z,Yahoo Finance,2,,,engine/technical/README.md,
IBM,equity,tecnico,atr14,8.199284,,USD,2026-04-28,2026-09-04T20:02:00Z,Yahoo Finance,2,,,engine/technical/README.md,
IBM,equity,tecnico,atr14,8.057905,,USD,2026-04-29,2026-09-04T20:02:00Z,Yahoo Finance,2,,,engine/technical/README.md,
IBM,equity,tecnico,atr14,7.960913,,USD,2026-04-30,2026-09-04T20:02:00Z,Yahoo Finance,2,,,engine/technical/README.md,
IBM,equity,tecnico,atr14,7.747276,,USD,2026-05-01,2026-09-04T20:02:00Z,Yahoo Finance,2,,,engine/technical/README.md,
IBM,equity,tecnico,atr14,7.584614,,USD,2026-05-04,2026-09-04T20:02:00Z,Yahoo Finance,2,,,engine/technical/README.md,
IBM,equity,tecnico,atr14,7.317856,,USD,2026-05-05,2026-09-04T20:02:00Z,Yahoo Finance,2,,,engine/technical/README.md,
IBM,equity,tecnico,atr14,7.127295,,USD,2026-05-06,2026-09-04T20:02:00Z,Yahoo Finance,2,,,engine/technical/README.md,
IBM,equity,tecnico,atr14,7.052488,,USD,2026-05-07,2026-09-04T20:02:00Z,Yahoo Finance,2,,,engine/technical/README.md,
IBM,equity,tecnico,atr14,7.011596,,USD,2026-05-08,2026-09-04T20:02:00Z,Yahoo Finance,2,,,engine/technical/README.md,
IBM,equity,tecnico,atr14,7.059338,,USD,2026-05-11,2026-09-04T20:02:00Z,Yahoo Finance,2,,,engine/technical/README.md,
IBM,equity,tecnico,atr14,6.927242,,USD,2026-05-12,2026-09-04T20:02:00Z,Yahoo Finance,2,,,engine/technical/README.md,
IBM,equity,tecnico,atr14,6.923868,,USD,2026-05-13,2026-09-04T20:02:00Z,Yahoo Finance,2,,,engine/technical/README.md,
IBM,equity,tecnico,atr14,6.880735,,USD,2026-05-14,2026-09-04T20:02:00Z,Yahoo Finance,2,,,engine/technical/README.md,
IBM,equity,tecnico,atr14,6.624255,,USD,2026-05-15,2026-09-04T20:02:00Z,Yahoo Finance,2,,,engine/technical/README.md,
IBM,equity,tecnico,atr14,6.549665,,USD,2026-05-18,2026-09-04T20:02:00Z,Yahoo Finance,2,,,engine/technical/README.md,
IBM,equity,tecnico,atr14,6.46969,,USD,2026-05-19,2026-09-04T20:02:00Z,Yahoo Finance,2,,,engine/technical/README.md,
IBM,equity,tecnico,atr14,6.594712,,USD,2026-05-20,2026-09-04T20:02:00Z,Yahoo Finance,2,,,engine/technical/README.md,
IBM,equity,tecnico,atr14,8.168661,,USD,2026-05-21,2026-09-04T20:02:00Z,Yahoo Finance,2,,,engine/technical/README.md,
IBM,equity,tecnico,atr14,8.400186,,USD,2026-05-22,2026-09-04T20:02:00Z,Yahoo Finance,2,,,engine/technical/README.md,
IBM,equity,tecnico,atr14,8.450173,,USD,2026-05-26,2026-09-04T20:02:00Z,Yahoo Finance,2,,,engine/technical/README.md,
IBM,equity,tecnico,atr14,8.358017,,USD,2026-05-27,2026-09-04T20:02:00Z,Yahoo Finance,2,,,engine/technical/README.md,
IBM,equity,tecnico,atr14,8.738874,,USD,2026-05-28,2026-09-04T20:02:00Z,Yahoo Finance,2,,,engine/technical/README.md,
IBM,equity,tecnico,atr14,10.741812,,USD,2026-05-29,2026-09-04T20:02:00Z,Yahoo Finance,2,,,engine/technical/README.md,
IBM,equity,tecnico,atr14,12.130255,,USD,2026-06-01,2026-09-04T20:02:00Z,Yahoo Finance,2,,,engine/technical/README.md,
IBM,equity,tecnico,atr14,12.860238,,USD,2026-06-02,2026-09-04T20:02:00Z,Yahoo Finance,2,,,engine/technical/README.md,
IBM,equity,tecnico,atr14,13.848793,,USD,2026-06-03,2026-09-04T20:02:00Z,Yahoo Finance,2,,,engine/technical/README.md,
IBM,equity,tecnico,atr14,13.592451,,USD,2026-06-04,2026-09-04T20:02:00Z,Yahoo Finance,2,,,engine/technical/README.md,
IBM,equity,tecnico,atr14,14.137989,,USD,2026-06-05,2026-09-04T20:02:00Z,Yahoo Finance,2,,,engine/technical/README.md,
IBM,equity,tecnico,atr14,13.918847,,USD,2026-06-08,2026-09-04T20:02:00Z,Yahoo Finance,2,,,engine/technical/README.md,
IBM,equity,tecnico,atr14,13.803215,,USD,2026-06-09,2026-09-04T20:02:00Z,Yahoo Finance,2,,,engine/technical/README.md,
IBM,equity,tecnico,atr14,13.472987,,USD,2026-06-10,2026-09-04T20:02:00Z,Yahoo Finance,2,,,engine/technical/README.md,
IBM,equity,tecnico,atr14,13.223488,,USD,2026-06-11,2026-09-04T20:02:00Z,Yahoo Finance,2,,,engine/technical/README.md,
IBM,equity,tecnico,atr14,13.08324,,USD,2026-06-12,2026-09-04T20:02:00Z,Yahoo Finance,2,,,engine/technical/README.md,
IBM,equity,tecnico,atr14,12.680867,,USD,2026-06-15,2026-09-04T20:02:00Z,Yahoo Finance,2,,,engine/technical/README.md,
IBM,equity,tecnico,atr14,12.347234,,USD,2026-06-16,2026-09-04T20:02:00Z,Yahoo Finance,2,,,engine/technical/README.md,
IBM,equity,tecnico,atr14,12.103145,,USD,2026-06-17,2026-09-04T20:02:00Z,Yahoo Finance,2,,,engine/technical/README.md,
IBM,equity,tecnico,atr14,12.572207,,USD,2026-06-18,2026-09-04T20:02:00Z,Yahoo Finance,2,,,engine/technical/README.md,
IBM,equity,tecnico,atr14,12.352764,,USD,2026-06-22,2026-09-04T20:02:00Z,Yahoo Finance,2,,,engine/technical/README.md,
IBM,equity,tecnico,atr14,12.563995,,USD,2026-06-23,2026-09-04T20:02:00Z,Yahoo Finance,2,,,engine/technical/README.md,
IBM,equity,tecnico,atr14,12.301568,,USD,2026-06-24,2026-09-04T20:02:00Z,Yahoo Finance,2,,,engine/technical/README.md,
IBM,equity,tecnico,atr14,12.334314,,USD,2026-06-25,2026-09-04T20:02:00Z,Yahoo Finance,2,,,engine/technical/README.md,
IBM,equity,tecnico,atr14,12.515436,,USD,2026-06-26,2026-09-04T20:02:00Z,Yahoo Finance,2,,,engine/technical/README.md,
IBM,equity,tecnico,atr14,12.270762,,USD,2026-06-29,2026-09-04T20:02:00Z,Yahoo Finance,2,,,engine/technical/README.md,
IBM,equity,tecnico,atr14,12.212137,,USD,2026-06-30,2026-09-04T20:02:00Z,Yahoo Finance,2,,,engine/technical/README.md,
IBM,equity,tecnico,atr14,12.449127,,USD,2026-07-01,2026-09-04T20:02:00Z,Yahoo Finance,2,,,engine/technical/README.md,
IBM,equity,tecnico,atr14,12.17776,,USD,2026-07-02,2026-09-04T20:02:00Z,Yahoo Finance,2,,,engine/technical/README.md,
IBM,equity,tecnico,atr14,12.248635,,USD,2026-07-06,2026-09-04T20:02:00Z,Yahoo Finance,2,,,engine/technical/README.md,
IBM,equity,tecnico,atr14,12.250876,,USD,2026-07-07,2026-09-04T20:02:00Z,Yahoo Finance,2,,,engine/technical/README.md,
IBM,equity,tecnico,atr14,12.128671,,USD,2026-07-08,2026-09-04T20:02:00Z,Yahoo Finance,2,,,engine/technical/README.md,
IBM,equity,tecnico,atr14,12.520193,,USD,2026-07-09,2026-09-04T20:02:00Z,Yahoo Finance,2,,,engine/technical/README.md,
IBM,equity,tecnico,atr14,12.430893,,USD,2026-07-10,2026-09-04T20:02:00Z,Yahoo Finance,2,,,engine/technical/README.md,
IBM,equity,tecnico,atr14,12.252972,,USD,2026-07-13,2026-09-04T20:02:00Z,Yahoo Finance,2,,,engine/technical/README.md,
IBM,equity,tecnico,atr14,16.878475,,USD,2026-07-14,2026-09-04T20:02:00Z,Yahoo Finance,2,,,engine/technical/README.md,
IBM,equity,tecnico,atr14,16.585727,,USD,2026-07-15,2026-09-04T20:02:00Z,Yahoo Finance,2,,,engine/technical/README.md,
IBM,equity,tecnico,atr14,16.508889,,USD,2026-07-16,2026-09-04T20:02:00Z,Yahoo Finance,2,,,engine/technical/README.md,
IBM,equity,tecnico,atr14,15.960397,,USD,2026-07-17,2026-09-04T20:02:00Z,Yahoo Finance,2,,,engine/technical/README.md,
IBM,equity,tecnico,atr14,15.353225,,USD,2026-07-20,2026-09-04T20:02:00Z,Yahoo Finance,2,,,engine/technical/README.md,
IBM,equity,tecnico,atr14,14.670138,,USD,2026-07-21,2026-09-04T20:02:00Z,Yahoo Finance,2,,,engine/technical/README.md,
IBM,equity,tecnico,atr14,14.165842,,USD,2026-07-22,2026-09-04T20:02:00Z,Yahoo Finance,2,,,engine/technical/README.md,
IBM,equity,tecnico,atr14,13.751139,,USD,2026-07-23,2026-09-04T20:02:00Z,Yahoo Finance,2,,,engine/technical/README.md,
IBM,equity,tecnico,atr14,13.443916,,USD,2026-07-24,2026-09-04T20:02:00Z,Yahoo Finance,2,,,engine/technical/README.md,
IBM,equity,tecnico,atr14,12.872208,,USD,2026-07-27,2026-09-04T20:02:00Z,Yahoo Finance,2,,,engine/technical/README.md,
IBM,equity,tecnico,atr14,12.943479,,USD,2026-07-28,2026-09-04T20:02:00Z,Yahoo Finance,2,,,engine/technical/README.md,
IBM,equity,tecnico,atr14,12.520373,,USD,2026-07-29,2026-09-04T20:02:00Z,Yahoo Finance,2,,,engine/technical/README.md,
IBM,equity,tecnico,atr14,12.071776,,USD,2026-07-30,2026-09-04T20:02:00Z,Yahoo Finance,2,,,engine/technical/README.md,
IBM,equity,tecnico,atr14,11.793077,,USD,2026-07-31,2026-09-04T20:02:00Z,Yahoo Finance,2,,,engine/technical/README.md,
IBM,equity,tecnico,atr14,11.300715,,USD,2026-08-03,2026-09-04T20:02:00Z,Yahoo Finance,2,,,engine/technical/README.md,
IBM,equity,tecnico,atr14,11.351378,,USD,2026-08-04,2026-09-04T20:02:00Z,Yahoo Finance,2,,,engine/technical/README.md,
IBM,equity,tecnico,atr14,10.933422,,USD,2026-08-05,2026-09-04T20:02:00Z,Yahoo Finance,2,,,engine/technical/README.md,
IBM,equity,tecnico,atr14,10.686749,,USD,2026-08-06,2026-09-04T20:02:00Z,Yahoo Finance,2,,,engine/technical/README.md,
IBM,equity,tecnico,atr14,10.251982,,USD,2026-08-07,2026-09-04T20:02:00Z,Yahoo Finance,2,,,engine/technical/README.md,
IBM,equity,tecnico,atr14,9.99184,,USD,2026-08-10,2026-09-04T20:02:00Z,Yahoo Finance,2,,,engine/technical/README.md,
IBM,equity,tecnico,atr14,9.732423,,USD,2026-08-11,2026-09-04T20:02:00Z,Yahoo Finance,2,,,engine/technical/README.md,
IBM,equity,tecnico,atr14,9.518679,,USD,2026-08-12,2026-09-04T20:02:00Z,Yahoo Finance,2,,,engine/technical/README.md,
IBM,equity,tecnico,atr14,9.274488,,USD,2026-08-13,2026-09-04T20:02:00Z,Yahoo Finance,2,,,engine/technical/README.md,
IBM,equity,tecnico,atr14,8.999167,,USD,2026-08-14,2026-09-04T20:02:00Z,Yahoo Finance,2,,,engine/technical/README.md,
IBM,equity,tecnico,atr14,8.850656,,USD,2026-08-17,2026-09-04T20:02:00Z,Yahoo Finance,2,,,engine/technical/README.md,
IBM,equity,tecnico,atr14,8.618466,,USD,2026-08-18,2026-09-04T20:02:00Z,Yahoo Finance,2,,,engine/technical/README.md,
IBM,equity,tecnico,atr14,8.582147,,USD,2026-08-19,2026-09-04T20:02:00Z,Yahoo Finance,2,,,engine/technical/README.md,
IBM,equity,tecnico,atr14,8.288422,,USD,2026-08-20,2026-09-04T20:02:00Z,Yahoo Finance,2,,,engine/technical/README.md,
IBM,equity,tecnico,atr14,8.096393,,USD,2026-08-21,2026-09-04T20:02:00Z,Yahoo Finance,2,,,engine/technical/README.md,
IBM,equity,tecnico,atr14,7.890221,,USD,2026-08-24,2026-09-04T20:02:00Z,Yahoo Finance,2,,,engine/technical/README.md,
IBM,equity,tecnico,atr14,7.678777,,USD,2026-08-25,2026-09-04T20:02:00Z,Yahoo Finance,2,,,engine/technical/README.md,
IBM,equity,tecnico,atr14,7.506721,,USD,2026-08-26,2026-09-04T20:02:00Z,Yahoo Finance,2,,,engine/technical/README.md,
IBM,equity,tecnico,atr14,7.751955,,USD,2026-08-27,2026-09-04T20:02:00Z,Yahoo Finance,2,,,engine/technical/README.md,
IBM,equity,tecnico,atr14,7.483245,,USD,2026-08-28,2026-09-04T20:02:00Z,Yahoo Finance,2,,,engine/technical/README.md,
IBM,equity,tecnico,atr14,7.217299,,USD,2026-08-31,2026-09-04T20:02:00Z,Yahoo Finance,2,,,engine/technical/README.md,
IBM,equity,tecnico,atr14,6.985349,,USD,2026-09-01,2026-09-04T20:02:00Z,Yahoo Finance,2,,,engine/technical/README.md,
IBM,equity,tecnico,atr14,6.74451,,USD,2026-09-03,2026-09-04T20:02:00Z,Yahoo Finance,2,,,engine/technical/README.md,
IBM,equity,tecnico,atr14,6.583474,,USD,2026-09-04,2026-09-04T20:02:00Z,Yahoo Finance,2,,,engine/technical/README.md,
IBM,equity,tecnico,atr14_pct_precio,2.17,,%,2026-01-02,2026-09-04T20:02:00Z,Yahoo Finance,2,,,engine/technical/README.md,
IBM,equity,tecnico,atr14_pct_precio,2.18,,%,2026-01-05,2026-09-04T20:02:00Z,Yahoo Finance,2,,,engine/technical/README.md,
IBM,equity,tecnico,atr14_pct_precio,2.18,,%,2026-01-06,2026-09-04T20:02:00Z,Yahoo Finance,2,,,engine/technical/README.md,
IBM,equity,tecnico,atr14_pct_precio,2.25,,%,2026-01-07,2026-09-04T20:02:00Z,Yahoo Finance,2,,,engine/technical/README.md,
IBM,equity,tecnico,atr14_pct_precio,2.26,,%,2026-01-08,2026-09-04T20:02:00Z,Yahoo Finance,2,,,engine/technical/README.md,
IBM,equity,tecnico,atr14_pct_precio,2.2,,%,2026-01-09,2026-09-04T20:02:00Z,Yahoo Finance,2,,,engine/technical/README.md,
IBM,equity,tecnico,atr14_pct_precio,2.28,,%,2026-01-12,2026-09-04T20:02:00Z,Yahoo Finance,2,,,engine/technical/README.md,
IBM,equity,tecnico,atr14_pct_precio,2.43,,%,2026-01-13,2026-09-04T20:02:00Z,Yahoo Finance,2,,,engine/technical/README.md,
IBM,equity,tecnico,atr14_pct_precio,2.39,,%,2026-01-14,2026-09-04T20:02:00Z,Yahoo Finance,2,,,engine/technical/README.md,
IBM,equity,tecnico,atr14_pct_precio,2.66,,%,2026-01-15,2026-09-04T20:02:00Z,Yahoo Finance,2,,,engine/technical/README.md,
IBM,equity,tecnico,atr14_pct_precio,2.63,,%,2026-01-16,2026-09-04T20:02:00Z,Yahoo Finance,2,,,engine/technical/README.md,
IBM,equity,tecnico,atr14_pct_precio,2.94,,%,2026-01-20,2026-09-04T20:02:00Z,Yahoo Finance,2,,,engine/technical/README.md,
IBM,equity,tecnico,atr14_pct_precio,2.83,,%,2026-01-21,2026-09-04T20:02:00Z,Yahoo Finance,2,,,engine/technical/README.md,
IBM,equity,tecnico,atr14_pct_precio,2.83,,%,2026-01-22,2026-09-04T20:02:00Z,Yahoo Finance,2,,,engine/technical/README.md,
IBM,equity,tecnico,atr14_pct_precio,2.77,,%,2026-01-23,2026-09-04T20:02:00Z,Yahoo Finance,2,,,engine/technical/README.md,
IBM,equity,tecnico,atr14_pct_precio,2.64,,%,2026-01-26,2026-09-04T20:02:00Z,Yahoo Finance,2,,,engine/technical/README.md,
IBM,equity,tecnico,atr14_pct_precio,2.57,,%,2026-01-27,2026-09-04T20:02:00Z,Yahoo Finance,2,,,engine/technical/README.md,
IBM,equity,tecnico,atr14_pct_precio,2.5,,%,2026-01-28,2026-09-04T20:02:00Z,Yahoo Finance,2,,,engine/technical/README.md,
IBM,equity,tecnico,atr14_pct_precio,2.8,,%,2026-01-29,2026-09-04T20:02:00Z,Yahoo Finance,2,,,engine/technical/README.md,
IBM,equity,tecnico,atr14_pct_precio,2.85,,%,2026-01-30,2026-09-04T20:02:00Z,Yahoo Finance,2,,,engine/technical/README.md,
IBM,equity,tecnico,atr14_pct_precio,2.81,,%,2026-02-02,2026-09-04T20:02:00Z,Yahoo Finance,2,,,engine/technical/README.md,
IBM,equity,tecnico,atr14_pct_precio,3.54,,%,2026-02-03,2026-09-04T20:02:00Z,Yahoo Finance,2,,,engine/technical/README.md,
IBM,equity,tecnico,atr14_pct_precio,3.72,,%,2026-02-04,2026-09-04T20:02:00Z,Yahoo Finance,2,,,engine/technical/README.md,
IBM,equity,tecnico,atr14_pct_precio,3.61,,%,2026-02-05,2026-09-04T20:02:00Z,Yahoo Finance,2,,,engine/technical/README.md,
IBM,equity,tecnico,atr14_pct_precio,3.49,,%,2026-02-06,2026-09-04T20:02:00Z,Yahoo Finance,2,,,engine/technical/README.md,
IBM,equity,tecnico,atr14_pct_precio,3.45,,%,2026-02-09,2026-09-04T20:02:00Z,Yahoo Finance,2,,,engine/technical/README.md,
IBM,equity,tecnico,atr14_pct_precio,3.43,,%,2026-02-10,2026-09-04T20:02:00Z,Yahoo Finance,2,,,engine/technical/README.md,
IBM,equity,tecnico,atr14_pct_precio,3.96,,%,2026-02-11,2026-09-04T20:02:00Z,Yahoo Finance,2,,,engine/technical/README.md,
IBM,equity,tecnico,atr14_pct_precio,4.3,,%,2026-02-12,2026-09-04T20:02:00Z,Yahoo Finance,2,,,engine/technical/README.md,
IBM,equity,tecnico,atr14_pct_precio,4.17,,%,2026-02-13,2026-09-04T20:02:00Z,Yahoo Finance,2,,,engine/technical/README.md,
IBM,equity,tecnico,atr14_pct_precio,4.14,,%,2026-02-17,2026-09-04T20:02:00Z,Yahoo Finance,2,,,engine/technical/README.md,
IBM,equity,tecnico,atr14_pct_precio,3.94,,%,2026-02-18,2026-09-04T20:02:00Z,Yahoo Finance,2,,,engine/technical/README.md,
IBM,equity,tecnico,atr14_pct_precio,3.93,,%,2026-02-19,2026-09-04T20:02:00Z,Yahoo Finance,2,,,engine/technical/README.md,
IBM,equity,tecnico,atr14_pct_precio,3.78,,%,2026-02-20,2026-09-04T20:02:00Z,Yahoo Finance,2,,,engine/technical/README.md,
IBM,equity,tecnico,atr14_pct_precio,5.21,,%,2026-02-23,2026-09-04T20:02:00Z,Yahoo Finance,2,,,engine/technical/README.md,
IBM,equity,tecnico,atr14_pct_precio,5.12,,%,2026-02-24,2026-09-04T20:02:00Z,Yahoo Finance,2,,,engine/technical/README.md,
IBM,equity,tecnico,atr14_pct_precio,4.9,,%,2026-02-25,2026-09-04T20:02:00Z,Yahoo Finance,2,,,engine/technical/README.md,
IBM,equity,tecnico,atr14_pct_precio,4.76,,%,2026-02-26,2026-09-04T20:02:00Z,Yahoo Finance,2,,,engine/technical/README.md,
IBM,equity,tecnico,atr14_pct_precio,4.67,,%,2026-02-27,2026-09-04T20:02:00Z,Yahoo Finance,2,,,engine/technical/README.md,
IBM,equity,tecnico,atr14_pct_precio,4.56,,%,2026-03-02,2026-09-04T20:02:00Z,Yahoo Finance,2,,,engine/technical/README.md,
IBM,equity,tecnico,atr14_pct_precio,4.48,,%,2026-03-03,2026-09-04T20:02:00Z,Yahoo Finance,2,,,engine/technical/README.md,
IBM,equity,tecnico,atr14_pct_precio,4.25,,%,2026-03-04,2026-09-04T20:02:00Z,Yahoo Finance,2,,,engine/technical/README.md,
IBM,equity,tecnico,atr14_pct_precio,4.16,,%,2026-03-05,2026-09-04T20:02:00Z,Yahoo Finance,2,,,engine/technical/README.md,
IBM,equity,tecnico,atr14_pct_precio,4.03,,%,2026-03-06,2026-09-04T20:02:00Z,Yahoo Finance,2,,,engine/technical/README.md,
IBM,equity,tecnico,atr14_pct_precio,4.03,,%,2026-03-09,2026-09-04T20:02:00Z,Yahoo Finance,2,,,engine/technical/README.md,
IBM,equity,tecnico,atr14_pct_precio,3.98,,%,2026-03-10,2026-09-04T20:02:00Z,Yahoo Finance,2,,,engine/technical/README.md,
IBM,equity,tecnico,atr14_pct_precio,3.91,,%,2026-03-11,2026-09-04T20:02:00Z,Yahoo Finance,2,,,engine/technical/README.md,
IBM,equity,tecnico,atr14_pct_precio,3.77,,%,2026-03-12,2026-09-04T20:02:00Z,Yahoo Finance,2,,,engine/technical/README.md,
IBM,equity,tecnico,atr14_pct_precio,3.67,,%,2026-03-13,2026-09-04T20:02:00Z,Yahoo Finance,2,,,engine/technical/README.md,
IBM,equity,tecnico,atr14_pct_precio,3.54,,%,2026-03-16,2026-09-04T20:02:00Z,Yahoo Finance,2,,,engine/technical/README.md,
IBM,equity,tecnico,atr14_pct_precio,3.4,,%,2026-03-17,2026-09-04T20:02:00Z,Yahoo Finance,2,,,engine/technical/README.md,
IBM,equity,tecnico,atr14_pct_precio,3.44,,%,2026-03-18,2026-09-04T20:02:00Z,Yahoo Finance,2,,,engine/technical/README.md,
IBM,equity,tecnico,atr14_pct_precio,3.32,,%,2026-03-19,2026-09-04T20:02:00Z,Yahoo Finance,2,,,engine/technical/README.md,
IBM,equity,tecnico,atr14_pct_precio,3.45,,%,2026-03-20,2026-09-04T20:02:00Z,Yahoo Finance,2,,,engine/technical/README.md,
IBM,equity,tecnico,atr14_pct_precio,3.39,,%,2026-03-23,2026-09-04T20:02:00Z,Yahoo Finance,2,,,engine/technical/README.md,
IBM,equity,tecnico,atr14_pct_precio,3.56,,%,2026-03-24,2026-09-04T20:02:00Z,Yahoo Finance,2,,,engine/technical/README.md,
IBM,equity,tecnico,atr14_pct_precio,3.54,,%,2026-03-25,2026-09-04T20:02:00Z,Yahoo Finance,2,,,engine/technical/README.md,
IBM,equity,tecnico,atr14_pct_precio,3.49,,%,2026-03-26,2026-09-04T20:02:00Z,Yahoo Finance,2,,,engine/technical/README.md,
IBM,equity,tecnico,atr14_pct_precio,3.55,,%,2026-03-27,2026-09-04T20:02:00Z,Yahoo Finance,2,,,engine/technical/README.md,
IBM,equity,tecnico,atr14_pct_precio,3.41,,%,2026-03-30,2026-09-04T20:02:00Z,Yahoo Finance,2,,,engine/technical/README.md,
IBM,equity,tecnico,atr14_pct_precio,3.29,,%,2026-03-31,2026-09-04T20:02:00Z,Yahoo Finance,2,,,engine/technical/README.md,
IBM,equity,tecnico,atr14_pct_precio,3.22,,%,2026-04-01,2026-09-04T20:02:00Z,Yahoo Finance,2,,,engine/technical/README.md,
IBM,equity,tecnico,atr14_pct_precio,3.13,,%,2026-04-02,2026-09-04T20:02:00Z,Yahoo Finance,2,,,engine/technical/README.md,
IBM,equity,tecnico,atr14_pct_precio,3.04,,%,2026-04-06,2026-09-04T20:02:00Z,Yahoo Finance,2,,,engine/technical/README.md,
IBM,equity,tecnico,atr14_pct_precio,3.01,,%,2026-04-07,2026-09-04T20:02:00Z,Yahoo Finance,2,,,engine/technical/README.md,
IBM,equity,tecnico,atr14_pct_precio,3.1,,%,2026-04-08,2026-09-04T20:02:00Z,Yahoo Finance,2,,,engine/technical/README.md,
IBM,equity,tecnico,atr14_pct_precio,3.18,,%,2026-04-09,2026-09-04T20:02:00Z,Yahoo Finance,2,,,engine/technical/README.md,
IBM,equity,tecnico,atr14_pct_precio,3.3,,%,2026-04-10,2026-09-04T20:02:00Z,Yahoo Finance,2,,,engine/technical/README.md,
IBM,equity,tecnico,atr14_pct_precio,3.19,,%,2026-04-13,2026-09-04T20:02:00Z,Yahoo Finance,2,,,engine/technical/README.md,
IBM,equity,tecnico,atr14_pct_precio,3.05,,%,2026-04-14,2026-09-04T20:02:00Z,Yahoo Finance,2,,,engine/technical/README.md,
IBM,equity,tecnico,atr14_pct_precio,2.95,,%,2026-04-15,2026-09-04T20:02:00Z,Yahoo Finance,2,,,engine/technical/README.md,
IBM,equity,tecnico,atr14_pct_precio,2.85,,%,2026-04-16,2026-09-04T20:02:00Z,Yahoo Finance,2,,,engine/technical/README.md,
IBM,equity,tecnico,atr14_pct_precio,2.75,,%,2026-04-17,2026-09-04T20:02:00Z,Yahoo Finance,2,,,engine/technical/README.md,
IBM,equity,tecnico,atr14_pct_precio,2.72,,%,2026-04-20,2026-09-04T20:02:00Z,Yahoo Finance,2,,,engine/technical/README.md,
IBM,equity,tecnico,atr14_pct_precio,2.68,,%,2026-04-21,2026-09-04T20:02:00Z,Yahoo Finance,2,,,engine/technical/README.md,
IBM,equity,tecnico,atr14_pct_precio,2.82,,%,2026-04-22,2026-09-04T20:02:00Z,Yahoo Finance,2,,,engine/technical/README.md,
IBM,equity,tecnico,atr14_pct_precio,3.79,,%,2026-04-23,2026-09-04T20:02:00Z,Yahoo Finance,2,,,engine/technical/README.md,
IBM,equity,tecnico,atr14_pct_precio,3.74,,%,2026-04-24,2026-09-04T20:02:00Z,Yahoo Finance,2,,,engine/technical/README.md,
IBM,equity,tecnico,atr14_pct_precio,3.69,,%,2026-04-27,2026-09-04T20:02:00Z,Yahoo Finance,2,,,engine/technical/README.md,
IBM,equity,tecnico,atr14_pct_precio,3.52,,%,2026-04-28,2026-09-04T20:02:00Z,Yahoo Finance,2,,,engine/technical/README.md,
IBM,equity,tecnico,atr14_pct_precio,3.55,,%,2026-04-29,2026-09-04T20:02:00Z,Yahoo Finance,2,,,engine/technical/README.md,
IBM,equity,tecnico,atr14_pct_precio,3.45,,%,2026-04-30,2026-09-04T20:02:00Z,Yahoo Finance,2,,,engine/technical/README.md,
IBM,equity,tecnico,atr14_pct_precio,3.34,,%,2026-05-01,2026-09-04T20:02:00Z,Yahoo Finance,2,,,engine/technical/README.md,
IBM,equity,tecnico,atr14_pct_precio,3.31,,%,2026-05-04,2026-09-04T20:02:00Z,Yahoo Finance,2,,,engine/technical/README.md,
IBM,equity,tecnico,atr14_pct_precio,3.2,,%,2026-05-05,2026-09-04T20:02:00Z,Yahoo Finance,2,,,engine/technical/README.md,
IBM,equity,tecnico,atr14_pct_precio,3.16,,%,2026-05-06,2026-09-04T20:02:00Z,Yahoo Finance,2,,,engine/technical/README.md,
IBM,equity,tecnico,atr14_pct_precio,3.05,,%,2026-05-07,2026-09-04T20:02:00Z,Yahoo Finance,2,,,engine/technical/README.md,
IBM,equity,tecnico,atr14_pct_precio,3.05,,%,2026-05-08,2026-09-04T20:02:00Z,Yahoo Finance,2,,,engine/technical/README.md,
IBM,equity,tecnico,atr14_pct_precio,3.16,,%,2026-05-11,2026-09-04T20:02:00Z,Yahoo Finance,2,,,engine/technical/README.md,
IBM,equity,tecnico,atr14_pct_precio,3.16,,%,2026-05-12,2026-09-04T20:02:00Z,Yahoo Finance,2,,,engine/technical/README.md,
IBM,equity,tecnico,atr14_pct_precio,3.23,,%,2026-05-13,2026-09-04T20:02:00Z,Yahoo Finance,2,,,engine/technical/README.md,
IBM,equity,tecnico,atr14_pct_precio,3.15,,%,2026-05-14,2026-09-04T20:02:00Z,Yahoo Finance,2,,,engine/technical/README.md,
IBM,equity,tecnico,atr14_pct_precio,3.02,,%,2026-05-15,2026-09-04T20:02:00Z,Yahoo Finance,2,,,engine/technical/README.md,
IBM,equity,tecnico,atr14_pct_precio,2.94,,%,2026-05-18,2026-09-04T20:02:00Z,Yahoo Finance,2,,,engine/technical/README.md,
IBM,equity,tecnico,atr14_pct_precio,2.91,,%,2026-05-19,2026-09-04T20:02:00Z,Yahoo Finance,2,,,engine/technical/README.md,
IBM,equity,tecnico,atr14_pct_precio,2.93,,%,2026-05-20,2026-09-04T20:02:00Z,Yahoo Finance,2,,,engine/technical/README.md,
IBM,equity,tecnico,atr14_pct_precio,3.23,,%,2026-05-21,2026-09-04T20:02:00Z,Yahoo Finance,2,,,engine/technical/README.md,
IBM,equity,tecnico,atr14_pct_precio,3.31,,%,2026-05-22,2026-09-04T20:02:00Z,Yahoo Finance,2,,,engine/technical/README.md,
IBM,equity,tecnico,atr14_pct_precio,3.37,,%,2026-05-26,2026-09-04T20:02:00Z,Yahoo Finance,2,,,engine/technical/README.md,
IBM,equity,tecnico,atr14_pct_precio,3.28,,%,2026-05-27,2026-09-04T20:02:00Z,Yahoo Finance,2,,,engine/technical/README.md,
IBM,equity,tecnico,atr14_pct_precio,3.31,,%,2026-05-28,2026-09-04T20:02:00Z,Yahoo Finance,2,,,engine/technical/README.md,
IBM,equity,tecnico,atr14_pct_precio,3.61,,%,2026-05-29,2026-09-04T20:02:00Z,Yahoo Finance,2,,,engine/technical/README.md,
IBM,equity,tecnico,atr14_pct_precio,3.79,,%,2026-06-01,2026-09-04T20:02:00Z,Yahoo Finance,2,,,engine/technical/README.md,
IBM,equity,tecnico,atr14_pct_precio,3.91,,%,2026-06-02,2026-09-04T20:02:00Z,Yahoo Finance,2,,,engine/technical/README.md,
IBM,equity,tecnico,atr14_pct_precio,4.53,,%,2026-06-03,2026-09-04T20:02:00Z,Yahoo Finance,2,,,engine/technical/README.md,
IBM,equity,tecnico,atr14_pct_precio,4.5,,%,2026-06-04,2026-09-04T20:02:00Z,Yahoo Finance,2,,,engine/technical/README.md,
IBM,equity,tecnico,atr14_pct_precio,4.96,,%,2026-06-05,2026-09-04T20:02:00Z,Yahoo Finance,2,,,engine/technical/README.md,
IBM,equity,tecnico,atr14_pct_precio,4.96,,%,2026-06-08,2026-09-04T20:02:00Z,Yahoo Finance,2,,,engine/technical/README.md,
IBM,equity,tecnico,atr14_pct_precio,4.97,,%,2026-06-09,2026-09-04T20:02:00Z,Yahoo Finance,2,,,engine/technical/README.md,
IBM,equity,tecnico,atr14_pct_precio,4.95,,%,2026-06-10,2026-09-04T20:02:00Z,Yahoo Finance,2,,,engine/technical/README.md,
IBM,equity,tecnico,atr14_pct_precio,4.81,,%,2026-06-11,2026-09-04T20:02:00Z,Yahoo Finance,2,,,engine/technical/README.md,
IBM,equity,tecnico,atr14_pct_precio,4.81,,%,2026-06-12,2026-09-04T20:02:00Z,Yahoo Finance,2,,,engine/technical/README.md,
IBM,equity,tecnico,atr14_pct_precio,4.72,,%,2026-06-15,2026-09-04T20:02:00Z,Yahoo Finance,2,,,engine/technical/README.md,
IBM,equity,tecnico,atr14_pct_precio,4.56,,%,2026-06-16,2026-09-04T20:02:00Z,Yahoo Finance,2,,,engine/technical/README.md,
IBM,equity,tecnico,atr14_pct_precio,4.61,,%,2026-06-17,2026-09-04T20:02:00Z,Yahoo Finance,2,,,engine/technical/README.md,
IBM,equity,tecnico,atr14_pct_precio,5.05,,%,2026-06-18,2026-09-04T20:02:00Z,Yahoo Finance,2,,,engine/technical/README.md,
IBM,equity,tecnico,atr14_pct_precio,4.9,,%,2026-06-22,2026-09-04T20:02:00Z,Yahoo Finance,2,,,engine/technical/README.md,
IBM,equity,tecnico,atr14_pct_precio,4.74,,%,2026-06-23,2026-09-04T20:02:00Z,Yahoo Finance,2,,,engine/technical/README.md,
IBM,equity,tecnico,atr14_pct_precio,4.68,,%,2026-06-24,2026-09-04T20:02:00Z,Yahoo Finance,2,,,engine/technical/README.md,
IBM,equity,tecnico,atr14_pct_precio,4.78,,%,2026-06-25,2026-09-04T20:02:00Z,Yahoo Finance,2,,,engine/technical/README.md,
IBM,equity,tecnico,atr14_pct_precio,4.61,,%,2026-06-26,2026-09-04T20:02:00Z,Yahoo Finance,2,,,engine/technical/README.md,
IBM,equity,tecnico,atr14_pct_precio,4.41,,%,2026-06-29,2026-09-04T20:02:00Z,Yahoo Finance,2,,,engine/technical/README.md,
IBM,equity,tecnico,atr14_pct_precio,4.34,,%,2026-06-30,2026-09-04T20:02:00Z,Yahoo Finance,2,,,engine/technical/README.md,
IBM,equity,tecnico,atr14_pct_precio,4.35,,%,2026-07-01,2026-09-04T20:02:00Z,Yahoo Finance,2,,,engine/technical/README.md,
IBM,equity,tecnico,atr14_pct_precio,4.21,,%,2026-07-02,2026-09-04T20:02:00Z,Yahoo Finance,2,,,engine/technical/README.md,
IBM,equity,tecnico,atr14_pct_precio,4.09,,%,2026-07-06,2026-09-04T20:02:00Z,Yahoo Finance,2,,,engine/technical/README.md,
IBM,equity,tecnico,atr14_pct_precio,4.0,,%,2026-07-07,2026-09-04T20:02:00Z,Yahoo Finance,2,,,engine/technical/README.md,
IBM,equity,tecnico,atr14_pct_precio,4.02,,%,2026-07-08,2026-09-04T20:02:00Z,Yahoo Finance,2,,,engine/technical/README.md,
IBM,equity,tecnico,atr14_pct_precio,4.24,,%,2026-07-09,2026-09-04T20:02:00Z,Yahoo Finance,2,,,engine/technical/README.md,
IBM,equity,tecnico,atr14_pct_precio,4.32,,%,2026-07-10,2026-09-04T20:02:00Z,Yahoo Finance,2,,,engine/technical/README.md,
IBM,equity,tecnico,atr14_pct_precio,4.22,,%,2026-07-13,2026-09-04T20:02:00Z,Yahoo Finance,2,,,engine/technical/README.md,
IBM,equity,tecnico,atr14_pct_precio,7.78,,%,2026-07-14,2026-09-04T20:02:00Z,Yahoo Finance,2,,,engine/technical/README.md,
IBM,equity,tecnico,atr14_pct_precio,7.85,,%,2026-07-15,2026-09-04T20:02:00Z,Yahoo Finance,2,,,engine/technical/README.md,
IBM,equity,tecnico,atr14_pct_precio,7.54,,%,2026-07-16,2026-09-04T20:02:00Z,Yahoo Finance,2,,,engine/technical/README.md,
IBM,equity,tecnico,atr14_pct_precio,7.5,,%,2026-07-17,2026-09-04T20:02:00Z,Yahoo Finance,2,,,engine/technical/README.md,
IBM,equity,tecnico,atr14_pct_precio,7.21,,%,2026-07-20,2026-09-04T20:02:00Z,Yahoo Finance,2,,,engine/technical/README.md,
IBM,equity,tecnico,atr14_pct_precio,6.97,,%,2026-07-21,2026-09-04T20:02:00Z,Yahoo Finance,2,,,engine/technical/README.md,
IBM,equity,tecnico,atr14_pct_precio,6.88,,%,2026-07-22,2026-09-04T20:02:00Z,Yahoo Finance,2,,,engine/technical/README.md,
IBM,equity,tecnico,atr14_pct_precio,6.65,,%,2026-07-23,2026-09-04T20:02:00Z,Yahoo Finance,2,,,engine/technical/README.md,
IBM,equity,tecnico,atr14_pct_precio,6.28,,%,2026-07-24,2026-09-04T20:02:00Z,Yahoo Finance,2,,,engine/technical/README.md,
IBM,equity,tecnico,atr14_pct_precio,5.95,,%,2026-07-27,2026-09-04T20:02:00Z,Yahoo Finance,2,,,engine/technical/README.md,
IBM,equity,tecnico,atr14_pct_precio,5.69,,%,2026-07-28,2026-09-04T20:02:00Z,Yahoo Finance,2,,,engine/technical/README.md,
IBM,equity,tecnico,atr14_pct_precio,5.53,,%,2026-07-29,2026-09-04T20:02:00Z,Yahoo Finance,2,,,engine/technical/README.md,
IBM,equity,tecnico,atr14_pct_precio,5.44,,%,2026-07-30,2026-09-04T20:02:00Z,Yahoo Finance,2,,,engine/technical/README.md,
IBM,equity,tecnico,atr14_pct_precio,5.27,,%,2026-07-31,2026-09-04T20:02:00Z,Yahoo Finance,2,,,engine/technical/README.md,
IBM,equity,tecnico,atr14_pct_precio,4.99,,%,2026-08-03,2026-09-04T20:02:00Z,Yahoo Finance,2,,,engine/technical/README.md,
IBM,equity,tecnico,atr14_pct_precio,4.83,,%,2026-08-04,2026-09-04T20:02:00Z,Yahoo Finance,2,,,engine/technical/README.md,
IBM,equity,tecnico,atr14_pct_precio,4.63,,%,2026-08-05,2026-09-04T20:02:00Z,Yahoo Finance,2,,,engine/technical/README.md,
IBM,equity,tecnico,atr14_pct_precio,4.58,,%,2026-08-06,2026-09-04T20:02:00Z,Yahoo Finance,2,,,engine/technical/README.md,
IBM,equity,tecnico,atr14_pct_precio,4.32,,%,2026-08-07,2026-09-04T20:02:00Z,Yahoo Finance,2,,,engine/technical/README.md,
IBM,equity,tecnico,atr14_pct_precio,4.23,,%,2026-08-10,2026-09-04T20:02:00Z,Yahoo Finance,2,,,engine/technical/README.md,
IBM,equity,tecnico,atr14_pct_precio,4.08,,%,2026-08-11,2026-09-04T20:02:00Z,Yahoo Finance,2,,,engine/technical/README.md,
IBM,equity,tecnico,atr14_pct_precio,4.03,,%,2026-08-12,2026-09-04T20:02:00Z,Yahoo Finance,2,,,engine/technical/README.md,
IBM,equity,tecnico,atr14_pct_precio,3.91,,%,2026-08-13,2026-09-04T20:02:00Z,Yahoo Finance,2,,,engine/technical/README.md,
IBM,equity,tecnico,atr14_pct_precio,3.84,,%,2026-08-14,2026-09-04T20:02:00Z,Yahoo Finance,2,,,engine/technical/README.md,
IBM,equity,tecnico,atr14_pct_precio,3.87,,%,2026-08-17,2026-09-04T20:02:00Z,Yahoo Finance,2,,,engine/technical/README.md,
IBM,equity,tecnico,atr14_pct_precio,3.7,,%,2026-08-18,2026-09-04T20:02:00Z,Yahoo Finance,2,,,engine/technical/README.md,
IBM,equity,tecnico,atr14_pct_precio,3.62,,%,2026-08-19,2026-09-04T20:02:00Z,Yahoo Finance,2,,,engine/technical/README.md,
IBM,equity,tecnico,atr14_pct_precio,3.55,,%,2026-08-20,2026-09-04T20:02:00Z,Yahoo Finance,2,,,engine/technical/README.md,
IBM,equity,tecnico,atr14_pct_precio,3.44,,%,2026-08-21,2026-09-04T20:02:00Z,Yahoo Finance,2,,,engine/technical/README.md,
IBM,equity,tecnico,atr14_pct_precio,3.42,,%,2026-08-24,2026-09-04T20:02:00Z,Yahoo Finance,2,,,engine/technical/README.md,
IBM,equity,tecnico,atr14_pct_precio,3.28,,%,2026-08-25,2026-09-04T20:02:00Z,Yahoo Finance,2,,,engine/technical/README.md,
IBM,equity,tecnico,atr14_pct_precio,3.27,,%,2026-08-26,2026-09-04T20:02:00Z,Yahoo Finance,2,,,engine/technical/README.md,
IBM,equity,tecnico,atr14_pct_precio,3.25,,%,2026-08-27,2026-09-04T20:02:00Z,Yahoo Finance,2,,,engine/technical/README.md,
IBM,equity,tecnico,atr14_pct_precio,3.18,,%,2026-08-28,2026-09-04T20:02:00Z,Yahoo Finance,2,,,engine/technical/README.md,
IBM,equity,tecnico,atr14_pct_precio,3.09,,%,2026-08-31,2026-09-04T20:02:00Z,Yahoo Finance,2,,,engine/technical/README.md,
IBM,equity,tecnico,atr14_pct_precio,3.02,,%,2026-09-01,2026-09-04T20:02:00Z,Yahoo Finance,2,,,engine/technical/README.md,
IBM,equity,tecnico,atr14_pct_precio,2.87,,%,2026-09-03,2026-09-04T20:02:00Z,Yahoo Finance,2,,,engine/technical/README.md,
IBM,equity,tecnico,atr14_pct_precio,2.8,,%,2026-09-04,2026-09-04T20:02:00Z,Yahoo Finance,2,,,engine/technical/README.md,
IBM,equity,tecnico,confluencia_sesgo,,confluencia bajista,categorico,2026-09-02,2026-09-03T11:40:59Z,Alpha Vantage,2,,,engine/equity/README.md,
IBM,equity,tecnico,posicion_rango_52s_pct,25.6,,%,2026-09-02,2026-09-03T11:40:59Z,Alpha Vantage,2,,,engine/equity/README.md,
IBM,equity,tecnico,precio,291.5,,USD,2026-01-02,2026-09-04T20:02:00Z,Yahoo Finance,2,,,engine/technical/README.md,
IBM,equity,tecnico,precio,294.970001,,USD,2026-01-05,2026-09-04T20:02:00Z,Yahoo Finance,2,,,engine/technical/README.md,
IBM,equity,tecnico,precio,302.470001,,USD,2026-01-06,2026-09-04T20:02:00Z,Yahoo Finance,2,,,engine/technical/README.md,
IBM,equity,tecnico,precio,296.730011,,USD,2026-01-07,2026-09-04T20:02:00Z,Yahoo Finance,2,,,engine/technical/README.md,
IBM,equity,tecnico,precio,302.720001,,USD,2026-01-08,2026-09-04T20:02:00Z,Yahoo Finance,2,,,engine/technical/README.md,
IBM,equity,tecnico,precio,304.220001,,USD,2026-01-09,2026-09-04T20:02:00Z,Yahoo Finance,2,,,engine/technical/README.md,
IBM,equity,tecnico,precio,312.179993,,USD,2026-01-12,2026-09-04T20:02:00Z,Yahoo Finance,2,,,engine/technical/README.md,
IBM,equity,tecnico,precio,303.160004,,USD,2026-01-13,2026-09-04T20:02:00Z,Yahoo Finance,2,,,engine/technical/README.md,
IBM,equity,tecnico,precio,309.029999,,USD,2026-01-14,2026-09-04T20:02:00Z,Yahoo Finance,2,,,engine/technical/README.md,
IBM,equity,tecnico,precio,297.950012,,USD,2026-01-15,2026-09-04T20:02:00Z,Yahoo Finance,2,,,engine/technical/README.md,
IBM,equity,tecnico,precio,305.670013,,USD,2026-01-16,2026-09-04T20:02:00Z,Yahoo Finance,2,,,engine/technical/README.md,
IBM,equity,tecnico,precio,291.350006,,USD,2026-01-20,2026-09-04T20:02:00Z,Yahoo Finance,2,,,engine/technical/README.md,
IBM,equity,tecnico,precio,297.540009,,USD,2026-01-21,2026-09-04T20:02:00Z,Yahoo Finance,2,,,engine/technical/README.md,
IBM,equity,tecnico,precio,294.670013,,USD,2026-01-22,2026-09-04T20:02:00Z,Yahoo Finance,2,,,engine/technical/README.md,
IBM,equity,tecnico,precio,292.440002,,USD,2026-01-23,2026-09-04T20:02:00Z,Yahoo Finance,2,,,engine/technical/README.md,
IBM,equity,tecnico,precio,296.329987,,USD,2026-01-26,2026-09-04T20:02:00Z,Yahoo Finance,2,,,engine/technical/README.md,
IBM,equity,tecnico,precio,293.859985,,USD,2026-01-27,2026-09-04T20:02:00Z,Yahoo Finance,2,,,engine/technical/README.md,
IBM,equity,tecnico,precio,294.160004,,USD,2026-01-28,2026-09-04T20:02:00Z,Yahoo Finance,2,,,engine/technical/README.md,
IBM,equity,tecnico,precio,309.23999,,USD,2026-01-29,2026-09-04T20:02:00Z,Yahoo Finance,2,,,engine/technical/README.md,
IBM,equity,tecnico,precio,306.700012,,USD,2026-01-30,2026-09-04T20:02:00Z,Yahoo Finance,2,,,engine/technical/README.md,
IBM,equity,tecnico,precio,314.730011,,USD,2026-02-02,2026-09-04T20:02:00Z,Yahoo Finance,2,,,engine/technical/README.md,
IBM,equity,tecnico,precio,294.309998,,USD,2026-02-03,2026-09-04T20:02:00Z,Yahoo Finance,2,,,engine/technical/README.md,
IBM,equity,tecnico,precio,289.049988,,USD,2026-02-04,2026-09-04T20:02:00Z,Yahoo Finance,2,,,engine/technical/README.md,
IBM,equity,tecnico,precio,289.890015,,USD,2026-02-05,2026-09-04T20:02:00Z,Yahoo Finance,2,,,engine/technical/README.md,
IBM,equity,tecnico,precio,298.929993,,USD,2026-02-06,2026-09-04T20:02:00Z,Yahoo Finance,2,,,engine/technical/README.md,
IBM,equity,tecnico,precio,296.339996,,USD,2026-02-09,2026-09-04T20:02:00Z,Yahoo Finance,2,,,engine/technical/README.md,
IBM,equity,tecnico,precio,291.76001,,USD,2026-02-10,2026-09-04T20:02:00Z,Yahoo Finance,2,,,engine/technical/README.md,
IBM,equity,tecnico,precio,272.809998,,USD,2026-02-11,2026-09-04T20:02:00Z,Yahoo Finance,2,,,engine/technical/README.md,
IBM,equity,tecnico,precio,259.519989,,USD,2026-02-12,2026-09-04T20:02:00Z,Yahoo Finance,2,,,engine/technical/README.md,
IBM,equity,tecnico,precio,262.380005,,USD,2026-02-13,2026-09-04T20:02:00Z,Yahoo Finance,2,,,engine/technical/README.md,
IBM,equity,tecnico,precio,258.309998,,USD,2026-02-17,2026-09-04T20:02:00Z,Yahoo Finance,2,,,engine/technical/README.md,
IBM,equity,tecnico,precio,260.790009,,USD,2026-02-18,2026-09-04T20:02:00Z,Yahoo Finance,2,,,engine/technical/README.md,
IBM,equity,tecnico,precio,256.279999,,USD,2026-02-19,2026-09-04T20:02:00Z,Yahoo Finance,2,,,engine/technical/README.md,
IBM,equity,tecnico,precio,257.160004,,USD,2026-02-20,2026-09-04T20:02:00Z,Yahoo Finance,2,,,engine/technical/README.md,
IBM,equity,tecnico,precio,223.350006,,USD,2026-02-23,2026-09-04T20:02:00Z,Yahoo Finance,2,,,engine/technical/README.md,
IBM,equity,tecnico,precio,229.320007,,USD,2026-02-24,2026-09-04T20:02:00Z,Yahoo Finance,2,,,engine/technical/README.md,
IBM,equity,tecnico,precio,237.539993,,USD,2026-02-25,2026-09-04T20:02:00Z,Yahoo Finance,2,,,engine/technical/README.md,
IBM,equity,tecnico,precio,242.009995,,USD,2026-02-26,2026-09-04T20:02:00Z,Yahoo Finance,2,,,engine/technical/README.md,
IBM,equity,tecnico,precio,240.210007,,USD,2026-02-27,2026-09-04T20:02:00Z,Yahoo Finance,2,,,engine/technical/README.md,
IBM,equity,tecnico,precio,239.369995,,USD,2026-03-02,2026-09-04T20:02:00Z,Yahoo Finance,2,,,engine/technical/README.md,
IBM,equity,tecnico,precio,245.279999,,USD,2026-03-03,2026-09-04T20:02:00Z,Yahoo Finance,2,,,engine/technical/README.md,
IBM,equity,tecnico,precio,250.059998,,USD,2026-03-04,2026-09-04T20:02:00Z,Yahoo Finance,2,,,engine/technical/README.md,
IBM,equity,tecnico,precio,256.549988,,USD,2026-03-05,2026-09-04T20:02:00Z,Yahoo Finance,2,,,engine/technical/README.md,
IBM,equity,tecnico,precio,258.850006,,USD,2026-03-06,2026-09-04T20:02:00Z,Yahoo Finance,2,,,engine/technical/README.md,
IBM,equity,tecnico,precio,253.330002,,USD,2026-03-09,2026-09-04T20:02:00Z,Yahoo Finance,2,,,engine/technical/README.md,
IBM,equity,tecnico,precio,250.199997,,USD,2026-03-10,2026-09-04T20:02:00Z,Yahoo Finance,2,,,engine/technical/README.md,
IBM,equity,tecnico,precio,248.869995,,USD,2026-03-11,2026-09-04T20:02:00Z,Yahoo Finance,2,,,engine/technical/README.md,
IBM,equity,tecnico,precio,247.679993,,USD,2026-03-12,2026-09-04T20:02:00Z,Yahoo Finance,2,,,engine/technical/README.md,
IBM,equity,tecnico,precio,246.279999,,USD,2026-03-13,2026-09-04T20:02:00Z,Yahoo Finance,2,,,engine/technical/README.md,
IBM,equity,tecnico,precio,249.25,,USD,2026-03-16,2026-09-04T20:02:00Z,Yahoo Finance,2,,,engine/technical/README.md,
IBM,equity,tecnico,precio,256.109985,,USD,2026-03-17,2026-09-04T20:02:00Z,Yahoo Finance,2,,,engine/technical/README.md,
IBM,equity,tecnico,precio,251.600006,,USD,2026-03-18,2026-09-04T20:02:00Z,Yahoo Finance,2,,,engine/technical/README.md,
IBM,equity,tecnico,precio,250.369995,,USD,2026-03-19,2026-09-04T20:02:00Z,Yahoo Finance,2,,,engine/technical/README.md,
IBM,equity,tecnico,precio,241.770004,,USD,2026-03-20,2026-09-04T20:02:00Z,Yahoo Finance,2,,,engine/technical/README.md,
IBM,equity,tecnico,precio,248.440002,,USD,2026-03-23,2026-09-04T20:02:00Z,Yahoo Finance,2,,,engine/technical/README.md,
IBM,equity,tecnico,precio,240.589996,,USD,2026-03-24,2026-09-04T20:02:00Z,Yahoo Finance,2,,,engine/technical/README.md,
IBM,equity,tecnico,precio,241.389999,,USD,2026-03-25,2026-09-04T20:02:00Z,Yahoo Finance,2,,,engine/technical/README.md,
IBM,equity,tecnico,precio,241.669998,,USD,2026-03-26,2026-09-04T20:02:00Z,Yahoo Finance,2,,,engine/technical/README.md,
IBM,equity,tecnico,precio,236.339996,,USD,2026-03-27,2026-09-04T20:02:00Z,Yahoo Finance,2,,,engine/technical/README.md,
IBM,equity,tecnico,precio,237.25,,USD,2026-03-30,2026-09-04T20:02:00Z,Yahoo Finance,2,,,engine/technical/README.md,
IBM,equity,tecnico,precio,242.389999,,USD,2026-03-31,2026-09-04T20:02:00Z,Yahoo Finance,2,,,engine/technical/README.md,
IBM,equity,tecnico,precio,243.139999,,USD,2026-04-01,2026-09-04T20:02:00Z,Yahoo Finance,2,,,engine/technical/README.md,
IBM,equity,tecnico,precio,248.160004,,USD,2026-04-02,2026-09-04T20:02:00Z,Yahoo Finance,2,,,engine/technical/README.md,
IBM,equity,tecnico,precio,246.740005,,USD,2026-04-06,2026-09-04T20:02:00Z,Yahoo Finance,2,,,engine/technical/README.md,
IBM,equity,tecnico,precio,245.070007,,USD,2026-04-07,2026-09-04T20:02:00Z,Yahoo Finance,2,,,engine/technical/README.md,
IBM,equity,tecnico,precio,241.740005,,USD,2026-04-08,2026-09-04T20:02:00Z,Yahoo Finance,2,,,engine/technical/README.md,
IBM,equity,tecnico,precio,237.179993,,USD,2026-04-09,2026-09-04T20:02:00Z,Yahoo Finance,2,,,engine/technical/README.md,
IBM,equity,tecnico,precio,230.759995,,USD,2026-04-10,2026-09-04T20:02:00Z,Yahoo Finance,2,,,engine/technical/README.md,
IBM,equity,tecnico,precio,237.820007,,USD,2026-04-13,2026-09-04T20:02:00Z,Yahoo Finance,2,,,engine/technical/README.md,
IBM,equity,tecnico,precio,240.270004,,USD,2026-04-14,2026-09-04T20:02:00Z,Yahoo Finance,2,,,engine/technical/README.md,
IBM,equity,tecnico,precio,244.800003,,USD,2026-04-15,2026-09-04T20:02:00Z,Yahoo Finance,2,,,engine/technical/README.md,
IBM,equity,tecnico,precio,251.0,,USD,2026-04-16,2026-09-04T20:02:00Z,Yahoo Finance,2,,,engine/technical/README.md,
IBM,equity,tecnico,precio,253.470001,,USD,2026-04-17,2026-09-04T20:02:00Z,Yahoo Finance,2,,,engine/technical/README.md,
IBM,equity,tecnico,precio,253.710007,,USD,2026-04-20,2026-09-04T20:02:00Z,Yahoo Finance,2,,,engine/technical/README.md,
IBM,equity,tecnico,precio,255.679993,,USD,2026-04-21,2026-09-04T20:02:00Z,Yahoo Finance,2,,,engine/technical/README.md,
IBM,equity,tecnico,precio,251.860001,,USD,2026-04-22,2026-09-04T20:02:00Z,Yahoo Finance,2,,,engine/technical/README.md,
IBM,equity,tecnico,precio,231.080002,,USD,2026-04-23,2026-09-04T20:02:00Z,Yahoo Finance,2,,,engine/technical/README.md,
IBM,equity,tecnico,precio,231.979996,,USD,2026-04-24,2026-09-04T20:02:00Z,Yahoo Finance,2,,,engine/technical/README.md,
IBM,equity,tecnico,precio,228.050003,,USD,2026-04-27,2026-09-04T20:02:00Z,Yahoo Finance,2,,,engine/technical/README.md,
IBM,equity,tecnico,precio,233.039993,,USD,2026-04-28,2026-09-04T20:02:00Z,Yahoo Finance,2,,,engine/technical/README.md,
IBM,equity,tecnico,precio,227.100006,,USD,2026-04-29,2026-09-04T20:02:00Z,Yahoo Finance,2,,,engine/technical/README.md,
IBM,equity,tecnico,precio,230.979996,,USD,2026-04-30,2026-09-04T20:02:00Z,Yahoo Finance,2,,,engine/technical/README.md,
IBM,equity,tecnico,precio,232.199997,,USD,2026-05-01,2026-09-04T20:02:00Z,Yahoo Finance,2,,,engine/technical/README.md,
IBM,equity,tecnico,precio,229.479996,,USD,2026-05-04,2026-09-04T20:02:00Z,Yahoo Finance,2,,,engine/technical/README.md,
IBM,equity,tecnico,precio,229.029999,,USD,2026-05-05,2026-09-04T20:02:00Z,Yahoo Finance,2,,,engine/technical/README.md,
IBM,equity,tecnico,precio,225.740005,,USD,2026-05-06,2026-09-04T20:02:00Z,Yahoo Finance,2,,,engine/technical/README.md,
IBM,equity,tecnico,precio,231.309998,,USD,2026-05-07,2026-09-04T20:02:00Z,Yahoo Finance,2,,,engine/technical/README.md,
IBM,equity,tecnico,precio,229.759995,,USD,2026-05-08,2026-09-04T20:02:00Z,Yahoo Finance,2,,,engine/technical/README.md,
IBM,equity,tecnico,precio,223.550003,,USD,2026-05-11,2026-09-04T20:02:00Z,Yahoo Finance,2,,,engine/technical/README.md,
IBM,equity,tecnico,precio,219.220001,,USD,2026-05-12,2026-09-04T20:02:00Z,Yahoo Finance,2,,,engine/technical/README.md,
IBM,equity,tecnico,precio,214.639999,,USD,2026-05-13,2026-09-04T20:02:00Z,Yahoo Finance,2,,,engine/technical/README.md,
IBM,equity,tecnico,precio,218.369995,,USD,2026-05-14,2026-09-04T20:02:00Z,Yahoo Finance,2,,,engine/technical/README.md,
IBM,equity,tecnico,precio,219.300003,,USD,2026-05-15,2026-09-04T20:02:00Z,Yahoo Finance,2,,,engine/technical/README.md,
IBM,equity,tecnico,precio,222.75,,USD,2026-05-18,2026-09-04T20:02:00Z,Yahoo Finance,2,,,engine/technical/README.md,
IBM,equity,tecnico,precio,222.330002,,USD,2026-05-19,2026-09-04T20:02:00Z,Yahoo Finance,2,,,engine/technical/README.md,
IBM,equity,tecnico,precio,225.0,,USD,2026-05-20,2026-09-04T20:02:00Z,Yahoo Finance,2,,,engine/technical/README.md,
IBM,equity,tecnico,precio,252.970001,,USD,2026-05-21,2026-09-04T20:02:00Z,Yahoo Finance,2,,,engine/technical/README.md,
IBM,equity,tecnico,precio,253.839996,,USD,2026-05-22,2026-09-04T20:02:00Z,Yahoo Finance,2,,,engine/technical/README.md,
IBM,equity,tecnico,precio,250.690002,,USD,2026-05-26,2026-09-04T20:02:00Z,Yahoo Finance,2,,,engine/technical/README.md,
IBM,equity,tecnico,precio,255.199997,,USD,2026-05-27,2026-09-04T20:02:00Z,Yahoo Finance,2,,,engine/technical/README.md,
IBM,equity,tecnico,precio,264.220001,,USD,2026-05-28,2026-09-04T20:02:00Z,Yahoo Finance,2,,,engine/technical/README.md,
IBM,equity,tecnico,precio,297.799988,,USD,2026-05-29,2026-09-04T20:02:00Z,Yahoo Finance,2,,,engine/technical/README.md,
IBM,equity,tecnico,precio,320.420013,,USD,2026-06-01,2026-09-04T20:02:00Z,Yahoo Finance,2,,,engine/technical/README.md,
IBM,equity,tecnico,precio,329.230011,,USD,2026-06-02,2026-09-04T20:02:00Z,Yahoo Finance,2,,,engine/technical/README.md,
IBM,equity,tecnico,precio,305.630005,,USD,2026-06-03,2026-09-04T20:02:00Z,Yahoo Finance,2,,,engine/technical/README.md,
IBM,equity,tecnico,precio,301.769989,,USD,2026-06-04,2026-09-04T20:02:00Z,Yahoo Finance,2,,,engine/technical/README.md,
IBM,equity,tecnico,precio,284.839996,,USD,2026-06-05,2026-09-04T20:02:00Z,Yahoo Finance,2,,,engine/technical/README.md,
IBM,equity,tecnico,precio,280.820007,,USD,2026-06-08,2026-09-04T20:02:00Z,Yahoo Finance,2,,,engine/technical/README.md,
IBM,equity,tecnico,precio,277.48999,,USD,2026-06-09,2026-09-04T20:02:00Z,Yahoo Finance,2,,,engine/technical/README.md,
IBM,equity,tecnico,precio,272.359985,,USD,2026-06-10,2026-09-04T20:02:00Z,Yahoo Finance,2,,,engine/technical/README.md,
IBM,equity,tecnico,precio,274.850006,,USD,2026-06-11,2026-09-04T20:02:00Z,Yahoo Finance,2,,,engine/technical/README.md,
IBM,equity,tecnico,precio,272.23999,,USD,2026-06-12,2026-09-04T20:02:00Z,Yahoo Finance,2,,,engine/technical/README.md,
IBM,equity,tecnico,precio,268.709991,,USD,2026-06-15,2026-09-04T20:02:00Z,Yahoo Finance,2,,,engine/technical/README.md,
IBM,equity,tecnico,precio,270.809998,,USD,2026-06-16,2026-09-04T20:02:00Z,Yahoo Finance,2,,,engine/technical/README.md,
IBM,equity,tecnico,precio,262.350006,,USD,2026-06-17,2026-09-04T20:02:00Z,Yahoo Finance,2,,,engine/technical/README.md,
IBM,equity,tecnico,precio,249.100006,,USD,2026-06-18,2026-09-04T20:02:00Z,Yahoo Finance,2,,,engine/technical/README.md,
IBM,equity,tecnico,precio,252.220001,,USD,2026-06-22,2026-09-04T20:02:00Z,Yahoo Finance,2,,,engine/technical/README.md,
IBM,equity,tecnico,precio,264.940002,,USD,2026-06-23,2026-09-04T20:02:00Z,Yahoo Finance,2,,,engine/technical/README.md,
IBM,equity,tecnico,precio,262.959991,,USD,2026-06-24,2026-09-04T20:02:00Z,Yahoo Finance,2,,,engine/technical/README.md,
IBM,equity,tecnico,precio,258.269989,,USD,2026-06-25,2026-09-04T20:02:00Z,Yahoo Finance,2,,,engine/technical/README.md,
IBM,equity,tecnico,precio,271.630005,,USD,2026-06-26,2026-09-04T20:02:00Z,Yahoo Finance,2,,,engine/technical/README.md,
IBM,equity,tecnico,precio,278.0,,USD,2026-06-29,2026-09-04T20:02:00Z,Yahoo Finance,2,,,engine/technical/README.md,
IBM,equity,tecnico,precio,281.209991,,USD,2026-06-30,2026-09-04T20:02:00Z,Yahoo Finance,2,,,engine/technical/README.md,
IBM,equity,tecnico,precio,286.25,,USD,2026-07-01,2026-09-04T20:02:00Z,Yahoo Finance,2,,,engine/technical/README.md,
IBM,equity,tecnico,precio,289.519989,,USD,2026-07-02,2026-09-04T20:02:00Z,Yahoo Finance,2,,,engine/technical/README.md,
IBM,equity,tecnico,precio,299.519989,,USD,2026-07-06,2026-09-04T20:02:00Z,Yahoo Finance,2,,,engine/technical/README.md,
IBM,equity,tecnico,precio,306.130005,,USD,2026-07-07,2026-09-04T20:02:00Z,Yahoo Finance,2,,,engine/technical/README.md,
IBM,equity,tecnico,precio,302.049988,,USD,2026-07-08,2026-09-04T20:02:00Z,Yahoo Finance,2,,,engine/technical/README.md,
IBM,equity,tecnico,precio,295.299988,,USD,2026-07-09,2026-09-04T20:02:00Z,Yahoo Finance,2,,,engine/technical/README.md,
IBM,equity,tecnico,precio,287.559998,,USD,2026-07-10,2026-09-04T20:02:00Z,Yahoo Finance,2,,,engine/technical/README.md,
IBM,equity,tecnico,precio,290.230011,,USD,2026-07-13,2026-09-04T20:02:00Z,Yahoo Finance,2,,,engine/technical/README.md,
IBM,equity,tecnico,precio,217.070007,,USD,2026-07-14,2026-09-04T20:02:00Z,Yahoo Finance,2,,,engine/technical/README.md,
IBM,equity,tecnico,precio,211.199997,,USD,2026-07-15,2026-09-04T20:02:00Z,Yahoo Finance,2,,,engine/technical/README.md,
IBM,equity,tecnico,precio,219.050003,,USD,2026-07-16,2026-09-04T20:02:00Z,Yahoo Finance,2,,,engine/technical/README.md,
IBM,equity,tecnico,precio,212.669998,,USD,2026-07-17,2026-09-04T20:02:00Z,Yahoo Finance,2,,,engine/technical/README.md,
IBM,equity,tecnico,precio,213.0,,USD,2026-07-20,2026-09-04T20:02:00Z,Yahoo Finance,2,,,engine/technical/README.md,
IBM,equity,tecnico,precio,210.5,,USD,2026-07-21,2026-09-04T20:02:00Z,Yahoo Finance,2,,,engine/technical/README.md,
IBM,equity,tecnico,precio,205.770004,,USD,2026-07-22,2026-09-04T20:02:00Z,Yahoo Finance,2,,,engine/technical/README.md,
IBM,equity,tecnico,precio,206.649994,,USD,2026-07-23,2026-09-04T20:02:00Z,Yahoo Finance,2,,,engine/technical/README.md,
IBM,equity,tecnico,precio,214.190002,,USD,2026-07-24,2026-09-04T20:02:00Z,Yahoo Finance,2,,,engine/technical/README.md,
IBM,equity,tecnico,precio,216.279999,,USD,2026-07-27,2026-09-04T20:02:00Z,Yahoo Finance,2,,,engine/technical/README.md,
IBM,equity,tecnico,precio,227.550003,,USD,2026-07-28,2026-09-04T20:02:00Z,Yahoo Finance,2,,,engine/technical/README.md,
IBM,equity,tecnico,precio,226.440002,,USD,2026-07-29,2026-09-04T20:02:00Z,Yahoo Finance,2,,,engine/technical/README.md,
IBM,equity,tecnico,precio,221.740005,,USD,2026-07-30,2026-09-04T20:02:00Z,Yahoo Finance,2,,,engine/technical/README.md,
IBM,equity,tecnico,precio,223.649994,,USD,2026-07-31,2026-09-04T20:02:00Z,Yahoo Finance,2,,,engine/technical/README.md,
IBM,equity,tecnico,precio,226.309998,,USD,2026-08-03,2026-09-04T20:02:00Z,Yahoo Finance,2,,,engine/technical/README.md,
IBM,equity,tecnico,precio,235.149994,,USD,2026-08-04,2026-09-04T20:02:00Z,Yahoo Finance,2,,,engine/technical/README.md,
IBM,equity,tecnico,precio,235.919998,,USD,2026-08-05,2026-09-04T20:02:00Z,Yahoo Finance,2,,,engine/technical/README.md,
IBM,equity,tecnico,precio,233.429993,,USD,2026-08-06,2026-09-04T20:02:00Z,Yahoo Finance,2,,,engine/technical/README.md,
IBM,equity,tecnico,precio,237.279999,,USD,2026-08-07,2026-09-04T20:02:00Z,Yahoo Finance,2,,,engine/technical/README.md,
IBM,equity,tecnico,precio,236.309998,,USD,2026-08-10,2026-09-04T20:02:00Z,Yahoo Finance,2,,,engine/technical/README.md,
IBM,equity,tecnico,precio,238.419998,,USD,2026-08-11,2026-09-04T20:02:00Z,Yahoo Finance,2,,,engine/technical/README.md,
IBM,equity,tecnico,precio,235.979996,,USD,2026-08-12,2026-09-04T20:02:00Z,Yahoo Finance,2,,,engine/technical/README.md,
IBM,equity,tecnico,precio,237.139999,,USD,2026-08-13,2026-09-04T20:02:00Z,Yahoo Finance,2,,,engine/technical/README.md,
IBM,equity,tecnico,precio,234.320007,,USD,2026-08-14,2026-09-04T20:02:00Z,Yahoo Finance,2,,,engine/technical/README.md,
IBM,equity,tecnico,precio,228.850006,,USD,2026-08-17,2026-09-04T20:02:00Z,Yahoo Finance,2,,,engine/technical/README.md,
IBM,equity,tecnico,precio,232.669998,,USD,2026-08-18,2026-09-04T20:02:00Z,Yahoo Finance,2,,,engine/technical/README.md,
IBM,equity,tecnico,precio,237.160004,,USD,2026-08-19,2026-09-04T20:02:00Z,Yahoo Finance,2,,,engine/technical/README.md,
IBM,equity,tecnico,precio,233.690002,,USD,2026-08-20,2026-09-04T20:02:00Z,Yahoo Finance,2,,,engine/technical/README.md,
IBM,equity,tecnico,precio,235.679993,,USD,2026-08-21,2026-09-04T20:02:00Z,Yahoo Finance,2,,,engine/technical/README.md,
IBM,equity,tecnico,precio,231.039993,,USD,2026-08-24,2026-09-04T20:02:00Z,Yahoo Finance,2,,,engine/technical/README.md,
IBM,equity,tecnico,precio,234.190002,,USD,2026-08-25,2026-09-04T20:02:00Z,Yahoo Finance,2,,,engine/technical/README.md,
IBM,equity,tecnico,precio,229.869995,,USD,2026-08-26,2026-09-04T20:02:00Z,Yahoo Finance,2,,,engine/technical/README.md,
IBM,equity,tecnico,precio,238.789993,,USD,2026-08-27,2026-09-04T20:02:00Z,Yahoo Finance,2,,,engine/technical/README.md,
IBM,equity,tecnico,precio,235.589996,,USD,2026-08-28,2026-09-04T20:02:00Z,Yahoo Finance,2,,,engine/technical/README.md,
IBM,equity,tecnico,precio,233.869995,,USD,2026-08-31,2026-09-04T20:02:00Z,Yahoo Finance,2,,,engine/technical/README.md,
IBM,equity,tecnico,precio,231.399994,,USD,2026-09-01,2026-09-04T20:02:00Z,Yahoo Finance,2,,,engine/technical/README.md,
IBM,equity,tecnico,precio,231.7,,USD,2026-09-02,2026-09-03T11:40:59Z,Alpha Vantage,2,,,engine/equity/README.md,
IBM,equity,tecnico,precio,234.710007,,USD,2026-09-03,2026-09-04T20:02:00Z,Yahoo Finance,2,,,engine/technical/README.md,
IBM,equity,tecnico,precio,234.839996,,USD,2026-09-04,2026-09-04T20:02:00Z,Yahoo Finance,2,,,engine/technical/README.md,
IBM,equity,tecnico,rsi14,34.3,,indice,2026-01-02,2026-09-04T20:02:00Z,Yahoo Finance,2,,,engine/technical/README.md,
IBM,equity,tecnico,rsi14,40.2,,indice,2026-01-05,2026-09-04T20:02:00Z,Yahoo Finance,2,,,engine/technical/README.md,
IBM,equity,tecnico,rsi14,50.7,,indice,2026-01-06,2026-09-04T20:02:00Z,Yahoo Finance,2,,,engine/technical/README.md,
IBM,equity,tecnico,rsi14,44.3,,indice,2026-01-07,2026-09-04T20:02:00Z,Yahoo Finance,2,,,engine/technical/README.md,
IBM,equity,tecnico,rsi14,51.2,,indice,2026-01-08,2026-09-04T20:02:00Z,Yahoo Finance,2,,,engine/technical/README.md,
IBM,equity,tecnico,rsi14,52.8,,indice,2026-01-09,2026-09-04T20:02:00Z,Yahoo Finance,2,,,engine/technical/README.md,
IBM,equity,tecnico,rsi14,60.1,,indice,2026-01-12,2026-09-04T20:02:00Z,Yahoo Finance,2,,,engine/technical/README.md,
IBM,equity,tecnico,rsi14,50.5,,indice,2026-01-13,2026-09-04T20:02:00Z,Yahoo Finance,2,,,engine/technical/README.md,
IBM,equity,tecnico,rsi14,55.5,,indice,2026-01-14,2026-09-04T20:02:00Z,Yahoo Finance,2,,,engine/technical/README.md,
IBM,equity,tecnico,rsi14,46.1,,indice,2026-01-15,2026-09-04T20:02:00Z,Yahoo Finance,2,,,engine/technical/README.md,
IBM,equity,tecnico,rsi14,52.2,,indice,2026-01-16,2026-09-04T20:02:00Z,Yahoo Finance,2,,,engine/technical/README.md,
IBM,equity,tecnico,rsi14,42.6,,indice,2026-01-20,2026-09-04T20:02:00Z,Yahoo Finance,2,,,engine/technical/README.md,
IBM,equity,tecnico,rsi14,47.1,,indice,2026-01-21,2026-09-04T20:02:00Z,Yahoo Finance,2,,,engine/technical/README.md,
IBM,equity,tecnico,rsi14,45.3,,indice,2026-01-22,2026-09-04T20:02:00Z,Yahoo Finance,2,,,engine/technical/README.md,
IBM,equity,tecnico,rsi14,43.9,,indice,2026-01-23,2026-09-04T20:02:00Z,Yahoo Finance,2,,,engine/technical/README.md,
IBM,equity,tecnico,rsi14,47.0,,indice,2026-01-26,2026-09-04T20:02:00Z,Yahoo Finance,2,,,engine/technical/README.md,
IBM,equity,tecnico,rsi14,45.3,,indice,2026-01-27,2026-09-04T20:02:00Z,Yahoo Finance,2,,,engine/technical/README.md,
IBM,equity,tecnico,rsi14,45.5,,indice,2026-01-28,2026-09-04T20:02:00Z,Yahoo Finance,2,,,engine/technical/README.md,
IBM,equity,tecnico,rsi14,56.6,,indice,2026-01-29,2026-09-04T20:02:00Z,Yahoo Finance,2,,,engine/technical/README.md,
IBM,equity,tecnico,rsi14,54.6,,indice,2026-01-30,2026-09-04T20:02:00Z,Yahoo Finance,2,,,engine/technical/README.md,
IBM,equity,tecnico,rsi14,59.5,,indice,2026-02-02,2026-09-04T20:02:00Z,Yahoo Finance,2,,,engine/technical/README.md,
IBM,equity,tecnico,rsi14,45.9,,indice,2026-02-03,2026-09-04T20:02:00Z,Yahoo Finance,2,,,engine/technical/README.md,
IBM,equity,tecnico,rsi14,43.2,,indice,2026-02-04,2026-09-04T20:02:00Z,Yahoo Finance,2,,,engine/technical/README.md,
IBM,equity,tecnico,rsi14,43.8,,indice,2026-02-05,2026-09-04T20:02:00Z,Yahoo Finance,2,,,engine/technical/README.md,
IBM,equity,tecnico,rsi14,49.7,,indice,2026-02-06,2026-09-04T20:02:00Z,Yahoo Finance,2,,,engine/technical/README.md,
IBM,equity,tecnico,rsi14,48.1,,indice,2026-02-09,2026-09-04T20:02:00Z,Yahoo Finance,2,,,engine/technical/README.md,
IBM,equity,tecnico,rsi14,45.4,,indice,2026-02-10,2026-09-04T20:02:00Z,Yahoo Finance,2,,,engine/technical/README.md,
IBM,equity,tecnico,rsi14,36.3,,indice,2026-02-11,2026-09-04T20:02:00Z,Yahoo Finance,2,,,engine/technical/README.md,
IBM,equity,tecnico,rsi14,31.5,,indice,2026-02-12,2026-09-04T20:02:00Z,Yahoo Finance,2,,,engine/technical/README.md,
IBM,equity,tecnico,rsi14,33.5,,indice,2026-02-13,2026-09-04T20:02:00Z,Yahoo Finance,2,,,engine/technical/README.md,
IBM,equity,tecnico,rsi14,32.1,,indice,2026-02-17,2026-09-04T20:02:00Z,Yahoo Finance,2,,,engine/technical/README.md,
IBM,equity,tecnico,rsi14,34.0,,indice,2026-02-18,2026-09-04T20:02:00Z,Yahoo Finance,2,,,engine/technical/README.md,
IBM,equity,tecnico,rsi14,32.2,,indice,2026-02-19,2026-09-04T20:02:00Z,Yahoo Finance,2,,,engine/technical/README.md,
IBM,equity,tecnico,rsi14,32.9,,indice,2026-02-20,2026-09-04T20:02:00Z,Yahoo Finance,2,,,engine/technical/README.md,
IBM,equity,tecnico,rsi14,22.8,,indice,2026-02-23,2026-09-04T20:02:00Z,Yahoo Finance,2,,,engine/technical/README.md,
IBM,equity,tecnico,rsi14,27.1,,indice,2026-02-24,2026-09-04T20:02:00Z,Yahoo Finance,2,,,engine/technical/README.md,
IBM,equity,tecnico,rsi14,32.6,,indice,2026-02-25,2026-09-04T20:02:00Z,Yahoo Finance,2,,,engine/technical/README.md,
IBM,equity,tecnico,rsi14,35.5,,indice,2026-02-26,2026-09-04T20:02:00Z,Yahoo Finance,2,,,engine/technical/README.md,
IBM,equity,tecnico,rsi14,34.8,,indice,2026-02-27,2026-09-04T20:02:00Z,Yahoo Finance,2,,,engine/technical/README.md,
IBM,equity,tecnico,rsi14,34.5,,indice,2026-03-02,2026-09-04T20:02:00Z,Yahoo Finance,2,,,engine/technical/README.md,
IBM,equity,tecnico,rsi14,38.7,,indice,2026-03-03,2026-09-04T20:02:00Z,Yahoo Finance,2,,,engine/technical/README.md,
IBM,equity,tecnico,rsi14,41.9,,indice,2026-03-04,2026-09-04T20:02:00Z,Yahoo Finance,2,,,engine/technical/README.md,
IBM,equity,tecnico,rsi14,46.1,,indice,2026-03-05,2026-09-04T20:02:00Z,Yahoo Finance,2,,,engine/technical/README.md,
IBM,equity,tecnico,rsi14,47.5,,indice,2026-03-06,2026-09-04T20:02:00Z,Yahoo Finance,2,,,engine/technical/README.md,
IBM,equity,tecnico,rsi14,44.4,,indice,2026-03-09,2026-09-04T20:02:00Z,Yahoo Finance,2,,,engine/technical/README.md,
IBM,equity,tecnico,rsi14,42.8,,indice,2026-03-10,2026-09-04T20:02:00Z,Yahoo Finance,2,,,engine/technical/README.md,
IBM,equity,tecnico,rsi14,42.0,,indice,2026-03-11,2026-09-04T20:02:00Z,Yahoo Finance,2,,,engine/technical/README.md,
IBM,equity,tecnico,rsi14,41.4,,indice,2026-03-12,2026-09-04T20:02:00Z,Yahoo Finance,2,,,engine/technical/README.md,
IBM,equity,tecnico,rsi14,40.5,,indice,2026-03-13,2026-09-04T20:02:00Z,Yahoo Finance,2,,,engine/technical/README.md,
IBM,equity,tecnico,rsi14,43.1,,indice,2026-03-16,2026-09-04T20:02:00Z,Yahoo Finance,2,,,engine/technical/README.md,
IBM,equity,tecnico,rsi14,48.7,,indice,2026-03-17,2026-09-04T20:02:00Z,Yahoo Finance,2,,,engine/technical/README.md,
IBM,equity,tecnico,rsi14,45.5,,indice,2026-03-18,2026-09-04T20:02:00Z,Yahoo Finance,2,,,engine/technical/README.md,
IBM,equity,tecnico,rsi14,44.7,,indice,2026-03-19,2026-09-04T20:02:00Z,Yahoo Finance,2,,,engine/technical/README.md,
IBM,equity,tecnico,rsi14,39.2,,indice,2026-03-20,2026-09-04T20:02:00Z,Yahoo Finance,2,,,engine/technical/README.md,
IBM,equity,tecnico,rsi14,44.9,,indice,2026-03-23,2026-09-04T20:02:00Z,Yahoo Finance,2,,,engine/technical/README.md,
IBM,equity,tecnico,rsi14,40.1,,indice,2026-03-24,2026-09-04T20:02:00Z,Yahoo Finance,2,,,engine/technical/README.md,
IBM,equity,tecnico,rsi14,40.8,,indice,2026-03-25,2026-09-04T20:02:00Z,Yahoo Finance,2,,,engine/technical/README.md,
IBM,equity,tecnico,rsi14,41.1,,indice,2026-03-26,2026-09-04T20:02:00Z,Yahoo Finance,2,,,engine/technical/README.md,
IBM,equity,tecnico,rsi14,37.7,,indice,2026-03-27,2026-09-04T20:02:00Z,Yahoo Finance,2,,,engine/technical/README.md,
IBM,equity,tecnico,rsi14,38.6,,indice,2026-03-30,2026-09-04T20:02:00Z,Yahoo Finance,2,,,engine/technical/README.md,
IBM,equity,tecnico,rsi14,43.7,,indice,2026-03-31,2026-09-04T20:02:00Z,Yahoo Finance,2,,,engine/technical/README.md,
IBM,equity,tecnico,rsi14,44.4,,indice,2026-04-01,2026-09-04T20:02:00Z,Yahoo Finance,2,,,engine/technical/README.md,
IBM,equity,tecnico,rsi14,49.1,,indice,2026-04-02,2026-09-04T20:02:00Z,Yahoo Finance,2,,,engine/technical/README.md,
IBM,equity,tecnico,rsi14,47.8,,indice,2026-04-06,2026-09-04T20:02:00Z,Yahoo Finance,2,,,engine/technical/README.md,
IBM,equity,tecnico,rsi14,46.4,,indice,2026-04-07,2026-09-04T20:02:00Z,Yahoo Finance,2,,,engine/technical/README.md,
IBM,equity,tecnico,rsi14,43.5,,indice,2026-04-08,2026-09-04T20:02:00Z,Yahoo Finance,2,,,engine/technical/README.md,
IBM,equity,tecnico,rsi14,39.9,,indice,2026-04-09,2026-09-04T20:02:00Z,Yahoo Finance,2,,,engine/technical/README.md,
IBM,equity,tecnico,rsi14,35.4,,indice,2026-04-10,2026-09-04T20:02:00Z,Yahoo Finance,2,,,engine/technical/README.md,
IBM,equity,tecnico,rsi14,43.0,,indice,2026-04-13,2026-09-04T20:02:00Z,Yahoo Finance,2,,,engine/technical/README.md,
IBM,equity,tecnico,rsi14,45.4,,indice,2026-04-14,2026-09-04T20:02:00Z,Yahoo Finance,2,,,engine/technical/README.md,
IBM,equity,tecnico,rsi14,49.6,,indice,2026-04-15,2026-09-04T20:02:00Z,Yahoo Finance,2,,,engine/technical/README.md,
IBM,equity,tecnico,rsi14,54.8,,indice,2026-04-16,2026-09-04T20:02:00Z,Yahoo Finance,2,,,engine/technical/README.md,
IBM,equity,tecnico,rsi14,56.7,,indice,2026-04-17,2026-09-04T20:02:00Z,Yahoo Finance,2,,,engine/technical/README.md,
IBM,equity,tecnico,rsi14,56.8,,indice,2026-04-20,2026-09-04T20:02:00Z,Yahoo Finance,2,,,engine/technical/README.md,
IBM,equity,tecnico,rsi14,58.5,,indice,2026-04-21,2026-09-04T20:02:00Z,Yahoo Finance,2,,,engine/technical/README.md,
IBM,equity,tecnico,rsi14,54.2,,indice,2026-04-22,2026-09-04T20:02:00Z,Yahoo Finance,2,,,engine/technical/README.md,
IBM,equity,tecnico,rsi14,38.1,,indice,2026-04-23,2026-09-04T20:02:00Z,Yahoo Finance,2,,,engine/technical/README.md,
IBM,equity,tecnico,rsi14,39.0,,indice,2026-04-24,2026-09-04T20:02:00Z,Yahoo Finance,2,,,engine/technical/README.md,
IBM,equity,tecnico,rsi14,36.6,,indice,2026-04-27,2026-09-04T20:02:00Z,Yahoo Finance,2,,,engine/technical/README.md,
IBM,equity,tecnico,rsi14,41.4,,indice,2026-04-28,2026-09-04T20:02:00Z,Yahoo Finance,2,,,engine/technical/README.md,
IBM,equity,tecnico,rsi14,37.8,,indice,2026-04-29,2026-09-04T20:02:00Z,Yahoo Finance,2,,,engine/technical/README.md,
IBM,equity,tecnico,rsi14,41.4,,indice,2026-04-30,2026-09-04T20:02:00Z,Yahoo Finance,2,,,engine/technical/README.md,
IBM,equity,tecnico,rsi14,42.6,,indice,2026-05-01,2026-09-04T20:02:00Z,Yahoo Finance,2,,,engine/technical/README.md,
IBM,equity,tecnico,rsi14,40.7,,indice,2026-05-04,2026-09-04T20:02:00Z,Yahoo Finance,2,,,engine/technical/README.md,
IBM,equity,tecnico,rsi14,40.3,,indice,2026-05-05,2026-09-04T20:02:00Z,Yahoo Finance,2,,,engine/technical/README.md,
IBM,equity,tecnico,rsi14,38.0,,indice,2026-05-06,2026-09-04T20:02:00Z,Yahoo Finance,2,,,engine/technical/README.md,
IBM,equity,tecnico,rsi14,44.0,,indice,2026-05-07,2026-09-04T20:02:00Z,Yahoo Finance,2,,,engine/technical/README.md,
IBM,equity,tecnico,rsi14,42.7,,indice,2026-05-08,2026-09-04T20:02:00Z,Yahoo Finance,2,,,engine/technical/README.md,
IBM,equity,tecnico,rsi14,38.1,,indice,2026-05-11,2026-09-04T20:02:00Z,Yahoo Finance,2,,,engine/technical/README.md,
IBM,equity,tecnico,rsi14,35.2,,indice,2026-05-12,2026-09-04T20:02:00Z,Yahoo Finance,2,,,engine/technical/README.md,
IBM,equity,tecnico,rsi14,32.4,,indice,2026-05-13,2026-09-04T20:02:00Z,Yahoo Finance,2,,,engine/technical/README.md,
IBM,equity,tecnico,rsi14,36.8,,indice,2026-05-14,2026-09-04T20:02:00Z,Yahoo Finance,2,,,engine/technical/README.md,
IBM,equity,tecnico,rsi14,37.9,,indice,2026-05-15,2026-09-04T20:02:00Z,Yahoo Finance,2,,,engine/technical/README.md,
IBM,equity,tecnico,rsi14,41.9,,indice,2026-05-18,2026-09-04T20:02:00Z,Yahoo Finance,2,,,engine/technical/README.md,
IBM,equity,tecnico,rsi14,41.5,,indice,2026-05-19,2026-09-04T20:02:00Z,Yahoo Finance,2,,,engine/technical/README.md,
IBM,equity,tecnico,rsi14,44.7,,indice,2026-05-20,2026-09-04T20:02:00Z,Yahoo Finance,2,,,engine/technical/README.md,
IBM,equity,tecnico,rsi14,65.6,,indice,2026-05-21,2026-09-04T20:02:00Z,Yahoo Finance,2,,,engine/technical/README.md,
IBM,equity,tecnico,rsi14,66.0,,indice,2026-05-22,2026-09-04T20:02:00Z,Yahoo Finance,2,,,engine/technical/README.md,
IBM,equity,tecnico,rsi14,63.0,,indice,2026-05-26,2026-09-04T20:02:00Z,Yahoo Finance,2,,,engine/technical/README.md,
IBM,equity,tecnico,rsi14,65.4,,indice,2026-05-27,2026-09-04T20:02:00Z,Yahoo Finance,2,,,engine/technical/README.md,
IBM,equity,tecnico,rsi14,69.8,,indice,2026-05-28,2026-09-04T20:02:00Z,Yahoo Finance,2,,,engine/technical/README.md,
IBM,equity,tecnico,rsi14,79.9,,indice,2026-05-29,2026-09-04T20:02:00Z,Yahoo Finance,2,,,engine/technical/README.md,
IBM,equity,tecnico,rsi14,83.8,,indice,2026-06-01,2026-09-04T20:02:00Z,Yahoo Finance,2,,,engine/technical/README.md,
IBM,equity,tecnico,rsi14,85.1,,indice,2026-06-02,2026-09-04T20:02:00Z,Yahoo Finance,2,,,engine/technical/README.md,
IBM,equity,tecnico,rsi14,69.8,,indice,2026-06-03,2026-09-04T20:02:00Z,Yahoo Finance,2,,,engine/technical/README.md,
IBM,equity,tecnico,rsi14,67.7,,indice,2026-06-04,2026-09-04T20:02:00Z,Yahoo Finance,2,,,engine/technical/README.md,
IBM,equity,tecnico,rsi14,59.1,,indice,2026-06-05,2026-09-04T20:02:00Z,Yahoo Finance,2,,,engine/technical/README.md,
IBM,equity,tecnico,rsi14,57.2,,indice,2026-06-08,2026-09-04T20:02:00Z,Yahoo Finance,2,,,engine/technical/README.md,
IBM,equity,tecnico,rsi14,55.7,,indice,2026-06-09,2026-09-04T20:02:00Z,Yahoo Finance,2,,,engine/technical/README.md,
IBM,equity,tecnico,rsi14,53.3,,indice,2026-06-10,2026-09-04T20:02:00Z,Yahoo Finance,2,,,engine/technical/README.md,
IBM,equity,tecnico,rsi14,54.3,,indice,2026-06-11,2026-09-04T20:02:00Z,Yahoo Finance,2,,,engine/technical/README.md,
IBM,equity,tecnico,rsi14,53.0,,indice,2026-06-12,2026-09-04T20:02:00Z,Yahoo Finance,2,,,engine/technical/README.md,
IBM,equity,tecnico,rsi14,51.2,,indice,2026-06-15,2026-09-04T20:02:00Z,Yahoo Finance,2,,,engine/technical/README.md,
IBM,equity,tecnico,rsi14,52.2,,indice,2026-06-16,2026-09-04T20:02:00Z,Yahoo Finance,2,,,engine/technical/README.md,
IBM,equity,tecnico,rsi14,47.8,,indice,2026-06-17,2026-09-04T20:02:00Z,Yahoo Finance,2,,,engine/technical/README.md,
IBM,equity,tecnico,rsi14,41.8,,indice,2026-06-18,2026-09-04T20:02:00Z,Yahoo Finance,2,,,engine/technical/README.md,
IBM,equity,tecnico,rsi14,43.6,,indice,2026-06-22,2026-09-04T20:02:00Z,Yahoo Finance,2,,,engine/technical/README.md,
IBM,equity,tecnico,rsi14,50.3,,indice,2026-06-23,2026-09-04T20:02:00Z,Yahoo Finance,2,,,engine/technical/README.md,
IBM,equity,tecnico,rsi14,49.3,,indice,2026-06-24,2026-09-04T20:02:00Z,Yahoo Finance,2,,,engine/technical/README.md,
IBM,equity,tecnico,rsi14,47.0,,indice,2026-06-25,2026-09-04T20:02:00Z,Yahoo Finance,2,,,engine/technical/README.md,
IBM,equity,tecnico,rsi14,53.7,,indice,2026-06-26,2026-09-04T20:02:00Z,Yahoo Finance,2,,,engine/technical/README.md,
IBM,equity,tecnico,rsi14,56.6,,indice,2026-06-29,2026-09-04T20:02:00Z,Yahoo Finance,2,,,engine/technical/README.md,
IBM,equity,tecnico,rsi14,58.0,,indice,2026-06-30,2026-09-04T20:02:00Z,Yahoo Finance,2,,,engine/technical/README.md,
IBM,equity,tecnico,rsi14,60.2,,indice,2026-07-01,2026-09-04T20:02:00Z,Yahoo Finance,2,,,engine/technical/README.md,
IBM,equity,tecnico,rsi14,61.5,,indice,2026-07-02,2026-09-04T20:02:00Z,Yahoo Finance,2,,,engine/technical/README.md,
IBM,equity,tecnico,rsi14,65.5,,indice,2026-07-06,2026-09-04T20:02:00Z,Yahoo Finance,2,,,engine/technical/README.md,
IBM,equity,tecnico,rsi14,67.9,,indice,2026-07-07,2026-09-04T20:02:00Z,Yahoo Finance,2,,,engine/technical/README.md,
IBM,equity,tecnico,rsi14,64.9,,indice,2026-07-08,2026-09-04T20:02:00Z,Yahoo Finance,2,,,engine/technical/README.md,
IBM,equity,tecnico,rsi14,60.2,,indice,2026-07-09,2026-09-04T20:02:00Z,Yahoo Finance,2,,,engine/technical/README.md,
IBM,equity,tecnico,rsi14,55.3,,indice,2026-07-10,2026-09-04T20:02:00Z,Yahoo Finance,2,,,engine/technical/README.md,
IBM,equity,tecnico,rsi14,56.7,,indice,2026-07-13,2026-09-04T20:02:00Z,Yahoo Finance,2,,,engine/technical/README.md,
IBM,equity,tecnico,rsi14,30.3,,indice,2026-07-14,2026-09-04T20:02:00Z,Yahoo Finance,2,,,engine/technical/README.md,
IBM,equity,tecnico,rsi14,29.2,,indice,2026-07-15,2026-09-04T20:02:00Z,Yahoo Finance,2,,,engine/technical/README.md,
IBM,equity,tecnico,rsi14,32.9,,indice,2026-07-16,2026-09-04T20:02:00Z,Yahoo Finance,2,,,engine/technical/README.md,
IBM,equity,tecnico,rsi14,31.5,,indice,2026-07-17,2026-09-04T20:02:00Z,Yahoo Finance,2,,,engine/technical/README.md,
IBM,equity,tecnico,rsi14,31.6,,indice,2026-07-20,2026-09-04T20:02:00Z,Yahoo Finance,2,,,engine/technical/README.md,
IBM,equity,tecnico,rsi14,31.0,,indice,2026-07-21,2026-09-04T20:02:00Z,Yahoo Finance,2,,,engine/technical/README.md,
IBM,equity,tecnico,rsi14,29.8,,indice,2026-07-22,2026-09-04T20:02:00Z,Yahoo Finance,2,,,engine/technical/README.md,
IBM,equity,tecnico,rsi14,30.3,,indice,2026-07-23,2026-09-04T20:02:00Z,Yahoo Finance,2,,,engine/technical/README.md,
IBM,equity,tecnico,rsi14,34.9,,indice,2026-07-24,2026-09-04T20:02:00Z,Yahoo Finance,2,,,engine/technical/README.md,
IBM,equity,tecnico,rsi14,36.2,,indice,2026-07-27,2026-09-04T20:02:00Z,Yahoo Finance,2,,,engine/technical/README.md,
IBM,equity,tecnico,rsi14,42.6,,indice,2026-07-28,2026-09-04T20:02:00Z,Yahoo Finance,2,,,engine/technical/README.md,
IBM,equity,tecnico,rsi14,42.1,,indice,2026-07-29,2026-09-04T20:02:00Z,Yahoo Finance,2,,,engine/technical/README.md,
IBM,equity,tecnico,rsi14,40.2,,indice,2026-07-30,2026-09-04T20:02:00Z,Yahoo Finance,2,,,engine/technical/README.md,
IBM,equity,tecnico,rsi14,41.4,,indice,2026-07-31,2026-09-04T20:02:00Z,Yahoo Finance,2,,,engine/technical/README.md,
IBM,equity,tecnico,rsi14,43.1,,indice,2026-08-03,2026-09-04T20:02:00Z,Yahoo Finance,2,,,engine/technical/README.md,
IBM,equity,tecnico,rsi14,48.4,,indice,2026-08-04,2026-09-04T20:02:00Z,Yahoo Finance,2,,,engine/technical/README.md,
IBM,equity,tecnico,rsi14,48.8,,indice,2026-08-05,2026-09-04T20:02:00Z,Yahoo Finance,2,,,engine/technical/README.md,
IBM,equity,tecnico,rsi14,47.4,,indice,2026-08-06,2026-09-04T20:02:00Z,Yahoo Finance,2,,,engine/technical/README.md,
IBM,equity,tecnico,rsi14,49.8,,indice,2026-08-07,2026-09-04T20:02:00Z,Yahoo Finance,2,,,engine/technical/README.md,
IBM,equity,tecnico,rsi14,49.2,,indice,2026-08-10,2026-09-04T20:02:00Z,Yahoo Finance,2,,,engine/technical/README.md,
IBM,equity,tecnico,rsi14,50.7,,indice,2026-08-11,2026-09-04T20:02:00Z,Yahoo Finance,2,,,engine/technical/README.md,
IBM,equity,tecnico,rsi14,48.9,,indice,2026-08-12,2026-09-04T20:02:00Z,Yahoo Finance,2,,,engine/technical/README.md,
IBM,equity,tecnico,rsi14,49.8,,indice,2026-08-13,2026-09-04T20:02:00Z,Yahoo Finance,2,,,engine/technical/README.md,
IBM,equity,tecnico,rsi14,47.7,,indice,2026-08-14,2026-09-04T20:02:00Z,Yahoo Finance,2,,,engine/technical/README.md,
IBM,equity,tecnico,rsi14,43.7,,indice,2026-08-17,2026-09-04T20:02:00Z,Yahoo Finance,2,,,engine/technical/README.md,
IBM,equity,tecnico,rsi14,47.0,,indice,2026-08-18,2026-09-04T20:02:00Z,Yahoo Finance,2,,,engine/technical/README.md,
IBM,equity,tecnico,rsi14,50.7,,indice,2026-08-19,2026-09-04T20:02:00Z,Yahoo Finance,2,,,engine/technical/README.md,
IBM,equity,tecnico,rsi14,47.9,,indice,2026-08-20,2026-09-04T20:02:00Z,Yahoo Finance,2,,,engine/technical/README.md,
IBM,equity,tecnico,rsi14,49.6,,indice,2026-08-21,2026-09-04T20:02:00Z,Yahoo Finance,2,,,engine/technical/README.md,
IBM,equity,tecnico,rsi14,45.9,,indice,2026-08-24,2026-09-04T20:02:00Z,Yahoo Finance,2,,,engine/technical/README.md,
IBM,equity,tecnico,rsi14,48.7,,indice,2026-08-25,2026-09-04T20:02:00Z,Yahoo Finance,2,,,engine/technical/README.md,
IBM,equity,tecnico,rsi14,45.2,,indice,2026-08-26,2026-09-04T20:02:00Z,Yahoo Finance,2,,,engine/technical/README.md,
IBM,equity,tecnico,rsi14,52.7,,indice,2026-08-27,2026-09-04T20:02:00Z,Yahoo Finance,2,,,engine/technical/README.md,
IBM,equity,tecnico,rsi14,50.1,,indice,2026-08-28,2026-09-04T20:02:00Z,Yahoo Finance,2,,,engine/technical/README.md,
IBM,equity,tecnico,rsi14,48.7,,indice,2026-08-31,2026-09-04T20:02:00Z,Yahoo Finance,2,,,engine/technical/README.md,
IBM,equity,tecnico,rsi14,46.6,,indice,2026-09-01,2026-09-04T20:02:00Z,Yahoo Finance,2,,,engine/technical/README.md,
IBM,equity,tecnico,rsi14,49.9,,indice,2026-09-03,2026-09-04T20:02:00Z,Yahoo Finance,2,,,engine/technical/README.md,
IBM,equity,tecnico,rsi14,50.0,,indice,2026-09-04,2026-09-04T20:02:00Z,Yahoo Finance,2,,,engine/technical/README.md,
IBM,equity,tecnico,sma100,283.382799,,USD,2026-01-02,2026-09-04T20:02:00Z,Yahoo Finance,2,,,engine/technical/README.md,
IBM,equity,tecnico,sma100,283.984799,,USD,2026-01-05,2026-09-04T20:02:00Z,Yahoo Finance,2,,,engine/technical/README.md,
IBM,equity,tecnico,sma100,284.608799,,USD,2026-01-06,2026-09-04T20:02:00Z,Yahoo Finance,2,,,engine/technical/README.md,
IBM,equity,tecnico,sma100,285.204999,,USD,2026-01-07,2026-09-04T20:02:00Z,Yahoo Finance,2,,,engine/technical/README.md,
IBM,equity,tecnico,sma100,285.834999,,USD,2026-01-08,2026-09-04T20:02:00Z,Yahoo Finance,2,,,engine/technical/README.md,
IBM,equity,tecnico,sma100,286.482699,,USD,2026-01-09,2026-09-04T20:02:00Z,Yahoo Finance,2,,,engine/technical/README.md,
IBM,equity,tecnico,sma100,287.191699,,USD,2026-01-12,2026-09-04T20:02:00Z,Yahoo Finance,2,,,engine/technical/README.md,
IBM,equity,tecnico,sma100,287.797799,,USD,2026-01-13,2026-09-04T20:02:00Z,Yahoo Finance,2,,,engine/technical/README.md,
IBM,equity,tecnico,sma100,288.494099,,USD,2026-01-14,2026-09-04T20:02:00Z,Yahoo Finance,2,,,engine/technical/README.md,
IBM,equity,tecnico,sma100,289.0527,,USD,2026-01-15,2026-09-04T20:02:00Z,Yahoo Finance,2,,,engine/technical/README.md,
IBM,equity,tecnico,sma100,289.7151,,USD,2026-01-16,2026-09-04T20:02:00Z,Yahoo Finance,2,,,engine/technical/README.md,
IBM,equity,tecnico,sma100,290.2023,,USD,2026-01-20,2026-09-04T20:02:00Z,Yahoo Finance,2,,,engine/technical/README.md,
IBM,equity,tecnico,sma100,290.7293,,USD,2026-01-21,2026-09-04T20:02:00Z,Yahoo Finance,2,,,engine/technical/README.md,
IBM,equity,tecnico,sma100,291.2187,,USD,2026-01-22,2026-09-04T20:02:00Z,Yahoo Finance,2,,,engine/technical/README.md,
IBM,equity,tecnico,sma100,291.7082,,USD,2026-01-23,2026-09-04T20:02:00Z,Yahoo Finance,2,,,engine/technical/README.md,
IBM,equity,tecnico,sma100,292.2565,,USD,2026-01-26,2026-09-04T20:02:00Z,Yahoo Finance,2,,,engine/technical/README.md,
IBM,equity,tecnico,sma100,292.7541,,USD,2026-01-27,2026-09-04T20:02:00Z,Yahoo Finance,2,,,engine/technical/README.md,
IBM,equity,tecnico,sma100,293.2239,,USD,2026-01-28,2026-09-04T20:02:00Z,Yahoo Finance,2,,,engine/technical/README.md,
IBM,equity,tecnico,sma100,293.831,,USD,2026-01-29,2026-09-04T20:02:00Z,Yahoo Finance,2,,,engine/technical/README.md,
IBM,equity,tecnico,sma100,294.3371,,USD,2026-01-30,2026-09-04T20:02:00Z,Yahoo Finance,2,,,engine/technical/README.md,
IBM,equity,tecnico,sma100,294.8933,,USD,2026-02-02,2026-09-04T20:02:00Z,Yahoo Finance,2,,,engine/technical/README.md,
IBM,equity,tecnico,sma100,295.2676,,USD,2026-02-03,2026-09-04T20:02:00Z,Yahoo Finance,2,,,engine/technical/README.md,
IBM,equity,tecnico,sma100,295.588,,USD,2026-02-04,2026-09-04T20:02:00Z,Yahoo Finance,2,,,engine/technical/README.md,
IBM,equity,tecnico,sma100,295.9525,,USD,2026-02-05,2026-09-04T20:02:00Z,Yahoo Finance,2,,,engine/technical/README.md,
IBM,equity,tecnico,sma100,296.3794,,USD,2026-02-06,2026-09-04T20:02:00Z,Yahoo Finance,2,,,engine/technical/README.md,
IBM,equity,tecnico,sma100,296.7676,,USD,2026-02-09,2026-09-04T20:02:00Z,Yahoo Finance,2,,,engine/technical/README.md,
IBM,equity,tecnico,sma100,297.0944,,USD,2026-02-10,2026-09-04T20:02:00Z,Yahoo Finance,2,,,engine/technical/README.md,
IBM,equity,tecnico,sma100,297.1725,,USD,2026-02-11,2026-09-04T20:02:00Z,Yahoo Finance,2,,,engine/technical/README.md,
IBM,equity,tecnico,sma100,297.1037,,USD,2026-02-12,2026-09-04T20:02:00Z,Yahoo Finance,2,,,engine/technical/README.md,
IBM,equity,tecnico,sma100,297.0138,,USD,2026-02-13,2026-09-04T20:02:00Z,Yahoo Finance,2,,,engine/technical/README.md,
IBM,equity,tecnico,sma100,296.8745,,USD,2026-02-17,2026-09-04T20:02:00Z,Yahoo Finance,2,,,engine/technical/README.md,
IBM,equity,tecnico,sma100,296.807101,,USD,2026-02-18,2026-09-04T20:02:00Z,Yahoo Finance,2,,,engine/technical/README.md,
IBM,equity,tecnico,sma100,296.5555,,USD,2026-02-19,2026-09-04T20:02:00Z,Yahoo Finance,2,,,engine/technical/README.md,
IBM,equity,tecnico,sma100,296.284001,,USD,2026-02-20,2026-09-04T20:02:00Z,Yahoo Finance,2,,,engine/technical/README.md,
IBM,equity,tecnico,sma100,295.719501,,USD,2026-02-23,2026-09-04T20:02:00Z,Yahoo Finance,2,,,engine/technical/README.md,
IBM,equity,tecnico,sma100,295.191101,,USD,2026-02-24,2026-09-04T20:02:00Z,Yahoo Finance,2,,,engine/technical/README.md,
IBM,equity,tecnico,sma100,294.701601,,USD,2026-02-25,2026-09-04T20:02:00Z,Yahoo Finance,2,,,engine/technical/README.md,
IBM,equity,tecnico,sma100,294.254501,,USD,2026-02-26,2026-09-04T20:02:00Z,Yahoo Finance,2,,,engine/technical/README.md,
IBM,equity,tecnico,sma100,293.772901,,USD,2026-02-27,2026-09-04T20:02:00Z,Yahoo Finance,2,,,engine/technical/README.md,
IBM,equity,tecnico,sma100,293.272401,,USD,2026-03-02,2026-09-04T20:02:00Z,Yahoo Finance,2,,,engine/technical/README.md,
IBM,equity,tecnico,sma100,292.786501,,USD,2026-03-03,2026-09-04T20:02:00Z,Yahoo Finance,2,,,engine/technical/README.md,
IBM,equity,tecnico,sma100,292.392501,,USD,2026-03-04,2026-09-04T20:02:00Z,Yahoo Finance,2,,,engine/technical/README.md,
IBM,equity,tecnico,sma100,292.075701,,USD,2026-03-05,2026-09-04T20:02:00Z,Yahoo Finance,2,,,engine/technical/README.md,
IBM,equity,tecnico,sma100,291.886001,,USD,2026-03-06,2026-09-04T20:02:00Z,Yahoo Finance,2,,,engine/technical/README.md,
IBM,equity,tecnico,sma100,291.647101,,USD,2026-03-09,2026-09-04T20:02:00Z,Yahoo Finance,2,,,engine/technical/README.md,
IBM,equity,tecnico,sma100,291.387601,,USD,2026-03-10,2026-09-04T20:02:00Z,Yahoo Finance,2,,,engine/technical/README.md,
IBM,equity,tecnico,sma100,291.068801,,USD,2026-03-11,2026-09-04T20:02:00Z,Yahoo Finance,2,,,engine/technical/README.md,
IBM,equity,tecnico,sma100,290.7859,,USD,2026-03-12,2026-09-04T20:02:00Z,Yahoo Finance,2,,,engine/technical/README.md,
IBM,equity,tecnico,sma100,290.4359,,USD,2026-03-13,2026-09-04T20:02:00Z,Yahoo Finance,2,,,engine/technical/README.md,
IBM,equity,tecnico,sma100,290.0919,,USD,2026-03-16,2026-09-04T20:02:00Z,Yahoo Finance,2,,,engine/technical/README.md,
IBM,equity,tecnico,sma100,289.8325,,USD,2026-03-17,2026-09-04T20:02:00Z,Yahoo Finance,2,,,engine/technical/README.md,
IBM,equity,tecnico,sma100,289.4734,,USD,2026-03-18,2026-09-04T20:02:00Z,Yahoo Finance,2,,,engine/technical/README.md,
IBM,equity,tecnico,sma100,289.1271,,USD,2026-03-19,2026-09-04T20:02:00Z,Yahoo Finance,2,,,engine/technical/README.md,
IBM,equity,tecnico,sma100,288.470201,,USD,2026-03-20,2026-09-04T20:02:00Z,Yahoo Finance,2,,,engine/technical/README.md,
IBM,equity,tecnico,sma100,287.823701,,USD,2026-03-23,2026-09-04T20:02:00Z,Yahoo Finance,2,,,engine/technical/README.md,
IBM,equity,tecnico,sma100,287.1039,,USD,2026-03-24,2026-09-04T20:02:00Z,Yahoo Finance,2,,,engine/technical/README.md,
IBM,equity,tecnico,sma100,286.435701,,USD,2026-03-25,2026-09-04T20:02:00Z,Yahoo Finance,2,,,engine/technical/README.md,
IBM,equity,tecnico,sma100,285.751801,,USD,2026-03-26,2026-09-04T20:02:00Z,Yahoo Finance,2,,,engine/technical/README.md,
IBM,equity,tecnico,sma100,285.0411,,USD,2026-03-27,2026-09-04T20:02:00Z,Yahoo Finance,2,,,engine/technical/README.md,
IBM,equity,tecnico,sma100,284.3663,,USD,2026-03-30,2026-09-04T20:02:00Z,Yahoo Finance,2,,,engine/technical/README.md,
IBM,equity,tecnico,sma100,283.7817,,USD,2026-03-31,2026-09-04T20:02:00Z,Yahoo Finance,2,,,engine/technical/README.md,
IBM,equity,tecnico,sma100,283.1454,,USD,2026-04-01,2026-09-04T20:02:00Z,Yahoo Finance,2,,,engine/technical/README.md,
IBM,equity,tecnico,sma100,282.5028,,USD,2026-04-02,2026-09-04T20:02:00Z,Yahoo Finance,2,,,engine/technical/README.md,
IBM,equity,tecnico,sma100,281.9064,,USD,2026-04-06,2026-09-04T20:02:00Z,Yahoo Finance,2,,,engine/technical/README.md,
IBM,equity,tecnico,sma100,281.2658,,USD,2026-04-07,2026-09-04T20:02:00Z,Yahoo Finance,2,,,engine/technical/README.md,
IBM,equity,tecnico,sma100,280.546,,USD,2026-04-08,2026-09-04T20:02:00Z,Yahoo Finance,2,,,engine/technical/README.md,
IBM,equity,tecnico,sma100,279.768,,USD,2026-04-09,2026-09-04T20:02:00Z,Yahoo Finance,2,,,engine/technical/README.md,
IBM,equity,tecnico,sma100,279.027,,USD,2026-04-10,2026-09-04T20:02:00Z,Yahoo Finance,2,,,engine/technical/README.md,
IBM,equity,tecnico,sma100,278.3483,,USD,2026-04-13,2026-09-04T20:02:00Z,Yahoo Finance,2,,,engine/technical/README.md,
IBM,equity,tecnico,sma100,277.7793,,USD,2026-04-14,2026-09-04T20:02:00Z,Yahoo Finance,2,,,engine/technical/README.md,
IBM,equity,tecnico,sma100,277.3278,,USD,2026-04-15,2026-09-04T20:02:00Z,Yahoo Finance,2,,,engine/technical/README.md,
IBM,equity,tecnico,sma100,276.9525,,USD,2026-04-16,2026-09-04T20:02:00Z,Yahoo Finance,2,,,engine/technical/README.md,
IBM,equity,tecnico,sma100,276.5832,,USD,2026-04-17,2026-09-04T20:02:00Z,Yahoo Finance,2,,,engine/technical/README.md,
IBM,equity,tecnico,sma100,276.1459,,USD,2026-04-20,2026-09-04T20:02:00Z,Yahoo Finance,2,,,engine/technical/README.md,
IBM,equity,tecnico,sma100,275.6615,,USD,2026-04-21,2026-09-04T20:02:00Z,Yahoo Finance,2,,,engine/technical/README.md,
IBM,equity,tecnico,sma100,275.1353,,USD,2026-04-22,2026-09-04T20:02:00Z,Yahoo Finance,2,,,engine/technical/README.md,
IBM,equity,tecnico,sma100,274.414,,USD,2026-04-23,2026-09-04T20:02:00Z,Yahoo Finance,2,,,engine/technical/README.md,
IBM,equity,tecnico,sma100,273.648,,USD,2026-04-24,2026-09-04T20:02:00Z,Yahoo Finance,2,,,engine/technical/README.md,
IBM,equity,tecnico,sma100,272.8718,,USD,2026-04-27,2026-09-04T20:02:00Z,Yahoo Finance,2,,,engine/technical/README.md,
IBM,equity,tecnico,sma100,272.1844,,USD,2026-04-28,2026-09-04T20:02:00Z,Yahoo Finance,2,,,engine/technical/README.md,
IBM,equity,tecnico,sma100,271.4292,,USD,2026-04-29,2026-09-04T20:02:00Z,Yahoo Finance,2,,,engine/technical/README.md,
IBM,equity,tecnico,sma100,270.6591,,USD,2026-04-30,2026-09-04T20:02:00Z,Yahoo Finance,2,,,engine/technical/README.md,
IBM,equity,tecnico,sma100,269.9017,,USD,2026-05-01,2026-09-04T20:02:00Z,Yahoo Finance,2,,,engine/technical/README.md,
IBM,equity,tecnico,sma100,269.1047,,USD,2026-05-04,2026-09-04T20:02:00Z,Yahoo Finance,2,,,engine/technical/README.md,
IBM,equity,tecnico,sma100,268.2902,,USD,2026-05-05,2026-09-04T20:02:00Z,Yahoo Finance,2,,,engine/technical/README.md,
IBM,equity,tecnico,sma100,267.4209,,USD,2026-05-06,2026-09-04T20:02:00Z,Yahoo Finance,2,,,engine/technical/README.md,
IBM,equity,tecnico,sma100,266.6266,,USD,2026-05-07,2026-09-04T20:02:00Z,Yahoo Finance,2,,,engine/technical/README.md,
IBM,equity,tecnico,sma100,265.8318,,USD,2026-05-08,2026-09-04T20:02:00Z,Yahoo Finance,2,,,engine/technical/README.md,
IBM,equity,tecnico,sma100,264.9807,,USD,2026-05-11,2026-09-04T20:02:00Z,Yahoo Finance,2,,,engine/technical/README.md,
IBM,equity,tecnico,sma100,264.1411,,USD,2026-05-12,2026-09-04T20:02:00Z,Yahoo Finance,2,,,engine/technical/README.md,
IBM,equity,tecnico,sma100,263.2543,,USD,2026-05-13,2026-09-04T20:02:00Z,Yahoo Finance,2,,,engine/technical/README.md,
IBM,equity,tecnico,sma100,262.4335,,USD,2026-05-14,2026-09-04T20:02:00Z,Yahoo Finance,2,,,engine/technical/README.md,
IBM,equity,tecnico,sma100,261.6167,,USD,2026-05-15,2026-09-04T20:02:00Z,Yahoo Finance,2,,,engine/technical/README.md,
IBM,equity,tecnico,sma100,260.8163,,USD,2026-05-18,2026-09-04T20:02:00Z,Yahoo Finance,2,,,engine/technical/README.md,
IBM,equity,tecnico,sma100,260.0018,,USD,2026-05-19,2026-09-04T20:02:00Z,Yahoo Finance,2,,,engine/technical/README.md,
IBM,equity,tecnico,sma100,259.2062,,USD,2026-05-20,2026-09-04T20:02:00Z,Yahoo Finance,2,,,engine/technical/README.md,
IBM,equity,tecnico,sma100,258.685,,USD,2026-05-21,2026-09-04T20:02:00Z,Yahoo Finance,2,,,engine/technical/README.md,
IBM,equity,tecnico,sma100,258.166,,USD,2026-05-22,2026-09-04T20:02:00Z,Yahoo Finance,2,,,engine/technical/README.md,
IBM,equity,tecnico,sma100,257.6524,,USD,2026-05-26,2026-09-04T20:02:00Z,Yahoo Finance,2,,,engine/technical/README.md,
IBM,equity,tecnico,sma100,257.2423,,USD,2026-05-27,2026-09-04T20:02:00Z,Yahoo Finance,2,,,engine/technical/README.md,
IBM,equity,tecnico,sma100,256.9695,,USD,2026-05-28,2026-09-04T20:02:00Z,Yahoo Finance,2,,,engine/technical/README.md,
IBM,equity,tecnico,sma100,256.9978,,USD,2026-05-29,2026-09-04T20:02:00Z,Yahoo Finance,2,,,engine/technical/README.md,
IBM,equity,tecnico,sma100,257.1773,,USD,2026-06-01,2026-09-04T20:02:00Z,Yahoo Finance,2,,,engine/technical/README.md,
IBM,equity,tecnico,sma100,257.5023,,USD,2026-06-02,2026-09-04T20:02:00Z,Yahoo Finance,2,,,engine/technical/README.md,
IBM,equity,tecnico,sma100,257.5314,,USD,2026-06-03,2026-09-04T20:02:00Z,Yahoo Finance,2,,,engine/technical/README.md,
IBM,equity,tecnico,sma100,257.5069,,USD,2026-06-04,2026-09-04T20:02:00Z,Yahoo Finance,2,,,engine/technical/README.md,
IBM,equity,tecnico,sma100,257.2335,,USD,2026-06-05,2026-09-04T20:02:00Z,Yahoo Finance,2,,,engine/technical/README.md,
IBM,equity,tecnico,sma100,257.0101,,USD,2026-06-08,2026-09-04T20:02:00Z,Yahoo Finance,2,,,engine/technical/README.md,
IBM,equity,tecnico,sma100,256.6947,,USD,2026-06-09,2026-09-04T20:02:00Z,Yahoo Finance,2,,,engine/technical/README.md,
IBM,equity,tecnico,sma100,256.4388,,USD,2026-06-10,2026-09-04T20:02:00Z,Yahoo Finance,2,,,engine/technical/README.md,
IBM,equity,tecnico,sma100,256.1306,,USD,2026-06-11,2026-09-04T20:02:00Z,Yahoo Finance,2,,,engine/technical/README.md,
IBM,equity,tecnico,sma100,255.9395,,USD,2026-06-12,2026-09-04T20:02:00Z,Yahoo Finance,2,,,engine/technical/README.md,
IBM,equity,tecnico,sma100,255.651199,,USD,2026-06-15,2026-09-04T20:02:00Z,Yahoo Finance,2,,,engine/technical/README.md,
IBM,equity,tecnico,sma100,255.412599,,USD,2026-06-16,2026-09-04T20:02:00Z,Yahoo Finance,2,,,engine/technical/README.md,
IBM,equity,tecnico,sma100,255.111699,,USD,2026-06-17,2026-09-04T20:02:00Z,Yahoo Finance,2,,,engine/technical/README.md,
IBM,equity,tecnico,sma100,254.6394,,USD,2026-06-18,2026-09-04T20:02:00Z,Yahoo Finance,2,,,engine/technical/README.md,
IBM,equity,tecnico,sma100,254.223,,USD,2026-06-22,2026-09-04T20:02:00Z,Yahoo Finance,2,,,engine/technical/README.md,
IBM,equity,tecnico,sma100,253.9308,,USD,2026-06-23,2026-09-04T20:02:00Z,Yahoo Finance,2,,,engine/technical/README.md,
IBM,equity,tecnico,sma100,253.468,,USD,2026-06-24,2026-09-04T20:02:00Z,Yahoo Finance,2,,,engine/technical/README.md,
IBM,equity,tecnico,sma100,252.983699,,USD,2026-06-25,2026-09-04T20:02:00Z,Yahoo Finance,2,,,engine/technical/README.md,
IBM,equity,tecnico,sma100,252.552699,,USD,2026-06-26,2026-09-04T20:02:00Z,Yahoo Finance,2,,,engine/technical/README.md,
IBM,equity,tecnico,sma100,252.389599,,USD,2026-06-29,2026-09-04T20:02:00Z,Yahoo Finance,2,,,engine/technical/README.md,
IBM,equity,tecnico,sma100,252.311199,,USD,2026-06-30,2026-09-04T20:02:00Z,Yahoo Finance,2,,,engine/technical/README.md,
IBM,equity,tecnico,sma100,252.274799,,USD,2026-07-01,2026-09-04T20:02:00Z,Yahoo Finance,2,,,engine/technical/README.md,
IBM,equity,tecnico,sma100,252.180699,,USD,2026-07-02,2026-09-04T20:02:00Z,Yahoo Finance,2,,,engine/technical/README.md,
IBM,equity,tecnico,sma100,252.212499,,USD,2026-07-06,2026-09-04T20:02:00Z,Yahoo Finance,2,,,engine/technical/README.md,
IBM,equity,tecnico,sma100,252.356199,,USD,2026-07-07,2026-09-04T20:02:00Z,Yahoo Finance,2,,,engine/technical/README.md,
IBM,equity,tecnico,sma100,252.648599,,USD,2026-07-08,2026-09-04T20:02:00Z,Yahoo Finance,2,,,engine/technical/README.md,
IBM,equity,tecnico,sma100,253.006399,,USD,2026-07-09,2026-09-04T20:02:00Z,Yahoo Finance,2,,,engine/technical/README.md,
IBM,equity,tecnico,sma100,253.258199,,USD,2026-07-10,2026-09-04T20:02:00Z,Yahoo Finance,2,,,engine/technical/README.md,
IBM,equity,tecnico,sma100,253.577399,,USD,2026-07-13,2026-09-04T20:02:00Z,Yahoo Finance,2,,,engine/technical/README.md,
IBM,equity,tecnico,sma100,253.140199,,USD,2026-07-14,2026-09-04T20:02:00Z,Yahoo Finance,2,,,engine/technical/README.md,
IBM,equity,tecnico,sma100,252.689399,,USD,2026-07-15,2026-09-04T20:02:00Z,Yahoo Finance,2,,,engine/technical/README.md,
IBM,equity,tecnico,sma100,252.308299,,USD,2026-07-16,2026-09-04T20:02:00Z,Yahoo Finance,2,,,engine/technical/README.md,
IBM,equity,tecnico,sma100,252.201499,,USD,2026-07-17,2026-09-04T20:02:00Z,Yahoo Finance,2,,,engine/technical/README.md,
IBM,equity,tecnico,sma100,252.038299,,USD,2026-07-20,2026-09-04T20:02:00Z,Yahoo Finance,2,,,engine/technical/README.md,
IBM,equity,tecnico,sma100,251.767899,,USD,2026-07-21,2026-09-04T20:02:00Z,Yahoo Finance,2,,,engine/technical/README.md,
IBM,equity,tecnico,sma100,251.405499,,USD,2026-07-22,2026-09-04T20:02:00Z,Yahoo Finance,2,,,engine/technical/README.md,
IBM,equity,tecnico,sma100,251.069899,,USD,2026-07-23,2026-09-04T20:02:00Z,Yahoo Finance,2,,,engine/technical/README.md,
IBM,equity,tecnico,sma100,250.818099,,USD,2026-07-24,2026-09-04T20:02:00Z,Yahoo Finance,2,,,engine/technical/README.md,
IBM,equity,tecnico,sma100,250.528099,,USD,2026-07-27,2026-09-04T20:02:00Z,Yahoo Finance,2,,,engine/technical/README.md,
IBM,equity,tecnico,sma100,250.302999,,USD,2026-07-28,2026-09-04T20:02:00Z,Yahoo Finance,2,,,engine/technical/README.md,
IBM,equity,tecnico,sma100,250.001899,,USD,2026-07-29,2026-09-04T20:02:00Z,Yahoo Finance,2,,,engine/technical/README.md,
IBM,equity,tecnico,sma100,249.630799,,USD,2026-07-30,2026-09-04T20:02:00Z,Yahoo Finance,2,,,engine/technical/README.md,
IBM,equity,tecnico,sma100,249.333999,,USD,2026-07-31,2026-09-04T20:02:00Z,Yahoo Finance,2,,,engine/technical/README.md,
IBM,equity,tecnico,sma100,249.095099,,USD,2026-08-03,2026-09-04T20:02:00Z,Yahoo Finance,2,,,engine/technical/README.md,
IBM,equity,tecnico,sma100,248.957899,,USD,2026-08-04,2026-09-04T20:02:00Z,Yahoo Finance,2,,,engine/technical/README.md,
IBM,equity,tecnico,sma100,248.840299,,USD,2026-08-05,2026-09-04T20:02:00Z,Yahoo Finance,2,,,engine/technical/README.md,
IBM,equity,tecnico,sma100,248.711799,,USD,2026-08-06,2026-09-04T20:02:00Z,Yahoo Finance,2,,,engine/technical/README.md,
IBM,equity,tecnico,sma100,248.592099,,USD,2026-08-07,2026-09-04T20:02:00Z,Yahoo Finance,2,,,engine/technical/README.md,
IBM,equity,tecnico,sma100,248.394099,,USD,2026-08-10,2026-09-04T20:02:00Z,Yahoo Finance,2,,,engine/technical/README.md,
IBM,equity,tecnico,sma100,248.262299,,USD,2026-08-11,2026-09-04T20:02:00Z,Yahoo Finance,2,,,engine/technical/README.md,
IBM,equity,tecnico,sma100,248.118399,,USD,2026-08-12,2026-09-04T20:02:00Z,Yahoo Finance,2,,,engine/technical/README.md,
IBM,equity,tecnico,sma100,248.072099,,USD,2026-08-13,2026-09-04T20:02:00Z,Yahoo Finance,2,,,engine/technical/README.md,
IBM,equity,tecnico,sma100,247.930899,,USD,2026-08-14,2026-09-04T20:02:00Z,Yahoo Finance,2,,,engine/technical/README.md,
IBM,equity,tecnico,sma100,247.813499,,USD,2026-08-17,2026-09-04T20:02:00Z,Yahoo Finance,2,,,engine/technical/README.md,
IBM,equity,tecnico,sma100,247.726299,,USD,2026-08-18,2026-09-04T20:02:00Z,Yahoo Finance,2,,,engine/technical/README.md,
IBM,equity,tecnico,sma100,247.681199,,USD,2026-08-19,2026-09-04T20:02:00Z,Yahoo Finance,2,,,engine/technical/README.md,
IBM,equity,tecnico,sma100,247.654699,,USD,2026-08-20,2026-09-04T20:02:00Z,Yahoo Finance,2,,,engine/technical/README.md,
IBM,equity,tecnico,sma100,247.638999,,USD,2026-08-21,2026-09-04T20:02:00Z,Yahoo Finance,2,,,engine/technical/README.md,
IBM,equity,tecnico,sma100,247.525499,,USD,2026-08-24,2026-09-04T20:02:00Z,Yahoo Finance,2,,,engine/technical/README.md,
IBM,equity,tecnico,sma100,247.435999,,USD,2026-08-25,2026-09-04T20:02:00Z,Yahoo Finance,2,,,engine/technical/README.md,
IBM,equity,tecnico,sma100,247.253099,,USD,2026-08-26,2026-09-04T20:02:00Z,Yahoo Finance,2,,,engine/technical/README.md,
IBM,equity,tecnico,sma100,247.173599,,USD,2026-08-27,2026-09-04T20:02:00Z,Yahoo Finance,2,,,engine/technical/README.md,
IBM,equity,tecnico,sma100,247.078799,,USD,2026-08-28,2026-09-04T20:02:00Z,Yahoo Finance,2,,,engine/technical/README.md,
IBM,equity,tecnico,sma100,247.000099,,USD,2026-08-31,2026-09-04T20:02:00Z,Yahoo Finance,2,,,engine/technical/README.md,
IBM,equity,tecnico,sma100,246.942299,,USD,2026-09-01,2026-09-04T20:02:00Z,Yahoo Finance,2,,,engine/technical/README.md,
IBM,equity,tecnico,sma100,246.920599,,USD,2026-09-03,2026-09-04T20:02:00Z,Yahoo Finance,2,,,engine/technical/README.md,
IBM,equity,tecnico,sma100,246.866299,,USD,2026-09-04,2026-09-04T20:02:00Z,Yahoo Finance,2,,,engine/technical/README.md,
IBM,equity,tecnico,sma20,304.827499,,USD,2026-01-02,2026-09-04T20:02:00Z,Yahoo Finance,2,,,engine/technical/README.md,
IBM,equity,tecnico,sma20,304.1765,,USD,2026-01-05,2026-09-04T20:02:00Z,Yahoo Finance,2,,,engine/technical/README.md,
IBM,equity,tecnico,sma20,303.903,,USD,2026-01-06,2026-09-04T20:02:00Z,Yahoo Finance,2,,,engine/technical/README.md,
IBM,equity,tecnico,sma20,303.280501,,USD,2026-01-07,2026-09-04T20:02:00Z,Yahoo Finance,2,,,engine/technical/README.md,
IBM,equity,tecnico,sma20,302.8925,,USD,2026-01-08,2026-09-04T20:02:00Z,Yahoo Finance,2,,,engine/technical/README.md,
IBM,equity,tecnico,sma20,302.47,,USD,2026-01-09,2026-09-04T20:02:00Z,Yahoo Finance,2,,,engine/technical/README.md,
IBM,equity,tecnico,sma20,302.542,,USD,2026-01-12,2026-09-04T20:02:00Z,Yahoo Finance,2,,,engine/technical/README.md,
IBM,equity,tecnico,sma20,302.238,,USD,2026-01-13,2026-09-04T20:02:00Z,Yahoo Finance,2,,,engine/technical/README.md,
IBM,equity,tecnico,sma20,302.2565,,USD,2026-01-14,2026-09-04T20:02:00Z,Yahoo Finance,2,,,engine/technical/README.md,
IBM,equity,tecnico,sma20,301.995001,,USD,2026-01-15,2026-09-04T20:02:00Z,Yahoo Finance,2,,,engine/technical/README.md,
IBM,equity,tecnico,sma20,302.112502,,USD,2026-01-16,2026-09-04T20:02:00Z,Yahoo Finance,2,,,engine/technical/README.md,
IBM,equity,tecnico,sma20,301.657501,,USD,2026-01-20,2026-09-04T20:02:00Z,Yahoo Finance,2,,,engine/technical/README.md,
IBM,equity,tecnico,sma20,301.485501,,USD,2026-01-21,2026-09-04T20:02:00Z,Yahoo Finance,2,,,engine/technical/README.md,
IBM,equity,tecnico,sma20,301.079501,,USD,2026-01-22,2026-09-04T20:02:00Z,Yahoo Finance,2,,,engine/technical/README.md,
IBM,equity,tecnico,sma20,300.512502,,USD,2026-01-23,2026-09-04T20:02:00Z,Yahoo Finance,2,,,engine/technical/README.md,
IBM,equity,tecnico,sma20,300.101001,,USD,2026-01-26,2026-09-04T20:02:00Z,Yahoo Finance,2,,,engine/technical/README.md,
IBM,equity,tecnico,sma20,299.5395,,USD,2026-01-27,2026-09-04T20:02:00Z,Yahoo Finance,2,,,engine/technical/README.md,
IBM,equity,tecnico,sma20,298.960501,,USD,2026-01-28,2026-09-04T20:02:00Z,Yahoo Finance,2,,,engine/technical/README.md,
IBM,equity,tecnico,sma20,299.320001,,USD,2026-01-29,2026-09-04T20:02:00Z,Yahoo Finance,2,,,engine/technical/README.md,
IBM,equity,tecnico,sma20,299.844502,,USD,2026-01-30,2026-09-04T20:02:00Z,Yahoo Finance,2,,,engine/technical/README.md,
IBM,equity,tecnico,sma20,301.006003,,USD,2026-02-02,2026-09-04T20:02:00Z,Yahoo Finance,2,,,engine/technical/README.md,
IBM,equity,tecnico,sma20,300.973003,,USD,2026-02-03,2026-09-04T20:02:00Z,Yahoo Finance,2,,,engine/technical/README.md,
IBM,equity,tecnico,sma20,300.302002,,USD,2026-02-04,2026-09-04T20:02:00Z,Yahoo Finance,2,,,engine/technical/README.md,
IBM,equity,tecnico,sma20,299.960002,,USD,2026-02-05,2026-09-04T20:02:00Z,Yahoo Finance,2,,,engine/technical/README.md,
IBM,equity,tecnico,sma20,299.770502,,USD,2026-02-06,2026-09-04T20:02:00Z,Yahoo Finance,2,,,engine/technical/README.md,
IBM,equity,tecnico,sma20,299.376501,,USD,2026-02-09,2026-09-04T20:02:00Z,Yahoo Finance,2,,,engine/technical/README.md,
IBM,equity,tecnico,sma20,298.355502,,USD,2026-02-10,2026-09-04T20:02:00Z,Yahoo Finance,2,,,engine/technical/README.md,
IBM,equity,tecnico,sma20,296.838002,,USD,2026-02-11,2026-09-04T20:02:00Z,Yahoo Finance,2,,,engine/technical/README.md,
IBM,equity,tecnico,sma20,294.362502,,USD,2026-02-12,2026-09-04T20:02:00Z,Yahoo Finance,2,,,engine/technical/README.md,
IBM,equity,tecnico,sma20,292.584001,,USD,2026-02-13,2026-09-04T20:02:00Z,Yahoo Finance,2,,,engine/technical/README.md,
IBM,equity,tecnico,sma20,290.216,,USD,2026-02-17,2026-09-04T20:02:00Z,Yahoo Finance,2,,,engine/technical/README.md,
IBM,equity,tecnico,sma20,288.688,,USD,2026-02-18,2026-09-04T20:02:00Z,Yahoo Finance,2,,,engine/technical/README.md,
IBM,equity,tecnico,sma20,286.625,,USD,2026-02-19,2026-09-04T20:02:00Z,Yahoo Finance,2,,,engine/technical/README.md,
IBM,equity,tecnico,sma20,284.7495,,USD,2026-02-20,2026-09-04T20:02:00Z,Yahoo Finance,2,,,engine/technical/README.md,
IBM,equity,tecnico,sma20,281.295,,USD,2026-02-23,2026-09-04T20:02:00Z,Yahoo Finance,2,,,engine/technical/README.md,
IBM,equity,tecnico,sma20,277.944501,,USD,2026-02-24,2026-09-04T20:02:00Z,Yahoo Finance,2,,,engine/technical/README.md,
IBM,equity,tecnico,sma20,275.128501,,USD,2026-02-25,2026-09-04T20:02:00Z,Yahoo Finance,2,,,engine/technical/README.md,
IBM,equity,tecnico,sma20,272.521001,,USD,2026-02-26,2026-09-04T20:02:00Z,Yahoo Finance,2,,,engine/technical/README.md,
IBM,equity,tecnico,sma20,269.069501,,USD,2026-02-27,2026-09-04T20:02:00Z,Yahoo Finance,2,,,engine/technical/README.md,
IBM,equity,tecnico,sma20,265.703001,,USD,2026-03-02,2026-09-04T20:02:00Z,Yahoo Finance,2,,,engine/technical/README.md,
IBM,equity,tecnico,sma20,262.2305,,USD,2026-03-03,2026-09-04T20:02:00Z,Yahoo Finance,2,,,engine/technical/README.md,
IBM,equity,tecnico,sma20,260.018,,USD,2026-03-04,2026-09-04T20:02:00Z,Yahoo Finance,2,,,engine/technical/README.md,
IBM,equity,tecnico,sma20,258.393,,USD,2026-03-05,2026-09-04T20:02:00Z,Yahoo Finance,2,,,engine/technical/README.md,
IBM,equity,tecnico,sma20,256.841,,USD,2026-03-06,2026-09-04T20:02:00Z,Yahoo Finance,2,,,engine/technical/README.md,
IBM,equity,tecnico,sma20,254.561,,USD,2026-03-09,2026-09-04T20:02:00Z,Yahoo Finance,2,,,engine/technical/README.md,
IBM,equity,tecnico,sma20,252.254,,USD,2026-03-10,2026-09-04T20:02:00Z,Yahoo Finance,2,,,engine/technical/README.md,
IBM,equity,tecnico,sma20,250.109499,,USD,2026-03-11,2026-09-04T20:02:00Z,Yahoo Finance,2,,,engine/technical/README.md,
IBM,equity,tecnico,sma20,248.852999,,USD,2026-03-12,2026-09-04T20:02:00Z,Yahoo Finance,2,,,engine/technical/README.md,
IBM,equity,tecnico,sma20,248.191,,USD,2026-03-13,2026-09-04T20:02:00Z,Yahoo Finance,2,,,engine/technical/README.md,
IBM,equity,tecnico,sma20,247.534499,,USD,2026-03-16,2026-09-04T20:02:00Z,Yahoo Finance,2,,,engine/technical/README.md,
IBM,equity,tecnico,sma20,247.424499,,USD,2026-03-17,2026-09-04T20:02:00Z,Yahoo Finance,2,,,engine/technical/README.md,
IBM,equity,tecnico,sma20,246.964999,,USD,2026-03-18,2026-09-04T20:02:00Z,Yahoo Finance,2,,,engine/technical/README.md,
IBM,equity,tecnico,sma20,246.669498,,USD,2026-03-19,2026-09-04T20:02:00Z,Yahoo Finance,2,,,engine/technical/README.md,
IBM,equity,tecnico,sma20,245.899998,,USD,2026-03-20,2026-09-04T20:02:00Z,Yahoo Finance,2,,,engine/technical/README.md,
IBM,equity,tecnico,sma20,247.154498,,USD,2026-03-23,2026-09-04T20:02:00Z,Yahoo Finance,2,,,engine/technical/README.md,
IBM,equity,tecnico,sma20,247.717998,,USD,2026-03-24,2026-09-04T20:02:00Z,Yahoo Finance,2,,,engine/technical/README.md,
IBM,equity,tecnico,sma20,247.910498,,USD,2026-03-25,2026-09-04T20:02:00Z,Yahoo Finance,2,,,engine/technical/README.md,
IBM,equity,tecnico,sma20,247.893498,,USD,2026-03-26,2026-09-04T20:02:00Z,Yahoo Finance,2,,,engine/technical/README.md,
IBM,equity,tecnico,sma20,247.699998,,USD,2026-03-27,2026-09-04T20:02:00Z,Yahoo Finance,2,,,engine/technical/README.md,
IBM,equity,tecnico,sma20,247.593998,,USD,2026-03-30,2026-09-04T20:02:00Z,Yahoo Finance,2,,,engine/technical/README.md,
IBM,equity,tecnico,sma20,247.449498,,USD,2026-03-31,2026-09-04T20:02:00Z,Yahoo Finance,2,,,engine/technical/README.md,
IBM,equity,tecnico,sma20,247.103498,,USD,2026-04-01,2026-09-04T20:02:00Z,Yahoo Finance,2,,,engine/technical/README.md,
IBM,equity,tecnico,sma20,246.683999,,USD,2026-04-02,2026-09-04T20:02:00Z,Yahoo Finance,2,,,engine/technical/README.md,
IBM,equity,tecnico,sma20,246.078499,,USD,2026-04-06,2026-09-04T20:02:00Z,Yahoo Finance,2,,,engine/technical/README.md,
IBM,equity,tecnico,sma20,245.665499,,USD,2026-04-07,2026-09-04T20:02:00Z,Yahoo Finance,2,,,engine/technical/README.md,
IBM,equity,tecnico,sma20,245.2425,,USD,2026-04-08,2026-09-04T20:02:00Z,Yahoo Finance,2,,,engine/technical/README.md,
IBM,equity,tecnico,sma20,244.657999,,USD,2026-04-09,2026-09-04T20:02:00Z,Yahoo Finance,2,,,engine/technical/README.md,
IBM,equity,tecnico,sma20,243.812,,USD,2026-04-10,2026-09-04T20:02:00Z,Yahoo Finance,2,,,engine/technical/README.md,
IBM,equity,tecnico,sma20,243.389,,USD,2026-04-13,2026-09-04T20:02:00Z,Yahoo Finance,2,,,engine/technical/README.md,
IBM,equity,tecnico,sma20,242.94,,USD,2026-04-14,2026-09-04T20:02:00Z,Yahoo Finance,2,,,engine/technical/README.md,
IBM,equity,tecnico,sma20,242.374501,,USD,2026-04-15,2026-09-04T20:02:00Z,Yahoo Finance,2,,,engine/technical/README.md,
IBM,equity,tecnico,sma20,242.344501,,USD,2026-04-16,2026-09-04T20:02:00Z,Yahoo Finance,2,,,engine/technical/README.md,
IBM,equity,tecnico,sma20,242.499501,,USD,2026-04-17,2026-09-04T20:02:00Z,Yahoo Finance,2,,,engine/technical/README.md,
IBM,equity,tecnico,sma20,243.096501,,USD,2026-04-20,2026-09-04T20:02:00Z,Yahoo Finance,2,,,engine/technical/README.md,
IBM,equity,tecnico,sma20,243.458501,,USD,2026-04-21,2026-09-04T20:02:00Z,Yahoo Finance,2,,,engine/technical/README.md,
IBM,equity,tecnico,sma20,244.022001,,USD,2026-04-22,2026-09-04T20:02:00Z,Yahoo Finance,2,,,engine/technical/README.md,
IBM,equity,tecnico,sma20,243.506501,,USD,2026-04-23,2026-09-04T20:02:00Z,Yahoo Finance,2,,,engine/technical/README.md,
IBM,equity,tecnico,sma20,243.022001,,USD,2026-04-24,2026-09-04T20:02:00Z,Yahoo Finance,2,,,engine/technical/README.md,
IBM,equity,tecnico,sma20,242.607501,,USD,2026-04-27,2026-09-04T20:02:00Z,Yahoo Finance,2,,,engine/technical/README.md,
IBM,equity,tecnico,sma20,242.397001,,USD,2026-04-28,2026-09-04T20:02:00Z,Yahoo Finance,2,,,engine/technical/README.md,
IBM,equity,tecnico,sma20,241.632501,,USD,2026-04-29,2026-09-04T20:02:00Z,Yahoo Finance,2,,,engine/technical/README.md,
IBM,equity,tecnico,sma20,241.024501,,USD,2026-04-30,2026-09-04T20:02:00Z,Yahoo Finance,2,,,engine/technical/README.md,
IBM,equity,tecnico,sma20,240.226501,,USD,2026-05-01,2026-09-04T20:02:00Z,Yahoo Finance,2,,,engine/technical/README.md,
IBM,equity,tecnico,sma20,239.3635,,USD,2026-05-04,2026-09-04T20:02:00Z,Yahoo Finance,2,,,engine/technical/README.md,
IBM,equity,tecnico,sma20,238.5615,,USD,2026-05-05,2026-09-04T20:02:00Z,Yahoo Finance,2,,,engine/technical/README.md,
IBM,equity,tecnico,sma20,237.7615,,USD,2026-05-06,2026-09-04T20:02:00Z,Yahoo Finance,2,,,engine/technical/README.md,
IBM,equity,tecnico,sma20,237.468,,USD,2026-05-07,2026-09-04T20:02:00Z,Yahoo Finance,2,,,engine/technical/README.md,
IBM,equity,tecnico,sma20,237.418,,USD,2026-05-08,2026-09-04T20:02:00Z,Yahoo Finance,2,,,engine/technical/README.md,
IBM,equity,tecnico,sma20,236.7045,,USD,2026-05-11,2026-09-04T20:02:00Z,Yahoo Finance,2,,,engine/technical/README.md,
IBM,equity,tecnico,sma20,235.652,,USD,2026-05-12,2026-09-04T20:02:00Z,Yahoo Finance,2,,,engine/technical/README.md,
IBM,equity,tecnico,sma20,234.143999,,USD,2026-05-13,2026-09-04T20:02:00Z,Yahoo Finance,2,,,engine/technical/README.md,
IBM,equity,tecnico,sma20,232.512499,,USD,2026-05-14,2026-09-04T20:02:00Z,Yahoo Finance,2,,,engine/technical/README.md,
IBM,equity,tecnico,sma20,230.803999,,USD,2026-05-15,2026-09-04T20:02:00Z,Yahoo Finance,2,,,engine/technical/README.md,
IBM,equity,tecnico,sma20,229.255999,,USD,2026-05-18,2026-09-04T20:02:00Z,Yahoo Finance,2,,,engine/technical/README.md,
IBM,equity,tecnico,sma20,227.588499,,USD,2026-05-19,2026-09-04T20:02:00Z,Yahoo Finance,2,,,engine/technical/README.md,
IBM,equity,tecnico,sma20,226.245499,,USD,2026-05-20,2026-09-04T20:02:00Z,Yahoo Finance,2,,,engine/technical/README.md,
IBM,equity,tecnico,sma20,227.339999,,USD,2026-05-21,2026-09-04T20:02:00Z,Yahoo Finance,2,,,engine/technical/README.md,
IBM,equity,tecnico,sma20,228.432999,,USD,2026-05-22,2026-09-04T20:02:00Z,Yahoo Finance,2,,,engine/technical/README.md,
IBM,equity,tecnico,sma20,229.564999,,USD,2026-05-26,2026-09-04T20:02:00Z,Yahoo Finance,2,,,engine/technical/README.md,
IBM,equity,tecnico,sma20,230.673,,USD,2026-05-27,2026-09-04T20:02:00Z,Yahoo Finance,2,,,engine/technical/README.md,
IBM,equity,tecnico,sma20,232.528999,,USD,2026-05-28,2026-09-04T20:02:00Z,Yahoo Finance,2,,,engine/technical/README.md,
IBM,equity,tecnico,sma20,235.869999,,USD,2026-05-29,2026-09-04T20:02:00Z,Yahoo Finance,2,,,engine/technical/README.md,
IBM,equity,tecnico,sma20,240.281,,USD,2026-06-01,2026-09-04T20:02:00Z,Yahoo Finance,2,,,engine/technical/README.md,
IBM,equity,tecnico,sma20,245.268501,,USD,2026-06-02,2026-09-04T20:02:00Z,Yahoo Finance,2,,,engine/technical/README.md,
IBM,equity,tecnico,sma20,249.098501,,USD,2026-06-03,2026-09-04T20:02:00Z,Yahoo Finance,2,,,engine/technical/README.md,
IBM,equity,tecnico,sma20,252.9,,USD,2026-06-04,2026-09-04T20:02:00Z,Yahoo Finance,2,,,engine/technical/README.md,
IBM,equity,tecnico,sma20,255.5765,,USD,2026-06-05,2026-09-04T20:02:00Z,Yahoo Finance,2,,,engine/technical/README.md,
IBM,equity,tecnico,sma20,258.129501,,USD,2026-06-08,2026-09-04T20:02:00Z,Yahoo Finance,2,,,engine/technical/README.md,
IBM,equity,tecnico,sma20,260.8265,,USD,2026-06-09,2026-09-04T20:02:00Z,Yahoo Finance,2,,,engine/technical/README.md,
IBM,equity,tecnico,sma20,263.483499,,USD,2026-06-10,2026-09-04T20:02:00Z,Yahoo Finance,2,,,engine/technical/README.md,
IBM,equity,tecnico,sma20,266.493999,,USD,2026-06-11,2026-09-04T20:02:00Z,Yahoo Finance,2,,,engine/technical/README.md,
IBM,equity,tecnico,sma20,269.187499,,USD,2026-06-12,2026-09-04T20:02:00Z,Yahoo Finance,2,,,engine/technical/README.md,
IBM,equity,tecnico,sma20,271.657999,,USD,2026-06-15,2026-09-04T20:02:00Z,Yahoo Finance,2,,,engine/technical/README.md,
IBM,equity,tecnico,sma20,274.060999,,USD,2026-06-16,2026-09-04T20:02:00Z,Yahoo Finance,2,,,engine/technical/README.md,
IBM,equity,tecnico,sma20,276.061999,,USD,2026-06-17,2026-09-04T20:02:00Z,Yahoo Finance,2,,,engine/technical/README.md,
IBM,equity,tecnico,sma20,277.266999,,USD,2026-06-18,2026-09-04T20:02:00Z,Yahoo Finance,2,,,engine/technical/README.md,
IBM,equity,tecnico,sma20,277.229499,,USD,2026-06-22,2026-09-04T20:02:00Z,Yahoo Finance,2,,,engine/technical/README.md,
IBM,equity,tecnico,sma20,277.784499,,USD,2026-06-23,2026-09-04T20:02:00Z,Yahoo Finance,2,,,engine/technical/README.md,
IBM,equity,tecnico,sma20,278.397999,,USD,2026-06-24,2026-09-04T20:02:00Z,Yahoo Finance,2,,,engine/technical/README.md,
IBM,equity,tecnico,sma20,278.551498,,USD,2026-06-25,2026-09-04T20:02:00Z,Yahoo Finance,2,,,engine/technical/README.md,
IBM,equity,tecnico,sma20,278.921999,,USD,2026-06-26,2026-09-04T20:02:00Z,Yahoo Finance,2,,,engine/technical/README.md,
IBM,equity,tecnico,sma20,277.931999,,USD,2026-06-29,2026-09-04T20:02:00Z,Yahoo Finance,2,,,engine/technical/README.md,
IBM,equity,tecnico,sma20,275.971498,,USD,2026-06-30,2026-09-04T20:02:00Z,Yahoo Finance,2,,,engine/technical/README.md,
IBM,equity,tecnico,sma20,273.822498,,USD,2026-07-01,2026-09-04T20:02:00Z,Yahoo Finance,2,,,engine/technical/README.md,
IBM,equity,tecnico,sma20,273.016997,,USD,2026-07-02,2026-09-04T20:02:00Z,Yahoo Finance,2,,,engine/technical/README.md,
IBM,equity,tecnico,sma20,272.904497,,USD,2026-07-06,2026-09-04T20:02:00Z,Yahoo Finance,2,,,engine/technical/README.md,
IBM,equity,tecnico,sma20,273.968997,,USD,2026-07-07,2026-09-04T20:02:00Z,Yahoo Finance,2,,,engine/technical/README.md,
IBM,equity,tecnico,sma20,275.030496,,USD,2026-07-08,2026-09-04T20:02:00Z,Yahoo Finance,2,,,engine/technical/README.md,
IBM,equity,tecnico,sma20,275.920996,,USD,2026-07-09,2026-09-04T20:02:00Z,Yahoo Finance,2,,,engine/technical/README.md,
IBM,equity,tecnico,sma20,276.680997,,USD,2026-07-10,2026-09-04T20:02:00Z,Yahoo Finance,2,,,engine/technical/README.md,
IBM,equity,tecnico,sma20,277.449997,,USD,2026-07-13,2026-09-04T20:02:00Z,Yahoo Finance,2,,,engine/technical/README.md,
IBM,equity,tecnico,sma20,274.691498,,USD,2026-07-14,2026-09-04T20:02:00Z,Yahoo Finance,2,,,engine/technical/README.md,
IBM,equity,tecnico,sma20,271.815998,,USD,2026-07-15,2026-09-04T20:02:00Z,Yahoo Finance,2,,,engine/technical/README.md,
IBM,equity,tecnico,sma20,269.227998,,USD,2026-07-16,2026-09-04T20:02:00Z,Yahoo Finance,2,,,engine/technical/README.md,
IBM,equity,tecnico,sma20,266.743998,,USD,2026-07-17,2026-09-04T20:02:00Z,Yahoo Finance,2,,,engine/technical/README.md,
IBM,equity,tecnico,sma20,264.938998,,USD,2026-07-20,2026-09-04T20:02:00Z,Yahoo Finance,2,,,engine/technical/README.md,
IBM,equity,tecnico,sma20,262.852998,,USD,2026-07-21,2026-09-04T20:02:00Z,Yahoo Finance,2,,,engine/technical/README.md,
IBM,equity,tecnico,sma20,259.894498,,USD,2026-07-22,2026-09-04T20:02:00Z,Yahoo Finance,2,,,engine/technical/README.md,
IBM,equity,tecnico,sma20,257.078998,,USD,2026-07-23,2026-09-04T20:02:00Z,Yahoo Finance,2,,,engine/technical/README.md,
IBM,equity,tecnico,sma20,254.874998,,USD,2026-07-24,2026-09-04T20:02:00Z,Yahoo Finance,2,,,engine/technical/README.md,
IBM,equity,tecnico,sma20,252.107498,,USD,2026-07-27,2026-09-04T20:02:00Z,Yahoo Finance,2,,,engine/technical/README.md,
IBM,equity,tecnico,sma20,249.584998,,USD,2026-07-28,2026-09-04T20:02:00Z,Yahoo Finance,2,,,engine/technical/README.md,
IBM,equity,tecnico,sma20,246.846499,,USD,2026-07-29,2026-09-04T20:02:00Z,Yahoo Finance,2,,,engine/technical/README.md,
IBM,equity,tecnico,sma20,243.620999,,USD,2026-07-30,2026-09-04T20:02:00Z,Yahoo Finance,2,,,engine/technical/README.md,
IBM,equity,tecnico,sma20,240.327499,,USD,2026-07-31,2026-09-04T20:02:00Z,Yahoo Finance,2,,,engine/technical/README.md,
IBM,equity,tecnico,sma20,236.667,,USD,2026-08-03,2026-09-04T20:02:00Z,Yahoo Finance,2,,,engine/technical/README.md,
IBM,equity,tecnico,sma20,233.117999,,USD,2026-08-04,2026-09-04T20:02:00Z,Yahoo Finance,2,,,engine/technical/README.md,
IBM,equity,tecnico,sma20,229.8115,,USD,2026-08-05,2026-09-04T20:02:00Z,Yahoo Finance,2,,,engine/technical/README.md,
IBM,equity,tecnico,sma20,226.718,,USD,2026-08-06,2026-09-04T20:02:00Z,Yahoo Finance,2,,,engine/technical/README.md,
IBM,equity,tecnico,sma20,224.204,,USD,2026-08-07,2026-09-04T20:02:00Z,Yahoo Finance,2,,,engine/technical/README.md,
IBM,equity,tecnico,sma20,221.507999,,USD,2026-08-10,2026-09-04T20:02:00Z,Yahoo Finance,2,,,engine/technical/README.md,
IBM,equity,tecnico,sma20,222.575499,,USD,2026-08-11,2026-09-04T20:02:00Z,Yahoo Finance,2,,,engine/technical/README.md,
IBM,equity,tecnico,sma20,223.814499,,USD,2026-08-12,2026-09-04T20:02:00Z,Yahoo Finance,2,,,engine/technical/README.md,
IBM,equity,tecnico,sma20,224.718999,,USD,2026-08-13,2026-09-04T20:02:00Z,Yahoo Finance,2,,,engine/technical/README.md,
IBM,equity,tecnico,sma20,225.801499,,USD,2026-08-14,2026-09-04T20:02:00Z,Yahoo Finance,2,,,engine/technical/README.md,
IBM,equity,tecnico,sma20,226.593999,,USD,2026-08-17,2026-09-04T20:02:00Z,Yahoo Finance,2,,,engine/technical/README.md,
IBM,equity,tecnico,sma20,227.702499,,USD,2026-08-18,2026-09-04T20:02:00Z,Yahoo Finance,2,,,engine/technical/README.md,
IBM,equity,tecnico,sma20,229.271999,,USD,2026-08-19,2026-09-04T20:02:00Z,Yahoo Finance,2,,,engine/technical/README.md,
IBM,equity,tecnico,sma20,230.624,,USD,2026-08-20,2026-09-04T20:02:00Z,Yahoo Finance,2,,,engine/technical/README.md,
IBM,equity,tecnico,sma20,231.698499,,USD,2026-08-21,2026-09-04T20:02:00Z,Yahoo Finance,2,,,engine/technical/README.md,
IBM,equity,tecnico,sma20,232.436499,,USD,2026-08-24,2026-09-04T20:02:00Z,Yahoo Finance,2,,,engine/technical/README.md,
IBM,equity,tecnico,sma20,232.768499,,USD,2026-08-25,2026-09-04T20:02:00Z,Yahoo Finance,2,,,engine/technical/README.md,
IBM,equity,tecnico,sma20,232.939999,,USD,2026-08-26,2026-09-04T20:02:00Z,Yahoo Finance,2,,,engine/technical/README.md,
IBM,equity,tecnico,sma20,233.792498,,USD,2026-08-27,2026-09-04T20:02:00Z,Yahoo Finance,2,,,engine/technical/README.md,
IBM,equity,tecnico,sma20,234.389498,,USD,2026-08-28,2026-09-04T20:02:00Z,Yahoo Finance,2,,,engine/technical/README.md,
IBM,equity,tecnico,sma20,234.767498,,USD,2026-08-31,2026-09-04T20:02:00Z,Yahoo Finance,2,,,engine/technical/README.md,
IBM,equity,tecnico,sma20,234.579998,,USD,2026-09-01,2026-09-04T20:02:00Z,Yahoo Finance,2,,,engine/technical/README.md,
IBM,equity,tecnico,sma20,234.432999,,USD,2026-09-03,2026-09-04T20:02:00Z,Yahoo Finance,2,,,engine/technical/README.md,
IBM,equity,tecnico,sma20,234.310999,,USD,2026-09-04,2026-09-04T20:02:00Z,Yahoo Finance,2,,,engine/technical/README.md,
IBM,equity,tecnico,sma200,272.0578,,USD,2026-01-02,2026-09-04T20:02:00Z,Yahoo Finance,2,,,engine/technical/README.md,
IBM,equity,tecnico,sma200,272.2712,,USD,2026-01-05,2026-09-04T20:02:00Z,Yahoo Finance,2,,,engine/technical/README.md,
IBM,equity,tecnico,sma200,272.56695,,USD,2026-01-06,2026-09-04T20:02:00Z,Yahoo Finance,2,,,engine/technical/README.md,
IBM,equity,tecnico,sma200,272.83125,,USD,2026-01-07,2026-09-04T20:02:00Z,Yahoo Finance,2,,,engine/technical/README.md,
IBM,equity,tecnico,sma200,273.1026,,USD,2026-01-08,2026-09-04T20:02:00Z,Yahoo Finance,2,,,engine/technical/README.md,
IBM,equity,tecnico,sma200,273.3742,,USD,2026-01-09,2026-09-04T20:02:00Z,Yahoo Finance,2,,,engine/technical/README.md,
IBM,equity,tecnico,sma200,273.6834,,USD,2026-01-12,2026-09-04T20:02:00Z,Yahoo Finance,2,,,engine/technical/README.md,
IBM,equity,tecnico,sma200,273.96815,,USD,2026-01-13,2026-09-04T20:02:00Z,Yahoo Finance,2,,,engine/technical/README.md,
IBM,equity,tecnico,sma200,274.2933,,USD,2026-01-14,2026-09-04T20:02:00Z,Yahoo Finance,2,,,engine/technical/README.md,
IBM,equity,tecnico,sma200,274.53975,,USD,2026-01-15,2026-09-04T20:02:00Z,Yahoo Finance,2,,,engine/technical/README.md,
IBM,equity,tecnico,sma200,274.8164,,USD,2026-01-16,2026-09-04T20:02:00Z,Yahoo Finance,2,,,engine/technical/README.md,
IBM,equity,tecnico,sma200,275.02325,,USD,2026-01-20,2026-09-04T20:02:00Z,Yahoo Finance,2,,,engine/technical/README.md,
IBM,equity,tecnico,sma200,275.2935,,USD,2026-01-21,2026-09-04T20:02:00Z,Yahoo Finance,2,,,engine/technical/README.md,
IBM,equity,tecnico,sma200,275.62945,,USD,2026-01-22,2026-09-04T20:02:00Z,Yahoo Finance,2,,,engine/technical/README.md,
IBM,equity,tecnico,sma200,275.96275,,USD,2026-01-23,2026-09-04T20:02:00Z,Yahoo Finance,2,,,engine/technical/README.md,
IBM,equity,tecnico,sma200,276.33925,,USD,2026-01-26,2026-09-04T20:02:00Z,Yahoo Finance,2,,,engine/technical/README.md,
IBM,equity,tecnico,sma200,276.632,,USD,2026-01-27,2026-09-04T20:02:00Z,Yahoo Finance,2,,,engine/technical/README.md,
IBM,equity,tecnico,sma200,276.95505,,USD,2026-01-28,2026-09-04T20:02:00Z,Yahoo Finance,2,,,engine/technical/README.md,
IBM,equity,tecnico,sma200,277.32385,,USD,2026-01-29,2026-09-04T20:02:00Z,Yahoo Finance,2,,,engine/technical/README.md,
IBM,equity,tecnico,sma200,277.66205,,USD,2026-01-30,2026-09-04T20:02:00Z,Yahoo Finance,2,,,engine/technical/README.md,
IBM,equity,tecnico,sma200,278.0322,,USD,2026-02-02,2026-09-04T20:02:00Z,Yahoo Finance,2,,,engine/technical/README.md,
IBM,equity,tecnico,sma200,278.3109,,USD,2026-02-03,2026-09-04T20:02:00Z,Yahoo Finance,2,,,engine/technical/README.md,
IBM,equity,tecnico,sma200,278.5621,,USD,2026-02-04,2026-09-04T20:02:00Z,Yahoo Finance,2,,,engine/technical/README.md,
IBM,equity,tecnico,sma200,278.83045,,USD,2026-02-05,2026-09-04T20:02:00Z,Yahoo Finance,2,,,engine/technical/README.md,
IBM,equity,tecnico,sma200,279.1206,,USD,2026-02-06,2026-09-04T20:02:00Z,Yahoo Finance,2,,,engine/technical/README.md,
IBM,equity,tecnico,sma200,279.3749,,USD,2026-02-09,2026-09-04T20:02:00Z,Yahoo Finance,2,,,engine/technical/README.md,
IBM,equity,tecnico,sma200,279.68705,,USD,2026-02-10,2026-09-04T20:02:00Z,Yahoo Finance,2,,,engine/technical/README.md,
IBM,equity,tecnico,sma200,279.88905,,USD,2026-02-11,2026-09-04T20:02:00Z,Yahoo Finance,2,,,engine/technical/README.md,
IBM,equity,tecnico,sma200,280.00585,,USD,2026-02-12,2026-09-04T20:02:00Z,Yahoo Finance,2,,,engine/technical/README.md,
IBM,equity,tecnico,sma200,280.1208,,USD,2026-02-13,2026-09-04T20:02:00Z,Yahoo Finance,2,,,engine/technical/README.md,
IBM,equity,tecnico,sma200,280.20325,,USD,2026-02-17,2026-09-04T20:02:00Z,Yahoo Finance,2,,,engine/technical/README.md,
IBM,equity,tecnico,sma200,280.3089,,USD,2026-02-18,2026-09-04T20:02:00Z,Yahoo Finance,2,,,engine/technical/README.md,
IBM,equity,tecnico,sma200,280.36255,,USD,2026-02-19,2026-09-04T20:02:00Z,Yahoo Finance,2,,,engine/technical/README.md,
IBM,equity,tecnico,sma200,280.40245,,USD,2026-02-20,2026-09-04T20:02:00Z,Yahoo Finance,2,,,engine/technical/README.md,
IBM,equity,tecnico,sma200,280.2736,,USD,2026-02-23,2026-09-04T20:02:00Z,Yahoo Finance,2,,,engine/technical/README.md,
IBM,equity,tecnico,sma200,280.15335,,USD,2026-02-24,2026-09-04T20:02:00Z,Yahoo Finance,2,,,engine/technical/README.md,
IBM,equity,tecnico,sma200,280.07035,,USD,2026-02-25,2026-09-04T20:02:00Z,Yahoo Finance,2,,,engine/technical/README.md,
IBM,equity,tecnico,sma200,280.0344,,USD,2026-02-26,2026-09-04T20:02:00Z,Yahoo Finance,2,,,engine/technical/README.md,
IBM,equity,tecnico,sma200,279.967,,USD,2026-02-27,2026-09-04T20:02:00Z,Yahoo Finance,2,,,engine/technical/README.md,
IBM,equity,tecnico,sma200,279.8709,,USD,2026-03-02,2026-09-04T20:02:00Z,Yahoo Finance,2,,,engine/technical/README.md,
IBM,equity,tecnico,sma200,279.8082,,USD,2026-03-03,2026-09-04T20:02:00Z,Yahoo Finance,2,,,engine/technical/README.md,
IBM,equity,tecnico,sma200,279.7251,,USD,2026-03-04,2026-09-04T20:02:00Z,Yahoo Finance,2,,,engine/technical/README.md,
IBM,equity,tecnico,sma200,279.67405,,USD,2026-03-05,2026-09-04T20:02:00Z,Yahoo Finance,2,,,engine/technical/README.md,
IBM,equity,tecnico,sma200,279.62625,,USD,2026-03-06,2026-09-04T20:02:00Z,Yahoo Finance,2,,,engine/technical/README.md,
IBM,equity,tecnico,sma200,279.55815,,USD,2026-03-09,2026-09-04T20:02:00Z,Yahoo Finance,2,,,engine/technical/README.md,
IBM,equity,tecnico,sma200,279.5048,,USD,2026-03-10,2026-09-04T20:02:00Z,Yahoo Finance,2,,,engine/technical/README.md,
IBM,equity,tecnico,sma200,279.4573,,USD,2026-03-11,2026-09-04T20:02:00Z,Yahoo Finance,2,,,engine/technical/README.md,
IBM,equity,tecnico,sma200,279.40255,,USD,2026-03-12,2026-09-04T20:02:00Z,Yahoo Finance,2,,,engine/technical/README.md,
IBM,equity,tecnico,sma200,279.3178,,USD,2026-03-13,2026-09-04T20:02:00Z,Yahoo Finance,2,,,engine/technical/README.md,
IBM,equity,tecnico,sma200,279.26285,,USD,2026-03-16,2026-09-04T20:02:00Z,Yahoo Finance,2,,,engine/technical/README.md,
IBM,equity,tecnico,sma200,279.24995,,USD,2026-03-17,2026-09-04T20:02:00Z,Yahoo Finance,2,,,engine/technical/README.md,
IBM,equity,tecnico,sma200,279.21265,,USD,2026-03-18,2026-09-04T20:02:00Z,Yahoo Finance,2,,,engine/technical/README.md,
IBM,equity,tecnico,sma200,279.145,,USD,2026-03-19,2026-09-04T20:02:00Z,Yahoo Finance,2,,,engine/technical/README.md,
IBM,equity,tecnico,sma200,279.02785,,USD,2026-03-20,2026-09-04T20:02:00Z,Yahoo Finance,2,,,engine/technical/README.md,
IBM,equity,tecnico,sma200,278.94245,,USD,2026-03-23,2026-09-04T20:02:00Z,Yahoo Finance,2,,,engine/technical/README.md,
IBM,equity,tecnico,sma200,278.8111,,USD,2026-03-24,2026-09-04T20:02:00Z,Yahoo Finance,2,,,engine/technical/README.md,
IBM,equity,tecnico,sma200,278.6737,,USD,2026-03-25,2026-09-04T20:02:00Z,Yahoo Finance,2,,,engine/technical/README.md,
IBM,equity,tecnico,sma200,278.52165,,USD,2026-03-26,2026-09-04T20:02:00Z,Yahoo Finance,2,,,engine/technical/README.md,
IBM,equity,tecnico,sma200,278.32215,,USD,2026-03-27,2026-09-04T20:02:00Z,Yahoo Finance,2,,,engine/technical/README.md,
IBM,equity,tecnico,sma200,278.1008,,USD,2026-03-30,2026-09-04T20:02:00Z,Yahoo Finance,2,,,engine/technical/README.md,
IBM,equity,tecnico,sma200,277.9076,,USD,2026-03-31,2026-09-04T20:02:00Z,Yahoo Finance,2,,,engine/technical/README.md,
IBM,equity,tecnico,sma200,277.7372,,USD,2026-04-01,2026-09-04T20:02:00Z,Yahoo Finance,2,,,engine/technical/README.md,
IBM,equity,tecnico,sma200,277.56885,,USD,2026-04-02,2026-09-04T20:02:00Z,Yahoo Finance,2,,,engine/technical/README.md,
IBM,equity,tecnico,sma200,277.3873,,USD,2026-04-06,2026-09-04T20:02:00Z,Yahoo Finance,2,,,engine/technical/README.md,
IBM,equity,tecnico,sma200,277.1966,,USD,2026-04-07,2026-09-04T20:02:00Z,Yahoo Finance,2,,,engine/technical/README.md,
IBM,equity,tecnico,sma200,277.00045,,USD,2026-04-08,2026-09-04T20:02:00Z,Yahoo Finance,2,,,engine/technical/README.md,
IBM,equity,tecnico,sma200,276.74045,,USD,2026-04-09,2026-09-04T20:02:00Z,Yahoo Finance,2,,,engine/technical/README.md,
IBM,equity,tecnico,sma200,276.4253,,USD,2026-04-10,2026-09-04T20:02:00Z,Yahoo Finance,2,,,engine/technical/README.md,
IBM,equity,tecnico,sma200,276.1591,,USD,2026-04-13,2026-09-04T20:02:00Z,Yahoo Finance,2,,,engine/technical/README.md,
IBM,equity,tecnico,sma200,275.9008,,USD,2026-04-14,2026-09-04T20:02:00Z,Yahoo Finance,2,,,engine/technical/README.md,
IBM,equity,tecnico,sma200,275.6763,,USD,2026-04-15,2026-09-04T20:02:00Z,Yahoo Finance,2,,,engine/technical/README.md,
IBM,equity,tecnico,sma200,275.4574,,USD,2026-04-16,2026-09-04T20:02:00Z,Yahoo Finance,2,,,engine/technical/README.md,
IBM,equity,tecnico,sma200,275.26875,,USD,2026-04-17,2026-09-04T20:02:00Z,Yahoo Finance,2,,,engine/technical/README.md,
IBM,equity,tecnico,sma200,275.09905,,USD,2026-04-20,2026-09-04T20:02:00Z,Yahoo Finance,2,,,engine/technical/README.md,
IBM,equity,tecnico,sma200,274.9176,,USD,2026-04-21,2026-09-04T20:02:00Z,Yahoo Finance,2,,,engine/technical/README.md,
IBM,equity,tecnico,sma200,274.71455,,USD,2026-04-22,2026-09-04T20:02:00Z,Yahoo Finance,2,,,engine/technical/README.md,
IBM,equity,tecnico,sma200,274.41785,,USD,2026-04-23,2026-09-04T20:02:00Z,Yahoo Finance,2,,,engine/technical/README.md,
IBM,equity,tecnico,sma200,274.12705,,USD,2026-04-24,2026-09-04T20:02:00Z,Yahoo Finance,2,,,engine/technical/README.md,
IBM,equity,tecnico,sma200,273.83015,,USD,2026-04-27,2026-09-04T20:02:00Z,Yahoo Finance,2,,,engine/technical/README.md,
IBM,equity,tecnico,sma200,273.5774,,USD,2026-04-28,2026-09-04T20:02:00Z,Yahoo Finance,2,,,engine/technical/README.md,
IBM,equity,tecnico,sma200,273.29395,,USD,2026-04-29,2026-09-04T20:02:00Z,Yahoo Finance,2,,,engine/technical/README.md,
IBM,equity,tecnico,sma200,273.03535,,USD,2026-04-30,2026-09-04T20:02:00Z,Yahoo Finance,2,,,engine/technical/README.md,
IBM,equity,tecnico,sma200,272.78675,,USD,2026-05-01,2026-09-04T20:02:00Z,Yahoo Finance,2,,,engine/technical/README.md,
IBM,equity,tecnico,sma200,272.52415,,USD,2026-05-04,2026-09-04T20:02:00Z,Yahoo Finance,2,,,engine/technical/README.md,
IBM,equity,tecnico,sma200,272.23995,,USD,2026-05-05,2026-09-04T20:02:00Z,Yahoo Finance,2,,,engine/technical/README.md,
IBM,equity,tecnico,sma200,271.9451,,USD,2026-05-06,2026-09-04T20:02:00Z,Yahoo Finance,2,,,engine/technical/README.md,
IBM,equity,tecnico,sma200,271.69185,,USD,2026-05-07,2026-09-04T20:02:00Z,Yahoo Finance,2,,,engine/technical/README.md,
IBM,equity,tecnico,sma200,271.4306,,USD,2026-05-08,2026-09-04T20:02:00Z,Yahoo Finance,2,,,engine/technical/README.md,
IBM,equity,tecnico,sma200,271.2458,,USD,2026-05-11,2026-09-04T20:02:00Z,Yahoo Finance,2,,,engine/technical/README.md,
IBM,equity,tecnico,sma200,271.0433,,USD,2026-05-12,2026-09-04T20:02:00Z,Yahoo Finance,2,,,engine/technical/README.md,
IBM,equity,tecnico,sma200,270.80045,,USD,2026-05-13,2026-09-04T20:02:00Z,Yahoo Finance,2,,,engine/technical/README.md,
IBM,equity,tecnico,sma200,270.58025,,USD,2026-05-14,2026-09-04T20:02:00Z,Yahoo Finance,2,,,engine/technical/README.md,
IBM,equity,tecnico,sma200,270.37545,,USD,2026-05-15,2026-09-04T20:02:00Z,Yahoo Finance,2,,,engine/technical/README.md,
IBM,equity,tecnico,sma200,270.22345,,USD,2026-05-18,2026-09-04T20:02:00Z,Yahoo Finance,2,,,engine/technical/README.md,
IBM,equity,tecnico,sma200,270.08485,,USD,2026-05-19,2026-09-04T20:02:00Z,Yahoo Finance,2,,,engine/technical/README.md,
IBM,equity,tecnico,sma200,269.94995,,USD,2026-05-20,2026-09-04T20:02:00Z,Yahoo Finance,2,,,engine/technical/README.md,
IBM,equity,tecnico,sma200,269.96145,,USD,2026-05-21,2026-09-04T20:02:00Z,Yahoo Finance,2,,,engine/technical/README.md,
IBM,equity,tecnico,sma200,269.96925,,USD,2026-05-22,2026-09-04T20:02:00Z,Yahoo Finance,2,,,engine/technical/README.md,
IBM,equity,tecnico,sma200,269.9719,,USD,2026-05-26,2026-09-04T20:02:00Z,Yahoo Finance,2,,,engine/technical/README.md,
IBM,equity,tecnico,sma200,270.03655,,USD,2026-05-27,2026-09-04T20:02:00Z,Yahoo Finance,2,,,engine/technical/README.md,
IBM,equity,tecnico,sma200,270.17615,,USD,2026-05-28,2026-09-04T20:02:00Z,Yahoo Finance,2,,,engine/technical/README.md,
IBM,equity,tecnico,sma200,270.4913,,USD,2026-05-29,2026-09-04T20:02:00Z,Yahoo Finance,2,,,engine/technical/README.md,
IBM,equity,tecnico,sma200,270.89305,,USD,2026-06-01,2026-09-04T20:02:00Z,Yahoo Finance,2,,,engine/technical/README.md,
IBM,equity,tecnico,sma200,271.35365,,USD,2026-06-02,2026-09-04T20:02:00Z,Yahoo Finance,2,,,engine/technical/README.md,
IBM,equity,tecnico,sma200,271.6832,,USD,2026-06-03,2026-09-04T20:02:00Z,Yahoo Finance,2,,,engine/technical/README.md,
IBM,equity,tecnico,sma200,271.9948,,USD,2026-06-04,2026-09-04T20:02:00Z,Yahoo Finance,2,,,engine/technical/README.md,
IBM,equity,tecnico,sma200,272.2126,,USD,2026-06-05,2026-09-04T20:02:00Z,Yahoo Finance,2,,,engine/technical/README.md,
IBM,equity,tecnico,sma200,272.40395,,USD,2026-06-08,2026-09-04T20:02:00Z,Yahoo Finance,2,,,engine/technical/README.md,
IBM,equity,tecnico,sma200,272.5944,,USD,2026-06-09,2026-09-04T20:02:00Z,Yahoo Finance,2,,,engine/technical/README.md,
IBM,equity,tecnico,sma200,272.74575,,USD,2026-06-10,2026-09-04T20:02:00Z,Yahoo Finance,2,,,engine/technical/README.md,
IBM,equity,tecnico,sma200,272.92285,,USD,2026-06-11,2026-09-04T20:02:00Z,Yahoo Finance,2,,,engine/technical/README.md,
IBM,equity,tecnico,sma200,273.0709,,USD,2026-06-12,2026-09-04T20:02:00Z,Yahoo Finance,2,,,engine/technical/README.md,
IBM,equity,tecnico,sma200,273.19025,,USD,2026-06-15,2026-09-04T20:02:00Z,Yahoo Finance,2,,,engine/technical/README.md,
IBM,equity,tecnico,sma200,273.31565,,USD,2026-06-16,2026-09-04T20:02:00Z,Yahoo Finance,2,,,engine/technical/README.md,
IBM,equity,tecnico,sma200,273.40995,,USD,2026-06-17,2026-09-04T20:02:00Z,Yahoo Finance,2,,,engine/technical/README.md,
IBM,equity,tecnico,sma200,273.44795,,USD,2026-06-18,2026-09-04T20:02:00Z,Yahoo Finance,2,,,engine/technical/README.md,
IBM,equity,tecnico,sma200,273.48855,,USD,2026-06-22,2026-09-04T20:02:00Z,Yahoo Finance,2,,,engine/technical/README.md,
IBM,equity,tecnico,sma200,273.57735,,USD,2026-06-23,2026-09-04T20:02:00Z,Yahoo Finance,2,,,engine/technical/README.md,
IBM,equity,tecnico,sma200,273.6495,,USD,2026-06-24,2026-09-04T20:02:00Z,Yahoo Finance,2,,,engine/technical/README.md,
IBM,equity,tecnico,sma200,273.6604,,USD,2026-06-25,2026-09-04T20:02:00Z,Yahoo Finance,2,,,engine/technical/README.md,
IBM,equity,tecnico,sma200,273.723,,USD,2026-06-26,2026-09-04T20:02:00Z,Yahoo Finance,2,,,engine/technical/README.md,
IBM,equity,tecnico,sma200,273.8286,,USD,2026-06-29,2026-09-04T20:02:00Z,Yahoo Finance,2,,,engine/technical/README.md,
IBM,equity,tecnico,sma200,273.9496,,USD,2026-06-30,2026-09-04T20:02:00Z,Yahoo Finance,2,,,engine/technical/README.md,
IBM,equity,tecnico,sma200,274.11365,,USD,2026-07-01,2026-09-04T20:02:00Z,Yahoo Finance,2,,,engine/technical/README.md,
IBM,equity,tecnico,sma200,274.28005,,USD,2026-07-02,2026-09-04T20:02:00Z,Yahoo Finance,2,,,engine/technical/README.md,
IBM,equity,tecnico,sma200,274.49005,,USD,2026-07-06,2026-09-04T20:02:00Z,Yahoo Finance,2,,,engine/technical/README.md,
IBM,equity,tecnico,sma200,274.7253,,USD,2026-07-07,2026-09-04T20:02:00Z,Yahoo Finance,2,,,engine/technical/README.md,
IBM,equity,tecnico,sma200,274.91055,,USD,2026-07-08,2026-09-04T20:02:00Z,Yahoo Finance,2,,,engine/technical/README.md,
IBM,equity,tecnico,sma200,275.05505,,USD,2026-07-09,2026-09-04T20:02:00Z,Yahoo Finance,2,,,engine/technical/README.md,
IBM,equity,tecnico,sma200,275.136,,USD,2026-07-10,2026-09-04T20:02:00Z,Yahoo Finance,2,,,engine/technical/README.md,
IBM,equity,tecnico,sma200,275.22595,,USD,2026-07-13,2026-09-04T20:02:00Z,Yahoo Finance,2,,,engine/technical/README.md,
IBM,equity,tecnico,sma200,274.97365,,USD,2026-07-14,2026-09-04T20:02:00Z,Yahoo Finance,2,,,engine/technical/README.md,
IBM,equity,tecnico,sma200,274.62245,,USD,2026-07-15,2026-09-04T20:02:00Z,Yahoo Finance,2,,,engine/technical/README.md,
IBM,equity,tecnico,sma200,274.29615,,USD,2026-07-16,2026-09-04T20:02:00Z,Yahoo Finance,2,,,engine/technical/README.md,
IBM,equity,tecnico,sma200,273.9605,,USD,2026-07-17,2026-09-04T20:02:00Z,Yahoo Finance,2,,,engine/technical/README.md,
IBM,equity,tecnico,sma200,273.6147,,USD,2026-07-20,2026-09-04T20:02:00Z,Yahoo Finance,2,,,engine/technical/README.md,
IBM,equity,tecnico,sma200,273.23475,,USD,2026-07-21,2026-09-04T20:02:00Z,Yahoo Finance,2,,,engine/technical/README.md,
IBM,equity,tecnico,sma200,272.83,,USD,2026-07-22,2026-09-04T20:02:00Z,Yahoo Finance,2,,,engine/technical/README.md,
IBM,equity,tecnico,sma200,272.4214,,USD,2026-07-23,2026-09-04T20:02:00Z,Yahoo Finance,2,,,engine/technical/README.md,
IBM,equity,tecnico,sma200,272.04525,,USD,2026-07-24,2026-09-04T20:02:00Z,Yahoo Finance,2,,,engine/technical/README.md,
IBM,equity,tecnico,sma200,271.6573,,USD,2026-07-27,2026-09-04T20:02:00Z,Yahoo Finance,2,,,engine/technical/README.md,
IBM,equity,tecnico,sma200,271.34775,,USD,2026-07-28,2026-09-04T20:02:00Z,Yahoo Finance,2,,,engine/technical/README.md,
IBM,equity,tecnico,sma200,271.0388,,USD,2026-07-29,2026-09-04T20:02:00Z,Yahoo Finance,2,,,engine/technical/README.md,
IBM,equity,tecnico,sma200,270.7584,,USD,2026-07-30,2026-09-04T20:02:00Z,Yahoo Finance,2,,,engine/technical/README.md,
IBM,equity,tecnico,sma200,270.49055,,USD,2026-07-31,2026-09-04T20:02:00Z,Yahoo Finance,2,,,engine/technical/README.md,
IBM,equity,tecnico,sma200,270.24135,,USD,2026-08-03,2026-09-04T20:02:00Z,Yahoo Finance,2,,,engine/technical/README.md,
IBM,equity,tecnico,sma200,270.01335,,USD,2026-08-04,2026-09-04T20:02:00Z,Yahoo Finance,2,,,engine/technical/README.md,
IBM,equity,tecnico,sma200,269.8131,,USD,2026-08-05,2026-09-04T20:02:00Z,Yahoo Finance,2,,,engine/technical/README.md,
IBM,equity,tecnico,sma200,269.57385,,USD,2026-08-06,2026-09-04T20:02:00Z,Yahoo Finance,2,,,engine/technical/README.md,
IBM,equity,tecnico,sma200,269.342,,USD,2026-08-07,2026-09-04T20:02:00Z,Yahoo Finance,2,,,engine/technical/README.md,
IBM,equity,tecnico,sma200,269.1133,,USD,2026-08-10,2026-09-04T20:02:00Z,Yahoo Finance,2,,,engine/technical/README.md,
IBM,equity,tecnico,sma200,268.86785,,USD,2026-08-11,2026-09-04T20:02:00Z,Yahoo Finance,2,,,engine/technical/README.md,
IBM,equity,tecnico,sma200,268.62275,,USD,2026-08-12,2026-09-04T20:02:00Z,Yahoo Finance,2,,,engine/technical/README.md,
IBM,equity,tecnico,sma200,268.27115,,USD,2026-08-13,2026-09-04T20:02:00Z,Yahoo Finance,2,,,engine/technical/README.md,
IBM,equity,tecnico,sma200,267.8773,,USD,2026-08-14,2026-09-04T20:02:00Z,Yahoo Finance,2,,,engine/technical/README.md,
IBM,equity,tecnico,sma200,267.4587,,USD,2026-08-17,2026-09-04T20:02:00Z,Yahoo Finance,2,,,engine/technical/README.md,
IBM,equity,tecnico,sma200,267.081,,USD,2026-08-18,2026-09-04T20:02:00Z,Yahoo Finance,2,,,engine/technical/README.md,
IBM,equity,tecnico,sma200,266.7165,,USD,2026-08-19,2026-09-04T20:02:00Z,Yahoo Finance,2,,,engine/technical/README.md,
IBM,equity,tecnico,sma200,266.3479,,USD,2026-08-20,2026-09-04T20:02:00Z,Yahoo Finance,2,,,engine/technical/README.md,
IBM,equity,tecnico,sma200,266.00265,,USD,2026-08-21,2026-09-04T20:02:00Z,Yahoo Finance,2,,,engine/technical/README.md,
IBM,equity,tecnico,sma200,265.6536,,USD,2026-08-24,2026-09-04T20:02:00Z,Yahoo Finance,2,,,engine/technical/README.md,
IBM,equity,tecnico,sma200,265.2907,,USD,2026-08-25,2026-09-04T20:02:00Z,Yahoo Finance,2,,,engine/technical/README.md,
IBM,equity,tecnico,sma200,264.87795,,USD,2026-08-26,2026-09-04T20:02:00Z,Yahoo Finance,2,,,engine/technical/README.md,
IBM,equity,tecnico,sma200,264.54,,USD,2026-08-27,2026-09-04T20:02:00Z,Yahoo Finance,2,,,engine/technical/README.md,
IBM,equity,tecnico,sma200,264.1723,,USD,2026-08-28,2026-09-04T20:02:00Z,Yahoo Finance,2,,,engine/technical/README.md,
IBM,equity,tecnico,sma200,263.77305,,USD,2026-08-31,2026-09-04T20:02:00Z,Yahoo Finance,2,,,engine/technical/README.md,
IBM,equity,tecnico,sma200,263.35515,,USD,2026-09-01,2026-09-04T20:02:00Z,Yahoo Finance,2,,,engine/technical/README.md,
IBM,equity,tecnico,sma200,262.63445,,USD,2026-09-03,2026-09-04T20:02:00Z,Yahoo Finance,2,,,engine/technical/README.md,
IBM,equity,tecnico,sma200,262.3228,,USD,2026-09-04,2026-09-04T20:02:00Z,Yahoo Finance,2,,,engine/technical/README.md,
IBM,equity,tecnico,sma50,304.026801,,USD,2026-01-02,2026-09-04T20:02:00Z,Yahoo Finance,2,,,engine/technical/README.md,
IBM,equity,tecnico,sma50,304.176,,USD,2026-01-05,2026-09-04T20:02:00Z,Yahoo Finance,2,,,engine/technical/README.md,
IBM,equity,tecnico,sma50,304.5254,,USD,2026-01-06,2026-09-04T20:02:00Z,Yahoo Finance,2,,,engine/technical/README.md,
IBM,equity,tecnico,sma50,304.310801,,USD,2026-01-07,2026-09-04T20:02:00Z,Yahoo Finance,2,,,engine/technical/README.md,
IBM,equity,tecnico,sma50,304.103401,,USD,2026-01-08,2026-09-04T20:02:00Z,Yahoo Finance,2,,,engine/technical/README.md,
IBM,equity,tecnico,sma50,303.936401,,USD,2026-01-09,2026-09-04T20:02:00Z,Yahoo Finance,2,,,engine/technical/README.md,
IBM,equity,tecnico,sma50,304.015801,,USD,2026-01-12,2026-09-04T20:02:00Z,Yahoo Finance,2,,,engine/technical/README.md,
IBM,equity,tecnico,sma50,303.877801,,USD,2026-01-13,2026-09-04T20:02:00Z,Yahoo Finance,2,,,engine/technical/README.md,
IBM,equity,tecnico,sma50,303.910201,,USD,2026-01-14,2026-09-04T20:02:00Z,Yahoo Finance,2,,,engine/technical/README.md,
IBM,equity,tecnico,sma50,303.774601,,USD,2026-01-15,2026-09-04T20:02:00Z,Yahoo Finance,2,,,engine/technical/README.md,
IBM,equity,tecnico,sma50,303.871001,,USD,2026-01-16,2026-09-04T20:02:00Z,Yahoo Finance,2,,,engine/technical/README.md,
IBM,equity,tecnico,sma50,303.562601,,USD,2026-01-20,2026-09-04T20:02:00Z,Yahoo Finance,2,,,engine/technical/README.md,
IBM,equity,tecnico,sma50,303.265001,,USD,2026-01-21,2026-09-04T20:02:00Z,Yahoo Finance,2,,,engine/technical/README.md,
IBM,equity,tecnico,sma50,303.030801,,USD,2026-01-22,2026-09-04T20:02:00Z,Yahoo Finance,2,,,engine/technical/README.md,
IBM,equity,tecnico,sma50,302.697001,,USD,2026-01-23,2026-09-04T20:02:00Z,Yahoo Finance,2,,,engine/technical/README.md,
IBM,equity,tecnico,sma50,302.349201,,USD,2026-01-26,2026-09-04T20:02:00Z,Yahoo Finance,2,,,engine/technical/README.md,
IBM,equity,tecnico,sma50,301.926801,,USD,2026-01-27,2026-09-04T20:02:00Z,Yahoo Finance,2,,,engine/technical/README.md,
IBM,equity,tecnico,sma50,301.712801,,USD,2026-01-28,2026-09-04T20:02:00Z,Yahoo Finance,2,,,engine/technical/README.md,
IBM,equity,tecnico,sma50,301.783801,,USD,2026-01-29,2026-09-04T20:02:00Z,Yahoo Finance,2,,,engine/technical/README.md,
IBM,equity,tecnico,sma50,301.974401,,USD,2026-01-30,2026-09-04T20:02:00Z,Yahoo Finance,2,,,engine/technical/README.md,
IBM,equity,tecnico,sma50,302.470001,,USD,2026-02-02,2026-09-04T20:02:00Z,Yahoo Finance,2,,,engine/technical/README.md,
IBM,equity,tecnico,sma50,302.585601,,USD,2026-02-03,2026-09-04T20:02:00Z,Yahoo Finance,2,,,engine/technical/README.md,
IBM,equity,tecnico,sma50,302.5586,,USD,2026-02-04,2026-09-04T20:02:00Z,Yahoo Finance,2,,,engine/technical/README.md,
IBM,equity,tecnico,sma50,302.407601,,USD,2026-02-05,2026-09-04T20:02:00Z,Yahoo Finance,2,,,engine/technical/README.md,
IBM,equity,tecnico,sma50,302.303801,,USD,2026-02-06,2026-09-04T20:02:00Z,Yahoo Finance,2,,,engine/technical/README.md,
IBM,equity,tecnico,sma50,302.141,,USD,2026-02-09,2026-09-04T20:02:00Z,Yahoo Finance,2,,,engine/technical/README.md,
IBM,equity,tecnico,sma50,301.912001,,USD,2026-02-10,2026-09-04T20:02:00Z,Yahoo Finance,2,,,engine/technical/README.md,
IBM,equity,tecnico,sma50,301.196601,,USD,2026-02-11,2026-09-04T20:02:00Z,Yahoo Finance,2,,,engine/technical/README.md,
IBM,equity,tecnico,sma50,300.2736,,USD,2026-02-12,2026-09-04T20:02:00Z,Yahoo Finance,2,,,engine/technical/README.md,
IBM,equity,tecnico,sma50,299.485601,,USD,2026-02-13,2026-09-04T20:02:00Z,Yahoo Finance,2,,,engine/technical/README.md,
IBM,equity,tecnico,sma50,298.599401,,USD,2026-02-17,2026-09-04T20:02:00Z,Yahoo Finance,2,,,engine/technical/README.md,
IBM,equity,tecnico,sma50,297.655401,,USD,2026-02-18,2026-09-04T20:02:00Z,Yahoo Finance,2,,,engine/technical/README.md,
IBM,equity,tecnico,sma50,296.622201,,USD,2026-02-19,2026-09-04T20:02:00Z,Yahoo Finance,2,,,engine/technical/README.md,
IBM,equity,tecnico,sma50,295.581801,,USD,2026-02-20,2026-09-04T20:02:00Z,Yahoo Finance,2,,,engine/technical/README.md,
IBM,equity,tecnico,sma50,293.839201,,USD,2026-02-23,2026-09-04T20:02:00Z,Yahoo Finance,2,,,engine/technical/README.md,
IBM,equity,tecnico,sma50,292.172201,,USD,2026-02-24,2026-09-04T20:02:00Z,Yahoo Finance,2,,,engine/technical/README.md,
IBM,equity,tecnico,sma50,290.708201,,USD,2026-02-25,2026-09-04T20:02:00Z,Yahoo Finance,2,,,engine/technical/README.md,
IBM,equity,tecnico,sma50,289.363601,,USD,2026-02-26,2026-09-04T20:02:00Z,Yahoo Finance,2,,,engine/technical/README.md,
IBM,equity,tecnico,sma50,287.994601,,USD,2026-02-27,2026-09-04T20:02:00Z,Yahoo Finance,2,,,engine/technical/README.md,
IBM,equity,tecnico,sma50,286.718401,,USD,2026-03-02,2026-09-04T20:02:00Z,Yahoo Finance,2,,,engine/technical/README.md,
IBM,equity,tecnico,sma50,285.557601,,USD,2026-03-03,2026-09-04T20:02:00Z,Yahoo Finance,2,,,engine/technical/README.md,
IBM,equity,tecnico,sma50,284.549801,,USD,2026-03-04,2026-09-04T20:02:00Z,Yahoo Finance,2,,,engine/technical/README.md,
IBM,equity,tecnico,sma50,283.6612,,USD,2026-03-05,2026-09-04T20:02:00Z,Yahoo Finance,2,,,engine/technical/README.md,
IBM,equity,tecnico,sma50,282.7824,,USD,2026-03-06,2026-09-04T20:02:00Z,Yahoo Finance,2,,,engine/technical/README.md,
IBM,equity,tecnico,sma50,281.7734,,USD,2026-03-09,2026-09-04T20:02:00Z,Yahoo Finance,2,,,engine/technical/README.md,
IBM,equity,tecnico,sma50,280.6862,,USD,2026-03-10,2026-09-04T20:02:00Z,Yahoo Finance,2,,,engine/technical/README.md,
IBM,equity,tecnico,sma50,279.5618,,USD,2026-03-11,2026-09-04T20:02:00Z,Yahoo Finance,2,,,engine/technical/README.md,
IBM,equity,tecnico,sma50,278.4006,,USD,2026-03-12,2026-09-04T20:02:00Z,Yahoo Finance,2,,,engine/technical/README.md,
IBM,equity,tecnico,sma50,277.285201,,USD,2026-03-13,2026-09-04T20:02:00Z,Yahoo Finance,2,,,engine/technical/README.md,
IBM,equity,tecnico,sma50,276.346001,,USD,2026-03-16,2026-09-04T20:02:00Z,Yahoo Finance,2,,,engine/technical/README.md,
IBM,equity,tecnico,sma50,275.6382,,USD,2026-03-17,2026-09-04T20:02:00Z,Yahoo Finance,2,,,engine/technical/README.md,
IBM,equity,tecnico,sma50,274.7708,,USD,2026-03-18,2026-09-04T20:02:00Z,Yahoo Finance,2,,,engine/technical/README.md,
IBM,equity,tecnico,sma50,273.7288,,USD,2026-03-19,2026-09-04T20:02:00Z,Yahoo Finance,2,,,engine/technical/README.md,
IBM,equity,tecnico,sma50,272.6296,,USD,2026-03-20,2026-09-04T20:02:00Z,Yahoo Finance,2,,,engine/technical/README.md,
IBM,equity,tecnico,sma50,271.544,,USD,2026-03-23,2026-09-04T20:02:00Z,Yahoo Finance,2,,,engine/technical/README.md,
IBM,equity,tecnico,sma50,270.2714,,USD,2026-03-24,2026-09-04T20:02:00Z,Yahoo Finance,2,,,engine/technical/README.md,
IBM,equity,tecnico,sma50,268.8556,,USD,2026-03-25,2026-09-04T20:02:00Z,Yahoo Finance,2,,,engine/technical/README.md,
IBM,equity,tecnico,sma50,267.6258,,USD,2026-03-26,2026-09-04T20:02:00Z,Yahoo Finance,2,,,engine/technical/README.md,
IBM,equity,tecnico,sma50,266.172,,USD,2026-03-27,2026-09-04T20:02:00Z,Yahoo Finance,2,,,engine/technical/README.md,
IBM,equity,tecnico,sma50,264.958,,USD,2026-03-30,2026-09-04T20:02:00Z,Yahoo Finance,2,,,engine/technical/README.md,
IBM,equity,tecnico,sma50,263.6924,,USD,2026-03-31,2026-09-04T20:02:00Z,Yahoo Finance,2,,,engine/technical/README.md,
IBM,equity,tecnico,sma50,262.728199,,USD,2026-04-01,2026-09-04T20:02:00Z,Yahoo Finance,2,,,engine/technical/README.md,
IBM,equity,tecnico,sma50,261.740599,,USD,2026-04-02,2026-09-04T20:02:00Z,Yahoo Finance,2,,,engine/technical/README.md,
IBM,equity,tecnico,sma50,260.781999,,USD,2026-04-06,2026-09-04T20:02:00Z,Yahoo Finance,2,,,engine/technical/README.md,
IBM,equity,tecnico,sma50,259.834599,,USD,2026-04-07,2026-09-04T20:02:00Z,Yahoo Finance,2,,,engine/technical/README.md,
IBM,equity,tecnico,sma50,258.7428,,USD,2026-04-08,2026-09-04T20:02:00Z,Yahoo Finance,2,,,engine/technical/README.md,
IBM,equity,tecnico,sma50,257.6092,,USD,2026-04-09,2026-09-04T20:02:00Z,Yahoo Finance,2,,,engine/technical/README.md,
IBM,equity,tecnico,sma50,256.3412,,USD,2026-04-10,2026-09-04T20:02:00Z,Yahoo Finance,2,,,engine/technical/README.md,
IBM,equity,tecnico,sma50,254.9128,,USD,2026-04-13,2026-09-04T20:02:00Z,Yahoo Finance,2,,,engine/technical/README.md,
IBM,equity,tecnico,sma50,253.5842,,USD,2026-04-14,2026-09-04T20:02:00Z,Yahoo Finance,2,,,engine/technical/README.md,
IBM,equity,tecnico,sma50,252.1856,,USD,2026-04-15,2026-09-04T20:02:00Z,Yahoo Finance,2,,,engine/technical/README.md,
IBM,equity,tecnico,sma50,251.3194,,USD,2026-04-16,2026-09-04T20:02:00Z,Yahoo Finance,2,,,engine/technical/README.md,
IBM,equity,tecnico,sma50,250.6078,,USD,2026-04-17,2026-09-04T20:02:00Z,Yahoo Finance,2,,,engine/technical/README.md,
IBM,equity,tecnico,sma50,249.8842,,USD,2026-04-20,2026-09-04T20:02:00Z,Yahoo Finance,2,,,engine/technical/README.md,
IBM,equity,tecnico,sma50,249.0192,,USD,2026-04-21,2026-09-04T20:02:00Z,Yahoo Finance,2,,,engine/technical/README.md,
IBM,equity,tecnico,sma50,248.1296,,USD,2026-04-22,2026-09-04T20:02:00Z,Yahoo Finance,2,,,engine/technical/README.md,
IBM,equity,tecnico,sma50,246.916,,USD,2026-04-23,2026-09-04T20:02:00Z,Yahoo Finance,2,,,engine/technical/README.md,
IBM,equity,tecnico,sma50,246.0994,,USD,2026-04-24,2026-09-04T20:02:00Z,Yahoo Finance,2,,,engine/technical/README.md,
IBM,equity,tecnico,sma50,245.47,,USD,2026-04-27,2026-09-04T20:02:00Z,Yahoo Finance,2,,,engine/technical/README.md,
IBM,equity,tecnico,sma50,244.8832,,USD,2026-04-28,2026-09-04T20:02:00Z,Yahoo Finance,2,,,engine/technical/README.md,
IBM,equity,tecnico,sma50,244.259,,USD,2026-04-29,2026-09-04T20:02:00Z,Yahoo Finance,2,,,engine/technical/README.md,
IBM,equity,tecnico,sma50,243.6628,,USD,2026-04-30,2026-09-04T20:02:00Z,Yahoo Finance,2,,,engine/technical/README.md,
IBM,equity,tecnico,sma50,243.1812,,USD,2026-05-01,2026-09-04T20:02:00Z,Yahoo Finance,2,,,engine/technical/README.md,
IBM,equity,tecnico,sma50,242.627599,,USD,2026-05-04,2026-09-04T20:02:00Z,Yahoo Finance,2,,,engine/technical/README.md,
IBM,equity,tecnico,sma50,242.741199,,USD,2026-05-05,2026-09-04T20:02:00Z,Yahoo Finance,2,,,engine/technical/README.md,
IBM,equity,tecnico,sma50,242.669599,,USD,2026-05-06,2026-09-04T20:02:00Z,Yahoo Finance,2,,,engine/technical/README.md,
IBM,equity,tecnico,sma50,242.544999,,USD,2026-05-07,2026-09-04T20:02:00Z,Yahoo Finance,2,,,engine/technical/README.md,
IBM,equity,tecnico,sma50,242.299999,,USD,2026-05-08,2026-09-04T20:02:00Z,Yahoo Finance,2,,,engine/technical/README.md,
IBM,equity,tecnico,sma50,241.966799,,USD,2026-05-11,2026-09-04T20:02:00Z,Yahoo Finance,2,,,engine/technical/README.md,
IBM,equity,tecnico,sma50,241.563799,,USD,2026-05-12,2026-09-04T20:02:00Z,Yahoo Finance,2,,,engine/technical/README.md,
IBM,equity,tecnico,sma50,240.950999,,USD,2026-05-13,2026-09-04T20:02:00Z,Yahoo Finance,2,,,engine/technical/README.md,
IBM,equity,tecnico,sma50,240.317199,,USD,2026-05-14,2026-09-04T20:02:00Z,Yahoo Finance,2,,,engine/technical/README.md,
IBM,equity,tecnico,sma50,239.5722,,USD,2026-05-15,2026-09-04T20:02:00Z,Yahoo Finance,2,,,engine/technical/README.md,
IBM,equity,tecnico,sma50,238.8502,,USD,2026-05-18,2026-09-04T20:02:00Z,Yahoo Finance,2,,,engine/technical/README.md,
IBM,equity,tecnico,sma50,238.2302,,USD,2026-05-19,2026-09-04T20:02:00Z,Yahoo Finance,2,,,engine/technical/README.md,
IBM,equity,tecnico,sma50,237.7262,,USD,2026-05-20,2026-09-04T20:02:00Z,Yahoo Finance,2,,,engine/technical/README.md,
IBM,equity,tecnico,sma50,237.8082,,USD,2026-05-21,2026-09-04T20:02:00Z,Yahoo Finance,2,,,engine/technical/README.md,
IBM,equity,tecnico,sma50,237.9314,,USD,2026-05-22,2026-09-04T20:02:00Z,Yahoo Finance,2,,,engine/technical/README.md,
IBM,equity,tecnico,sma50,238.0196,,USD,2026-05-26,2026-09-04T20:02:00Z,Yahoo Finance,2,,,engine/technical/README.md,
IBM,equity,tecnico,sma50,238.1386,,USD,2026-05-27,2026-09-04T20:02:00Z,Yahoo Finance,2,,,engine/technical/README.md,
IBM,equity,tecnico,sma50,238.3008,,USD,2026-05-28,2026-09-04T20:02:00Z,Yahoo Finance,2,,,engine/technical/README.md,
IBM,equity,tecnico,sma50,239.2248,,USD,2026-05-29,2026-09-04T20:02:00Z,Yahoo Finance,2,,,engine/technical/README.md,
IBM,equity,tecnico,sma50,240.6258,,USD,2026-06-01,2026-09-04T20:02:00Z,Yahoo Finance,2,,,engine/technical/README.md,
IBM,equity,tecnico,sma50,242.375,,USD,2026-06-02,2026-09-04T20:02:00Z,Yahoo Finance,2,,,engine/technical/README.md,
IBM,equity,tecnico,sma50,243.5188,,USD,2026-06-03,2026-09-04T20:02:00Z,Yahoo Finance,2,,,engine/technical/README.md,
IBM,equity,tecnico,sma50,244.7424,,USD,2026-06-04,2026-09-04T20:02:00Z,Yahoo Finance,2,,,engine/technical/README.md,
IBM,equity,tecnico,sma50,245.6114,,USD,2026-06-05,2026-09-04T20:02:00Z,Yahoo Finance,2,,,engine/technical/README.md,
IBM,equity,tecnico,sma50,246.3944,,USD,2026-06-08,2026-09-04T20:02:00Z,Yahoo Finance,2,,,engine/technical/README.md,
IBM,equity,tecnico,sma50,247.2174,,USD,2026-06-09,2026-09-04T20:02:00Z,Yahoo Finance,2,,,engine/technical/README.md,
IBM,equity,tecnico,sma50,247.9196,,USD,2026-06-10,2026-09-04T20:02:00Z,Yahoo Finance,2,,,engine/technical/README.md,
IBM,equity,tecnico,sma50,248.5688,,USD,2026-06-11,2026-09-04T20:02:00Z,Yahoo Finance,2,,,engine/technical/README.md,
IBM,equity,tecnico,sma50,249.1508,,USD,2026-06-12,2026-09-04T20:02:00Z,Yahoo Finance,2,,,engine/technical/README.md,
IBM,equity,tecnico,sma50,249.5618,,USD,2026-06-15,2026-09-04T20:02:00Z,Yahoo Finance,2,,,engine/technical/README.md,
IBM,equity,tecnico,sma50,250.043199,,USD,2026-06-16,2026-09-04T20:02:00Z,Yahoo Finance,2,,,engine/technical/README.md,
IBM,equity,tecnico,sma50,250.388799,,USD,2026-06-17,2026-09-04T20:02:00Z,Yahoo Finance,2,,,engine/technical/README.md,
IBM,equity,tecnico,sma50,250.535999,,USD,2026-06-18,2026-09-04T20:02:00Z,Yahoo Finance,2,,,engine/technical/README.md,
IBM,equity,tecnico,sma50,250.8368,,USD,2026-06-22,2026-09-04T20:02:00Z,Yahoo Finance,2,,,engine/technical/README.md,
IBM,equity,tecnico,sma50,251.5204,,USD,2026-06-23,2026-09-04T20:02:00Z,Yahoo Finance,2,,,engine/technical/README.md,
IBM,equity,tecnico,sma50,252.023199,,USD,2026-06-24,2026-09-04T20:02:00Z,Yahoo Finance,2,,,engine/technical/README.md,
IBM,equity,tecnico,sma50,252.383199,,USD,2026-06-25,2026-09-04T20:02:00Z,Yahoo Finance,2,,,engine/technical/README.md,
IBM,equity,tecnico,sma50,252.919799,,USD,2026-06-26,2026-09-04T20:02:00Z,Yahoo Finance,2,,,engine/technical/README.md,
IBM,equity,tecnico,sma50,253.459799,,USD,2026-06-29,2026-09-04T20:02:00Z,Yahoo Finance,2,,,engine/technical/README.md,
IBM,equity,tecnico,sma50,254.014599,,USD,2026-06-30,2026-09-04T20:02:00Z,Yahoo Finance,2,,,engine/technical/README.md,
IBM,equity,tecnico,sma50,254.665399,,USD,2026-07-01,2026-09-04T20:02:00Z,Yahoo Finance,2,,,engine/technical/README.md,
IBM,equity,tecnico,sma50,255.342199,,USD,2026-07-02,2026-09-04T20:02:00Z,Yahoo Finance,2,,,engine/technical/README.md,
IBM,equity,tecnico,sma50,256.295399,,USD,2026-07-06,2026-09-04T20:02:00Z,Yahoo Finance,2,,,engine/technical/README.md,
IBM,equity,tecnico,sma50,257.796399,,USD,2026-07-07,2026-09-04T20:02:00Z,Yahoo Finance,2,,,engine/technical/README.md,
IBM,equity,tecnico,sma50,259.197798,,USD,2026-07-08,2026-09-04T20:02:00Z,Yahoo Finance,2,,,engine/technical/README.md,
IBM,equity,tecnico,sma50,260.542798,,USD,2026-07-09,2026-09-04T20:02:00Z,Yahoo Finance,2,,,engine/technical/README.md,
IBM,equity,tecnico,sma50,261.633198,,USD,2026-07-10,2026-09-04T20:02:00Z,Yahoo Finance,2,,,engine/technical/README.md,
IBM,equity,tecnico,sma50,262.895798,,USD,2026-07-13,2026-09-04T20:02:00Z,Yahoo Finance,2,,,engine/technical/README.md,
IBM,equity,tecnico,sma50,262.617599,,USD,2026-07-14,2026-09-04T20:02:00Z,Yahoo Finance,2,,,engine/technical/README.md,
IBM,equity,tecnico,sma50,262.197599,,USD,2026-07-15,2026-09-04T20:02:00Z,Yahoo Finance,2,,,engine/technical/README.md,
IBM,equity,tecnico,sma50,261.988999,,USD,2026-07-16,2026-09-04T20:02:00Z,Yahoo Finance,2,,,engine/technical/README.md,
IBM,equity,tecnico,sma50,261.661799,,USD,2026-07-17,2026-09-04T20:02:00Z,Yahoo Finance,2,,,engine/technical/README.md,
IBM,equity,tecnico,sma50,261.406999,,USD,2026-07-20,2026-09-04T20:02:00Z,Yahoo Finance,2,,,engine/technical/README.md,
IBM,equity,tecnico,sma50,260.990799,,USD,2026-07-21,2026-09-04T20:02:00Z,Yahoo Finance,2,,,engine/technical/README.md,
IBM,equity,tecnico,sma50,260.510999,,USD,2026-07-22,2026-09-04T20:02:00Z,Yahoo Finance,2,,,engine/technical/README.md,
IBM,equity,tecnico,sma50,260.172999,,USD,2026-07-23,2026-09-04T20:02:00Z,Yahoo Finance,2,,,engine/technical/README.md,
IBM,equity,tecnico,sma50,260.072399,,USD,2026-07-24,2026-09-04T20:02:00Z,Yahoo Finance,2,,,engine/technical/README.md,
IBM,equity,tecnico,sma50,260.105199,,USD,2026-07-27,2026-09-04T20:02:00Z,Yahoo Finance,2,,,engine/technical/README.md,
IBM,equity,tecnico,sma50,260.288799,,USD,2026-07-28,2026-09-04T20:02:00Z,Yahoo Finance,2,,,engine/technical/README.md,
IBM,equity,tecnico,sma50,260.431599,,USD,2026-07-29,2026-09-04T20:02:00Z,Yahoo Finance,2,,,engine/technical/README.md,
IBM,equity,tecnico,sma50,260.411399,,USD,2026-07-30,2026-09-04T20:02:00Z,Yahoo Finance,2,,,engine/technical/README.md,
IBM,equity,tecnico,sma50,260.437799,,USD,2026-07-31,2026-09-04T20:02:00Z,Yahoo Finance,2,,,engine/technical/README.md,
IBM,equity,tecnico,sma50,260.463999,,USD,2026-08-03,2026-09-04T20:02:00Z,Yahoo Finance,2,,,engine/technical/README.md,
IBM,equity,tecnico,sma50,260.107599,,USD,2026-08-04,2026-09-04T20:02:00Z,Yahoo Finance,2,,,engine/technical/README.md,
IBM,equity,tecnico,sma50,259.749199,,USD,2026-08-05,2026-09-04T20:02:00Z,Yahoo Finance,2,,,engine/technical/README.md,
IBM,equity,tecnico,sma50,259.403998,,USD,2026-08-06,2026-09-04T20:02:00Z,Yahoo Finance,2,,,engine/technical/README.md,
IBM,equity,tecnico,sma50,259.045598,,USD,2026-08-07,2026-09-04T20:02:00Z,Yahoo Finance,2,,,engine/technical/README.md,
IBM,equity,tecnico,sma50,258.487398,,USD,2026-08-10,2026-09-04T20:02:00Z,Yahoo Finance,2,,,engine/technical/README.md,
IBM,equity,tecnico,sma50,257.299799,,USD,2026-08-11,2026-09-04T20:02:00Z,Yahoo Finance,2,,,engine/technical/README.md,
IBM,equity,tecnico,sma50,255.610998,,USD,2026-08-12,2026-09-04T20:02:00Z,Yahoo Finance,2,,,engine/technical/README.md,
IBM,equity,tecnico,sma50,253.769198,,USD,2026-08-13,2026-09-04T20:02:00Z,Yahoo Finance,2,,,engine/technical/README.md,
IBM,equity,tecnico,sma50,252.342998,,USD,2026-08-14,2026-09-04T20:02:00Z,Yahoo Finance,2,,,engine/technical/README.md,
IBM,equity,tecnico,sma50,250.884598,,USD,2026-08-17,2026-09-04T20:02:00Z,Yahoo Finance,2,,,engine/technical/README.md,
IBM,equity,tecnico,sma50,249.841198,,USD,2026-08-18,2026-09-04T20:02:00Z,Yahoo Finance,2,,,engine/technical/README.md,
IBM,equity,tecnico,sma50,248.967998,,USD,2026-08-19,2026-09-04T20:02:00Z,Yahoo Finance,2,,,engine/technical/README.md,
IBM,equity,tecnico,sma50,248.091999,,USD,2026-08-20,2026-09-04T20:02:00Z,Yahoo Finance,2,,,engine/technical/README.md,
IBM,equity,tecnico,sma50,247.358399,,USD,2026-08-21,2026-09-04T20:02:00Z,Yahoo Finance,2,,,engine/technical/README.md,
IBM,equity,tecnico,sma50,246.482198,,USD,2026-08-24,2026-09-04T20:02:00Z,Yahoo Finance,2,,,engine/technical/README.md,
IBM,equity,tecnico,sma50,245.721199,,USD,2026-08-25,2026-09-04T20:02:00Z,Yahoo Finance,2,,,engine/technical/README.md,
IBM,equity,tecnico,sma50,244.944399,,USD,2026-08-26,2026-09-04T20:02:00Z,Yahoo Finance,2,,,engine/technical/README.md,
IBM,equity,tecnico,sma50,244.303999,,USD,2026-08-27,2026-09-04T20:02:00Z,Yahoo Finance,2,,,engine/technical/README.md,
IBM,equity,tecnico,sma50,243.768799,,USD,2026-08-28,2026-09-04T20:02:00Z,Yahoo Finance,2,,,engine/technical/README.md,
IBM,equity,tecnico,sma50,243.464198,,USD,2026-08-31,2026-09-04T20:02:00Z,Yahoo Finance,2,,,engine/technical/README.md,
IBM,equity,tecnico,sma50,243.047798,,USD,2026-09-01,2026-09-04T20:02:00Z,Yahoo Finance,2,,,engine/technical/README.md,
IBM,equity,tecnico,sma50,241.817998,,USD,2026-09-03,2026-09-04T20:02:00Z,Yahoo Finance,2,,,engine/technical/README.md,
IBM,equity,tecnico,sma50,241.349398,,USD,2026-09-04,2026-09-04T20:02:00Z,Yahoo Finance,2,,,engine/technical/README.md,
IBM,equity,tecnico,volatilidad_hist_30d_anualizada_pct,20.8,,%,2026-01-02,2026-09-04T20:02:00Z,Yahoo Finance,2,,,engine/technical/README.md,
IBM,equity,tecnico,volatilidad_hist_30d_anualizada_pct,21.1,,%,2026-01-05,2026-09-04T20:02:00Z,Yahoo Finance,2,,,engine/technical/README.md,
IBM,equity,tecnico,volatilidad_hist_30d_anualizada_pct,22.7,,%,2026-01-06,2026-09-04T20:02:00Z,Yahoo Finance,2,,,engine/technical/README.md,
IBM,equity,tecnico,volatilidad_hist_30d_anualizada_pct,22.3,,%,2026-01-07,2026-09-04T20:02:00Z,Yahoo Finance,2,,,engine/technical/README.md,
IBM,equity,tecnico,volatilidad_hist_30d_anualizada_pct,22.0,,%,2026-01-08,2026-09-04T20:02:00Z,Yahoo Finance,2,,,engine/technical/README.md,
IBM,equity,tecnico,volatilidad_hist_30d_anualizada_pct,22.1,,%,2026-01-09,2026-09-04T20:02:00Z,Yahoo Finance,2,,,engine/technical/README.md,
IBM,equity,tecnico,volatilidad_hist_30d_anualizada_pct,23.8,,%,2026-01-12,2026-09-04T20:02:00Z,Yahoo Finance,2,,,engine/technical/README.md,
IBM,equity,tecnico,volatilidad_hist_30d_anualizada_pct,25.2,,%,2026-01-13,2026-09-04T20:02:00Z,Yahoo Finance,2,,,engine/technical/README.md,
IBM,equity,tecnico,volatilidad_hist_30d_anualizada_pct,25.9,,%,2026-01-14,2026-09-04T20:02:00Z,Yahoo Finance,2,,,engine/technical/README.md,
IBM,equity,tecnico,volatilidad_hist_30d_anualizada_pct,28.6,,%,2026-01-15,2026-09-04T20:02:00Z,Yahoo Finance,2,,,engine/technical/README.md,
IBM,equity,tecnico,volatilidad_hist_30d_anualizada_pct,30.0,,%,2026-01-16,2026-09-04T20:02:00Z,Yahoo Finance,2,,,engine/technical/README.md,
IBM,equity,tecnico,volatilidad_hist_30d_anualizada_pct,33.8,,%,2026-01-20,2026-09-04T20:02:00Z,Yahoo Finance,2,,,engine/technical/README.md,
IBM,equity,tecnico,volatilidad_hist_30d_anualizada_pct,34.7,,%,2026-01-21,2026-09-04T20:02:00Z,Yahoo Finance,2,,,engine/technical/README.md,
IBM,equity,tecnico,volatilidad_hist_30d_anualizada_pct,34.8,,%,2026-01-22,2026-09-04T20:02:00Z,Yahoo Finance,2,,,engine/technical/README.md,
IBM,equity,tecnico,volatilidad_hist_30d_anualizada_pct,34.8,,%,2026-01-23,2026-09-04T20:02:00Z,Yahoo Finance,2,,,engine/technical/README.md,
IBM,equity,tecnico,volatilidad_hist_30d_anualizada_pct,35.0,,%,2026-01-26,2026-09-04T20:02:00Z,Yahoo Finance,2,,,engine/technical/README.md,
IBM,equity,tecnico,volatilidad_hist_30d_anualizada_pct,35.1,,%,2026-01-27,2026-09-04T20:02:00Z,Yahoo Finance,2,,,engine/technical/README.md,
IBM,equity,tecnico,volatilidad_hist_30d_anualizada_pct,35.1,,%,2026-01-28,2026-09-04T20:02:00Z,Yahoo Finance,2,,,engine/technical/README.md,
IBM,equity,tecnico,volatilidad_hist_30d_anualizada_pct,39.4,,%,2026-01-29,2026-09-04T20:02:00Z,Yahoo Finance,2,,,engine/technical/README.md,
IBM,equity,tecnico,volatilidad_hist_30d_anualizada_pct,39.0,,%,2026-01-30,2026-09-04T20:02:00Z,Yahoo Finance,2,,,engine/technical/README.md,
IBM,equity,tecnico,volatilidad_hist_30d_anualizada_pct,40.0,,%,2026-02-02,2026-09-04T20:02:00Z,Yahoo Finance,2,,,engine/technical/README.md,
IBM,equity,tecnico,volatilidad_hist_30d_anualizada_pct,46.5,,%,2026-02-03,2026-09-04T20:02:00Z,Yahoo Finance,2,,,engine/technical/README.md,
IBM,equity,tecnico,volatilidad_hist_30d_anualizada_pct,46.8,,%,2026-02-04,2026-09-04T20:02:00Z,Yahoo Finance,2,,,engine/technical/README.md,
IBM,equity,tecnico,volatilidad_hist_30d_anualizada_pct,46.8,,%,2026-02-05,2026-09-04T20:02:00Z,Yahoo Finance,2,,,engine/technical/README.md,
IBM,equity,tecnico,volatilidad_hist_30d_anualizada_pct,48.1,,%,2026-02-06,2026-09-04T20:02:00Z,Yahoo Finance,2,,,engine/technical/README.md,
IBM,equity,tecnico,volatilidad_hist_30d_anualizada_pct,48.2,,%,2026-02-09,2026-09-04T20:02:00Z,Yahoo Finance,2,,,engine/technical/README.md,
IBM,equity,tecnico,volatilidad_hist_30d_anualizada_pct,48.4,,%,2026-02-10,2026-09-04T20:02:00Z,Yahoo Finance,2,,,engine/technical/README.md,
IBM,equity,tecnico,volatilidad_hist_30d_anualizada_pct,53.5,,%,2026-02-11,2026-09-04T20:02:00Z,Yahoo Finance,2,,,engine/technical/README.md,
IBM,equity,tecnico,volatilidad_hist_30d_anualizada_pct,55.9,,%,2026-02-12,2026-09-04T20:02:00Z,Yahoo Finance,2,,,engine/technical/README.md,
IBM,equity,tecnico,volatilidad_hist_30d_anualizada_pct,55.9,,%,2026-02-13,2026-09-04T20:02:00Z,Yahoo Finance,2,,,engine/technical/README.md,
IBM,equity,tecnico,volatilidad_hist_30d_anualizada_pct,55.9,,%,2026-02-17,2026-09-04T20:02:00Z,Yahoo Finance,2,,,engine/technical/README.md,
IBM,equity,tecnico,volatilidad_hist_30d_anualizada_pct,55.8,,%,2026-02-18,2026-09-04T20:02:00Z,Yahoo Finance,2,,,engine/technical/README.md,
IBM,equity,tecnico,volatilidad_hist_30d_anualizada_pct,55.0,,%,2026-02-19,2026-09-04T20:02:00Z,Yahoo Finance,2,,,engine/technical/README.md,
IBM,equity,tecnico,volatilidad_hist_30d_anualizada_pct,54.8,,%,2026-02-20,2026-09-04T20:02:00Z,Yahoo Finance,2,,,engine/technical/README.md,
IBM,equity,tecnico,volatilidad_hist_30d_anualizada_pct,71.8,,%,2026-02-23,2026-09-04T20:02:00Z,Yahoo Finance,2,,,engine/technical/README.md,
IBM,equity,tecnico,volatilidad_hist_30d_anualizada_pct,72.7,,%,2026-02-24,2026-09-04T20:02:00Z,Yahoo Finance,2,,,engine/technical/README.md,
IBM,equity,tecnico,volatilidad_hist_30d_anualizada_pct,73.4,,%,2026-02-25,2026-09-04T20:02:00Z,Yahoo Finance,2,,,engine/technical/README.md,
IBM,equity,tecnico,volatilidad_hist_30d_anualizada_pct,73.6,,%,2026-02-26,2026-09-04T20:02:00Z,Yahoo Finance,2,,,engine/technical/README.md,
IBM,equity,tecnico,volatilidad_hist_30d_anualizada_pct,73.0,,%,2026-02-27,2026-09-04T20:02:00Z,Yahoo Finance,2,,,engine/technical/README.md,
IBM,equity,tecnico,volatilidad_hist_30d_anualizada_pct,72.3,,%,2026-03-02,2026-09-04T20:02:00Z,Yahoo Finance,2,,,engine/technical/README.md,
IBM,equity,tecnico,volatilidad_hist_30d_anualizada_pct,72.2,,%,2026-03-03,2026-09-04T20:02:00Z,Yahoo Finance,2,,,engine/technical/README.md,
IBM,equity,tecnico,volatilidad_hist_30d_anualizada_pct,71.3,,%,2026-03-04,2026-09-04T20:02:00Z,Yahoo Finance,2,,,engine/technical/README.md,
IBM,equity,tecnico,volatilidad_hist_30d_anualizada_pct,71.5,,%,2026-03-05,2026-09-04T20:02:00Z,Yahoo Finance,2,,,engine/technical/README.md,
IBM,equity,tecnico,volatilidad_hist_30d_anualizada_pct,71.6,,%,2026-03-06,2026-09-04T20:02:00Z,Yahoo Finance,2,,,engine/technical/README.md,
IBM,equity,tecnico,volatilidad_hist_30d_anualizada_pct,71.9,,%,2026-03-09,2026-09-04T20:02:00Z,Yahoo Finance,2,,,engine/technical/README.md,
IBM,equity,tecnico,volatilidad_hist_30d_anualizada_pct,71.6,,%,2026-03-10,2026-09-04T20:02:00Z,Yahoo Finance,2,,,engine/technical/README.md,
IBM,equity,tecnico,volatilidad_hist_30d_anualizada_pct,71.6,,%,2026-03-11,2026-09-04T20:02:00Z,Yahoo Finance,2,,,engine/technical/README.md,
IBM,equity,tecnico,volatilidad_hist_30d_anualizada_pct,71.6,,%,2026-03-12,2026-09-04T20:02:00Z,Yahoo Finance,2,,,engine/technical/README.md,
IBM,equity,tecnico,volatilidad_hist_30d_anualizada_pct,68.7,,%,2026-03-13,2026-09-04T20:02:00Z,Yahoo Finance,2,,,engine/technical/README.md,
IBM,equity,tecnico,volatilidad_hist_30d_anualizada_pct,69.0,,%,2026-03-16,2026-09-04T20:02:00Z,Yahoo Finance,2,,,engine/technical/README.md,
IBM,equity,tecnico,volatilidad_hist_30d_anualizada_pct,69.1,,%,2026-03-17,2026-09-04T20:02:00Z,Yahoo Finance,2,,,engine/technical/README.md,
IBM,equity,tecnico,volatilidad_hist_30d_anualizada_pct,65.8,,%,2026-03-18,2026-09-04T20:02:00Z,Yahoo Finance,2,,,engine/technical/README.md,
IBM,equity,tecnico,volatilidad_hist_30d_anualizada_pct,65.6,,%,2026-03-19,2026-09-04T20:02:00Z,Yahoo Finance,2,,,engine/technical/README.md,
IBM,equity,tecnico,volatilidad_hist_30d_anualizada_pct,66.4,,%,2026-03-20,2026-09-04T20:02:00Z,Yahoo Finance,2,,,engine/technical/README.md,
IBM,equity,tecnico,volatilidad_hist_30d_anualizada_pct,66.1,,%,2026-03-23,2026-09-04T20:02:00Z,Yahoo Finance,2,,,engine/technical/README.md,
IBM,equity,tecnico,volatilidad_hist_30d_anualizada_pct,66.8,,%,2026-03-24,2026-09-04T20:02:00Z,Yahoo Finance,2,,,engine/technical/README.md,
IBM,equity,tecnico,volatilidad_hist_30d_anualizada_pct,66.8,,%,2026-03-25,2026-09-04T20:02:00Z,Yahoo Finance,2,,,engine/technical/README.md,
IBM,equity,tecnico,volatilidad_hist_30d_anualizada_pct,63.1,,%,2026-03-26,2026-09-04T20:02:00Z,Yahoo Finance,2,,,engine/technical/README.md,
IBM,equity,tecnico,volatilidad_hist_30d_anualizada_pct,61.3,,%,2026-03-27,2026-09-04T20:02:00Z,Yahoo Finance,2,,,engine/technical/README.md,
IBM,equity,tecnico,volatilidad_hist_30d_anualizada_pct,61.1,,%,2026-03-30,2026-09-04T20:02:00Z,Yahoo Finance,2,,,engine/technical/README.md,
IBM,equity,tecnico,volatilidad_hist_30d_anualizada_pct,61.5,,%,2026-03-31,2026-09-04T20:02:00Z,Yahoo Finance,2,,,engine/technical/README.md,
IBM,equity,tecnico,volatilidad_hist_30d_anualizada_pct,61.4,,%,2026-04-01,2026-09-04T20:02:00Z,Yahoo Finance,2,,,engine/technical/README.md,
IBM,equity,tecnico,volatilidad_hist_30d_anualizada_pct,61.7,,%,2026-04-02,2026-09-04T20:02:00Z,Yahoo Finance,2,,,engine/technical/README.md,
IBM,equity,tecnico,volatilidad_hist_30d_anualizada_pct,61.7,,%,2026-04-06,2026-09-04T20:02:00Z,Yahoo Finance,2,,,engine/technical/README.md,
IBM,equity,tecnico,volatilidad_hist_30d_anualizada_pct,35.8,,%,2026-04-07,2026-09-04T20:02:00Z,Yahoo Finance,2,,,engine/technical/README.md,
IBM,equity,tecnico,volatilidad_hist_30d_anualizada_pct,35.2,,%,2026-04-08,2026-09-04T20:02:00Z,Yahoo Finance,2,,,engine/technical/README.md,
IBM,equity,tecnico,volatilidad_hist_30d_anualizada_pct,33.8,,%,2026-04-09,2026-09-04T20:02:00Z,Yahoo Finance,2,,,engine/technical/README.md,
IBM,equity,tecnico,volatilidad_hist_30d_anualizada_pct,34.4,,%,2026-04-10,2026-09-04T20:02:00Z,Yahoo Finance,2,,,engine/technical/README.md,
IBM,equity,tecnico,volatilidad_hist_30d_anualizada_pct,36.1,,%,2026-04-13,2026-09-04T20:02:00Z,Yahoo Finance,2,,,engine/technical/README.md,
IBM,equity,tecnico,volatilidad_hist_30d_anualizada_pct,36.2,,%,2026-04-14,2026-09-04T20:02:00Z,Yahoo Finance,2,,,engine/technical/README.md,
IBM,equity,tecnico,volatilidad_hist_30d_anualizada_pct,35.8,,%,2026-04-15,2026-09-04T20:02:00Z,Yahoo Finance,2,,,engine/technical/README.md,
IBM,equity,tecnico,volatilidad_hist_30d_anualizada_pct,36.2,,%,2026-04-16,2026-09-04T20:02:00Z,Yahoo Finance,2,,,engine/technical/README.md,
IBM,equity,tecnico,volatilidad_hist_30d_anualizada_pct,35.2,,%,2026-04-17,2026-09-04T20:02:00Z,Yahoo Finance,2,,,engine/technical/README.md,
IBM,equity,tecnico,volatilidad_hist_30d_anualizada_pct,35.1,,%,2026-04-20,2026-09-04T20:02:00Z,Yahoo Finance,2,,,engine/technical/README.md,
IBM,equity,tecnico,volatilidad_hist_30d_anualizada_pct,34.4,,%,2026-04-21,2026-09-04T20:02:00Z,Yahoo Finance,2,,,engine/technical/README.md,
IBM,equity,tecnico,volatilidad_hist_30d_anualizada_pct,34.5,,%,2026-04-22,2026-09-04T20:02:00Z,Yahoo Finance,2,,,engine/technical/README.md,
IBM,equity,tecnico,volatilidad_hist_30d_anualizada_pct,45.8,,%,2026-04-23,2026-09-04T20:02:00Z,Yahoo Finance,2,,,engine/technical/README.md,
IBM,equity,tecnico,volatilidad_hist_30d_anualizada_pct,45.8,,%,2026-04-24,2026-09-04T20:02:00Z,Yahoo Finance,2,,,engine/technical/README.md,
IBM,equity,tecnico,volatilidad_hist_30d_anualizada_pct,46.1,,%,2026-04-27,2026-09-04T20:02:00Z,Yahoo Finance,2,,,engine/technical/README.md,
IBM,equity,tecnico,volatilidad_hist_30d_anualizada_pct,46.6,,%,2026-04-28,2026-09-04T20:02:00Z,Yahoo Finance,2,,,engine/technical/README.md,
IBM,equity,tecnico,volatilidad_hist_30d_anualizada_pct,46.1,,%,2026-04-29,2026-09-04T20:02:00Z,Yahoo Finance,2,,,engine/technical/README.md,
IBM,equity,tecnico,volatilidad_hist_30d_anualizada_pct,46.4,,%,2026-04-30,2026-09-04T20:02:00Z,Yahoo Finance,2,,,engine/technical/README.md,
IBM,equity,tecnico,volatilidad_hist_30d_anualizada_pct,46.4,,%,2026-05-01,2026-09-04T20:02:00Z,Yahoo Finance,2,,,engine/technical/README.md,
IBM,equity,tecnico,volatilidad_hist_30d_anualizada_pct,45.1,,%,2026-05-04,2026-09-04T20:02:00Z,Yahoo Finance,2,,,engine/technical/README.md,
IBM,equity,tecnico,volatilidad_hist_30d_anualizada_pct,43.9,,%,2026-05-05,2026-09-04T20:02:00Z,Yahoo Finance,2,,,engine/technical/README.md,
IBM,equity,tecnico,volatilidad_hist_30d_anualizada_pct,42.8,,%,2026-05-06,2026-09-04T20:02:00Z,Yahoo Finance,2,,,engine/technical/README.md,
IBM,equity,tecnico,volatilidad_hist_30d_anualizada_pct,43.8,,%,2026-05-07,2026-09-04T20:02:00Z,Yahoo Finance,2,,,engine/technical/README.md,
IBM,equity,tecnico,volatilidad_hist_30d_anualizada_pct,43.8,,%,2026-05-08,2026-09-04T20:02:00Z,Yahoo Finance,2,,,engine/technical/README.md,
IBM,equity,tecnico,volatilidad_hist_30d_anualizada_pct,44.1,,%,2026-05-11,2026-09-04T20:02:00Z,Yahoo Finance,2,,,engine/technical/README.md,
IBM,equity,tecnico,volatilidad_hist_30d_anualizada_pct,44.5,,%,2026-05-12,2026-09-04T20:02:00Z,Yahoo Finance,2,,,engine/technical/README.md,
IBM,equity,tecnico,volatilidad_hist_30d_anualizada_pct,44.1,,%,2026-05-13,2026-09-04T20:02:00Z,Yahoo Finance,2,,,engine/technical/README.md,
IBM,equity,tecnico,volatilidad_hist_30d_anualizada_pct,44.6,,%,2026-05-14,2026-09-04T20:02:00Z,Yahoo Finance,2,,,engine/technical/README.md,
IBM,equity,tecnico,volatilidad_hist_30d_anualizada_pct,43.9,,%,2026-05-15,2026-09-04T20:02:00Z,Yahoo Finance,2,,,engine/technical/README.md,
IBM,equity,tecnico,volatilidad_hist_30d_anualizada_pct,44.4,,%,2026-05-18,2026-09-04T20:02:00Z,Yahoo Finance,2,,,engine/technical/README.md,
IBM,equity,tecnico,volatilidad_hist_30d_anualizada_pct,44.4,,%,2026-05-19,2026-09-04T20:02:00Z,Yahoo Finance,2,,,engine/technical/README.md,
IBM,equity,tecnico,volatilidad_hist_30d_anualizada_pct,44.5,,%,2026-05-20,2026-09-04T20:02:00Z,Yahoo Finance,2,,,engine/technical/README.md,
IBM,equity,tecnico,volatilidad_hist_30d_anualizada_pct,60.6,,%,2026-05-21,2026-09-04T20:02:00Z,Yahoo Finance,2,,,engine/technical/README.md,
IBM,equity,tecnico,volatilidad_hist_30d_anualizada_pct,59.6,,%,2026-05-22,2026-09-04T20:02:00Z,Yahoo Finance,2,,,engine/technical/README.md,
IBM,equity,tecnico,volatilidad_hist_30d_anualizada_pct,59.1,,%,2026-05-26,2026-09-04T20:02:00Z,Yahoo Finance,2,,,engine/technical/README.md,
IBM,equity,tecnico,volatilidad_hist_30d_anualizada_pct,59.3,,%,2026-05-27,2026-09-04T20:02:00Z,Yahoo Finance,2,,,engine/technical/README.md,
IBM,equity,tecnico,volatilidad_hist_30d_anualizada_pct,60.1,,%,2026-05-28,2026-09-04T20:02:00Z,Yahoo Finance,2,,,engine/technical/README.md,
IBM,equity,tecnico,volatilidad_hist_30d_anualizada_pct,72.4,,%,2026-05-29,2026-09-04T20:02:00Z,Yahoo Finance,2,,,engine/technical/README.md,
IBM,equity,tecnico,volatilidad_hist_30d_anualizada_pct,76.1,,%,2026-06-01,2026-09-04T20:02:00Z,Yahoo Finance,2,,,engine/technical/README.md,
IBM,equity,tecnico,volatilidad_hist_30d_anualizada_pct,76.3,,%,2026-06-02,2026-09-04T20:02:00Z,Yahoo Finance,2,,,engine/technical/README.md,
IBM,equity,tecnico,volatilidad_hist_30d_anualizada_pct,81.7,,%,2026-06-03,2026-09-04T20:02:00Z,Yahoo Finance,2,,,engine/technical/README.md,
IBM,equity,tecnico,volatilidad_hist_30d_anualizada_pct,81.6,,%,2026-06-04,2026-09-04T20:02:00Z,Yahoo Finance,2,,,engine/technical/README.md,
IBM,equity,tecnico,volatilidad_hist_30d_anualizada_pct,78.1,,%,2026-06-05,2026-09-04T20:02:00Z,Yahoo Finance,2,,,engine/technical/README.md,
IBM,equity,tecnico,volatilidad_hist_30d_anualizada_pct,78.4,,%,2026-06-08,2026-09-04T20:02:00Z,Yahoo Finance,2,,,engine/technical/README.md,
IBM,equity,tecnico,volatilidad_hist_30d_anualizada_pct,78.2,,%,2026-06-09,2026-09-04T20:02:00Z,Yahoo Finance,2,,,engine/technical/README.md,
IBM,equity,tecnico,volatilidad_hist_30d_anualizada_pct,78.5,,%,2026-06-10,2026-09-04T20:02:00Z,Yahoo Finance,2,,,engine/technical/README.md,
IBM,equity,tecnico,volatilidad_hist_30d_anualizada_pct,77.7,,%,2026-06-11,2026-09-04T20:02:00Z,Yahoo Finance,2,,,engine/technical/README.md,
IBM,equity,tecnico,volatilidad_hist_30d_anualizada_pct,77.8,,%,2026-06-12,2026-09-04T20:02:00Z,Yahoo Finance,2,,,engine/technical/README.md,
IBM,equity,tecnico,volatilidad_hist_30d_anualizada_pct,78.1,,%,2026-06-15,2026-09-04T20:02:00Z,Yahoo Finance,2,,,engine/technical/README.md,
IBM,equity,tecnico,volatilidad_hist_30d_anualizada_pct,77.9,,%,2026-06-16,2026-09-04T20:02:00Z,Yahoo Finance,2,,,engine/technical/README.md,
IBM,equity,tecnico,volatilidad_hist_30d_anualizada_pct,78.9,,%,2026-06-17,2026-09-04T20:02:00Z,Yahoo Finance,2,,,engine/technical/README.md,
IBM,equity,tecnico,volatilidad_hist_30d_anualizada_pct,81.1,,%,2026-06-18,2026-09-04T20:02:00Z,Yahoo Finance,2,,,engine/technical/README.md,
IBM,equity,tecnico,volatilidad_hist_30d_anualizada_pct,80.8,,%,2026-06-22,2026-09-04T20:02:00Z,Yahoo Finance,2,,,engine/technical/README.md,
IBM,equity,tecnico,volatilidad_hist_30d_anualizada_pct,82.3,,%,2026-06-23,2026-09-04T20:02:00Z,Yahoo Finance,2,,,engine/technical/README.md,
IBM,equity,tecnico,volatilidad_hist_30d_anualizada_pct,81.6,,%,2026-06-24,2026-09-04T20:02:00Z,Yahoo Finance,2,,,engine/technical/README.md,
IBM,equity,tecnico,volatilidad_hist_30d_anualizada_pct,81.6,,%,2026-06-25,2026-09-04T20:02:00Z,Yahoo Finance,2,,,engine/technical/README.md,
IBM,equity,tecnico,volatilidad_hist_30d_anualizada_pct,82.4,,%,2026-06-26,2026-09-04T20:02:00Z,Yahoo Finance,2,,,engine/technical/README.md,
IBM,equity,tecnico,volatilidad_hist_30d_anualizada_pct,82.6,,%,2026-06-29,2026-09-04T20:02:00Z,Yahoo Finance,2,,,engine/technical/README.md,
IBM,equity,tecnico,volatilidad_hist_30d_anualizada_pct,82.6,,%,2026-06-30,2026-09-04T20:02:00Z,Yahoo Finance,2,,,engine/technical/README.md,
IBM,equity,tecnico,volatilidad_hist_30d_anualizada_pct,82.6,,%,2026-07-01,2026-09-04T20:02:00Z,Yahoo Finance,2,,,engine/technical/README.md,
IBM,equity,tecnico,volatilidad_hist_30d_anualizada_pct,82.5,,%,2026-07-02,2026-09-04T20:02:00Z,Yahoo Finance,2,,,engine/technical/README.md,
IBM,equity,tecnico,volatilidad_hist_30d_anualizada_pct,83.0,,%,2026-07-06,2026-09-04T20:02:00Z,Yahoo Finance,2,,,engine/technical/README.md,
IBM,equity,tecnico,volatilidad_hist_30d_anualizada_pct,73.5,,%,2026-07-07,2026-09-04T20:02:00Z,Yahoo Finance,2,,,engine/technical/README.md,
IBM,equity,tecnico,volatilidad_hist_30d_anualizada_pct,73.8,,%,2026-07-08,2026-09-04T20:02:00Z,Yahoo Finance,2,,,engine/technical/README.md,
IBM,equity,tecnico,volatilidad_hist_30d_anualizada_pct,74.2,,%,2026-07-09,2026-09-04T20:02:00Z,Yahoo Finance,2,,,engine/technical/README.md,
IBM,equity,tecnico,volatilidad_hist_30d_anualizada_pct,74.9,,%,2026-07-10,2026-09-04T20:02:00Z,Yahoo Finance,2,,,engine/technical/README.md,
IBM,equity,tecnico,volatilidad_hist_30d_anualizada_pct,74.1,,%,2026-07-13,2026-09-04T20:02:00Z,Yahoo Finance,2,,,engine/technical/README.md,
IBM,equity,tecnico,volatilidad_hist_30d_anualizada_pct,118.0,,%,2026-07-14,2026-09-04T20:02:00Z,Yahoo Finance,2,,,engine/technical/README.md,
IBM,equity,tecnico,volatilidad_hist_30d_anualizada_pct,114.2,,%,2026-07-15,2026-09-04T20:02:00Z,Yahoo Finance,2,,,engine/technical/README.md,
IBM,equity,tecnico,volatilidad_hist_30d_anualizada_pct,114.7,,%,2026-07-16,2026-09-04T20:02:00Z,Yahoo Finance,2,,,engine/technical/README.md,
IBM,equity,tecnico,volatilidad_hist_30d_anualizada_pct,112.7,,%,2026-07-17,2026-09-04T20:02:00Z,Yahoo Finance,2,,,engine/technical/README.md,
IBM,equity,tecnico,volatilidad_hist_30d_anualizada_pct,112.8,,%,2026-07-20,2026-09-04T20:02:00Z,Yahoo Finance,2,,,engine/technical/README.md,
IBM,equity,tecnico,volatilidad_hist_30d_anualizada_pct,111.6,,%,2026-07-21,2026-09-04T20:02:00Z,Yahoo Finance,2,,,engine/technical/README.md,
IBM,equity,tecnico,volatilidad_hist_30d_anualizada_pct,111.7,,%,2026-07-22,2026-09-04T20:02:00Z,Yahoo Finance,2,,,engine/technical/README.md,
IBM,equity,tecnico,volatilidad_hist_30d_anualizada_pct,111.8,,%,2026-07-23,2026-09-04T20:02:00Z,Yahoo Finance,2,,,engine/technical/README.md,
IBM,equity,tecnico,volatilidad_hist_30d_anualizada_pct,112.8,,%,2026-07-24,2026-09-04T20:02:00Z,Yahoo Finance,2,,,engine/technical/README.md,
IBM,equity,tecnico,volatilidad_hist_30d_anualizada_pct,112.9,,%,2026-07-27,2026-09-04T20:02:00Z,Yahoo Finance,2,,,engine/technical/README.md,
IBM,equity,tecnico,volatilidad_hist_30d_anualizada_pct,114.7,,%,2026-07-28,2026-09-04T20:02:00Z,Yahoo Finance,2,,,engine/technical/README.md,
IBM,equity,tecnico,volatilidad_hist_30d_anualizada_pct,114.7,,%,2026-07-29,2026-09-04T20:02:00Z,Yahoo Finance,2,,,engine/technical/README.md,
IBM,equity,tecnico,volatilidad_hist_30d_anualizada_pct,114.7,,%,2026-07-30,2026-09-04T20:02:00Z,Yahoo Finance,2,,,engine/technical/README.md,
IBM,equity,tecnico,volatilidad_hist_30d_anualizada_pct,114.4,,%,2026-07-31,2026-09-04T20:02:00Z,Yahoo Finance,2,,,engine/technical/README.md,
IBM,equity,tecnico,volatilidad_hist_30d_anualizada_pct,113.3,,%,2026-08-03,2026-09-04T20:02:00Z,Yahoo Finance,2,,,engine/technical/README.md,
IBM,equity,tecnico,volatilidad_hist_30d_anualizada_pct,114.1,,%,2026-08-04,2026-09-04T20:02:00Z,Yahoo Finance,2,,,engine/technical/README.md,
IBM,equity,tecnico,volatilidad_hist_30d_anualizada_pct,112.6,,%,2026-08-05,2026-09-04T20:02:00Z,Yahoo Finance,2,,,engine/technical/README.md,
IBM,equity,tecnico,volatilidad_hist_30d_anualizada_pct,112.7,,%,2026-08-06,2026-09-04T20:02:00Z,Yahoo Finance,2,,,engine/technical/README.md,
IBM,equity,tecnico,volatilidad_hist_30d_anualizada_pct,112.8,,%,2026-08-07,2026-09-04T20:02:00Z,Yahoo Finance,2,,,engine/technical/README.md,
IBM,equity,tecnico,volatilidad_hist_30d_anualizada_pct,111.1,,%,2026-08-10,2026-09-04T20:02:00Z,Yahoo Finance,2,,,engine/technical/README.md,
IBM,equity,tecnico,volatilidad_hist_30d_anualizada_pct,110.8,,%,2026-08-11,2026-09-04T20:02:00Z,Yahoo Finance,2,,,engine/technical/README.md,
IBM,equity,tecnico,volatilidad_hist_30d_anualizada_pct,110.6,,%,2026-08-12,2026-09-04T20:02:00Z,Yahoo Finance,2,,,engine/technical/README.md,
IBM,equity,tecnico,volatilidad_hist_30d_anualizada_pct,110.4,,%,2026-08-13,2026-09-04T20:02:00Z,Yahoo Finance,2,,,engine/technical/README.md,
IBM,equity,tecnico,volatilidad_hist_30d_anualizada_pct,110.2,,%,2026-08-14,2026-09-04T20:02:00Z,Yahoo Finance,2,,,engine/technical/README.md,
IBM,equity,tecnico,volatilidad_hist_30d_anualizada_pct,109.3,,%,2026-08-17,2026-09-04T20:02:00Z,Yahoo Finance,2,,,engine/technical/README.md,
IBM,equity,tecnico,volatilidad_hist_30d_anualizada_pct,109.2,,%,2026-08-18,2026-09-04T20:02:00Z,Yahoo Finance,2,,,engine/technical/README.md,
IBM,equity,tecnico,volatilidad_hist_30d_anualizada_pct,109.6,,%,2026-08-19,2026-09-04T20:02:00Z,Yahoo Finance,2,,,engine/technical/README.md,
IBM,equity,tecnico,volatilidad_hist_30d_anualizada_pct,109.5,,%,2026-08-20,2026-09-04T20:02:00Z,Yahoo Finance,2,,,engine/technical/README.md,
IBM,equity,tecnico,volatilidad_hist_30d_anualizada_pct,109.4,,%,2026-08-21,2026-09-04T20:02:00Z,Yahoo Finance,2,,,engine/technical/README.md,
IBM,equity,tecnico,volatilidad_hist_30d_anualizada_pct,109.4,,%,2026-08-24,2026-09-04T20:02:00Z,Yahoo Finance,2,,,engine/technical/README.md,
IBM,equity,tecnico,volatilidad_hist_30d_anualizada_pct,39.5,,%,2026-08-25,2026-09-04T20:02:00Z,Yahoo Finance,2,,,engine/technical/README.md,
IBM,equity,tecnico,volatilidad_hist_30d_anualizada_pct,38.7,,%,2026-08-26,2026-09-04T20:02:00Z,Yahoo Finance,2,,,engine/technical/README.md,
IBM,equity,tecnico,volatilidad_hist_30d_anualizada_pct,38.9,,%,2026-08-27,2026-09-04T20:02:00Z,Yahoo Finance,2,,,engine/technical/README.md,
IBM,equity,tecnico,volatilidad_hist_30d_anualizada_pct,37.6,,%,2026-08-28,2026-09-04T20:02:00Z,Yahoo Finance,2,,,engine/technical/README.md,
IBM,equity,tecnico,volatilidad_hist_30d_anualizada_pct,37.8,,%,2026-08-31,2026-09-04T20:02:00Z,Yahoo Finance,2,,,engine/technical/README.md,
IBM,equity,tecnico,volatilidad_hist_30d_anualizada_pct,37.7,,%,2026-09-01,2026-09-04T20:02:00Z,Yahoo Finance,2,,,engine/technical/README.md,
IBM,equity,tecnico,volatilidad_hist_30d_anualizada_pct,36.7,,%,2026-09-03,2026-09-04T20:02:00Z,Yahoo Finance,2,,,engine/technical/README.md,
IBM,equity,tecnico,volatilidad_hist_30d_anualizada_pct,34.9,,%,2026-09-04,2026-09-04T20:02:00Z,Yahoo Finance,2,,,engine/technical/README.md,
IBM,equity,tecnico,volumen,4662800.0,,unidades,2026-01-02,2026-09-04T20:02:00Z,Yahoo Finance,2,,,engine/technical/README.md,
IBM,equity,tecnico,volumen,4190000.0,,unidades,2026-01-05,2026-09-04T20:02:00Z,Yahoo Finance,2,,,engine/technical/README.md,
IBM,equity,tecnico,volumen,4147300.0,,unidades,2026-01-06,2026-09-04T20:02:00Z,Yahoo Finance,2,,,engine/technical/README.md,
IBM,equity,tecnico,volumen,2833300.0,,unidades,2026-01-07,2026-09-04T20:02:00Z,Yahoo Finance,2,,,engine/technical/README.md,
IBM,equity,tecnico,volumen,3343300.0,,unidades,2026-01-08,2026-09-04T20:02:00Z,Yahoo Finance,2,,,engine/technical/README.md,
IBM,equity,tecnico,volumen,2718800.0,,unidades,2026-01-09,2026-09-04T20:02:00Z,Yahoo Finance,2,,,engine/technical/README.md,
IBM,equity,tecnico,volumen,3895200.0,,unidades,2026-01-12,2026-09-04T20:02:00Z,Yahoo Finance,2,,,engine/technical/README.md,
IBM,equity,tecnico,volumen,4507800.0,,unidades,2026-01-13,2026-09-04T20:02:00Z,Yahoo Finance,2,,,engine/technical/README.md,
IBM,equity,tecnico,volumen,3779000.0,,unidades,2026-01-14,2026-09-04T20:02:00Z,Yahoo Finance,2,,,engine/technical/README.md,
IBM,equity,tecnico,volumen,4932500.0,,unidades,2026-01-15,2026-09-04T20:02:00Z,Yahoo Finance,2,,,engine/technical/README.md,
IBM,equity,tecnico,volumen,6199600.0,,unidades,2026-01-16,2026-09-04T20:02:00Z,Yahoo Finance,2,,,engine/technical/README.md,
IBM,equity,tecnico,volumen,7275500.0,,unidades,2026-01-20,2026-09-04T20:02:00Z,Yahoo Finance,2,,,engine/technical/README.md,
IBM,equity,tecnico,volumen,5185000.0,,unidades,2026-01-21,2026-09-04T20:02:00Z,Yahoo Finance,2,,,engine/technical/README.md,
IBM,equity,tecnico,volumen,3670200.0,,unidades,2026-01-22,2026-09-04T20:02:00Z,Yahoo Finance,2,,,engine/technical/README.md,
IBM,equity,tecnico,volumen,3298400.0,,unidades,2026-01-23,2026-09-04T20:02:00Z,Yahoo Finance,2,,,engine/technical/README.md,
IBM,equity,tecnico,volumen,3726900.0,,unidades,2026-01-26,2026-09-04T20:02:00Z,Yahoo Finance,2,,,engine/technical/README.md,
IBM,equity,tecnico,volumen,2954900.0,,unidades,2026-01-27,2026-09-04T20:02:00Z,Yahoo Finance,2,,,engine/technical/README.md,
IBM,equity,tecnico,volumen,5790300.0,,unidades,2026-01-28,2026-09-04T20:02:00Z,Yahoo Finance,2,,,engine/technical/README.md,
IBM,equity,tecnico,volumen,10124900.0,,unidades,2026-01-29,2026-09-04T20:02:00Z,Yahoo Finance,2,,,engine/technical/README.md,
IBM,equity,tecnico,volumen,5940700.0,,unidades,2026-01-30,2026-09-04T20:02:00Z,Yahoo Finance,2,,,engine/technical/README.md,
IBM,equity,tecnico,volumen,4581200.0,,unidades,2026-02-02,2026-09-04T20:02:00Z,Yahoo Finance,2,,,engine/technical/README.md,
IBM,equity,tecnico,volumen,11466500.0,,unidades,2026-02-03,2026-09-04T20:02:00Z,Yahoo Finance,2,,,engine/technical/README.md,
IBM,equity,tecnico,volumen,8708000.0,,unidades,2026-02-04,2026-09-04T20:02:00Z,Yahoo Finance,2,,,engine/technical/README.md,
IBM,equity,tecnico,volumen,5532800.0,,unidades,2026-02-05,2026-09-04T20:02:00Z,Yahoo Finance,2,,,engine/technical/README.md,
IBM,equity,tecnico,volumen,3744300.0,,unidades,2026-02-06,2026-09-04T20:02:00Z,Yahoo Finance,2,,,engine/technical/README.md,
IBM,equity,tecnico,volumen,4627800.0,,unidades,2026-02-09,2026-09-04T20:02:00Z,Yahoo Finance,2,,,engine/technical/README.md,
IBM,equity,tecnico,volumen,3837300.0,,unidades,2026-02-10,2026-09-04T20:02:00Z,Yahoo Finance,2,,,engine/technical/README.md,
IBM,equity,tecnico,volumen,7628200.0,,unidades,2026-02-11,2026-09-04T20:02:00Z,Yahoo Finance,2,,,engine/technical/README.md,
IBM,equity,tecnico,volumen,12565400.0,,unidades,2026-02-12,2026-09-04T20:02:00Z,Yahoo Finance,2,,,engine/technical/README.md,
IBM,equity,tecnico,volumen,6842600.0,,unidades,2026-02-13,2026-09-04T20:02:00Z,Yahoo Finance,2,,,engine/technical/README.md,
IBM,equity,tecnico,volumen,4929700.0,,unidades,2026-02-17,2026-09-04T20:02:00Z,Yahoo Finance,2,,,engine/technical/README.md,
IBM,equity,tecnico,volumen,3949200.0,,unidades,2026-02-18,2026-09-04T20:02:00Z,Yahoo Finance,2,,,engine/technical/README.md,
IBM,equity,tecnico,volumen,4948700.0,,unidades,2026-02-19,2026-09-04T20:02:00Z,Yahoo Finance,2,,,engine/technical/README.md,
IBM,equity,tecnico,volumen,4708600.0,,unidades,2026-02-20,2026-09-04T20:02:00Z,Yahoo Finance,2,,,engine/technical/README.md,
IBM,equity,tecnico,volumen,19522900.0,,unidades,2026-02-23,2026-09-04T20:02:00Z,Yahoo Finance,2,,,engine/technical/README.md,
IBM,equity,tecnico,volumen,13379800.0,,unidades,2026-02-24,2026-09-04T20:02:00Z,Yahoo Finance,2,,,engine/technical/README.md,
IBM,equity,tecnico,volumen,8569700.0,,unidades,2026-02-25,2026-09-04T20:02:00Z,Yahoo Finance,2,,,engine/technical/README.md,
IBM,equity,tecnico,volumen,7343100.0,,unidades,2026-02-26,2026-09-04T20:02:00Z,Yahoo Finance,2,,,engine/technical/README.md,
IBM,equity,tecnico,volumen,6642200.0,,unidades,2026-02-27,2026-09-04T20:02:00Z,Yahoo Finance,2,,,engine/technical/README.md,
IBM,equity,tecnico,volumen,6220300.0,,unidades,2026-03-02,2026-09-04T20:02:00Z,Yahoo Finance,2,,,engine/technical/README.md,
IBM,equity,tecnico,volumen,6960400.0,,unidades,2026-03-03,2026-09-04T20:02:00Z,Yahoo Finance,2,,,engine/technical/README.md,
IBM,equity,tecnico,volumen,6085000.0,,unidades,2026-03-04,2026-09-04T20:02:00Z,Yahoo Finance,2,,,engine/technical/README.md,
IBM,equity,tecnico,volumen,9894600.0,,unidades,2026-03-05,2026-09-04T20:02:00Z,Yahoo Finance,2,,,engine/technical/README.md,
IBM,equity,tecnico,volumen,6234400.0,,unidades,2026-03-06,2026-09-04T20:02:00Z,Yahoo Finance,2,,,engine/technical/README.md,
IBM,equity,tecnico,volumen,6126600.0,,unidades,2026-03-09,2026-09-04T20:02:00Z,Yahoo Finance,2,,,engine/technical/README.md,
IBM,equity,tecnico,volumen,4938000.0,,unidades,2026-03-10,2026-09-04T20:02:00Z,Yahoo Finance,2,,,engine/technical/README.md,
IBM,equity,tecnico,volumen,4008500.0,,unidades,2026-03-11,2026-09-04T20:02:00Z,Yahoo Finance,2,,,engine/technical/README.md,
IBM,equity,tecnico,volumen,5547700.0,,unidades,2026-03-12,2026-09-04T20:02:00Z,Yahoo Finance,2,,,engine/technical/README.md,
IBM,equity,tecnico,volumen,4338400.0,,unidades,2026-03-13,2026-09-04T20:02:00Z,Yahoo Finance,2,,,engine/technical/README.md,
IBM,equity,tecnico,volumen,5674200.0,,unidades,2026-03-16,2026-09-04T20:02:00Z,Yahoo Finance,2,,,engine/technical/README.md,
IBM,equity,tecnico,volumen,5840100.0,,unidades,2026-03-17,2026-09-04T20:02:00Z,Yahoo Finance,2,,,engine/technical/README.md,
IBM,equity,tecnico,volumen,5177000.0,,unidades,2026-03-18,2026-09-04T20:02:00Z,Yahoo Finance,2,,,engine/technical/README.md,
IBM,equity,tecnico,volumen,4249500.0,,unidades,2026-03-19,2026-09-04T20:02:00Z,Yahoo Finance,2,,,engine/technical/README.md,
IBM,equity,tecnico,volumen,11314100.0,,unidades,2026-03-20,2026-09-04T20:02:00Z,Yahoo Finance,2,,,engine/technical/README.md,
IBM,equity,tecnico,volumen,4972000.0,,unidades,2026-03-23,2026-09-04T20:02:00Z,Yahoo Finance,2,,,engine/technical/README.md,
IBM,equity,tecnico,volumen,4151500.0,,unidades,2026-03-24,2026-09-04T20:02:00Z,Yahoo Finance,2,,,engine/technical/README.md,
IBM,equity,tecnico,volumen,4207900.0,,unidades,2026-03-25,2026-09-04T20:02:00Z,Yahoo Finance,2,,,engine/technical/README.md,
IBM,equity,tecnico,volumen,3606800.0,,unidades,2026-03-26,2026-09-04T20:02:00Z,Yahoo Finance,2,,,engine/technical/README.md,
IBM,equity,tecnico,volumen,4853700.0,,unidades,2026-03-27,2026-09-04T20:02:00Z,Yahoo Finance,2,,,engine/technical/README.md,
IBM,equity,tecnico,volumen,3882600.0,,unidades,2026-03-30,2026-09-04T20:02:00Z,Yahoo Finance,2,,,engine/technical/README.md,
IBM,equity,tecnico,volumen,4750300.0,,unidades,2026-03-31,2026-09-04T20:02:00Z,Yahoo Finance,2,,,engine/technical/README.md,
IBM,equity,tecnico,volumen,4228700.0,,unidades,2026-04-01,2026-09-04T20:02:00Z,Yahoo Finance,2,,,engine/technical/README.md,
IBM,equity,tecnico,volumen,3350900.0,,unidades,2026-04-02,2026-09-04T20:02:00Z,Yahoo Finance,2,,,engine/technical/README.md,
IBM,equity,tecnico,volumen,3376000.0,,unidades,2026-04-06,2026-09-04T20:02:00Z,Yahoo Finance,2,,,engine/technical/README.md,
IBM,equity,tecnico,volumen,2356100.0,,unidades,2026-04-07,2026-09-04T20:02:00Z,Yahoo Finance,2,,,engine/technical/README.md,
IBM,equity,tecnico,volumen,4771500.0,,unidades,2026-04-08,2026-09-04T20:02:00Z,Yahoo Finance,2,,,engine/technical/README.md,
IBM,equity,tecnico,volumen,5078600.0,,unidades,2026-04-09,2026-09-04T20:02:00Z,Yahoo Finance,2,,,engine/technical/README.md,
IBM,equity,tecnico,volumen,5869400.0,,unidades,2026-04-10,2026-09-04T20:02:00Z,Yahoo Finance,2,,,engine/technical/README.md,
IBM,equity,tecnico,volumen,5349600.0,,unidades,2026-04-13,2026-09-04T20:02:00Z,Yahoo Finance,2,,,engine/technical/README.md,
IBM,equity,tecnico,volumen,3777300.0,,unidades,2026-04-14,2026-09-04T20:02:00Z,Yahoo Finance,2,,,engine/technical/README.md,
IBM,equity,tecnico,volumen,3879500.0,,unidades,2026-04-15,2026-09-04T20:02:00Z,Yahoo Finance,2,,,engine/technical/README.md,
IBM,equity,tecnico,volumen,4817500.0,,unidades,2026-04-16,2026-09-04T20:02:00Z,Yahoo Finance,2,,,engine/technical/README.md,
IBM,equity,tecnico,volumen,5671500.0,,unidades,2026-04-17,2026-09-04T20:02:00Z,Yahoo Finance,2,,,engine/technical/README.md,
IBM,equity,tecnico,volumen,5157700.0,,unidades,2026-04-20,2026-09-04T20:02:00Z,Yahoo Finance,2,,,engine/technical/README.md,
IBM,equity,tecnico,volumen,5584900.0,,unidades,2026-04-21,2026-09-04T20:02:00Z,Yahoo Finance,2,,,engine/technical/README.md,
IBM,equity,tecnico,volumen,12190200.0,,unidades,2026-04-22,2026-09-04T20:02:00Z,Yahoo Finance,2,,,engine/technical/README.md,
IBM,equity,tecnico,volumen,22297800.0,,unidades,2026-04-23,2026-09-04T20:02:00Z,Yahoo Finance,2,,,engine/technical/README.md,
IBM,equity,tecnico,volumen,9816900.0,,unidades,2026-04-24,2026-09-04T20:02:00Z,Yahoo Finance,2,,,engine/technical/README.md,
IBM,equity,tecnico,volumen,8060700.0,,unidades,2026-04-27,2026-09-04T20:02:00Z,Yahoo Finance,2,,,engine/technical/README.md,
IBM,equity,tecnico,volumen,5162900.0,,unidades,2026-04-28,2026-09-04T20:02:00Z,Yahoo Finance,2,,,engine/technical/README.md,
IBM,equity,tecnico,volumen,6443700.0,,unidades,2026-04-29,2026-09-04T20:02:00Z,Yahoo Finance,2,,,engine/technical/README.md,
IBM,equity,tecnico,volumen,6283300.0,,unidades,2026-04-30,2026-09-04T20:02:00Z,Yahoo Finance,2,,,engine/technical/README.md,
IBM,equity,tecnico,volumen,3582100.0,,unidades,2026-05-01,2026-09-04T20:02:00Z,Yahoo Finance,2,,,engine/technical/README.md,
IBM,equity,tecnico,volumen,4003100.0,,unidades,2026-05-04,2026-09-04T20:02:00Z,Yahoo Finance,2,,,engine/technical/README.md,
IBM,equity,tecnico,volumen,4221900.0,,unidades,2026-05-05,2026-09-04T20:02:00Z,Yahoo Finance,2,,,engine/technical/README.md,
IBM,equity,tecnico,volumen,7673200.0,,unidades,2026-05-06,2026-09-04T20:02:00Z,Yahoo Finance,2,,,engine/technical/README.md,
IBM,equity,tecnico,volumen,5485500.0,,unidades,2026-05-07,2026-09-04T20:02:00Z,Yahoo Finance,2,,,engine/technical/README.md,
IBM,equity,tecnico,volumen,5332800.0,,unidades,2026-05-08,2026-09-04T20:02:00Z,Yahoo Finance,2,,,engine/technical/README.md,
IBM,equity,tecnico,volumen,6677200.0,,unidades,2026-05-11,2026-09-04T20:02:00Z,Yahoo Finance,2,,,engine/technical/README.md,
IBM,equity,tecnico,volumen,6045200.0,,unidades,2026-05-12,2026-09-04T20:02:00Z,Yahoo Finance,2,,,engine/technical/README.md,
IBM,equity,tecnico,volumen,8361200.0,,unidades,2026-05-13,2026-09-04T20:02:00Z,Yahoo Finance,2,,,engine/technical/README.md,
IBM,equity,tecnico,volumen,5906200.0,,unidades,2026-05-14,2026-09-04T20:02:00Z,Yahoo Finance,2,,,engine/technical/README.md,
IBM,equity,tecnico,volumen,6154500.0,,unidades,2026-05-15,2026-09-04T20:02:00Z,Yahoo Finance,2,,,engine/technical/README.md,
IBM,equity,tecnico,volumen,5946400.0,,unidades,2026-05-18,2026-09-04T20:02:00Z,Yahoo Finance,2,,,engine/technical/README.md,
IBM,equity,tecnico,volumen,5937800.0,,unidades,2026-05-19,2026-09-04T20:02:00Z,Yahoo Finance,2,,,engine/technical/README.md,
IBM,equity,tecnico,volumen,4873400.0,,unidades,2026-05-20,2026-09-04T20:02:00Z,Yahoo Finance,2,,,engine/technical/README.md,
IBM,equity,tecnico,volumen,25707800.0,,unidades,2026-05-21,2026-09-04T20:02:00Z,Yahoo Finance,2,,,engine/technical/README.md,
IBM,equity,tecnico,volumen,19072900.0,,unidades,2026-05-22,2026-09-04T20:02:00Z,Yahoo Finance,2,,,engine/technical/README.md,
IBM,equity,tecnico,volumen,9256100.0,,unidades,2026-05-26,2026-09-04T20:02:00Z,Yahoo Finance,2,,,engine/technical/README.md,
IBM,equity,tecnico,volumen,9275500.0,,unidades,2026-05-27,2026-09-04T20:02:00Z,Yahoo Finance,2,,,engine/technical/README.md,
IBM,equity,tecnico,volumen,12432900.0,,unidades,2026-05-28,2026-09-04T20:02:00Z,Yahoo Finance,2,,,engine/technical/README.md,
IBM,equity,tecnico,volumen,28481000.0,,unidades,2026-05-29,2026-09-04T20:02:00Z,Yahoo Finance,2,,,engine/technical/README.md,
IBM,equity,tecnico,volumen,32880200.0,,unidades,2026-06-01,2026-09-04T20:02:00Z,Yahoo Finance,2,,,engine/technical/README.md,
IBM,equity,tecnico,volumen,17210700.0,,unidades,2026-06-02,2026-09-04T20:02:00Z,Yahoo Finance,2,,,engine/technical/README.md,
IBM,equity,tecnico,volumen,13926600.0,,unidades,2026-06-03,2026-09-04T20:02:00Z,Yahoo Finance,2,,,engine/technical/README.md,
IBM,equity,tecnico,volumen,9608100.0,,unidades,2026-06-04,2026-09-04T20:02:00Z,Yahoo Finance,2,,,engine/technical/README.md,
IBM,equity,tecnico,volumen,12509500.0,,unidades,2026-06-05,2026-09-04T20:02:00Z,Yahoo Finance,2,,,engine/technical/README.md,
IBM,equity,tecnico,volumen,6790600.0,,unidades,2026-06-08,2026-09-04T20:02:00Z,Yahoo Finance,2,,,engine/technical/README.md,
IBM,equity,tecnico,volumen,9007900.0,,unidades,2026-06-09,2026-09-04T20:02:00Z,Yahoo Finance,2,,,engine/technical/README.md,
IBM,equity,tecnico,volumen,5497100.0,,unidades,2026-06-10,2026-09-04T20:02:00Z,Yahoo Finance,2,,,engine/technical/README.md,
IBM,equity,tecnico,volumen,7558300.0,,unidades,2026-06-11,2026-09-04T20:02:00Z,Yahoo Finance,2,,,engine/technical/README.md,
IBM,equity,tecnico,volumen,5748900.0,,unidades,2026-06-12,2026-09-04T20:02:00Z,Yahoo Finance,2,,,engine/technical/README.md,
IBM,equity,tecnico,volumen,7178800.0,,unidades,2026-06-15,2026-09-04T20:02:00Z,Yahoo Finance,2,,,engine/technical/README.md,
IBM,equity,tecnico,volumen,4917600.0,,unidades,2026-06-16,2026-09-04T20:02:00Z,Yahoo Finance,2,,,engine/technical/README.md,
IBM,equity,tecnico,volumen,5537000.0,,unidades,2026-06-17,2026-09-04T20:02:00Z,Yahoo Finance,2,,,engine/technical/README.md,
IBM,equity,tecnico,volumen,16619700.0,,unidades,2026-06-18,2026-09-04T20:02:00Z,Yahoo Finance,2,,,engine/technical/README.md,
IBM,equity,tecnico,volumen,9615400.0,,unidades,2026-06-22,2026-09-04T20:02:00Z,Yahoo Finance,2,,,engine/technical/README.md,
IBM,equity,tecnico,volumen,15686100.0,,unidades,2026-06-23,2026-09-04T20:02:00Z,Yahoo Finance,2,,,engine/technical/README.md,
IBM,equity,tecnico,volumen,8149900.0,,unidades,2026-06-24,2026-09-04T20:02:00Z,Yahoo Finance,2,,,engine/technical/README.md,
IBM,equity,tecnico,volumen,8520700.0,,unidades,2026-06-25,2026-09-04T20:02:00Z,Yahoo Finance,2,,,engine/technical/README.md,
IBM,equity,tecnico,volumen,9719900.0,,unidades,2026-06-26,2026-09-04T20:02:00Z,Yahoo Finance,2,,,engine/technical/README.md,
IBM,equity,tecnico,volumen,6464200.0,,unidades,2026-06-29,2026-09-04T20:02:00Z,Yahoo Finance,2,,,engine/technical/README.md,
IBM,equity,tecnico,volumen,7458400.0,,unidades,2026-06-30,2026-09-04T20:02:00Z,Yahoo Finance,2,,,engine/technical/README.md,
IBM,equity,tecnico,volumen,6905800.0,,unidades,2026-07-01,2026-09-04T20:02:00Z,Yahoo Finance,2,,,engine/technical/README.md,
IBM,equity,tecnico,volumen,5944100.0,,unidades,2026-07-02,2026-09-04T20:02:00Z,Yahoo Finance,2,,,engine/technical/README.md,
IBM,equity,tecnico,volumen,7181500.0,,unidades,2026-07-06,2026-09-04T20:02:00Z,Yahoo Finance,2,,,engine/technical/README.md,
IBM,equity,tecnico,volumen,8618600.0,,unidades,2026-07-07,2026-09-04T20:02:00Z,Yahoo Finance,2,,,engine/technical/README.md,
IBM,equity,tecnico,volumen,7416700.0,,unidades,2026-07-08,2026-09-04T20:02:00Z,Yahoo Finance,2,,,engine/technical/README.md,
IBM,equity,tecnico,volumen,10842000.0,,unidades,2026-07-09,2026-09-04T20:02:00Z,Yahoo Finance,2,,,engine/technical/README.md,
IBM,equity,tecnico,volumen,3640100.0,,unidades,2026-07-10,2026-09-04T20:02:00Z,Yahoo Finance,2,,,engine/technical/README.md,
IBM,equity,tecnico,volumen,5024200.0,,unidades,2026-07-13,2026-09-04T20:02:00Z,Yahoo Finance,2,,,engine/technical/README.md,
IBM,equity,tecnico,volumen,67440900.0,,unidades,2026-07-14,2026-09-04T20:02:00Z,Yahoo Finance,2,,,engine/technical/README.md,
IBM,equity,tecnico,volumen,29590400.0,,unidades,2026-07-15,2026-09-04T20:02:00Z,Yahoo Finance,2,,,engine/technical/README.md,
IBM,equity,tecnico,volumen,22533300.0,,unidades,2026-07-16,2026-09-04T20:02:00Z,Yahoo Finance,2,,,engine/technical/README.md,
IBM,equity,tecnico,volumen,13150200.0,,unidades,2026-07-17,2026-09-04T20:02:00Z,Yahoo Finance,2,,,engine/technical/README.md,
IBM,equity,tecnico,volumen,9585000.0,,unidades,2026-07-20,2026-09-04T20:02:00Z,Yahoo Finance,2,,,engine/technical/README.md,
IBM,equity,tecnico,volumen,11954400.0,,unidades,2026-07-21,2026-09-04T20:02:00Z,Yahoo Finance,2,,,engine/technical/README.md,
IBM,equity,tecnico,volumen,14606700.0,,unidades,2026-07-22,2026-09-04T20:02:00Z,Yahoo Finance,2,,,engine/technical/README.md,
IBM,equity,tecnico,volumen,15306000.0,,unidades,2026-07-23,2026-09-04T20:02:00Z,Yahoo Finance,2,,,engine/technical/README.md,
IBM,equity,tecnico,volumen,10578800.0,,unidades,2026-07-24,2026-09-04T20:02:00Z,Yahoo Finance,2,,,engine/technical/README.md,
IBM,equity,tecnico,volumen,8362300.0,,unidades,2026-07-27,2026-09-04T20:02:00Z,Yahoo Finance,2,,,engine/technical/README.md,
IBM,equity,tecnico,volumen,13263000.0,,unidades,2026-07-28,2026-09-04T20:02:00Z,Yahoo Finance,2,,,engine/technical/README.md,
IBM,equity,tecnico,volumen,8806700.0,,unidades,2026-07-29,2026-09-04T20:02:00Z,Yahoo Finance,2,,,engine/technical/README.md,
IBM,equity,tecnico,volumen,9675200.0,,unidades,2026-07-30,2026-09-04T20:02:00Z,Yahoo Finance,2,,,engine/technical/README.md,
IBM,equity,tecnico,volumen,9093600.0,,unidades,2026-07-31,2026-09-04T20:02:00Z,Yahoo Finance,2,,,engine/technical/README.md,
IBM,equity,tecnico,volumen,7974700.0,,unidades,2026-08-03,2026-09-04T20:02:00Z,Yahoo Finance,2,,,engine/technical/README.md,
IBM,equity,tecnico,volumen,7537900.0,,unidades,2026-08-04,2026-09-04T20:02:00Z,Yahoo Finance,2,,,engine/technical/README.md,
IBM,equity,tecnico,volumen,5726900.0,,unidades,2026-08-05,2026-09-04T20:02:00Z,Yahoo Finance,2,,,engine/technical/README.md,
IBM,equity,tecnico,volumen,4250100.0,,unidades,2026-08-06,2026-09-04T20:02:00Z,Yahoo Finance,2,,,engine/technical/README.md,
IBM,equity,tecnico,volumen,4763300.0,,unidades,2026-08-07,2026-09-04T20:02:00Z,Yahoo Finance,2,,,engine/technical/README.md,
IBM,equity,tecnico,volumen,7348900.0,,unidades,2026-08-10,2026-09-04T20:02:00Z,Yahoo Finance,2,,,engine/technical/README.md,
IBM,equity,tecnico,volumen,4469000.0,,unidades,2026-08-11,2026-09-04T20:02:00Z,Yahoo Finance,2,,,engine/technical/README.md,
IBM,equity,tecnico,volumen,5696200.0,,unidades,2026-08-12,2026-09-04T20:02:00Z,Yahoo Finance,2,,,engine/technical/README.md,
IBM,equity,tecnico,volumen,5395200.0,,unidades,2026-08-13,2026-09-04T20:02:00Z,Yahoo Finance,2,,,engine/technical/README.md,
IBM,equity,tecnico,volumen,4523500.0,,unidades,2026-08-14,2026-09-04T20:02:00Z,Yahoo Finance,2,,,engine/technical/README.md,
IBM,equity,tecnico,volumen,7564300.0,,unidades,2026-08-17,2026-09-04T20:02:00Z,Yahoo Finance,2,,,engine/technical/README.md,
IBM,equity,tecnico,volumen,4650100.0,,unidades,2026-08-18,2026-09-04T20:02:00Z,Yahoo Finance,2,,,engine/technical/README.md,
IBM,equity,tecnico,volumen,5342600.0,,unidades,2026-08-19,2026-09-04T20:02:00Z,Yahoo Finance,2,,,engine/technical/README.md,
IBM,equity,tecnico,volumen,4986900.0,,unidades,2026-08-20,2026-09-04T20:02:00Z,Yahoo Finance,2,,,engine/technical/README.md,
IBM,equity,tecnico,volumen,3888700.0,,unidades,2026-08-21,2026-09-04T20:02:00Z,Yahoo Finance,2,,,engine/technical/README.md,
IBM,equity,tecnico,volumen,4078300.0,,unidades,2026-08-24,2026-09-04T20:02:00Z,Yahoo Finance,2,,,engine/technical/README.md,
IBM,equity,tecnico,volumen,3022800.0,,unidades,2026-08-25,2026-09-04T20:02:00Z,Yahoo Finance,2,,,engine/technical/README.md,
IBM,equity,tecnico,volumen,4632000.0,,unidades,2026-08-26,2026-09-04T20:02:00Z,Yahoo Finance,2,,,engine/technical/README.md,
IBM,equity,tecnico,volumen,5501300.0,,unidades,2026-08-27,2026-09-04T20:02:00Z,Yahoo Finance,2,,,engine/technical/README.md,
IBM,equity,tecnico,volumen,3943300.0,,unidades,2026-08-28,2026-09-04T20:02:00Z,Yahoo Finance,2,,,engine/technical/README.md,
IBM,equity,tecnico,volumen,6096600.0,,unidades,2026-08-31,2026-09-04T20:02:00Z,Yahoo Finance,2,,,engine/technical/README.md,
IBM,equity,tecnico,volumen,3236800.0,,unidades,2026-09-01,2026-09-04T20:02:00Z,Yahoo Finance,2,,,engine/technical/README.md,
IBM,equity,tecnico,volumen,4371500.0,,unidades,2026-09-03,2026-09-04T20:02:00Z,Yahoo Finance,2,,,engine/technical/README.md,
IBM,equity,tecnico,volumen,2082382.0,,unidades,2026-09-04,2026-09-04T20:02:00Z,Yahoo Finance,2,,,engine/technical/README.md,
