asset_id,asset_type,domain,metric,value,value_text,unit,data_as_of,retrieved_at,source,source_priority,confidence_pct,data_quality_pct,calculation_method,source_url
NVDA,equity,fundamental,analyst_n_analistas,60.0,,analistas,2026-07-31,2026-09-03T12:15:39Z,Alpha Vantage,2,,75,engine/equity/README.md,
NVDA,equity,fundamental,analyst_target_price,323.42,,USD,2026-07-31,2026-09-03T12:15:39Z,Alpha Vantage,2,,75,engine/equity/README.md,
NVDA,equity,fundamental,analyst_upside_pct,44.1,,%,2026-07-31,2026-09-03T12:15:39Z,Alpha Vantage,2,,75,engine/equity/README.md,
NVDA,equity,fundamental,earnings_beats_8q,8.0,,trimestres,2026-08-26,2026-09-03T12:15:39Z,Alpha Vantage,2,,75,engine/equity/README.md,
NVDA,equity,fundamental,earnings_misses_8q,0.0,,trimestres,2026-08-26,2026-09-03T12:15:39Z,Alpha Vantage,2,,75,engine/equity/README.md,
NVDA,equity,fundamental,earnings_surprise_avg_pct,5.61,,%,2026-08-26,2026-09-03T12:15:39Z,Alpha Vantage,2,,75,engine/equity/README.md,
NVDA,equity,fundamental,earnings_surprise_last_pct,6.2201,,%,2026-08-26,2026-09-03T12:15:39Z,Alpha Vantage,2,,75,engine/equity/README.md,
NVDA,equity,fundamental,eps,7.78,,USD,2026-08-26,2026-09-03T12:15:39Z,Alpha Vantage,2,,75,engine/equity/README.md,
NVDA,equity,fundamental,operating_margin_pct,66.2,,%,2026-08-26,2026-09-03T12:15:39Z,Alpha Vantage,2,,75,engine/equity/README.md,
NVDA,equity,fundamental,pe_ratio,27.95,,ratio,2026-07-31,2026-09-03T11:40:59Z,Alpha Vantage,2,,75,engine/equity/README.md,
NVDA,equity,fundamental,peg_ratio,0.565,,ratio,2026-07-31,2026-09-03T11:40:59Z,Alpha Vantage,2,,75,engine/equity/README.md,
NVDA,equity,fundamental,profit_margin_pct,63.7,,%,2026-08-26,2026-09-03T12:15:39Z,Alpha Vantage,2,,75,engine/equity/README.md,
NVDA,equity,fundamental,revenue_growth_yoy_pct,105.9,,%,2026-08-26,2026-09-03T11:40:59Z,Alpha Vantage,2,,75,engine/equity/README.md,
NVDA,equity,fundamental,roe_pct,117.2,,%,2026-08-26,2026-09-03T11:40:59Z,Alpha Vantage,2,,75,engine/equity/README.md,
NVDA,equity,tecnico,atr14,5.371273,,USD,2026-01-02,2026-09-04T20:00:39Z,Yahoo Finance,2,,,engine/technical/README.md,
NVDA,equity,tecnico,atr14,5.521897,,USD,2026-01-05,2026-09-04T20:00:39Z,Yahoo Finance,2,,,engine/technical/README.md,
NVDA,equity,tecnico,atr14,5.509618,,USD,2026-01-06,2026-09-04T20:00:39Z,Yahoo Finance,2,,,engine/technical/README.md,
NVDA,equity,tecnico,atr14,5.459645,,USD,2026-01-07,2026-09-04T20:00:39Z,Yahoo Finance,2,,,engine/technical/README.md,
NVDA,equity,tecnico,atr14,5.486813,,USD,2026-01-08,2026-09-04T20:00:39Z,Yahoo Finance,2,,,engine/technical/README.md,
NVDA,equity,tecnico,atr14,5.285612,,USD,2026-01-09,2026-09-04T20:00:39Z,Yahoo Finance,2,,,engine/technical/README.md,
NVDA,equity,tecnico,atr14,5.200925,,USD,2026-01-12,2026-09-04T20:00:39Z,Yahoo Finance,2,,,engine/technical/README.md,
NVDA,equity,tecnico,atr14,5.165859,,USD,2026-01-13,2026-09-04T20:00:39Z,Yahoo Finance,2,,,engine/technical/README.md,
NVDA,equity,tecnico,atr14,5.154726,,USD,2026-01-14,2026-09-04T20:00:39Z,Yahoo Finance,2,,,engine/technical/README.md,
NVDA,equity,tecnico,atr14,5.255103,,USD,2026-01-15,2026-09-04T20:00:39Z,Yahoo Finance,2,,,engine/technical/README.md,
NVDA,equity,tecnico,atr14,5.191167,,USD,2026-01-16,2026-09-04T20:00:39Z,Yahoo Finance,2,,,engine/technical/README.md,
NVDA,equity,tecnico,atr14,5.436083,,USD,2026-01-20,2026-09-04T20:00:39Z,Yahoo Finance,2,,,engine/technical/README.md,
NVDA,equity,tecnico,atr14,5.569934,,USD,2026-01-21,2026-09-04T20:00:39Z,Yahoo Finance,2,,,engine/technical/README.md,
NVDA,equity,tecnico,atr14,5.375652,,USD,2026-01-22,2026-09-04T20:00:39Z,Yahoo Finance,2,,,engine/technical/README.md,
NVDA,equity,tecnico,atr14,5.331678,,USD,2026-01-23,2026-09-04T20:00:39Z,Yahoo Finance,2,,,engine/technical/README.md,
NVDA,equity,tecnico,atr14,5.174415,,USD,2026-01-26,2026-09-04T20:00:39Z,Yahoo Finance,2,,,engine/technical/README.md,
NVDA,equity,tecnico,atr14,5.111957,,USD,2026-01-27,2026-09-04T20:00:39Z,Yahoo Finance,2,,,engine/technical/README.md,
NVDA,equity,tecnico,atr14,5.020388,,USD,2026-01-28,2026-09-04T20:00:39Z,Yahoo Finance,2,,,engine/technical/README.md,
NVDA,equity,tecnico,atr14,5.191789,,USD,2026-01-29,2026-09-04T20:00:39Z,Yahoo Finance,2,,,engine/technical/README.md,
NVDA,equity,tecnico,atr14,5.179519,,USD,2026-01-30,2026-09-04T20:00:39Z,Yahoo Finance,2,,,engine/technical/README.md,
NVDA,equity,tecnico,atr14,5.255982,,USD,2026-02-02,2026-09-04T20:00:39Z,Yahoo Finance,2,,,engine/technical/README.md,
NVDA,equity,tecnico,atr14,5.597698,,USD,2026-02-03,2026-09-04T20:00:39Z,Yahoo Finance,2,,,engine/technical/README.md,
NVDA,equity,tecnico,atr14,5.800005,,USD,2026-02-04,2026-09-04T20:00:39Z,Yahoo Finance,2,,,engine/technical/README.md,
NVDA,equity,tecnico,atr14,5.799291,,USD,2026-02-05,2026-09-04T20:00:39Z,Yahoo Finance,2,,,engine/technical/README.md,
NVDA,equity,tecnico,atr14,6.465055,,USD,2026-02-06,2026-09-04T20:00:39Z,Yahoo Finance,2,,,engine/technical/README.md,
NVDA,equity,tecnico,atr14,6.696838,,USD,2026-02-09,2026-09-04T20:00:39Z,Yahoo Finance,2,,,engine/technical/README.md,
NVDA,equity,tecnico,atr14,6.529921,,USD,2026-02-10,2026-09-04T20:00:39Z,Yahoo Finance,2,,,engine/technical/README.md,
NVDA,equity,tecnico,atr14,6.400641,,USD,2026-02-11,2026-09-04T20:00:39Z,Yahoo Finance,2,,,engine/technical/README.md,
NVDA,equity,tecnico,atr14,6.450595,,USD,2026-02-12,2026-09-04T20:00:39Z,Yahoo Finance,2,,,engine/technical/README.md,
NVDA,equity,tecnico,atr14,6.411982,,USD,2026-02-13,2026-09-04T20:00:39Z,Yahoo Finance,2,,,engine/technical/README.md,
NVDA,equity,tecnico,atr14,6.523269,,USD,2026-02-17,2026-09-04T20:00:39Z,Yahoo Finance,2,,,engine/technical/README.md,
NVDA,equity,tecnico,atr14,6.443035,,USD,2026-02-18,2026-09-04T20:00:39Z,Yahoo Finance,2,,,engine/technical/README.md,
NVDA,equity,tecnico,atr14,6.180674,,USD,2026-02-19,2026-09-04T20:00:39Z,Yahoo Finance,2,,,engine/technical/README.md,
NVDA,equity,tecnico,atr14,6.052769,,USD,2026-02-20,2026-09-04T20:00:39Z,Yahoo Finance,2,,,engine/technical/README.md,
NVDA,equity,tecnico,atr14,5.932571,,USD,2026-02-23,2026-09-04T20:00:39Z,Yahoo Finance,2,,,engine/technical/README.md,
NVDA,equity,tecnico,atr14,5.963817,,USD,2026-02-24,2026-09-04T20:00:39Z,Yahoo Finance,2,,,engine/technical/README.md,
NVDA,equity,tecnico,atr14,5.879258,,USD,2026-02-25,2026-09-04T20:00:39Z,Yahoo Finance,2,,,engine/technical/README.md,
NVDA,equity,tecnico,atr14,6.262168,,USD,2026-02-26,2026-09-04T20:00:39Z,Yahoo Finance,2,,,engine/technical/README.md,
NVDA,equity,tecnico,atr14,6.422727,,USD,2026-02-27,2026-09-04T20:00:39Z,Yahoo Finance,2,,,engine/technical/README.md,
NVDA,equity,tecnico,atr14,6.593961,,USD,2026-03-02,2026-09-04T20:00:39Z,Yahoo Finance,2,,,engine/technical/README.md,
NVDA,equity,tecnico,atr14,6.520106,,USD,2026-03-03,2026-09-04T20:00:39Z,Yahoo Finance,2,,,engine/technical/README.md,
NVDA,equity,tecnico,atr14,6.386527,,USD,2026-03-04,2026-09-04T20:00:39Z,Yahoo Finance,2,,,engine/technical/README.md,
NVDA,equity,tecnico,atr14,6.371775,,USD,2026-03-05,2026-09-04T20:00:39Z,Yahoo Finance,2,,,engine/technical/README.md,
NVDA,equity,tecnico,atr14,6.382361,,USD,2026-03-06,2026-09-04T20:00:39Z,Yahoo Finance,2,,,engine/technical/README.md,
NVDA,equity,tecnico,atr14,6.451479,,USD,2026-03-09,2026-09-04T20:00:39Z,Yahoo Finance,2,,,engine/technical/README.md,
NVDA,equity,tecnico,atr14,6.307088,,USD,2026-03-10,2026-09-04T20:00:39Z,Yahoo Finance,2,,,engine/technical/README.md,
NVDA,equity,tecnico,atr14,6.08301,,USD,2026-03-11,2026-09-04T20:00:39Z,Yahoo Finance,2,,,engine/technical/README.md,
NVDA,equity,tecnico,atr14,5.954224,,USD,2026-03-12,2026-09-04T20:00:39Z,Yahoo Finance,2,,,engine/technical/README.md,
NVDA,equity,tecnico,atr14,5.968207,,USD,2026-03-13,2026-09-04T20:00:39Z,Yahoo Finance,2,,,engine/technical/README.md,
NVDA,equity,tecnico,atr14,6.158336,,USD,2026-03-16,2026-09-04T20:00:39Z,Yahoo Finance,2,,,engine/technical/README.md,
NVDA,equity,tecnico,atr14,5.984169,,USD,2026-03-17,2026-09-04T20:00:39Z,Yahoo Finance,2,,,engine/technical/README.md,
NVDA,equity,tecnico,atr14,5.774586,,USD,2026-03-18,2026-09-04T20:00:39Z,Yahoo Finance,2,,,engine/technical/README.md,
NVDA,equity,tecnico,atr14,5.691401,,USD,2026-03-19,2026-09-04T20:00:39Z,Yahoo Finance,2,,,engine/technical/README.md,
NVDA,equity,tecnico,atr14,5.773443,,USD,2026-03-20,2026-09-04T20:00:39Z,Yahoo Finance,2,,,engine/technical/README.md,
NVDA,equity,tecnico,atr14,5.766055,,USD,2026-03-23,2026-09-04T20:00:39Z,Yahoo Finance,2,,,engine/technical/README.md,
NVDA,equity,tecnico,atr14,5.514194,,USD,2026-03-24,2026-09-04T20:00:39Z,Yahoo Finance,2,,,engine/technical/README.md,
NVDA,equity,tecnico,atr14,5.550323,,USD,2026-03-25,2026-09-04T20:00:39Z,Yahoo Finance,2,,,engine/technical/README.md,
NVDA,equity,tecnico,atr14,5.692443,,USD,2026-03-26,2026-09-04T20:00:39Z,Yahoo Finance,2,,,engine/technical/README.md,
NVDA,equity,tecnico,atr14,5.587983,,USD,2026-03-27,2026-09-04T20:00:39Z,Yahoo Finance,2,,,engine/technical/README.md,
NVDA,equity,tecnico,atr14,5.558841,,USD,2026-03-30,2026-09-04T20:00:39Z,Yahoo Finance,2,,,engine/technical/README.md,
NVDA,equity,tecnico,atr14,5.836781,,USD,2026-03-31,2026-09-04T20:00:39Z,Yahoo Finance,2,,,engine/technical/README.md,
NVDA,equity,tecnico,atr14,5.632011,,USD,2026-04-01,2026-09-04T20:00:39Z,Yahoo Finance,2,,,engine/technical/README.md,
NVDA,equity,tecnico,atr14,5.666868,,USD,2026-04-02,2026-09-04T20:00:39Z,Yahoo Finance,2,,,engine/technical/README.md,
NVDA,equity,tecnico,atr14,5.407091,,USD,2026-04-06,2026-09-04T20:00:39Z,Yahoo Finance,2,,,engine/technical/README.md,
NVDA,equity,tecnico,atr14,5.347299,,USD,2026-04-07,2026-09-04T20:00:39Z,Yahoo Finance,2,,,engine/technical/README.md,
NVDA,equity,tecnico,atr14,5.476776,,USD,2026-04-08,2026-09-04T20:00:39Z,Yahoo Finance,2,,,engine/technical/README.md,
NVDA,equity,tecnico,atr14,5.332721,,USD,2026-04-09,2026-09-04T20:00:39Z,Yahoo Finance,2,,,engine/technical/README.md,
NVDA,equity,tecnico,atr14,5.386813,,USD,2026-04-10,2026-09-04T20:00:39Z,Yahoo Finance,2,,,engine/technical/README.md,
NVDA,equity,tecnico,atr14,5.28204,,USD,2026-04-13,2026-09-04T20:00:39Z,Yahoo Finance,2,,,engine/technical/README.md,
NVDA,equity,tecnico,atr14,5.419037,,USD,2026-04-14,2026-09-04T20:00:39Z,Yahoo Finance,2,,,engine/technical/README.md,
NVDA,equity,tecnico,atr14,5.364819,,USD,2026-04-15,2026-09-04T20:00:39Z,Yahoo Finance,2,,,engine/technical/README.md,
NVDA,equity,tecnico,atr14,5.27019,,USD,2026-04-16,2026-09-04T20:00:39Z,Yahoo Finance,2,,,engine/technical/README.md,
NVDA,equity,tecnico,atr14,5.133033,,USD,2026-04-17,2026-09-04T20:00:39Z,Yahoo Finance,2,,,engine/technical/README.md,
NVDA,equity,tecnico,atr14,5.075673,,USD,2026-04-20,2026-09-04T20:00:39Z,Yahoo Finance,2,,,engine/technical/README.md,
NVDA,equity,tecnico,atr14,4.980983,,USD,2026-04-21,2026-09-04T20:00:39Z,Yahoo Finance,2,,,engine/technical/README.md,
NVDA,equity,tecnico,atr14,4.875198,,USD,2026-04-22,2026-09-04T20:00:39Z,Yahoo Finance,2,,,engine/technical/README.md,
NVDA,equity,tecnico,atr14,4.999113,,USD,2026-04-23,2026-09-04T20:00:39Z,Yahoo Finance,2,,,engine/technical/README.md,
NVDA,equity,tecnico,atr14,5.44989,,USD,2026-04-24,2026-09-04T20:00:39Z,Yahoo Finance,2,,,engine/technical/README.md,
NVDA,equity,tecnico,atr14,5.735612,,USD,2026-04-27,2026-09-04T20:00:39Z,Yahoo Finance,2,,,engine/technical/README.md,
NVDA,equity,tecnico,atr14,5.92664,,USD,2026-04-28,2026-09-04T20:00:39Z,Yahoo Finance,2,,,engine/technical/README.md,
NVDA,equity,tecnico,atr14,5.902594,,USD,2026-04-29,2026-09-04T20:00:39Z,Yahoo Finance,2,,,engine/technical/README.md,
NVDA,equity,tecnico,atr14,6.309552,,USD,2026-04-30,2026-09-04T20:00:39Z,Yahoo Finance,2,,,engine/technical/README.md,
NVDA,equity,tecnico,atr14,6.27887,,USD,2026-05-01,2026-09-04T20:00:39Z,Yahoo Finance,2,,,engine/technical/README.md,
NVDA,equity,tecnico,atr14,6.329664,,USD,2026-05-04,2026-09-04T20:00:39Z,Yahoo Finance,2,,,engine/technical/README.md,
NVDA,equity,tecnico,atr14,6.17826,,USD,2026-05-05,2026-09-04T20:00:39Z,Yahoo Finance,2,,,engine/technical/README.md,
NVDA,equity,tecnico,atr14,6.577671,,USD,2026-05-06,2026-09-04T20:00:39Z,Yahoo Finance,2,,,engine/technical/README.md,
NVDA,equity,tecnico,atr14,6.657837,,USD,2026-05-07,2026-09-04T20:00:39Z,Yahoo Finance,2,,,engine/technical/README.md,
NVDA,equity,tecnico,atr14,6.632277,,USD,2026-05-08,2026-09-04T20:00:39Z,Yahoo Finance,2,,,engine/technical/README.md,
NVDA,equity,tecnico,atr14,6.759258,,USD,2026-05-11,2026-09-04T20:00:39Z,Yahoo Finance,2,,,engine/technical/README.md,
NVDA,equity,tecnico,atr14,6.907168,,USD,2026-05-12,2026-09-04T20:00:39Z,Yahoo Finance,2,,,engine/technical/README.md,
NVDA,equity,tecnico,atr14,6.918084,,USD,2026-05-13,2026-09-04T20:00:39Z,Yahoo Finance,2,,,engine/technical/README.md,
NVDA,equity,tecnico,atr14,7.188935,,USD,2026-05-14,2026-09-04T20:00:39Z,Yahoo Finance,2,,,engine/technical/README.md,
NVDA,equity,tecnico,atr14,7.496868,,USD,2026-05-15,2026-09-04T20:00:39Z,Yahoo Finance,2,,,engine/technical/README.md,
NVDA,equity,tecnico,atr14,7.792092,,USD,2026-05-18,2026-09-04T20:00:39Z,Yahoo Finance,2,,,engine/technical/README.md,
NVDA,equity,tecnico,atr14,7.704799,,USD,2026-05-19,2026-09-04T20:00:39Z,Yahoo Finance,2,,,engine/technical/README.md,
NVDA,equity,tecnico,atr14,7.5566,,USD,2026-05-20,2026-09-04T20:00:39Z,Yahoo Finance,2,,,engine/technical/README.md,
NVDA,equity,tecnico,atr14,7.693271,,USD,2026-05-21,2026-09-04T20:00:39Z,Yahoo Finance,2,,,engine/technical/README.md,
NVDA,equity,tecnico,atr14,7.587323,,USD,2026-05-22,2026-09-04T20:00:39Z,Yahoo Finance,2,,,engine/technical/README.md,
NVDA,equity,tecnico,atr14,7.486799,,USD,2026-05-26,2026-09-04T20:00:39Z,Yahoo Finance,2,,,engine/technical/README.md,
NVDA,equity,tecnico,atr14,7.386314,,USD,2026-05-27,2026-09-04T20:00:39Z,Yahoo Finance,2,,,engine/technical/README.md,
NVDA,equity,tecnico,atr14,7.165863,,USD,2026-05-28,2026-09-04T20:00:39Z,Yahoo Finance,2,,,engine/technical/README.md,
NVDA,equity,tecnico,atr14,7.134729,,USD,2026-05-29,2026-09-04T20:00:39Z,Yahoo Finance,2,,,engine/technical/README.md,
NVDA,equity,tecnico,atr14,7.60582,,USD,2026-06-01,2026-09-04T20:00:39Z,Yahoo Finance,2,,,engine/technical/README.md,
NVDA,equity,tecnico,atr14,7.843261,,USD,2026-06-02,2026-09-04T20:00:39Z,Yahoo Finance,2,,,engine/technical/README.md,
NVDA,equity,tecnico,atr14,7.8766,,USD,2026-06-03,2026-09-04T20:00:39Z,Yahoo Finance,2,,,engine/technical/README.md,
NVDA,equity,tecnico,atr14,8.073272,,USD,2026-06-04,2026-09-04T20:00:39Z,Yahoo Finance,2,,,engine/technical/README.md,
NVDA,equity,tecnico,atr14,8.520181,,USD,2026-06-05,2026-09-04T20:00:39Z,Yahoo Finance,2,,,engine/technical/README.md,
NVDA,equity,tecnico,atr14,8.295168,,USD,2026-06-08,2026-09-04T20:00:39Z,Yahoo Finance,2,,,engine/technical/README.md,
NVDA,equity,tecnico,atr14,8.564084,,USD,2026-06-09,2026-09-04T20:00:39Z,Yahoo Finance,2,,,engine/technical/README.md,
NVDA,equity,tecnico,atr14,8.543079,,USD,2026-06-10,2026-09-04T20:00:39Z,Yahoo Finance,2,,,engine/technical/README.md,
NVDA,equity,tecnico,atr14,8.370002,,USD,2026-06-11,2026-09-04T20:00:39Z,Yahoo Finance,2,,,engine/technical/README.md,
NVDA,equity,tecnico,atr14,8.031431,,USD,2026-06-12,2026-09-04T20:00:39Z,Yahoo Finance,2,,,engine/technical/README.md,
NVDA,equity,tecnico,atr14,7.994901,,USD,2026-06-15,2026-09-04T20:00:39Z,Yahoo Finance,2,,,engine/technical/README.md,
NVDA,equity,tecnico,atr14,7.792408,,USD,2026-06-16,2026-09-04T20:00:39Z,Yahoo Finance,2,,,engine/technical/README.md,
NVDA,equity,tecnico,atr14,7.673665,,USD,2026-06-17,2026-09-04T20:00:39Z,Yahoo Finance,2,,,engine/technical/README.md,
NVDA,equity,tecnico,atr14,7.606975,,USD,2026-06-18,2026-09-04T20:00:39Z,Yahoo Finance,2,,,engine/technical/README.md,
NVDA,equity,tecnico,atr14,7.511477,,USD,2026-06-22,2026-09-04T20:00:39Z,Yahoo Finance,2,,,engine/technical/README.md,
NVDA,equity,tecnico,atr14,7.5928,,USD,2026-06-23,2026-09-04T20:00:39Z,Yahoo Finance,2,,,engine/technical/README.md,
NVDA,equity,tecnico,atr14,7.414028,,USD,2026-06-24,2026-09-04T20:00:39Z,Yahoo Finance,2,,,engine/technical/README.md,
NVDA,equity,tecnico,atr14,7.50374,,USD,2026-06-25,2026-09-04T20:00:39Z,Yahoo Finance,2,,,engine/technical/README.md,
NVDA,equity,tecnico,atr14,7.290616,,USD,2026-06-26,2026-09-04T20:00:39Z,Yahoo Finance,2,,,engine/technical/README.md,
NVDA,equity,tecnico,atr14,7.225571,,USD,2026-06-29,2026-09-04T20:00:39Z,Yahoo Finance,2,,,engine/technical/README.md,
NVDA,equity,tecnico,atr14,7.113745,,USD,2026-06-30,2026-09-04T20:00:39Z,Yahoo Finance,2,,,engine/technical/README.md,
NVDA,equity,tecnico,atr14,7.079906,,USD,2026-07-01,2026-09-04T20:00:39Z,Yahoo Finance,2,,,engine/technical/README.md,
NVDA,equity,tecnico,atr14,7.124912,,USD,2026-07-02,2026-09-04T20:00:39Z,Yahoo Finance,2,,,engine/technical/README.md,
NVDA,equity,tecnico,atr14,6.870275,,USD,2026-07-06,2026-09-04T20:00:39Z,Yahoo Finance,2,,,engine/technical/README.md,
NVDA,equity,tecnico,atr14,6.898828,,USD,2026-07-07,2026-09-04T20:00:39Z,Yahoo Finance,2,,,engine/technical/README.md,
NVDA,equity,tecnico,atr14,7.127483,,USD,2026-07-08,2026-09-04T20:00:39Z,Yahoo Finance,2,,,engine/technical/README.md,
NVDA,equity,tecnico,atr14,7.020519,,USD,2026-07-09,2026-09-04T20:00:39Z,Yahoo Finance,2,,,engine/technical/README.md,
NVDA,equity,tecnico,atr14,7.167625,,USD,2026-07-10,2026-09-04T20:00:39Z,Yahoo Finance,2,,,engine/technical/README.md,
NVDA,equity,tecnico,atr14,7.224224,,USD,2026-07-13,2026-09-04T20:00:39Z,Yahoo Finance,2,,,engine/technical/README.md,
NVDA,equity,tecnico,atr14,7.352494,,USD,2026-07-14,2026-09-04T20:00:39Z,Yahoo Finance,2,,,engine/technical/README.md,
NVDA,equity,tecnico,atr14,7.382316,,USD,2026-07-15,2026-09-04T20:00:39Z,Yahoo Finance,2,,,engine/technical/README.md,
NVDA,equity,tecnico,atr14,7.330007,,USD,2026-07-16,2026-09-04T20:00:39Z,Yahoo Finance,2,,,engine/technical/README.md,
NVDA,equity,tecnico,atr14,7.480006,,USD,2026-07-17,2026-09-04T20:00:39Z,Yahoo Finance,2,,,engine/technical/README.md,
NVDA,equity,tecnico,atr14,7.335721,,USD,2026-07-20,2026-09-04T20:00:39Z,Yahoo Finance,2,,,engine/technical/README.md,
NVDA,equity,tecnico,atr14,7.195312,,USD,2026-07-21,2026-09-04T20:00:39Z,Yahoo Finance,2,,,engine/technical/README.md,
NVDA,equity,tecnico,atr14,7.355647,,USD,2026-07-22,2026-09-04T20:00:39Z,Yahoo Finance,2,,,engine/technical/README.md,
NVDA,equity,tecnico,atr14,7.265957,,USD,2026-07-23,2026-09-04T20:00:39Z,Yahoo Finance,2,,,engine/technical/README.md,
NVDA,equity,tecnico,atr14,7.254103,,USD,2026-07-24,2026-09-04T20:00:39Z,Yahoo Finance,2,,,engine/technical/README.md,
NVDA,equity,tecnico,atr14,7.686667,,USD,2026-07-27,2026-09-04T20:00:39Z,Yahoo Finance,2,,,engine/technical/README.md,
NVDA,equity,tecnico,atr14,7.563333,,USD,2026-07-28,2026-09-04T20:00:39Z,Yahoo Finance,2,,,engine/technical/README.md,
NVDA,equity,tecnico,atr14,7.527382,,USD,2026-07-29,2026-09-04T20:00:39Z,Yahoo Finance,2,,,engine/technical/README.md,
NVDA,equity,tecnico,atr14,7.506855,,USD,2026-07-30,2026-09-04T20:00:39Z,Yahoo Finance,2,,,engine/technical/README.md,
NVDA,equity,tecnico,atr14,7.474223,,USD,2026-07-31,2026-09-04T20:00:39Z,Yahoo Finance,2,,,engine/technical/README.md,
NVDA,equity,tecnico,atr14,7.789635,,USD,2026-08-03,2026-09-04T20:00:39Z,Yahoo Finance,2,,,engine/technical/README.md,
NVDA,equity,tecnico,atr14,7.691804,,USD,2026-08-04,2026-09-04T20:00:39Z,Yahoo Finance,2,,,engine/technical/README.md,
NVDA,equity,tecnico,atr14,7.876675,,USD,2026-08-05,2026-09-04T20:00:39Z,Yahoo Finance,2,,,engine/technical/README.md,
NVDA,equity,tecnico,atr14,7.787627,,USD,2026-08-06,2026-09-04T20:00:39Z,Yahoo Finance,2,,,engine/technical/README.md,
NVDA,equity,tecnico,atr14,7.64351,,USD,2026-08-07,2026-09-04T20:00:39Z,Yahoo Finance,2,,,engine/technical/README.md,
NVDA,equity,tecnico,atr14,7.623973,,USD,2026-08-10,2026-09-04T20:00:39Z,Yahoo Finance,2,,,engine/technical/README.md,
NVDA,equity,tecnico,atr14,7.507975,,USD,2026-08-11,2026-09-04T20:00:39Z,Yahoo Finance,2,,,engine/technical/README.md,
NVDA,equity,tecnico,atr14,7.514549,,USD,2026-08-12,2026-09-04T20:00:39Z,Yahoo Finance,2,,,engine/technical/README.md,
NVDA,equity,tecnico,atr14,7.229223,,USD,2026-08-13,2026-09-04T20:00:39Z,Yahoo Finance,2,,,engine/technical/README.md,
NVDA,equity,tecnico,atr14,6.926422,,USD,2026-08-14,2026-09-04T20:00:39Z,Yahoo Finance,2,,,engine/technical/README.md,
NVDA,equity,tecnico,atr14,6.650249,,USD,2026-08-17,2026-09-04T20:00:39Z,Yahoo Finance,2,,,engine/technical/README.md,
NVDA,equity,tecnico,atr14,6.626659,,USD,2026-08-18,2026-09-04T20:00:39Z,Yahoo Finance,2,,,engine/technical/README.md,
NVDA,equity,tecnico,atr14,6.589755,,USD,2026-08-19,2026-09-04T20:00:39Z,Yahoo Finance,2,,,engine/technical/README.md,
NVDA,equity,tecnico,atr14,6.419058,,USD,2026-08-20,2026-09-04T20:00:39Z,Yahoo Finance,2,,,engine/technical/README.md,
NVDA,equity,tecnico,atr14,6.263411,,USD,2026-08-21,2026-09-04T20:00:39Z,Yahoo Finance,2,,,engine/technical/README.md,
NVDA,equity,tecnico,atr14,6.411739,,USD,2026-08-24,2026-09-04T20:00:39Z,Yahoo Finance,2,,,engine/technical/README.md,
NVDA,equity,tecnico,atr14,6.400186,,USD,2026-08-25,2026-09-04T20:00:39Z,Yahoo Finance,2,,,engine/technical/README.md,
NVDA,equity,tecnico,atr14,6.255173,,USD,2026-08-26,2026-09-04T20:00:39Z,Yahoo Finance,2,,,engine/technical/README.md,
NVDA,equity,tecnico,atr14,7.294804,,USD,2026-08-27,2026-09-04T20:00:39Z,Yahoo Finance,2,,,engine/technical/README.md,
NVDA,equity,tecnico,atr14,7.663032,,USD,2026-08-28,2026-09-04T20:00:39Z,Yahoo Finance,2,,,engine/technical/README.md,
NVDA,equity,tecnico,atr14,7.479244,,USD,2026-08-31,2026-09-04T20:00:39Z,Yahoo Finance,2,,,engine/technical/README.md,
NVDA,equity,tecnico,atr14,7.350726,,USD,2026-09-01,2026-09-04T20:00:39Z,Yahoo Finance,2,,,engine/technical/README.md,
NVDA,equity,tecnico,atr14,7.463074,,USD,2026-09-03,2026-09-04T20:00:39Z,Yahoo Finance,2,,,engine/technical/README.md,
NVDA,equity,tecnico,atr14,7.380711,,USD,2026-09-04,2026-09-04T20:00:39Z,Yahoo Finance,2,,,engine/technical/README.md,
NVDA,equity,tecnico,atr14_pct_precio,2.84,,%,2026-01-02,2026-09-04T20:00:39Z,Yahoo Finance,2,,,engine/technical/README.md,
NVDA,equity,tecnico,atr14_pct_precio,2.94,,%,2026-01-05,2026-09-04T20:00:39Z,Yahoo Finance,2,,,engine/technical/README.md,
NVDA,equity,tecnico,atr14_pct_precio,2.94,,%,2026-01-06,2026-09-04T20:00:39Z,Yahoo Finance,2,,,engine/technical/README.md,
NVDA,equity,tecnico,atr14_pct_precio,2.89,,%,2026-01-07,2026-09-04T20:00:39Z,Yahoo Finance,2,,,engine/technical/README.md,
NVDA,equity,tecnico,atr14_pct_precio,2.97,,%,2026-01-08,2026-09-04T20:00:39Z,Yahoo Finance,2,,,engine/technical/README.md,
NVDA,equity,tecnico,atr14_pct_precio,2.86,,%,2026-01-09,2026-09-04T20:00:39Z,Yahoo Finance,2,,,engine/technical/README.md,
NVDA,equity,tecnico,atr14_pct_precio,2.81,,%,2026-01-12,2026-09-04T20:00:39Z,Yahoo Finance,2,,,engine/technical/README.md,
NVDA,equity,tecnico,atr14_pct_precio,2.78,,%,2026-01-13,2026-09-04T20:00:39Z,Yahoo Finance,2,,,engine/technical/README.md,
NVDA,equity,tecnico,atr14_pct_precio,2.81,,%,2026-01-14,2026-09-04T20:00:39Z,Yahoo Finance,2,,,engine/technical/README.md,
NVDA,equity,tecnico,atr14_pct_precio,2.81,,%,2026-01-15,2026-09-04T20:00:39Z,Yahoo Finance,2,,,engine/technical/README.md,
NVDA,equity,tecnico,atr14_pct_precio,2.79,,%,2026-01-16,2026-09-04T20:00:39Z,Yahoo Finance,2,,,engine/technical/README.md,
NVDA,equity,tecnico,atr14_pct_precio,3.05,,%,2026-01-20,2026-09-04T20:00:39Z,Yahoo Finance,2,,,engine/technical/README.md,
NVDA,equity,tecnico,atr14_pct_precio,3.04,,%,2026-01-21,2026-09-04T20:00:39Z,Yahoo Finance,2,,,engine/technical/README.md,
NVDA,equity,tecnico,atr14_pct_precio,2.91,,%,2026-01-22,2026-09-04T20:00:39Z,Yahoo Finance,2,,,engine/technical/README.md,
NVDA,equity,tecnico,atr14_pct_precio,2.84,,%,2026-01-23,2026-09-04T20:00:39Z,Yahoo Finance,2,,,engine/technical/README.md,
NVDA,equity,tecnico,atr14_pct_precio,2.77,,%,2026-01-26,2026-09-04T20:00:39Z,Yahoo Finance,2,,,engine/technical/README.md,
NVDA,equity,tecnico,atr14_pct_precio,2.71,,%,2026-01-27,2026-09-04T20:00:39Z,Yahoo Finance,2,,,engine/technical/README.md,
NVDA,equity,tecnico,atr14_pct_precio,2.62,,%,2026-01-28,2026-09-04T20:00:39Z,Yahoo Finance,2,,,engine/technical/README.md,
NVDA,equity,tecnico,atr14_pct_precio,2.7,,%,2026-01-29,2026-09-04T20:00:39Z,Yahoo Finance,2,,,engine/technical/README.md,
NVDA,equity,tecnico,atr14_pct_precio,2.71,,%,2026-01-30,2026-09-04T20:00:39Z,Yahoo Finance,2,,,engine/technical/README.md,
NVDA,equity,tecnico,atr14_pct_precio,2.83,,%,2026-02-02,2026-09-04T20:00:39Z,Yahoo Finance,2,,,engine/technical/README.md,
NVDA,equity,tecnico,atr14_pct_precio,3.1,,%,2026-02-03,2026-09-04T20:00:39Z,Yahoo Finance,2,,,engine/technical/README.md,
NVDA,equity,tecnico,atr14_pct_precio,3.33,,%,2026-02-04,2026-09-04T20:00:39Z,Yahoo Finance,2,,,engine/technical/README.md,
NVDA,equity,tecnico,atr14_pct_precio,3.37,,%,2026-02-05,2026-09-04T20:00:39Z,Yahoo Finance,2,,,engine/technical/README.md,
NVDA,equity,tecnico,atr14_pct_precio,3.49,,%,2026-02-06,2026-09-04T20:00:39Z,Yahoo Finance,2,,,engine/technical/README.md,
NVDA,equity,tecnico,atr14_pct_precio,3.52,,%,2026-02-09,2026-09-04T20:00:39Z,Yahoo Finance,2,,,engine/technical/README.md,
NVDA,equity,tecnico,atr14_pct_precio,3.46,,%,2026-02-10,2026-09-04T20:00:39Z,Yahoo Finance,2,,,engine/technical/README.md,
NVDA,equity,tecnico,atr14_pct_precio,3.37,,%,2026-02-11,2026-09-04T20:00:39Z,Yahoo Finance,2,,,engine/technical/README.md,
NVDA,equity,tecnico,atr14_pct_precio,3.45,,%,2026-02-12,2026-09-04T20:00:39Z,Yahoo Finance,2,,,engine/technical/README.md,
NVDA,equity,tecnico,atr14_pct_precio,3.51,,%,2026-02-13,2026-09-04T20:00:39Z,Yahoo Finance,2,,,engine/technical/README.md,
NVDA,equity,tecnico,atr14_pct_precio,3.53,,%,2026-02-17,2026-09-04T20:00:39Z,Yahoo Finance,2,,,engine/technical/README.md,
NVDA,equity,tecnico,atr14_pct_precio,3.43,,%,2026-02-18,2026-09-04T20:00:39Z,Yahoo Finance,2,,,engine/technical/README.md,
NVDA,equity,tecnico,atr14_pct_precio,3.29,,%,2026-02-19,2026-09-04T20:00:39Z,Yahoo Finance,2,,,engine/technical/README.md,
NVDA,equity,tecnico,atr14_pct_precio,3.19,,%,2026-02-20,2026-09-04T20:00:39Z,Yahoo Finance,2,,,engine/technical/README.md,
NVDA,equity,tecnico,atr14_pct_precio,3.1,,%,2026-02-23,2026-09-04T20:00:39Z,Yahoo Finance,2,,,engine/technical/README.md,
NVDA,equity,tecnico,atr14_pct_precio,3.09,,%,2026-02-24,2026-09-04T20:00:39Z,Yahoo Finance,2,,,engine/technical/README.md,
NVDA,equity,tecnico,atr14_pct_precio,3.01,,%,2026-02-25,2026-09-04T20:00:39Z,Yahoo Finance,2,,,engine/technical/README.md,
NVDA,equity,tecnico,atr14_pct_precio,3.39,,%,2026-02-26,2026-09-04T20:00:39Z,Yahoo Finance,2,,,engine/technical/README.md,
NVDA,equity,tecnico,atr14_pct_precio,3.62,,%,2026-02-27,2026-09-04T20:00:39Z,Yahoo Finance,2,,,engine/technical/README.md,
NVDA,equity,tecnico,atr14_pct_precio,3.61,,%,2026-03-02,2026-09-04T20:00:39Z,Yahoo Finance,2,,,engine/technical/README.md,
NVDA,equity,tecnico,atr14_pct_precio,3.62,,%,2026-03-03,2026-09-04T20:00:39Z,Yahoo Finance,2,,,engine/technical/README.md,
NVDA,equity,tecnico,atr14_pct_precio,3.49,,%,2026-03-04,2026-09-04T20:00:39Z,Yahoo Finance,2,,,engine/technical/README.md,
NVDA,equity,tecnico,atr14_pct_precio,3.48,,%,2026-03-05,2026-09-04T20:00:39Z,Yahoo Finance,2,,,engine/technical/README.md,
NVDA,equity,tecnico,atr14_pct_precio,3.59,,%,2026-03-06,2026-09-04T20:00:39Z,Yahoo Finance,2,,,engine/technical/README.md,
NVDA,equity,tecnico,atr14_pct_precio,3.53,,%,2026-03-09,2026-09-04T20:00:39Z,Yahoo Finance,2,,,engine/technical/README.md,
NVDA,equity,tecnico,atr14_pct_precio,3.41,,%,2026-03-10,2026-09-04T20:00:39Z,Yahoo Finance,2,,,engine/technical/README.md,
NVDA,equity,tecnico,atr14_pct_precio,3.27,,%,2026-03-11,2026-09-04T20:00:39Z,Yahoo Finance,2,,,engine/technical/README.md,
NVDA,equity,tecnico,atr14_pct_precio,3.25,,%,2026-03-12,2026-09-04T20:00:39Z,Yahoo Finance,2,,,engine/technical/README.md,
NVDA,equity,tecnico,atr14_pct_precio,3.31,,%,2026-03-13,2026-09-04T20:00:39Z,Yahoo Finance,2,,,engine/technical/README.md,
NVDA,equity,tecnico,atr14_pct_precio,3.36,,%,2026-03-16,2026-09-04T20:00:39Z,Yahoo Finance,2,,,engine/technical/README.md,
NVDA,equity,tecnico,atr14_pct_precio,3.29,,%,2026-03-17,2026-09-04T20:00:39Z,Yahoo Finance,2,,,engine/technical/README.md,
NVDA,equity,tecnico,atr14_pct_precio,3.2,,%,2026-03-18,2026-09-04T20:00:39Z,Yahoo Finance,2,,,engine/technical/README.md,
NVDA,equity,tecnico,atr14_pct_precio,3.19,,%,2026-03-19,2026-09-04T20:00:39Z,Yahoo Finance,2,,,engine/technical/README.md,
NVDA,equity,tecnico,atr14_pct_precio,3.34,,%,2026-03-20,2026-09-04T20:00:39Z,Yahoo Finance,2,,,engine/technical/README.md,
NVDA,equity,tecnico,atr14_pct_precio,3.28,,%,2026-03-23,2026-09-04T20:00:39Z,Yahoo Finance,2,,,engine/technical/README.md,
NVDA,equity,tecnico,atr14_pct_precio,3.15,,%,2026-03-24,2026-09-04T20:00:39Z,Yahoo Finance,2,,,engine/technical/README.md,
NVDA,equity,tecnico,atr14_pct_precio,3.11,,%,2026-03-25,2026-09-04T20:00:39Z,Yahoo Finance,2,,,engine/technical/README.md,
NVDA,equity,tecnico,atr14_pct_precio,3.32,,%,2026-03-26,2026-09-04T20:00:39Z,Yahoo Finance,2,,,engine/technical/README.md,
NVDA,equity,tecnico,atr14_pct_precio,3.34,,%,2026-03-27,2026-09-04T20:00:39Z,Yahoo Finance,2,,,engine/technical/README.md,
NVDA,equity,tecnico,atr14_pct_precio,3.37,,%,2026-03-30,2026-09-04T20:00:39Z,Yahoo Finance,2,,,engine/technical/README.md,
NVDA,equity,tecnico,atr14_pct_precio,3.35,,%,2026-03-31,2026-09-04T20:00:39Z,Yahoo Finance,2,,,engine/technical/README.md,
NVDA,equity,tecnico,atr14_pct_precio,3.2,,%,2026-04-01,2026-09-04T20:00:39Z,Yahoo Finance,2,,,engine/technical/README.md,
NVDA,equity,tecnico,atr14_pct_precio,3.19,,%,2026-04-02,2026-09-04T20:00:39Z,Yahoo Finance,2,,,engine/technical/README.md,
NVDA,equity,tecnico,atr14_pct_precio,3.04,,%,2026-04-06,2026-09-04T20:00:39Z,Yahoo Finance,2,,,engine/technical/README.md,
NVDA,equity,tecnico,atr14_pct_precio,3.0,,%,2026-04-07,2026-09-04T20:00:39Z,Yahoo Finance,2,,,engine/technical/README.md,
NVDA,equity,tecnico,atr14_pct_precio,3.01,,%,2026-04-08,2026-09-04T20:00:39Z,Yahoo Finance,2,,,engine/technical/README.md,
NVDA,equity,tecnico,atr14_pct_precio,2.9,,%,2026-04-09,2026-09-04T20:00:39Z,Yahoo Finance,2,,,engine/technical/README.md,
NVDA,equity,tecnico,atr14_pct_precio,2.86,,%,2026-04-10,2026-09-04T20:00:39Z,Yahoo Finance,2,,,engine/technical/README.md,
NVDA,equity,tecnico,atr14_pct_precio,2.79,,%,2026-04-13,2026-09-04T20:00:39Z,Yahoo Finance,2,,,engine/technical/README.md,
NVDA,equity,tecnico,atr14_pct_precio,2.76,,%,2026-04-14,2026-09-04T20:00:39Z,Yahoo Finance,2,,,engine/technical/README.md,
NVDA,equity,tecnico,atr14_pct_precio,2.7,,%,2026-04-15,2026-09-04T20:00:39Z,Yahoo Finance,2,,,engine/technical/README.md,
NVDA,equity,tecnico,atr14_pct_precio,2.66,,%,2026-04-16,2026-09-04T20:00:39Z,Yahoo Finance,2,,,engine/technical/README.md,
NVDA,equity,tecnico,atr14_pct_precio,2.55,,%,2026-04-17,2026-09-04T20:00:39Z,Yahoo Finance,2,,,engine/technical/README.md,
NVDA,equity,tecnico,atr14_pct_precio,2.51,,%,2026-04-20,2026-09-04T20:00:39Z,Yahoo Finance,2,,,engine/technical/README.md,
NVDA,equity,tecnico,atr14_pct_precio,2.49,,%,2026-04-21,2026-09-04T20:00:39Z,Yahoo Finance,2,,,engine/technical/README.md,
NVDA,equity,tecnico,atr14_pct_precio,2.41,,%,2026-04-22,2026-09-04T20:00:39Z,Yahoo Finance,2,,,engine/technical/README.md,
NVDA,equity,tecnico,atr14_pct_precio,2.5,,%,2026-04-23,2026-09-04T20:00:39Z,Yahoo Finance,2,,,engine/technical/README.md,
NVDA,equity,tecnico,atr14_pct_precio,2.62,,%,2026-04-24,2026-09-04T20:00:39Z,Yahoo Finance,2,,,engine/technical/README.md,
NVDA,equity,tecnico,atr14_pct_precio,2.65,,%,2026-04-27,2026-09-04T20:00:39Z,Yahoo Finance,2,,,engine/technical/README.md,
NVDA,equity,tecnico,atr14_pct_precio,2.78,,%,2026-04-28,2026-09-04T20:00:39Z,Yahoo Finance,2,,,engine/technical/README.md,
NVDA,equity,tecnico,atr14_pct_precio,2.82,,%,2026-04-29,2026-09-04T20:00:39Z,Yahoo Finance,2,,,engine/technical/README.md,
NVDA,equity,tecnico,atr14_pct_precio,3.16,,%,2026-04-30,2026-09-04T20:00:39Z,Yahoo Finance,2,,,engine/technical/README.md,
NVDA,equity,tecnico,atr14_pct_precio,3.16,,%,2026-05-01,2026-09-04T20:00:39Z,Yahoo Finance,2,,,engine/technical/README.md,
NVDA,equity,tecnico,atr14_pct_precio,3.19,,%,2026-05-04,2026-09-04T20:00:39Z,Yahoo Finance,2,,,engine/technical/README.md,
NVDA,equity,tecnico,atr14_pct_precio,3.14,,%,2026-05-05,2026-09-04T20:00:39Z,Yahoo Finance,2,,,engine/technical/README.md,
NVDA,equity,tecnico,atr14_pct_precio,3.16,,%,2026-05-06,2026-09-04T20:00:39Z,Yahoo Finance,2,,,engine/technical/README.md,
NVDA,equity,tecnico,atr14_pct_precio,3.15,,%,2026-05-07,2026-09-04T20:00:39Z,Yahoo Finance,2,,,engine/technical/README.md,
NVDA,equity,tecnico,atr14_pct_precio,3.08,,%,2026-05-08,2026-09-04T20:00:39Z,Yahoo Finance,2,,,engine/technical/README.md,
NVDA,equity,tecnico,atr14_pct_precio,3.08,,%,2026-05-11,2026-09-04T20:00:39Z,Yahoo Finance,2,,,engine/technical/README.md,
NVDA,equity,tecnico,atr14_pct_precio,3.13,,%,2026-05-12,2026-09-04T20:00:39Z,Yahoo Finance,2,,,engine/technical/README.md,
NVDA,equity,tecnico,atr14_pct_precio,3.06,,%,2026-05-13,2026-09-04T20:00:39Z,Yahoo Finance,2,,,engine/technical/README.md,
NVDA,equity,tecnico,atr14_pct_precio,3.05,,%,2026-05-14,2026-09-04T20:00:39Z,Yahoo Finance,2,,,engine/technical/README.md,
NVDA,equity,tecnico,atr14_pct_precio,3.33,,%,2026-05-15,2026-09-04T20:00:39Z,Yahoo Finance,2,,,engine/technical/README.md,
NVDA,equity,tecnico,atr14_pct_precio,3.5,,%,2026-05-18,2026-09-04T20:00:39Z,Yahoo Finance,2,,,engine/technical/README.md,
NVDA,equity,tecnico,atr14_pct_precio,3.49,,%,2026-05-19,2026-09-04T20:00:39Z,Yahoo Finance,2,,,engine/technical/README.md,
NVDA,equity,tecnico,atr14_pct_precio,3.38,,%,2026-05-20,2026-09-04T20:00:39Z,Yahoo Finance,2,,,engine/technical/README.md,
NVDA,equity,tecnico,atr14_pct_precio,3.5,,%,2026-05-21,2026-09-04T20:00:39Z,Yahoo Finance,2,,,engine/technical/README.md,
NVDA,equity,tecnico,atr14_pct_precio,3.52,,%,2026-05-22,2026-09-04T20:00:39Z,Yahoo Finance,2,,,engine/technical/README.md,
NVDA,equity,tecnico,atr14_pct_precio,3.48,,%,2026-05-26,2026-09-04T20:00:39Z,Yahoo Finance,2,,,engine/technical/README.md,
NVDA,equity,tecnico,atr14_pct_precio,3.47,,%,2026-05-27,2026-09-04T20:00:39Z,Yahoo Finance,2,,,engine/technical/README.md,
NVDA,equity,tecnico,atr14_pct_precio,3.34,,%,2026-05-28,2026-09-04T20:00:39Z,Yahoo Finance,2,,,engine/technical/README.md,
NVDA,equity,tecnico,atr14_pct_precio,3.38,,%,2026-05-29,2026-09-04T20:00:39Z,Yahoo Finance,2,,,engine/technical/README.md,
NVDA,equity,tecnico,atr14_pct_precio,3.39,,%,2026-06-01,2026-09-04T20:00:39Z,Yahoo Finance,2,,,engine/technical/README.md,
NVDA,equity,tecnico,atr14_pct_precio,3.52,,%,2026-06-02,2026-09-04T20:00:39Z,Yahoo Finance,2,,,engine/technical/README.md,
NVDA,equity,tecnico,atr14_pct_precio,3.67,,%,2026-06-03,2026-09-04T20:00:39Z,Yahoo Finance,2,,,engine/technical/README.md,
NVDA,equity,tecnico,atr14_pct_precio,3.69,,%,2026-06-04,2026-09-04T20:00:39Z,Yahoo Finance,2,,,engine/technical/README.md,
NVDA,equity,tecnico,atr14_pct_precio,4.15,,%,2026-06-05,2026-09-04T20:00:39Z,Yahoo Finance,2,,,engine/technical/README.md,
NVDA,equity,tecnico,atr14_pct_precio,3.98,,%,2026-06-08,2026-09-04T20:00:39Z,Yahoo Finance,2,,,engine/technical/README.md,
NVDA,equity,tecnico,atr14_pct_precio,4.11,,%,2026-06-09,2026-09-04T20:00:39Z,Yahoo Finance,2,,,engine/technical/README.md,
NVDA,equity,tecnico,atr14_pct_precio,4.26,,%,2026-06-10,2026-09-04T20:00:39Z,Yahoo Finance,2,,,engine/technical/README.md,
NVDA,equity,tecnico,atr14_pct_precio,4.09,,%,2026-06-11,2026-09-04T20:00:39Z,Yahoo Finance,2,,,engine/technical/README.md,
NVDA,equity,tecnico,atr14_pct_precio,3.91,,%,2026-06-12,2026-09-04T20:00:39Z,Yahoo Finance,2,,,engine/technical/README.md,
NVDA,equity,tecnico,atr14_pct_precio,3.76,,%,2026-06-15,2026-09-04T20:00:39Z,Yahoo Finance,2,,,engine/technical/README.md,
NVDA,equity,tecnico,atr14_pct_precio,3.76,,%,2026-06-16,2026-09-04T20:00:39Z,Yahoo Finance,2,,,engine/technical/README.md,
NVDA,equity,tecnico,atr14_pct_precio,3.75,,%,2026-06-17,2026-09-04T20:00:39Z,Yahoo Finance,2,,,engine/technical/README.md,
NVDA,equity,tecnico,atr14_pct_precio,3.61,,%,2026-06-18,2026-09-04T20:00:39Z,Yahoo Finance,2,,,engine/technical/README.md,
NVDA,equity,tecnico,atr14_pct_precio,3.6,,%,2026-06-22,2026-09-04T20:00:39Z,Yahoo Finance,2,,,engine/technical/README.md,
NVDA,equity,tecnico,atr14_pct_precio,3.8,,%,2026-06-23,2026-09-04T20:00:39Z,Yahoo Finance,2,,,engine/technical/README.md,
NVDA,equity,tecnico,atr14_pct_precio,3.73,,%,2026-06-24,2026-09-04T20:00:39Z,Yahoo Finance,2,,,engine/technical/README.md,
NVDA,equity,tecnico,atr14_pct_precio,3.83,,%,2026-06-25,2026-09-04T20:00:39Z,Yahoo Finance,2,,,engine/technical/README.md,
NVDA,equity,tecnico,atr14_pct_precio,3.79,,%,2026-06-26,2026-09-04T20:00:39Z,Yahoo Finance,2,,,engine/technical/README.md,
NVDA,equity,tecnico,atr14_pct_precio,3.71,,%,2026-06-29,2026-09-04T20:00:39Z,Yahoo Finance,2,,,engine/technical/README.md,
NVDA,equity,tecnico,atr14_pct_precio,3.56,,%,2026-06-30,2026-09-04T20:00:39Z,Yahoo Finance,2,,,engine/technical/README.md,
NVDA,equity,tecnico,atr14_pct_precio,3.58,,%,2026-07-01,2026-09-04T20:00:39Z,Yahoo Finance,2,,,engine/technical/README.md,
NVDA,equity,tecnico,atr14_pct_precio,3.66,,%,2026-07-02,2026-09-04T20:00:39Z,Yahoo Finance,2,,,engine/technical/README.md,
NVDA,equity,tecnico,atr14_pct_precio,3.51,,%,2026-07-06,2026-09-04T20:00:39Z,Yahoo Finance,2,,,engine/technical/README.md,
NVDA,equity,tecnico,atr14_pct_precio,3.5,,%,2026-07-07,2026-09-04T20:00:39Z,Yahoo Finance,2,,,engine/technical/README.md,
NVDA,equity,tecnico,atr14_pct_precio,3.49,,%,2026-07-08,2026-09-04T20:00:39Z,Yahoo Finance,2,,,engine/technical/README.md,
NVDA,equity,tecnico,atr14_pct_precio,3.46,,%,2026-07-09,2026-09-04T20:00:39Z,Yahoo Finance,2,,,engine/technical/README.md,
NVDA,equity,tecnico,atr14_pct_precio,3.4,,%,2026-07-10,2026-09-04T20:00:39Z,Yahoo Finance,2,,,engine/technical/README.md,
NVDA,equity,tecnico,atr14_pct_precio,3.55,,%,2026-07-13,2026-09-04T20:00:39Z,Yahoo Finance,2,,,engine/technical/README.md,
NVDA,equity,tecnico,atr14_pct_precio,3.47,,%,2026-07-14,2026-09-04T20:00:39Z,Yahoo Finance,2,,,engine/technical/README.md,
NVDA,equity,tecnico,atr14_pct_precio,3.47,,%,2026-07-15,2026-09-04T20:00:39Z,Yahoo Finance,2,,,engine/technical/README.md,
NVDA,equity,tecnico,atr14_pct_precio,3.53,,%,2026-07-16,2026-09-04T20:00:39Z,Yahoo Finance,2,,,engine/technical/README.md,
NVDA,equity,tecnico,atr14_pct_precio,3.69,,%,2026-07-17,2026-09-04T20:00:39Z,Yahoo Finance,2,,,engine/technical/README.md,
NVDA,equity,tecnico,atr14_pct_precio,3.61,,%,2026-07-20,2026-09-04T20:00:39Z,Yahoo Finance,2,,,engine/technical/README.md,
NVDA,equity,tecnico,atr14_pct_precio,3.47,,%,2026-07-21,2026-09-04T20:00:39Z,Yahoo Finance,2,,,engine/technical/README.md,
NVDA,equity,tecnico,atr14_pct_precio,3.47,,%,2026-07-22,2026-09-04T20:00:39Z,Yahoo Finance,2,,,engine/technical/README.md,
NVDA,equity,tecnico,atr14_pct_precio,3.48,,%,2026-07-23,2026-09-04T20:00:39Z,Yahoo Finance,2,,,engine/technical/README.md,
NVDA,equity,tecnico,atr14_pct_precio,3.51,,%,2026-07-24,2026-09-04T20:00:39Z,Yahoo Finance,2,,,engine/technical/README.md,
NVDA,equity,tecnico,atr14_pct_precio,3.91,,%,2026-07-27,2026-09-04T20:00:39Z,Yahoo Finance,2,,,engine/technical/README.md,
NVDA,equity,tecnico,atr14_pct_precio,3.84,,%,2026-07-28,2026-09-04T20:00:39Z,Yahoo Finance,2,,,engine/technical/README.md,
NVDA,equity,tecnico,atr14_pct_precio,3.96,,%,2026-07-29,2026-09-04T20:00:39Z,Yahoo Finance,2,,,engine/technical/README.md,
NVDA,equity,tecnico,atr14_pct_precio,3.85,,%,2026-07-30,2026-09-04T20:00:39Z,Yahoo Finance,2,,,engine/technical/README.md,
NVDA,equity,tecnico,atr14_pct_precio,3.72,,%,2026-07-31,2026-09-04T20:00:39Z,Yahoo Finance,2,,,engine/technical/README.md,
NVDA,equity,tecnico,atr14_pct_precio,3.77,,%,2026-08-03,2026-09-04T20:00:39Z,Yahoo Finance,2,,,engine/technical/README.md,
NVDA,equity,tecnico,atr14_pct_precio,3.63,,%,2026-08-04,2026-09-04T20:00:39Z,Yahoo Finance,2,,,engine/technical/README.md,
NVDA,equity,tecnico,atr14_pct_precio,3.59,,%,2026-08-05,2026-09-04T20:00:39Z,Yahoo Finance,2,,,engine/technical/README.md,
NVDA,equity,tecnico,atr14_pct_precio,3.56,,%,2026-08-06,2026-09-04T20:00:39Z,Yahoo Finance,2,,,engine/technical/README.md,
NVDA,equity,tecnico,atr14_pct_precio,3.41,,%,2026-08-07,2026-09-04T20:00:39Z,Yahoo Finance,2,,,engine/technical/README.md,
NVDA,equity,tecnico,atr14_pct_precio,3.5,,%,2026-08-10,2026-09-04T20:00:39Z,Yahoo Finance,2,,,engine/technical/README.md,
NVDA,equity,tecnico,atr14_pct_precio,3.45,,%,2026-08-11,2026-09-04T20:00:39Z,Yahoo Finance,2,,,engine/technical/README.md,
NVDA,equity,tecnico,atr14_pct_precio,3.35,,%,2026-08-12,2026-09-04T20:00:39Z,Yahoo Finance,2,,,engine/technical/README.md,
NVDA,equity,tecnico,atr14_pct_precio,3.21,,%,2026-08-13,2026-09-04T20:00:39Z,Yahoo Finance,2,,,engine/technical/README.md,
NVDA,equity,tecnico,atr14_pct_precio,3.08,,%,2026-08-14,2026-09-04T20:00:39Z,Yahoo Finance,2,,,engine/technical/README.md,
NVDA,equity,tecnico,atr14_pct_precio,2.96,,%,2026-08-17,2026-09-04T20:00:39Z,Yahoo Finance,2,,,engine/technical/README.md,
NVDA,equity,tecnico,atr14_pct_precio,3.02,,%,2026-08-18,2026-09-04T20:00:39Z,Yahoo Finance,2,,,engine/technical/README.md,
NVDA,equity,tecnico,atr14_pct_precio,3.03,,%,2026-08-19,2026-09-04T20:00:39Z,Yahoo Finance,2,,,engine/technical/README.md,
NVDA,equity,tecnico,atr14_pct_precio,2.96,,%,2026-08-20,2026-09-04T20:00:39Z,Yahoo Finance,2,,,engine/technical/README.md,
NVDA,equity,tecnico,atr14_pct_precio,2.92,,%,2026-08-21,2026-09-04T20:00:39Z,Yahoo Finance,2,,,engine/technical/README.md,
NVDA,equity,tecnico,atr14_pct_precio,3.08,,%,2026-08-24,2026-09-04T20:00:39Z,Yahoo Finance,2,,,engine/technical/README.md,
NVDA,equity,tecnico,atr14_pct_precio,3.0,,%,2026-08-25,2026-09-04T20:00:39Z,Yahoo Finance,2,,,engine/technical/README.md,
NVDA,equity,tecnico,atr14_pct_precio,2.98,,%,2026-08-26,2026-09-04T20:00:39Z,Yahoo Finance,2,,,engine/technical/README.md,
NVDA,equity,tecnico,atr14_pct_precio,3.2,,%,2026-08-27,2026-09-04T20:00:39Z,Yahoo Finance,2,,,engine/technical/README.md,
NVDA,equity,tecnico,atr14_pct_precio,3.52,,%,2026-08-28,2026-09-04T20:00:39Z,Yahoo Finance,2,,,engine/technical/README.md,
NVDA,equity,tecnico,atr14_pct_precio,3.39,,%,2026-08-31,2026-09-04T20:00:39Z,Yahoo Finance,2,,,engine/technical/README.md,
NVDA,equity,tecnico,atr14_pct_precio,3.38,,%,2026-09-01,2026-09-04T20:00:39Z,Yahoo Finance,2,,,engine/technical/README.md,
NVDA,equity,tecnico,atr14_pct_precio,3.27,,%,2026-09-03,2026-09-04T20:00:39Z,Yahoo Finance,2,,,engine/technical/README.md,
NVDA,equity,tecnico,atr14_pct_precio,3.2,,%,2026-09-04,2026-09-04T20:00:39Z,Yahoo Finance,2,,,engine/technical/README.md,
NVDA,equity,tecnico,confluencia_sesgo,,confluencia alcista,categorico,2026-09-02,2026-09-03T11:40:59Z,Alpha Vantage,2,,,engine/equity/README.md,
NVDA,equity,tecnico,posicion_rango_52s_pct,83.6,,%,2026-09-02,2026-09-03T11:40:59Z,Alpha Vantage,2,,,engine/equity/README.md,
NVDA,equity,tecnico,precio,188.850006,,USD,2026-01-02,2026-09-04T20:00:39Z,Yahoo Finance,2,,,engine/technical/README.md,
NVDA,equity,tecnico,precio,188.119995,,USD,2026-01-05,2026-09-04T20:00:39Z,Yahoo Finance,2,,,engine/technical/README.md,
NVDA,equity,tecnico,precio,187.240005,,USD,2026-01-06,2026-09-04T20:00:39Z,Yahoo Finance,2,,,engine/technical/README.md,
NVDA,equity,tecnico,precio,189.110001,,USD,2026-01-07,2026-09-04T20:00:39Z,Yahoo Finance,2,,,engine/technical/README.md,
NVDA,equity,tecnico,precio,185.039993,,USD,2026-01-08,2026-09-04T20:00:39Z,Yahoo Finance,2,,,engine/technical/README.md,
NVDA,equity,tecnico,precio,184.860001,,USD,2026-01-09,2026-09-04T20:00:39Z,Yahoo Finance,2,,,engine/technical/README.md,
NVDA,equity,tecnico,precio,184.940002,,USD,2026-01-12,2026-09-04T20:00:39Z,Yahoo Finance,2,,,engine/technical/README.md,
NVDA,equity,tecnico,precio,185.809998,,USD,2026-01-13,2026-09-04T20:00:39Z,Yahoo Finance,2,,,engine/technical/README.md,
NVDA,equity,tecnico,precio,183.139999,,USD,2026-01-14,2026-09-04T20:00:39Z,Yahoo Finance,2,,,engine/technical/README.md,
NVDA,equity,tecnico,precio,187.050003,,USD,2026-01-15,2026-09-04T20:00:39Z,Yahoo Finance,2,,,engine/technical/README.md,
NVDA,equity,tecnico,precio,186.229996,,USD,2026-01-16,2026-09-04T20:00:39Z,Yahoo Finance,2,,,engine/technical/README.md,
NVDA,equity,tecnico,precio,178.070007,,USD,2026-01-20,2026-09-04T20:00:39Z,Yahoo Finance,2,,,engine/technical/README.md,
NVDA,equity,tecnico,precio,183.320007,,USD,2026-01-21,2026-09-04T20:00:39Z,Yahoo Finance,2,,,engine/technical/README.md,
NVDA,equity,tecnico,precio,184.839996,,USD,2026-01-22,2026-09-04T20:00:39Z,Yahoo Finance,2,,,engine/technical/README.md,
NVDA,equity,tecnico,precio,187.669998,,USD,2026-01-23,2026-09-04T20:00:39Z,Yahoo Finance,2,,,engine/technical/README.md,
NVDA,equity,tecnico,precio,186.470001,,USD,2026-01-26,2026-09-04T20:00:39Z,Yahoo Finance,2,,,engine/technical/README.md,
NVDA,equity,tecnico,precio,188.520004,,USD,2026-01-27,2026-09-04T20:00:39Z,Yahoo Finance,2,,,engine/technical/README.md,
NVDA,equity,tecnico,precio,191.520004,,USD,2026-01-28,2026-09-04T20:00:39Z,Yahoo Finance,2,,,engine/technical/README.md,
NVDA,equity,tecnico,precio,192.509995,,USD,2026-01-29,2026-09-04T20:00:39Z,Yahoo Finance,2,,,engine/technical/README.md,
NVDA,equity,tecnico,precio,191.130005,,USD,2026-01-30,2026-09-04T20:00:39Z,Yahoo Finance,2,,,engine/technical/README.md,
NVDA,equity,tecnico,precio,185.610001,,USD,2026-02-02,2026-09-04T20:00:39Z,Yahoo Finance,2,,,engine/technical/README.md,
NVDA,equity,tecnico,precio,180.339996,,USD,2026-02-03,2026-09-04T20:00:39Z,Yahoo Finance,2,,,engine/technical/README.md,
NVDA,equity,tecnico,precio,174.190002,,USD,2026-02-04,2026-09-04T20:00:39Z,Yahoo Finance,2,,,engine/technical/README.md,
NVDA,equity,tecnico,precio,171.880005,,USD,2026-02-05,2026-09-04T20:00:39Z,Yahoo Finance,2,,,engine/technical/README.md,
NVDA,equity,tecnico,precio,185.410004,,USD,2026-02-06,2026-09-04T20:00:39Z,Yahoo Finance,2,,,engine/technical/README.md,
NVDA,equity,tecnico,precio,190.039993,,USD,2026-02-09,2026-09-04T20:00:39Z,Yahoo Finance,2,,,engine/technical/README.md,
NVDA,equity,tecnico,precio,188.539993,,USD,2026-02-10,2026-09-04T20:00:39Z,Yahoo Finance,2,,,engine/technical/README.md,
NVDA,equity,tecnico,precio,190.050003,,USD,2026-02-11,2026-09-04T20:00:39Z,Yahoo Finance,2,,,engine/technical/README.md,
NVDA,equity,tecnico,precio,186.940002,,USD,2026-02-12,2026-09-04T20:00:39Z,Yahoo Finance,2,,,engine/technical/README.md,
NVDA,equity,tecnico,precio,182.809998,,USD,2026-02-13,2026-09-04T20:00:39Z,Yahoo Finance,2,,,engine/technical/README.md,
NVDA,equity,tecnico,precio,184.970001,,USD,2026-02-17,2026-09-04T20:00:39Z,Yahoo Finance,2,,,engine/technical/README.md,
NVDA,equity,tecnico,precio,187.979996,,USD,2026-02-18,2026-09-04T20:00:39Z,Yahoo Finance,2,,,engine/technical/README.md,
NVDA,equity,tecnico,precio,187.899994,,USD,2026-02-19,2026-09-04T20:00:39Z,Yahoo Finance,2,,,engine/technical/README.md,
NVDA,equity,tecnico,precio,189.820007,,USD,2026-02-20,2026-09-04T20:00:39Z,Yahoo Finance,2,,,engine/technical/README.md,
NVDA,equity,tecnico,precio,191.550003,,USD,2026-02-23,2026-09-04T20:00:39Z,Yahoo Finance,2,,,engine/technical/README.md,
NVDA,equity,tecnico,precio,192.850006,,USD,2026-02-24,2026-09-04T20:00:39Z,Yahoo Finance,2,,,engine/technical/README.md,
NVDA,equity,tecnico,precio,195.559998,,USD,2026-02-25,2026-09-04T20:00:39Z,Yahoo Finance,2,,,engine/technical/README.md,
NVDA,equity,tecnico,precio,184.889999,,USD,2026-02-26,2026-09-04T20:00:39Z,Yahoo Finance,2,,,engine/technical/README.md,
NVDA,equity,tecnico,precio,177.190002,,USD,2026-02-27,2026-09-04T20:00:39Z,Yahoo Finance,2,,,engine/technical/README.md,
NVDA,equity,tecnico,precio,182.479996,,USD,2026-03-02,2026-09-04T20:00:39Z,Yahoo Finance,2,,,engine/technical/README.md,
NVDA,equity,tecnico,precio,180.050003,,USD,2026-03-03,2026-09-04T20:00:39Z,Yahoo Finance,2,,,engine/technical/README.md,
NVDA,equity,tecnico,precio,183.039993,,USD,2026-03-04,2026-09-04T20:00:39Z,Yahoo Finance,2,,,engine/technical/README.md,
NVDA,equity,tecnico,precio,183.339996,,USD,2026-03-05,2026-09-04T20:00:39Z,Yahoo Finance,2,,,engine/technical/README.md,
NVDA,equity,tecnico,precio,177.820007,,USD,2026-03-06,2026-09-04T20:00:39Z,Yahoo Finance,2,,,engine/technical/README.md,
NVDA,equity,tecnico,precio,182.649994,,USD,2026-03-09,2026-09-04T20:00:39Z,Yahoo Finance,2,,,engine/technical/README.md,
NVDA,equity,tecnico,precio,184.770004,,USD,2026-03-10,2026-09-04T20:00:39Z,Yahoo Finance,2,,,engine/technical/README.md,
NVDA,equity,tecnico,precio,186.029999,,USD,2026-03-11,2026-09-04T20:00:39Z,Yahoo Finance,2,,,engine/technical/README.md,
NVDA,equity,tecnico,precio,183.139999,,USD,2026-03-12,2026-09-04T20:00:39Z,Yahoo Finance,2,,,engine/technical/README.md,
NVDA,equity,tecnico,precio,180.25,,USD,2026-03-13,2026-09-04T20:00:39Z,Yahoo Finance,2,,,engine/technical/README.md,
NVDA,equity,tecnico,precio,183.220001,,USD,2026-03-16,2026-09-04T20:00:39Z,Yahoo Finance,2,,,engine/technical/README.md,
NVDA,equity,tecnico,precio,181.929993,,USD,2026-03-17,2026-09-04T20:00:39Z,Yahoo Finance,2,,,engine/technical/README.md,
NVDA,equity,tecnico,precio,180.399994,,USD,2026-03-18,2026-09-04T20:00:39Z,Yahoo Finance,2,,,engine/technical/README.md,
NVDA,equity,tecnico,precio,178.559998,,USD,2026-03-19,2026-09-04T20:00:39Z,Yahoo Finance,2,,,engine/technical/README.md,
NVDA,equity,tecnico,precio,172.699997,,USD,2026-03-20,2026-09-04T20:00:39Z,Yahoo Finance,2,,,engine/technical/README.md,
NVDA,equity,tecnico,precio,175.639999,,USD,2026-03-23,2026-09-04T20:00:39Z,Yahoo Finance,2,,,engine/technical/README.md,
NVDA,equity,tecnico,precio,175.199997,,USD,2026-03-24,2026-09-04T20:00:39Z,Yahoo Finance,2,,,engine/technical/README.md,
NVDA,equity,tecnico,precio,178.679993,,USD,2026-03-25,2026-09-04T20:00:39Z,Yahoo Finance,2,,,engine/technical/README.md,
NVDA,equity,tecnico,precio,171.240005,,USD,2026-03-26,2026-09-04T20:00:39Z,Yahoo Finance,2,,,engine/technical/README.md,
NVDA,equity,tecnico,precio,167.520004,,USD,2026-03-27,2026-09-04T20:00:39Z,Yahoo Finance,2,,,engine/technical/README.md,
NVDA,equity,tecnico,precio,165.169998,,USD,2026-03-30,2026-09-04T20:00:39Z,Yahoo Finance,2,,,engine/technical/README.md,
NVDA,equity,tecnico,precio,174.399994,,USD,2026-03-31,2026-09-04T20:00:39Z,Yahoo Finance,2,,,engine/technical/README.md,
NVDA,equity,tecnico,precio,175.75,,USD,2026-04-01,2026-09-04T20:00:39Z,Yahoo Finance,2,,,engine/technical/README.md,
NVDA,equity,tecnico,precio,177.389999,,USD,2026-04-02,2026-09-04T20:00:39Z,Yahoo Finance,2,,,engine/technical/README.md,
NVDA,equity,tecnico,precio,177.639999,,USD,2026-04-06,2026-09-04T20:00:39Z,Yahoo Finance,2,,,engine/technical/README.md,
NVDA,equity,tecnico,precio,178.100006,,USD,2026-04-07,2026-09-04T20:00:39Z,Yahoo Finance,2,,,engine/technical/README.md,
NVDA,equity,tecnico,precio,182.080002,,USD,2026-04-08,2026-09-04T20:00:39Z,Yahoo Finance,2,,,engine/technical/README.md,
NVDA,equity,tecnico,precio,183.910004,,USD,2026-04-09,2026-09-04T20:00:39Z,Yahoo Finance,2,,,engine/technical/README.md,
NVDA,equity,tecnico,precio,188.630005,,USD,2026-04-10,2026-09-04T20:00:39Z,Yahoo Finance,2,,,engine/technical/README.md,
NVDA,equity,tecnico,precio,189.309998,,USD,2026-04-13,2026-09-04T20:00:39Z,Yahoo Finance,2,,,engine/technical/README.md,
NVDA,equity,tecnico,precio,196.509995,,USD,2026-04-14,2026-09-04T20:00:39Z,Yahoo Finance,2,,,engine/technical/README.md,
NVDA,equity,tecnico,precio,198.869995,,USD,2026-04-15,2026-09-04T20:00:39Z,Yahoo Finance,2,,,engine/technical/README.md,
NVDA,equity,tecnico,precio,198.350006,,USD,2026-04-16,2026-09-04T20:00:39Z,Yahoo Finance,2,,,engine/technical/README.md,
NVDA,equity,tecnico,precio,201.679993,,USD,2026-04-17,2026-09-04T20:00:39Z,Yahoo Finance,2,,,engine/technical/README.md,
NVDA,equity,tecnico,precio,202.059998,,USD,2026-04-20,2026-09-04T20:00:39Z,Yahoo Finance,2,,,engine/technical/README.md,
NVDA,equity,tecnico,precio,199.880005,,USD,2026-04-21,2026-09-04T20:00:39Z,Yahoo Finance,2,,,engine/technical/README.md,
NVDA,equity,tecnico,precio,202.5,,USD,2026-04-22,2026-09-04T20:00:39Z,Yahoo Finance,2,,,engine/technical/README.md,
NVDA,equity,tecnico,precio,199.639999,,USD,2026-04-23,2026-09-04T20:00:39Z,Yahoo Finance,2,,,engine/technical/README.md,
NVDA,equity,tecnico,precio,208.270004,,USD,2026-04-24,2026-09-04T20:00:39Z,Yahoo Finance,2,,,engine/technical/README.md,
NVDA,equity,tecnico,precio,216.610001,,USD,2026-04-27,2026-09-04T20:00:39Z,Yahoo Finance,2,,,engine/technical/README.md,
NVDA,equity,tecnico,precio,213.169998,,USD,2026-04-28,2026-09-04T20:00:39Z,Yahoo Finance,2,,,engine/technical/README.md,
NVDA,equity,tecnico,precio,209.25,,USD,2026-04-29,2026-09-04T20:00:39Z,Yahoo Finance,2,,,engine/technical/README.md,
NVDA,equity,tecnico,precio,199.570007,,USD,2026-04-30,2026-09-04T20:00:39Z,Yahoo Finance,2,,,engine/technical/README.md,
NVDA,equity,tecnico,precio,198.449997,,USD,2026-05-01,2026-09-04T20:00:39Z,Yahoo Finance,2,,,engine/technical/README.md,
NVDA,equity,tecnico,precio,198.479996,,USD,2026-05-04,2026-09-04T20:00:39Z,Yahoo Finance,2,,,engine/technical/README.md,
NVDA,equity,tecnico,precio,196.5,,USD,2026-05-05,2026-09-04T20:00:39Z,Yahoo Finance,2,,,engine/technical/README.md,
NVDA,equity,tecnico,precio,207.830002,,USD,2026-05-06,2026-09-04T20:00:39Z,Yahoo Finance,2,,,engine/technical/README.md,
NVDA,equity,tecnico,precio,211.5,,USD,2026-05-07,2026-09-04T20:00:39Z,Yahoo Finance,2,,,engine/technical/README.md,
NVDA,equity,tecnico,precio,215.199997,,USD,2026-05-08,2026-09-04T20:00:39Z,Yahoo Finance,2,,,engine/technical/README.md,
NVDA,equity,tecnico,precio,219.440002,,USD,2026-05-11,2026-09-04T20:00:39Z,Yahoo Finance,2,,,engine/technical/README.md,
NVDA,equity,tecnico,precio,220.779999,,USD,2026-05-12,2026-09-04T20:00:39Z,Yahoo Finance,2,,,engine/technical/README.md,
NVDA,equity,tecnico,precio,225.830002,,USD,2026-05-13,2026-09-04T20:00:39Z,Yahoo Finance,2,,,engine/technical/README.md,
NVDA,equity,tecnico,precio,235.740005,,USD,2026-05-14,2026-09-04T20:00:39Z,Yahoo Finance,2,,,engine/technical/README.md,
NVDA,equity,tecnico,precio,225.320007,,USD,2026-05-15,2026-09-04T20:00:39Z,Yahoo Finance,2,,,engine/technical/README.md,
NVDA,equity,tecnico,precio,222.320007,,USD,2026-05-18,2026-09-04T20:00:39Z,Yahoo Finance,2,,,engine/technical/README.md,
NVDA,equity,tecnico,precio,220.610001,,USD,2026-05-19,2026-09-04T20:00:39Z,Yahoo Finance,2,,,engine/technical/README.md,
NVDA,equity,tecnico,precio,223.470001,,USD,2026-05-20,2026-09-04T20:00:39Z,Yahoo Finance,2,,,engine/technical/README.md,
NVDA,equity,tecnico,precio,219.509995,,USD,2026-05-21,2026-09-04T20:00:39Z,Yahoo Finance,2,,,engine/technical/README.md,
NVDA,equity,tecnico,precio,215.330002,,USD,2026-05-22,2026-09-04T20:00:39Z,Yahoo Finance,2,,,engine/technical/README.md,
NVDA,equity,tecnico,precio,214.860001,,USD,2026-05-26,2026-09-04T20:00:39Z,Yahoo Finance,2,,,engine/technical/README.md,
NVDA,equity,tecnico,precio,212.600006,,USD,2026-05-27,2026-09-04T20:00:39Z,Yahoo Finance,2,,,engine/technical/README.md,
NVDA,equity,tecnico,precio,214.25,,USD,2026-05-28,2026-09-04T20:00:39Z,Yahoo Finance,2,,,engine/technical/README.md,
NVDA,equity,tecnico,precio,211.139999,,USD,2026-05-29,2026-09-04T20:00:39Z,Yahoo Finance,2,,,engine/technical/README.md,
NVDA,equity,tecnico,precio,224.360001,,USD,2026-06-01,2026-09-04T20:00:39Z,Yahoo Finance,2,,,engine/technical/README.md,
NVDA,equity,tecnico,precio,222.820007,,USD,2026-06-02,2026-09-04T20:00:39Z,Yahoo Finance,2,,,engine/technical/README.md,
NVDA,equity,tecnico,precio,214.75,,USD,2026-06-03,2026-09-04T20:00:39Z,Yahoo Finance,2,,,engine/technical/README.md,
NVDA,equity,tecnico,precio,218.660004,,USD,2026-06-04,2026-09-04T20:00:39Z,Yahoo Finance,2,,,engine/technical/README.md,
NVDA,equity,tecnico,precio,205.100006,,USD,2026-06-05,2026-09-04T20:00:39Z,Yahoo Finance,2,,,engine/technical/README.md,
NVDA,equity,tecnico,precio,208.639999,,USD,2026-06-08,2026-09-04T20:00:39Z,Yahoo Finance,2,,,engine/technical/README.md,
NVDA,equity,tecnico,precio,208.190002,,USD,2026-06-09,2026-09-04T20:00:39Z,Yahoo Finance,2,,,engine/technical/README.md,
NVDA,equity,tecnico,precio,200.419998,,USD,2026-06-10,2026-09-04T20:00:39Z,Yahoo Finance,2,,,engine/technical/README.md,
NVDA,equity,tecnico,precio,204.869995,,USD,2026-06-11,2026-09-04T20:00:39Z,Yahoo Finance,2,,,engine/technical/README.md,
NVDA,equity,tecnico,precio,205.190002,,USD,2026-06-12,2026-09-04T20:00:39Z,Yahoo Finance,2,,,engine/technical/README.md,
NVDA,equity,tecnico,precio,212.449997,,USD,2026-06-15,2026-09-04T20:00:39Z,Yahoo Finance,2,,,engine/technical/README.md,
NVDA,equity,tecnico,precio,207.410004,,USD,2026-06-16,2026-09-04T20:00:39Z,Yahoo Finance,2,,,engine/technical/README.md,
NVDA,equity,tecnico,precio,204.649994,,USD,2026-06-17,2026-09-04T20:00:39Z,Yahoo Finance,2,,,engine/technical/README.md,
NVDA,equity,tecnico,precio,210.690002,,USD,2026-06-18,2026-09-04T20:00:39Z,Yahoo Finance,2,,,engine/technical/README.md,
NVDA,equity,tecnico,precio,208.649994,,USD,2026-06-22,2026-09-04T20:00:39Z,Yahoo Finance,2,,,engine/technical/README.md,
NVDA,equity,tecnico,precio,200.039993,,USD,2026-06-23,2026-09-04T20:00:39Z,Yahoo Finance,2,,,engine/technical/README.md,
NVDA,equity,tecnico,precio,199.0,,USD,2026-06-24,2026-09-04T20:00:39Z,Yahoo Finance,2,,,engine/technical/README.md,
NVDA,equity,tecnico,precio,195.740005,,USD,2026-06-25,2026-09-04T20:00:39Z,Yahoo Finance,2,,,engine/technical/README.md,
NVDA,equity,tecnico,precio,192.529999,,USD,2026-06-26,2026-09-04T20:00:39Z,Yahoo Finance,2,,,engine/technical/README.md,
NVDA,equity,tecnico,precio,194.970001,,USD,2026-06-29,2026-09-04T20:00:39Z,Yahoo Finance,2,,,engine/technical/README.md,
NVDA,equity,tecnico,precio,200.089996,,USD,2026-06-30,2026-09-04T20:00:39Z,Yahoo Finance,2,,,engine/technical/README.md,
NVDA,equity,tecnico,precio,197.580002,,USD,2026-07-01,2026-09-04T20:00:39Z,Yahoo Finance,2,,,engine/technical/README.md,
NVDA,equity,tecnico,precio,194.830002,,USD,2026-07-02,2026-09-04T20:00:39Z,Yahoo Finance,2,,,engine/technical/README.md,
NVDA,equity,tecnico,precio,195.550003,,USD,2026-07-06,2026-09-04T20:00:39Z,Yahoo Finance,2,,,engine/technical/README.md,
NVDA,equity,tecnico,precio,196.929993,,USD,2026-07-07,2026-09-04T20:00:39Z,Yahoo Finance,2,,,engine/technical/README.md,
NVDA,equity,tecnico,precio,204.119995,,USD,2026-07-08,2026-09-04T20:00:39Z,Yahoo Finance,2,,,engine/technical/README.md,
NVDA,equity,tecnico,precio,202.779999,,USD,2026-07-09,2026-09-04T20:00:39Z,Yahoo Finance,2,,,engine/technical/README.md,
NVDA,equity,tecnico,precio,210.960007,,USD,2026-07-10,2026-09-04T20:00:39Z,Yahoo Finance,2,,,engine/technical/README.md,
NVDA,equity,tecnico,precio,203.529999,,USD,2026-07-13,2026-09-04T20:00:39Z,Yahoo Finance,2,,,engine/technical/README.md,
NVDA,equity,tecnico,precio,211.800003,,USD,2026-07-14,2026-09-04T20:00:39Z,Yahoo Finance,2,,,engine/technical/README.md,
NVDA,equity,tecnico,precio,212.5,,USD,2026-07-15,2026-09-04T20:00:39Z,Yahoo Finance,2,,,engine/technical/README.md,
NVDA,equity,tecnico,precio,207.399994,,USD,2026-07-16,2026-09-04T20:00:39Z,Yahoo Finance,2,,,engine/technical/README.md,
NVDA,equity,tecnico,precio,202.809998,,USD,2026-07-17,2026-09-04T20:00:39Z,Yahoo Finance,2,,,engine/technical/README.md,
NVDA,equity,tecnico,precio,203.279999,,USD,2026-07-20,2026-09-04T20:00:39Z,Yahoo Finance,2,,,engine/technical/README.md,
NVDA,equity,tecnico,precio,207.289993,,USD,2026-07-21,2026-09-04T20:00:39Z,Yahoo Finance,2,,,engine/technical/README.md,
NVDA,equity,tecnico,precio,212.059998,,USD,2026-07-22,2026-09-04T20:00:39Z,Yahoo Finance,2,,,engine/technical/README.md,
NVDA,equity,tecnico,precio,208.759995,,USD,2026-07-23,2026-09-04T20:00:39Z,Yahoo Finance,2,,,engine/technical/README.md,
NVDA,equity,tecnico,precio,206.839996,,USD,2026-07-24,2026-09-04T20:00:39Z,Yahoo Finance,2,,,engine/technical/README.md,
NVDA,equity,tecnico,precio,196.509995,,USD,2026-07-27,2026-09-04T20:00:39Z,Yahoo Finance,2,,,engine/technical/README.md,
NVDA,equity,tecnico,precio,197.009995,,USD,2026-07-28,2026-09-04T20:00:39Z,Yahoo Finance,2,,,engine/technical/README.md,
NVDA,equity,tecnico,precio,190.009995,,USD,2026-07-29,2026-09-04T20:00:39Z,Yahoo Finance,2,,,engine/technical/README.md,
NVDA,equity,tecnico,precio,195.039993,,USD,2026-07-30,2026-09-04T20:00:39Z,Yahoo Finance,2,,,engine/technical/README.md,
NVDA,equity,tecnico,precio,200.75,,USD,2026-07-31,2026-09-04T20:00:39Z,Yahoo Finance,2,,,engine/technical/README.md,
NVDA,equity,tecnico,precio,206.639999,,USD,2026-08-03,2026-09-04T20:00:39Z,Yahoo Finance,2,,,engine/technical/README.md,
NVDA,equity,tecnico,precio,211.940002,,USD,2026-08-04,2026-09-04T20:00:39Z,Yahoo Finance,2,,,engine/technical/README.md,
NVDA,equity,tecnico,precio,219.220001,,USD,2026-08-05,2026-09-04T20:00:39Z,Yahoo Finance,2,,,engine/technical/README.md,
NVDA,equity,tecnico,precio,218.990005,,USD,2026-08-06,2026-09-04T20:00:39Z,Yahoo Finance,2,,,engine/technical/README.md,
NVDA,equity,tecnico,precio,223.960007,,USD,2026-08-07,2026-09-04T20:00:39Z,Yahoo Finance,2,,,engine/technical/README.md,
NVDA,equity,tecnico,precio,217.550003,,USD,2026-08-10,2026-09-04T20:00:39Z,Yahoo Finance,2,,,engine/technical/README.md,
NVDA,equity,tecnico,precio,217.5,,USD,2026-08-11,2026-09-04T20:00:39Z,Yahoo Finance,2,,,engine/technical/README.md,
NVDA,equity,tecnico,precio,224.089996,,USD,2026-08-12,2026-09-04T20:00:39Z,Yahoo Finance,2,,,engine/technical/README.md,
NVDA,equity,tecnico,precio,225.300003,,USD,2026-08-13,2026-09-04T20:00:39Z,Yahoo Finance,2,,,engine/technical/README.md,
NVDA,equity,tecnico,precio,225.160004,,USD,2026-08-14,2026-09-04T20:00:39Z,Yahoo Finance,2,,,engine/technical/README.md,
NVDA,equity,tecnico,precio,225.009995,,USD,2026-08-17,2026-09-04T20:00:39Z,Yahoo Finance,2,,,engine/technical/README.md,
NVDA,equity,tecnico,precio,219.740005,,USD,2026-08-18,2026-09-04T20:00:39Z,Yahoo Finance,2,,,engine/technical/README.md,
NVDA,equity,tecnico,precio,217.559998,,USD,2026-08-19,2026-09-04T20:00:39Z,Yahoo Finance,2,,,engine/technical/README.md,
NVDA,equity,tecnico,precio,216.850006,,USD,2026-08-20,2026-09-04T20:00:39Z,Yahoo Finance,2,,,engine/technical/README.md,
NVDA,equity,tecnico,precio,214.720001,,USD,2026-08-21,2026-09-04T20:00:39Z,Yahoo Finance,2,,,engine/technical/README.md,
NVDA,equity,tecnico,precio,208.479996,,USD,2026-08-24,2026-09-04T20:00:39Z,Yahoo Finance,2,,,engine/technical/README.md,
NVDA,equity,tecnico,precio,213.050003,,USD,2026-08-25,2026-09-04T20:00:39Z,Yahoo Finance,2,,,engine/technical/README.md,
NVDA,equity,tecnico,precio,209.660004,,USD,2026-08-26,2026-09-04T20:00:39Z,Yahoo Finance,2,,,engine/technical/README.md,
NVDA,equity,tecnico,precio,227.979996,,USD,2026-08-27,2026-09-04T20:00:39Z,Yahoo Finance,2,,,engine/technical/README.md,
NVDA,equity,tecnico,precio,217.550003,,USD,2026-08-28,2026-09-04T20:00:39Z,Yahoo Finance,2,,,engine/technical/README.md,
NVDA,equity,tecnico,precio,220.779999,,USD,2026-08-31,2026-09-04T20:00:39Z,Yahoo Finance,2,,,engine/technical/README.md,
NVDA,equity,tecnico,precio,217.440002,,USD,2026-09-01,2026-09-04T20:00:39Z,Yahoo Finance,2,,,engine/technical/README.md,
NVDA,equity,tecnico,precio,224.41,,USD,2026-09-02,2026-09-03T11:40:59Z,Alpha Vantage,2,,,engine/equity/README.md,
NVDA,equity,tecnico,precio,228.449997,,USD,2026-09-03,2026-09-04T20:00:39Z,Yahoo Finance,2,,,engine/technical/README.md,
NVDA,equity,tecnico,precio,230.360001,,USD,2026-09-04,2026-09-04T20:00:39Z,Yahoo Finance,2,,,engine/technical/README.md,
NVDA,equity,tecnico,rsi14,56.1,,indice,2026-01-02,2026-09-04T20:00:39Z,Yahoo Finance,2,,,engine/technical/README.md,
NVDA,equity,tecnico,rsi14,55.0,,indice,2026-01-05,2026-09-04T20:00:39Z,Yahoo Finance,2,,,engine/technical/README.md,
NVDA,equity,tecnico,rsi14,53.7,,indice,2026-01-06,2026-09-04T20:00:39Z,Yahoo Finance,2,,,engine/technical/README.md,
NVDA,equity,tecnico,rsi14,56.1,,indice,2026-01-07,2026-09-04T20:00:39Z,Yahoo Finance,2,,,engine/technical/README.md,
NVDA,equity,tecnico,rsi14,50.0,,indice,2026-01-08,2026-09-04T20:00:39Z,Yahoo Finance,2,,,engine/technical/README.md,
NVDA,equity,tecnico,rsi14,49.7,,indice,2026-01-09,2026-09-04T20:00:39Z,Yahoo Finance,2,,,engine/technical/README.md,
NVDA,equity,tecnico,rsi14,49.8,,indice,2026-01-12,2026-09-04T20:00:39Z,Yahoo Finance,2,,,engine/technical/README.md,
NVDA,equity,tecnico,rsi14,51.2,,indice,2026-01-13,2026-09-04T20:00:39Z,Yahoo Finance,2,,,engine/technical/README.md,
NVDA,equity,tecnico,rsi14,46.9,,indice,2026-01-14,2026-09-04T20:00:39Z,Yahoo Finance,2,,,engine/technical/README.md,
NVDA,equity,tecnico,rsi14,53.2,,indice,2026-01-15,2026-09-04T20:00:39Z,Yahoo Finance,2,,,engine/technical/README.md,
NVDA,equity,tecnico,rsi14,51.8,,indice,2026-01-16,2026-09-04T20:00:39Z,Yahoo Finance,2,,,engine/technical/README.md,
NVDA,equity,tecnico,rsi14,40.4,,indice,2026-01-20,2026-09-04T20:00:39Z,Yahoo Finance,2,,,engine/technical/README.md,
NVDA,equity,tecnico,rsi14,48.3,,indice,2026-01-21,2026-09-04T20:00:39Z,Yahoo Finance,2,,,engine/technical/README.md,
NVDA,equity,tecnico,rsi14,50.3,,indice,2026-01-22,2026-09-04T20:00:39Z,Yahoo Finance,2,,,engine/technical/README.md,
NVDA,equity,tecnico,rsi14,54.0,,indice,2026-01-23,2026-09-04T20:00:39Z,Yahoo Finance,2,,,engine/technical/README.md,
NVDA,equity,tecnico,rsi14,52.2,,indice,2026-01-26,2026-09-04T20:00:39Z,Yahoo Finance,2,,,engine/technical/README.md,
NVDA,equity,tecnico,rsi14,54.9,,indice,2026-01-27,2026-09-04T20:00:39Z,Yahoo Finance,2,,,engine/technical/README.md,
NVDA,equity,tecnico,rsi14,58.6,,indice,2026-01-28,2026-09-04T20:00:39Z,Yahoo Finance,2,,,engine/technical/README.md,
NVDA,equity,tecnico,rsi14,59.8,,indice,2026-01-29,2026-09-04T20:00:39Z,Yahoo Finance,2,,,engine/technical/README.md,
NVDA,equity,tecnico,rsi14,57.3,,indice,2026-01-30,2026-09-04T20:00:39Z,Yahoo Finance,2,,,engine/technical/README.md,
NVDA,equity,tecnico,rsi14,48.8,,indice,2026-02-02,2026-09-04T20:00:39Z,Yahoo Finance,2,,,engine/technical/README.md,
NVDA,equity,tecnico,rsi14,42.3,,indice,2026-02-03,2026-09-04T20:00:39Z,Yahoo Finance,2,,,engine/technical/README.md,
NVDA,equity,tecnico,rsi14,36.3,,indice,2026-02-04,2026-09-04T20:00:39Z,Yahoo Finance,2,,,engine/technical/README.md,
NVDA,equity,tecnico,rsi14,34.3,,indice,2026-02-05,2026-09-04T20:00:39Z,Yahoo Finance,2,,,engine/technical/README.md,
NVDA,equity,tecnico,rsi14,51.1,,indice,2026-02-06,2026-09-04T20:00:39Z,Yahoo Finance,2,,,engine/technical/README.md,
NVDA,equity,tecnico,rsi14,55.4,,indice,2026-02-09,2026-09-04T20:00:39Z,Yahoo Finance,2,,,engine/technical/README.md,
NVDA,equity,tecnico,rsi14,53.7,,indice,2026-02-10,2026-09-04T20:00:39Z,Yahoo Finance,2,,,engine/technical/README.md,
NVDA,equity,tecnico,rsi14,55.2,,indice,2026-02-11,2026-09-04T20:00:39Z,Yahoo Finance,2,,,engine/technical/README.md,
NVDA,equity,tecnico,rsi14,51.6,,indice,2026-02-12,2026-09-04T20:00:39Z,Yahoo Finance,2,,,engine/technical/README.md,
NVDA,equity,tecnico,rsi14,47.3,,indice,2026-02-13,2026-09-04T20:00:39Z,Yahoo Finance,2,,,engine/technical/README.md,
NVDA,equity,tecnico,rsi14,49.7,,indice,2026-02-17,2026-09-04T20:00:39Z,Yahoo Finance,2,,,engine/technical/README.md,
NVDA,equity,tecnico,rsi14,52.9,,indice,2026-02-18,2026-09-04T20:00:39Z,Yahoo Finance,2,,,engine/technical/README.md,
NVDA,equity,tecnico,rsi14,52.8,,indice,2026-02-19,2026-09-04T20:00:39Z,Yahoo Finance,2,,,engine/technical/README.md,
NVDA,equity,tecnico,rsi14,54.9,,indice,2026-02-20,2026-09-04T20:00:39Z,Yahoo Finance,2,,,engine/technical/README.md,
NVDA,equity,tecnico,rsi14,56.8,,indice,2026-02-23,2026-09-04T20:00:39Z,Yahoo Finance,2,,,engine/technical/README.md,
NVDA,equity,tecnico,rsi14,58.2,,indice,2026-02-24,2026-09-04T20:00:39Z,Yahoo Finance,2,,,engine/technical/README.md,
NVDA,equity,tecnico,rsi14,61.0,,indice,2026-02-25,2026-09-04T20:00:39Z,Yahoo Finance,2,,,engine/technical/README.md,
NVDA,equity,tecnico,rsi14,47.4,,indice,2026-02-26,2026-09-04T20:00:39Z,Yahoo Finance,2,,,engine/technical/README.md,
NVDA,equity,tecnico,rsi14,40.3,,indice,2026-02-27,2026-09-04T20:00:39Z,Yahoo Finance,2,,,engine/technical/README.md,
NVDA,equity,tecnico,rsi14,46.2,,indice,2026-03-02,2026-09-04T20:00:39Z,Yahoo Finance,2,,,engine/technical/README.md,
NVDA,equity,tecnico,rsi14,44.1,,indice,2026-03-03,2026-09-04T20:00:39Z,Yahoo Finance,2,,,engine/technical/README.md,
NVDA,equity,tecnico,rsi14,47.3,,indice,2026-03-04,2026-09-04T20:00:39Z,Yahoo Finance,2,,,engine/technical/README.md,
NVDA,equity,tecnico,rsi14,47.7,,indice,2026-03-05,2026-09-04T20:00:39Z,Yahoo Finance,2,,,engine/technical/README.md,
NVDA,equity,tecnico,rsi14,42.4,,indice,2026-03-06,2026-09-04T20:00:39Z,Yahoo Finance,2,,,engine/technical/README.md,
NVDA,equity,tecnico,rsi14,47.8,,indice,2026-03-09,2026-09-04T20:00:39Z,Yahoo Finance,2,,,engine/technical/README.md,
NVDA,equity,tecnico,rsi14,50.0,,indice,2026-03-10,2026-09-04T20:00:39Z,Yahoo Finance,2,,,engine/technical/README.md,
NVDA,equity,tecnico,rsi14,51.4,,indice,2026-03-11,2026-09-04T20:00:39Z,Yahoo Finance,2,,,engine/technical/README.md,
NVDA,equity,tecnico,rsi14,48.2,,indice,2026-03-12,2026-09-04T20:00:39Z,Yahoo Finance,2,,,engine/technical/README.md,
NVDA,equity,tecnico,rsi14,45.2,,indice,2026-03-13,2026-09-04T20:00:39Z,Yahoo Finance,2,,,engine/technical/README.md,
NVDA,equity,tecnico,rsi14,48.7,,indice,2026-03-16,2026-09-04T20:00:39Z,Yahoo Finance,2,,,engine/technical/README.md,
NVDA,equity,tecnico,rsi14,47.3,,indice,2026-03-17,2026-09-04T20:00:39Z,Yahoo Finance,2,,,engine/technical/README.md,
NVDA,equity,tecnico,rsi14,45.6,,indice,2026-03-18,2026-09-04T20:00:39Z,Yahoo Finance,2,,,engine/technical/README.md,
NVDA,equity,tecnico,rsi14,43.6,,indice,2026-03-19,2026-09-04T20:00:39Z,Yahoo Finance,2,,,engine/technical/README.md,
NVDA,equity,tecnico,rsi14,37.8,,indice,2026-03-20,2026-09-04T20:00:39Z,Yahoo Finance,2,,,engine/technical/README.md,
NVDA,equity,tecnico,rsi14,42.0,,indice,2026-03-23,2026-09-04T20:00:39Z,Yahoo Finance,2,,,engine/technical/README.md,
NVDA,equity,tecnico,rsi14,41.5,,indice,2026-03-24,2026-09-04T20:00:39Z,Yahoo Finance,2,,,engine/technical/README.md,
NVDA,equity,tecnico,rsi14,46.4,,indice,2026-03-25,2026-09-04T20:00:39Z,Yahoo Finance,2,,,engine/technical/README.md,
NVDA,equity,tecnico,rsi14,38.9,,indice,2026-03-26,2026-09-04T20:00:39Z,Yahoo Finance,2,,,engine/technical/README.md,
NVDA,equity,tecnico,rsi14,35.8,,indice,2026-03-27,2026-09-04T20:00:39Z,Yahoo Finance,2,,,engine/technical/README.md,
NVDA,equity,tecnico,rsi14,34.0,,indice,2026-03-30,2026-09-04T20:00:39Z,Yahoo Finance,2,,,engine/technical/README.md,
NVDA,equity,tecnico,rsi14,45.8,,indice,2026-03-31,2026-09-04T20:00:39Z,Yahoo Finance,2,,,engine/technical/README.md,
NVDA,equity,tecnico,rsi14,47.3,,indice,2026-04-01,2026-09-04T20:00:39Z,Yahoo Finance,2,,,engine/technical/README.md,
NVDA,equity,tecnico,rsi14,49.1,,indice,2026-04-02,2026-09-04T20:00:39Z,Yahoo Finance,2,,,engine/technical/README.md,
NVDA,equity,tecnico,rsi14,49.4,,indice,2026-04-06,2026-09-04T20:00:39Z,Yahoo Finance,2,,,engine/technical/README.md,
NVDA,equity,tecnico,rsi14,49.9,,indice,2026-04-07,2026-09-04T20:00:39Z,Yahoo Finance,2,,,engine/technical/README.md,
NVDA,equity,tecnico,rsi14,54.6,,indice,2026-04-08,2026-09-04T20:00:39Z,Yahoo Finance,2,,,engine/technical/README.md,
NVDA,equity,tecnico,rsi14,56.6,,indice,2026-04-09,2026-09-04T20:00:39Z,Yahoo Finance,2,,,engine/technical/README.md,
NVDA,equity,tecnico,rsi14,61.3,,indice,2026-04-10,2026-09-04T20:00:39Z,Yahoo Finance,2,,,engine/technical/README.md,
NVDA,equity,tecnico,rsi14,62.0,,indice,2026-04-13,2026-09-04T20:00:39Z,Yahoo Finance,2,,,engine/technical/README.md,
NVDA,equity,tecnico,rsi14,68.1,,indice,2026-04-14,2026-09-04T20:00:39Z,Yahoo Finance,2,,,engine/technical/README.md,
NVDA,equity,tecnico,rsi14,69.8,,indice,2026-04-15,2026-09-04T20:00:39Z,Yahoo Finance,2,,,engine/technical/README.md,
NVDA,equity,tecnico,rsi14,68.9,,indice,2026-04-16,2026-09-04T20:00:39Z,Yahoo Finance,2,,,engine/technical/README.md,
NVDA,equity,tecnico,rsi14,71.4,,indice,2026-04-17,2026-09-04T20:00:39Z,Yahoo Finance,2,,,engine/technical/README.md,
NVDA,equity,tecnico,rsi14,71.6,,indice,2026-04-20,2026-09-04T20:00:39Z,Yahoo Finance,2,,,engine/technical/README.md,
NVDA,equity,tecnico,rsi14,67.6,,indice,2026-04-21,2026-09-04T20:00:39Z,Yahoo Finance,2,,,engine/technical/README.md,
NVDA,equity,tecnico,rsi14,69.8,,indice,2026-04-22,2026-09-04T20:00:39Z,Yahoo Finance,2,,,engine/technical/README.md,
NVDA,equity,tecnico,rsi14,64.6,,indice,2026-04-23,2026-09-04T20:00:39Z,Yahoo Finance,2,,,engine/technical/README.md,
NVDA,equity,tecnico,rsi14,71.5,,indice,2026-04-24,2026-09-04T20:00:39Z,Yahoo Finance,2,,,engine/technical/README.md,
NVDA,equity,tecnico,rsi14,76.3,,indice,2026-04-27,2026-09-04T20:00:39Z,Yahoo Finance,2,,,engine/technical/README.md,
NVDA,equity,tecnico,rsi14,71.0,,indice,2026-04-28,2026-09-04T20:00:39Z,Yahoo Finance,2,,,engine/technical/README.md,
NVDA,equity,tecnico,rsi14,65.4,,indice,2026-04-29,2026-09-04T20:00:39Z,Yahoo Finance,2,,,engine/technical/README.md,
NVDA,equity,tecnico,rsi14,54.1,,indice,2026-04-30,2026-09-04T20:00:39Z,Yahoo Finance,2,,,engine/technical/README.md,
NVDA,equity,tecnico,rsi14,53.0,,indice,2026-05-01,2026-09-04T20:00:39Z,Yahoo Finance,2,,,engine/technical/README.md,
NVDA,equity,tecnico,rsi14,53.0,,indice,2026-05-04,2026-09-04T20:00:39Z,Yahoo Finance,2,,,engine/technical/README.md,
NVDA,equity,tecnico,rsi14,50.8,,indice,2026-05-05,2026-09-04T20:00:39Z,Yahoo Finance,2,,,engine/technical/README.md,
NVDA,equity,tecnico,rsi14,60.8,,indice,2026-05-06,2026-09-04T20:00:39Z,Yahoo Finance,2,,,engine/technical/README.md,
NVDA,equity,tecnico,rsi14,63.4,,indice,2026-05-07,2026-09-04T20:00:39Z,Yahoo Finance,2,,,engine/technical/README.md,
NVDA,equity,tecnico,rsi14,65.9,,indice,2026-05-08,2026-09-04T20:00:39Z,Yahoo Finance,2,,,engine/technical/README.md,
NVDA,equity,tecnico,rsi14,68.5,,indice,2026-05-11,2026-09-04T20:00:39Z,Yahoo Finance,2,,,engine/technical/README.md,
NVDA,equity,tecnico,rsi14,69.3,,indice,2026-05-12,2026-09-04T20:00:39Z,Yahoo Finance,2,,,engine/technical/README.md,
NVDA,equity,tecnico,rsi14,72.1,,indice,2026-05-13,2026-09-04T20:00:39Z,Yahoo Finance,2,,,engine/technical/README.md,
NVDA,equity,tecnico,rsi14,76.7,,indice,2026-05-14,2026-09-04T20:00:39Z,Yahoo Finance,2,,,engine/technical/README.md,
NVDA,equity,tecnico,rsi14,64.7,,indice,2026-05-15,2026-09-04T20:00:39Z,Yahoo Finance,2,,,engine/technical/README.md,
NVDA,equity,tecnico,rsi14,61.7,,indice,2026-05-18,2026-09-04T20:00:39Z,Yahoo Finance,2,,,engine/technical/README.md,
NVDA,equity,tecnico,rsi14,59.9,,indice,2026-05-19,2026-09-04T20:00:39Z,Yahoo Finance,2,,,engine/technical/README.md,
NVDA,equity,tecnico,rsi14,61.9,,indice,2026-05-20,2026-09-04T20:00:39Z,Yahoo Finance,2,,,engine/technical/README.md,
NVDA,equity,tecnico,rsi14,57.8,,indice,2026-05-21,2026-09-04T20:00:39Z,Yahoo Finance,2,,,engine/technical/README.md,
NVDA,equity,tecnico,rsi14,53.7,,indice,2026-05-22,2026-09-04T20:00:39Z,Yahoo Finance,2,,,engine/technical/README.md,
NVDA,equity,tecnico,rsi14,53.3,,indice,2026-05-26,2026-09-04T20:00:39Z,Yahoo Finance,2,,,engine/technical/README.md,
NVDA,equity,tecnico,rsi14,51.0,,indice,2026-05-27,2026-09-04T20:00:39Z,Yahoo Finance,2,,,engine/technical/README.md,
NVDA,equity,tecnico,rsi14,52.6,,indice,2026-05-28,2026-09-04T20:00:39Z,Yahoo Finance,2,,,engine/technical/README.md,
NVDA,equity,tecnico,rsi14,49.4,,indice,2026-05-29,2026-09-04T20:00:39Z,Yahoo Finance,2,,,engine/technical/README.md,
NVDA,equity,tecnico,rsi14,60.4,,indice,2026-06-01,2026-09-04T20:00:39Z,Yahoo Finance,2,,,engine/technical/README.md,
NVDA,equity,tecnico,rsi14,58.8,,indice,2026-06-02,2026-09-04T20:00:39Z,Yahoo Finance,2,,,engine/technical/README.md,
NVDA,equity,tecnico,rsi14,51.1,,indice,2026-06-03,2026-09-04T20:00:39Z,Yahoo Finance,2,,,engine/technical/README.md,
NVDA,equity,tecnico,rsi14,54.2,,indice,2026-06-04,2026-09-04T20:00:39Z,Yahoo Finance,2,,,engine/technical/README.md,
NVDA,equity,tecnico,rsi14,43.8,,indice,2026-06-05,2026-09-04T20:00:39Z,Yahoo Finance,2,,,engine/technical/README.md,
NVDA,equity,tecnico,rsi14,46.7,,indice,2026-06-08,2026-09-04T20:00:39Z,Yahoo Finance,2,,,engine/technical/README.md,
NVDA,equity,tecnico,rsi14,46.4,,indice,2026-06-09,2026-09-04T20:00:39Z,Yahoo Finance,2,,,engine/technical/README.md,
NVDA,equity,tecnico,rsi14,41.1,,indice,2026-06-10,2026-09-04T20:00:39Z,Yahoo Finance,2,,,engine/technical/README.md,
NVDA,equity,tecnico,rsi14,45.0,,indice,2026-06-11,2026-09-04T20:00:39Z,Yahoo Finance,2,,,engine/technical/README.md,
NVDA,equity,tecnico,rsi14,45.2,,indice,2026-06-12,2026-09-04T20:00:39Z,Yahoo Finance,2,,,engine/technical/README.md,
NVDA,equity,tecnico,rsi14,51.3,,indice,2026-06-15,2026-09-04T20:00:39Z,Yahoo Finance,2,,,engine/technical/README.md,
NVDA,equity,tecnico,rsi14,47.4,,indice,2026-06-16,2026-09-04T20:00:39Z,Yahoo Finance,2,,,engine/technical/README.md,
NVDA,equity,tecnico,rsi14,45.3,,indice,2026-06-17,2026-09-04T20:00:39Z,Yahoo Finance,2,,,engine/technical/README.md,
NVDA,equity,tecnico,rsi14,50.4,,indice,2026-06-18,2026-09-04T20:00:39Z,Yahoo Finance,2,,,engine/technical/README.md,
NVDA,equity,tecnico,rsi14,48.7,,indice,2026-06-22,2026-09-04T20:00:39Z,Yahoo Finance,2,,,engine/technical/README.md,
NVDA,equity,tecnico,rsi14,42.5,,indice,2026-06-23,2026-09-04T20:00:39Z,Yahoo Finance,2,,,engine/technical/README.md,
NVDA,equity,tecnico,rsi14,41.8,,indice,2026-06-24,2026-09-04T20:00:39Z,Yahoo Finance,2,,,engine/technical/README.md,
NVDA,equity,tecnico,rsi14,39.6,,indice,2026-06-25,2026-09-04T20:00:39Z,Yahoo Finance,2,,,engine/technical/README.md,
NVDA,equity,tecnico,rsi14,37.5,,indice,2026-06-26,2026-09-04T20:00:39Z,Yahoo Finance,2,,,engine/technical/README.md,
NVDA,equity,tecnico,rsi14,40.1,,indice,2026-06-29,2026-09-04T20:00:39Z,Yahoo Finance,2,,,engine/technical/README.md,
NVDA,equity,tecnico,rsi14,45.2,,indice,2026-06-30,2026-09-04T20:00:39Z,Yahoo Finance,2,,,engine/technical/README.md,
NVDA,equity,tecnico,rsi14,43.3,,indice,2026-07-01,2026-09-04T20:00:39Z,Yahoo Finance,2,,,engine/technical/README.md,
NVDA,equity,tecnico,rsi14,41.2,,indice,2026-07-02,2026-09-04T20:00:39Z,Yahoo Finance,2,,,engine/technical/README.md,
NVDA,equity,tecnico,rsi14,42.0,,indice,2026-07-06,2026-09-04T20:00:39Z,Yahoo Finance,2,,,engine/technical/README.md,
NVDA,equity,tecnico,rsi14,43.5,,indice,2026-07-07,2026-09-04T20:00:39Z,Yahoo Finance,2,,,engine/technical/README.md,
NVDA,equity,tecnico,rsi14,51.0,,indice,2026-07-08,2026-09-04T20:00:39Z,Yahoo Finance,2,,,engine/technical/README.md,
NVDA,equity,tecnico,rsi14,49.7,,indice,2026-07-09,2026-09-04T20:00:39Z,Yahoo Finance,2,,,engine/technical/README.md,
NVDA,equity,tecnico,rsi14,57.0,,indice,2026-07-10,2026-09-04T20:00:39Z,Yahoo Finance,2,,,engine/technical/README.md,
NVDA,equity,tecnico,rsi14,49.9,,indice,2026-07-13,2026-09-04T20:00:39Z,Yahoo Finance,2,,,engine/technical/README.md,
NVDA,equity,tecnico,rsi14,56.4,,indice,2026-07-14,2026-09-04T20:00:39Z,Yahoo Finance,2,,,engine/technical/README.md,
NVDA,equity,tecnico,rsi14,56.9,,indice,2026-07-15,2026-09-04T20:00:39Z,Yahoo Finance,2,,,engine/technical/README.md,
NVDA,equity,tecnico,rsi14,52.1,,indice,2026-07-16,2026-09-04T20:00:39Z,Yahoo Finance,2,,,engine/technical/README.md,
NVDA,equity,tecnico,rsi14,48.2,,indice,2026-07-17,2026-09-04T20:00:39Z,Yahoo Finance,2,,,engine/technical/README.md,
NVDA,equity,tecnico,rsi14,48.6,,indice,2026-07-20,2026-09-04T20:00:39Z,Yahoo Finance,2,,,engine/technical/README.md,
NVDA,equity,tecnico,rsi14,52.2,,indice,2026-07-21,2026-09-04T20:00:39Z,Yahoo Finance,2,,,engine/technical/README.md,
NVDA,equity,tecnico,rsi14,56.2,,indice,2026-07-22,2026-09-04T20:00:39Z,Yahoo Finance,2,,,engine/technical/README.md,
NVDA,equity,tecnico,rsi14,52.9,,indice,2026-07-23,2026-09-04T20:00:39Z,Yahoo Finance,2,,,engine/technical/README.md,
NVDA,equity,tecnico,rsi14,51.1,,indice,2026-07-24,2026-09-04T20:00:39Z,Yahoo Finance,2,,,engine/technical/README.md,
NVDA,equity,tecnico,rsi14,42.4,,indice,2026-07-27,2026-09-04T20:00:39Z,Yahoo Finance,2,,,engine/technical/README.md,
NVDA,equity,tecnico,rsi14,42.9,,indice,2026-07-28,2026-09-04T20:00:39Z,Yahoo Finance,2,,,engine/technical/README.md,
NVDA,equity,tecnico,rsi14,38.0,,indice,2026-07-29,2026-09-04T20:00:39Z,Yahoo Finance,2,,,engine/technical/README.md,
NVDA,equity,tecnico,rsi14,43.1,,indice,2026-07-30,2026-09-04T20:00:39Z,Yahoo Finance,2,,,engine/technical/README.md,
NVDA,equity,tecnico,rsi14,48.3,,indice,2026-07-31,2026-09-04T20:00:39Z,Yahoo Finance,2,,,engine/technical/README.md,
NVDA,equity,tecnico,rsi14,53.1,,indice,2026-08-03,2026-09-04T20:00:39Z,Yahoo Finance,2,,,engine/technical/README.md,
NVDA,equity,tecnico,rsi14,56.9,,indice,2026-08-04,2026-09-04T20:00:39Z,Yahoo Finance,2,,,engine/technical/README.md,
NVDA,equity,tecnico,rsi14,61.6,,indice,2026-08-05,2026-09-04T20:00:39Z,Yahoo Finance,2,,,engine/technical/README.md,
NVDA,equity,tecnico,rsi14,61.4,,indice,2026-08-06,2026-09-04T20:00:39Z,Yahoo Finance,2,,,engine/technical/README.md,
NVDA,equity,tecnico,rsi14,64.4,,indice,2026-08-07,2026-09-04T20:00:39Z,Yahoo Finance,2,,,engine/technical/README.md,
NVDA,equity,tecnico,rsi14,58.1,,indice,2026-08-10,2026-09-04T20:00:39Z,Yahoo Finance,2,,,engine/technical/README.md,
NVDA,equity,tecnico,rsi14,58.0,,indice,2026-08-11,2026-09-04T20:00:39Z,Yahoo Finance,2,,,engine/technical/README.md,
NVDA,equity,tecnico,rsi14,62.4,,indice,2026-08-12,2026-09-04T20:00:39Z,Yahoo Finance,2,,,engine/technical/README.md,
NVDA,equity,tecnico,rsi14,63.2,,indice,2026-08-13,2026-09-04T20:00:39Z,Yahoo Finance,2,,,engine/technical/README.md,
NVDA,equity,tecnico,rsi14,63.0,,indice,2026-08-14,2026-09-04T20:00:39Z,Yahoo Finance,2,,,engine/technical/README.md,
NVDA,equity,tecnico,rsi14,62.8,,indice,2026-08-17,2026-09-04T20:00:39Z,Yahoo Finance,2,,,engine/technical/README.md,
NVDA,equity,tecnico,rsi14,56.6,,indice,2026-08-18,2026-09-04T20:00:39Z,Yahoo Finance,2,,,engine/technical/README.md,
NVDA,equity,tecnico,rsi14,54.2,,indice,2026-08-19,2026-09-04T20:00:39Z,Yahoo Finance,2,,,engine/technical/README.md,
NVDA,equity,tecnico,rsi14,53.4,,indice,2026-08-20,2026-09-04T20:00:39Z,Yahoo Finance,2,,,engine/technical/README.md,
NVDA,equity,tecnico,rsi14,51.0,,indice,2026-08-21,2026-09-04T20:00:39Z,Yahoo Finance,2,,,engine/technical/README.md,
NVDA,equity,tecnico,rsi14,44.7,,indice,2026-08-24,2026-09-04T20:00:39Z,Yahoo Finance,2,,,engine/technical/README.md,
NVDA,equity,tecnico,rsi14,49.6,,indice,2026-08-25,2026-09-04T20:00:39Z,Yahoo Finance,2,,,engine/technical/README.md,
NVDA,equity,tecnico,rsi14,46.3,,indice,2026-08-26,2026-09-04T20:00:39Z,Yahoo Finance,2,,,engine/technical/README.md,
NVDA,equity,tecnico,rsi14,61.3,,indice,2026-08-27,2026-09-04T20:00:39Z,Yahoo Finance,2,,,engine/technical/README.md,
NVDA,equity,tecnico,rsi14,52.3,,indice,2026-08-28,2026-09-04T20:00:39Z,Yahoo Finance,2,,,engine/technical/README.md,
NVDA,equity,tecnico,rsi14,54.6,,indice,2026-08-31,2026-09-04T20:00:39Z,Yahoo Finance,2,,,engine/technical/README.md,
NVDA,equity,tecnico,rsi14,51.9,,indice,2026-09-01,2026-09-04T20:00:39Z,Yahoo Finance,2,,,engine/technical/README.md,
NVDA,equity,tecnico,rsi14,59.2,,indice,2026-09-03,2026-09-04T20:00:39Z,Yahoo Finance,2,,,engine/technical/README.md,
NVDA,equity,tecnico,rsi14,60.4,,indice,2026-09-04,2026-09-04T20:00:39Z,Yahoo Finance,2,,,engine/technical/README.md,
NVDA,equity,tecnico,sma100,183.031301,,USD,2026-01-02,2026-09-04T20:00:39Z,Yahoo Finance,2,,,engine/technical/README.md,
NVDA,equity,tecnico,sma100,183.080901,,USD,2026-01-05,2026-09-04T20:00:39Z,Yahoo Finance,2,,,engine/technical/README.md,
NVDA,equity,tecnico,sma100,183.137401,,USD,2026-01-06,2026-09-04T20:00:39Z,Yahoo Finance,2,,,engine/technical/README.md,
NVDA,equity,tecnico,sma100,183.208301,,USD,2026-01-07,2026-09-04T20:00:39Z,Yahoo Finance,2,,,engine/technical/README.md,
NVDA,equity,tecnico,sma100,183.254201,,USD,2026-01-08,2026-09-04T20:00:39Z,Yahoo Finance,2,,,engine/technical/README.md,
NVDA,equity,tecnico,sma100,183.282701,,USD,2026-01-09,2026-09-04T20:00:39Z,Yahoo Finance,2,,,engine/technical/README.md,
NVDA,equity,tecnico,sma100,183.375701,,USD,2026-01-12,2026-09-04T20:00:39Z,Yahoo Finance,2,,,engine/technical/README.md,
NVDA,equity,tecnico,sma100,183.479801,,USD,2026-01-13,2026-09-04T20:00:39Z,Yahoo Finance,2,,,engine/technical/README.md,
NVDA,equity,tecnico,sma100,183.561401,,USD,2026-01-14,2026-09-04T20:00:39Z,Yahoo Finance,2,,,engine/technical/README.md,
NVDA,equity,tecnico,sma100,183.652001,,USD,2026-01-15,2026-09-04T20:00:39Z,Yahoo Finance,2,,,engine/technical/README.md,
NVDA,equity,tecnico,sma100,183.716201,,USD,2026-01-16,2026-09-04T20:00:39Z,Yahoo Finance,2,,,engine/technical/README.md,
NVDA,equity,tecnico,sma100,183.679201,,USD,2026-01-20,2026-09-04T20:00:39Z,Yahoo Finance,2,,,engine/technical/README.md,
NVDA,equity,tecnico,sma100,183.696401,,USD,2026-01-21,2026-09-04T20:00:39Z,Yahoo Finance,2,,,engine/technical/README.md,
NVDA,equity,tecnico,sma100,183.743101,,USD,2026-01-22,2026-09-04T20:00:39Z,Yahoo Finance,2,,,engine/technical/README.md,
NVDA,equity,tecnico,sma100,183.878001,,USD,2026-01-23,2026-09-04T20:00:39Z,Yahoo Finance,2,,,engine/technical/README.md,
NVDA,equity,tecnico,sma100,184.034901,,USD,2026-01-26,2026-09-04T20:00:39Z,Yahoo Finance,2,,,engine/technical/README.md,
NVDA,equity,tecnico,sma100,184.213901,,USD,2026-01-27,2026-09-04T20:00:39Z,Yahoo Finance,2,,,engine/technical/README.md,
NVDA,equity,tecnico,sma100,184.412501,,USD,2026-01-28,2026-09-04T20:00:39Z,Yahoo Finance,2,,,engine/technical/README.md,
NVDA,equity,tecnico,sma100,184.667401,,USD,2026-01-29,2026-09-04T20:00:39Z,Yahoo Finance,2,,,engine/technical/README.md,
NVDA,equity,tecnico,sma100,184.895601,,USD,2026-01-30,2026-09-04T20:00:39Z,Yahoo Finance,2,,,engine/technical/README.md,
NVDA,equity,tecnico,sma100,185.044101,,USD,2026-02-02,2026-09-04T20:00:39Z,Yahoo Finance,2,,,engine/technical/README.md,
NVDA,equity,tecnico,sma100,185.074201,,USD,2026-02-03,2026-09-04T20:00:39Z,Yahoo Finance,2,,,engine/technical/README.md,
NVDA,equity,tecnico,sma100,185.044401,,USD,2026-02-04,2026-09-04T20:00:39Z,Yahoo Finance,2,,,engine/technical/README.md,
NVDA,equity,tecnico,sma100,184.985001,,USD,2026-02-05,2026-09-04T20:00:39Z,Yahoo Finance,2,,,engine/technical/README.md,
NVDA,equity,tecnico,sma100,185.061601,,USD,2026-02-06,2026-09-04T20:00:39Z,Yahoo Finance,2,,,engine/technical/README.md,
NVDA,equity,tecnico,sma100,185.213201,,USD,2026-02-09,2026-09-04T20:00:39Z,Yahoo Finance,2,,,engine/technical/README.md,
NVDA,equity,tecnico,sma100,185.395701,,USD,2026-02-10,2026-09-04T20:00:39Z,Yahoo Finance,2,,,engine/technical/README.md,
NVDA,equity,tecnico,sma100,185.533801,,USD,2026-02-11,2026-09-04T20:00:39Z,Yahoo Finance,2,,,engine/technical/README.md,
NVDA,equity,tecnico,sma100,185.636501,,USD,2026-02-12,2026-09-04T20:00:39Z,Yahoo Finance,2,,,engine/technical/README.md,
NVDA,equity,tecnico,sma100,185.628501,,USD,2026-02-13,2026-09-04T20:00:39Z,Yahoo Finance,2,,,engine/technical/README.md,
NVDA,equity,tecnico,sma100,185.693901,,USD,2026-02-17,2026-09-04T20:00:39Z,Yahoo Finance,2,,,engine/technical/README.md,
NVDA,equity,tecnico,sma100,185.804001,,USD,2026-02-18,2026-09-04T20:00:39Z,Yahoo Finance,2,,,engine/technical/README.md,
NVDA,equity,tecnico,sma100,185.906101,,USD,2026-02-19,2026-09-04T20:00:39Z,Yahoo Finance,2,,,engine/technical/README.md,
NVDA,equity,tecnico,sma100,186.022401,,USD,2026-02-20,2026-09-04T20:00:39Z,Yahoo Finance,2,,,engine/technical/README.md,
NVDA,equity,tecnico,sma100,186.119401,,USD,2026-02-23,2026-09-04T20:00:39Z,Yahoo Finance,2,,,engine/technical/README.md,
NVDA,equity,tecnico,sma100,186.182101,,USD,2026-02-24,2026-09-04T20:00:39Z,Yahoo Finance,2,,,engine/technical/README.md,
NVDA,equity,tecnico,sma100,186.265301,,USD,2026-02-25,2026-09-04T20:00:39Z,Yahoo Finance,2,,,engine/technical/README.md,
NVDA,equity,tecnico,sma100,186.225301,,USD,2026-02-26,2026-09-04T20:00:39Z,Yahoo Finance,2,,,engine/technical/README.md,
NVDA,equity,tecnico,sma100,186.121001,,USD,2026-02-27,2026-09-04T20:00:39Z,Yahoo Finance,2,,,engine/technical/README.md,
NVDA,equity,tecnico,sma100,186.090401,,USD,2026-03-02,2026-09-04T20:00:39Z,Yahoo Finance,2,,,engine/technical/README.md,
NVDA,equity,tecnico,sma100,186.040501,,USD,2026-03-03,2026-09-04T20:00:39Z,Yahoo Finance,2,,,engine/technical/README.md,
NVDA,equity,tecnico,sma100,185.979801,,USD,2026-03-04,2026-09-04T20:00:39Z,Yahoo Finance,2,,,engine/technical/README.md,
NVDA,equity,tecnico,sma100,185.887501,,USD,2026-03-05,2026-09-04T20:00:39Z,Yahoo Finance,2,,,engine/technical/README.md,
NVDA,equity,tecnico,sma100,185.834101,,USD,2026-03-06,2026-09-04T20:00:39Z,Yahoo Finance,2,,,engine/technical/README.md,
NVDA,equity,tecnico,sma100,185.777401,,USD,2026-03-09,2026-09-04T20:00:39Z,Yahoo Finance,2,,,engine/technical/README.md,
NVDA,equity,tecnico,sma100,185.824801,,USD,2026-03-10,2026-09-04T20:00:39Z,Yahoo Finance,2,,,engine/technical/README.md,
NVDA,equity,tecnico,sma100,185.886801,,USD,2026-03-11,2026-09-04T20:00:39Z,Yahoo Finance,2,,,engine/technical/README.md,
NVDA,equity,tecnico,sma100,185.900101,,USD,2026-03-12,2026-09-04T20:00:39Z,Yahoo Finance,2,,,engine/technical/README.md,
NVDA,equity,tecnico,sma100,185.870401,,USD,2026-03-13,2026-09-04T20:00:39Z,Yahoo Finance,2,,,engine/technical/README.md,
NVDA,equity,tecnico,sma100,185.876201,,USD,2026-03-16,2026-09-04T20:00:39Z,Yahoo Finance,2,,,engine/technical/README.md,
NVDA,equity,tecnico,sma100,185.883901,,USD,2026-03-17,2026-09-04T20:00:39Z,Yahoo Finance,2,,,engine/technical/README.md,
NVDA,equity,tecnico,sma100,185.885101,,USD,2026-03-18,2026-09-04T20:00:39Z,Yahoo Finance,2,,,engine/technical/README.md,
NVDA,equity,tecnico,sma100,185.8491,,USD,2026-03-19,2026-09-04T20:00:39Z,Yahoo Finance,2,,,engine/technical/README.md,
NVDA,equity,tecnico,sma100,185.713501,,USD,2026-03-20,2026-09-04T20:00:39Z,Yahoo Finance,2,,,engine/technical/README.md,
NVDA,equity,tecnico,sma100,185.555,,USD,2026-03-23,2026-09-04T20:00:39Z,Yahoo Finance,2,,,engine/technical/README.md,
NVDA,equity,tecnico,sma100,185.2967,,USD,2026-03-24,2026-09-04T20:00:39Z,Yahoo Finance,2,,,engine/technical/README.md,
NVDA,equity,tecnico,sma100,185.0131,,USD,2026-03-25,2026-09-04T20:00:39Z,Yahoo Finance,2,,,engine/technical/README.md,
NVDA,equity,tecnico,sma100,184.6966,,USD,2026-03-26,2026-09-04T20:00:39Z,Yahoo Finance,2,,,engine/technical/README.md,
NVDA,equity,tecnico,sma100,184.3469,,USD,2026-03-27,2026-09-04T20:00:39Z,Yahoo Finance,2,,,engine/technical/README.md,
NVDA,equity,tecnico,sma100,183.9298,,USD,2026-03-30,2026-09-04T20:00:39Z,Yahoo Finance,2,,,engine/technical/README.md,
NVDA,equity,tecnico,sma100,183.6869,,USD,2026-03-31,2026-09-04T20:00:39Z,Yahoo Finance,2,,,engine/technical/README.md,
NVDA,equity,tecnico,sma100,183.4923,,USD,2026-04-01,2026-09-04T20:00:39Z,Yahoo Finance,2,,,engine/technical/README.md,
NVDA,equity,tecnico,sma100,183.3854,,USD,2026-04-02,2026-09-04T20:00:39Z,Yahoo Finance,2,,,engine/technical/README.md,
NVDA,equity,tecnico,sma100,183.2803,,USD,2026-04-06,2026-09-04T20:00:39Z,Yahoo Finance,2,,,engine/technical/README.md,
NVDA,equity,tecnico,sma100,183.0708,,USD,2026-04-07,2026-09-04T20:00:39Z,Yahoo Finance,2,,,engine/technical/README.md,
NVDA,equity,tecnico,sma100,182.96,,USD,2026-04-08,2026-09-04T20:00:39Z,Yahoo Finance,2,,,engine/technical/README.md,
NVDA,equity,tecnico,sma100,182.8611,,USD,2026-04-09,2026-09-04T20:00:39Z,Yahoo Finance,2,,,engine/technical/README.md,
NVDA,equity,tecnico,sma100,182.8788,,USD,2026-04-10,2026-09-04T20:00:39Z,Yahoo Finance,2,,,engine/technical/README.md,
NVDA,equity,tecnico,sma100,182.8702,,USD,2026-04-13,2026-09-04T20:00:39Z,Yahoo Finance,2,,,engine/technical/README.md,
NVDA,equity,tecnico,sma100,182.9693,,USD,2026-04-14,2026-09-04T20:00:39Z,Yahoo Finance,2,,,engine/technical/README.md,
NVDA,equity,tecnico,sma100,183.1444,,USD,2026-04-15,2026-09-04T20:00:39Z,Yahoo Finance,2,,,engine/technical/README.md,
NVDA,equity,tecnico,sma100,183.2627,,USD,2026-04-16,2026-09-04T20:00:39Z,Yahoo Finance,2,,,engine/technical/README.md,
NVDA,equity,tecnico,sma100,183.4731,,USD,2026-04-17,2026-09-04T20:00:39Z,Yahoo Finance,2,,,engine/technical/README.md,
NVDA,equity,tecnico,sma100,183.7049,,USD,2026-04-20,2026-09-04T20:00:39Z,Yahoo Finance,2,,,engine/technical/README.md,
NVDA,equity,tecnico,sma100,183.8782,,USD,2026-04-21,2026-09-04T20:00:39Z,Yahoo Finance,2,,,engine/technical/README.md,
NVDA,equity,tecnico,sma100,184.125,,USD,2026-04-22,2026-09-04T20:00:39Z,Yahoo Finance,2,,,engine/technical/README.md,
NVDA,equity,tecnico,sma100,184.3188,,USD,2026-04-23,2026-09-04T20:00:39Z,Yahoo Finance,2,,,engine/technical/README.md,
NVDA,equity,tecnico,sma100,184.6315,,USD,2026-04-24,2026-09-04T20:00:39Z,Yahoo Finance,2,,,engine/technical/README.md,
NVDA,equity,tecnico,sma100,184.9984,,USD,2026-04-27,2026-09-04T20:00:39Z,Yahoo Finance,2,,,engine/technical/README.md,
NVDA,equity,tecnico,sma100,185.3155,,USD,2026-04-28,2026-09-04T20:00:39Z,Yahoo Finance,2,,,engine/technical/README.md,
NVDA,equity,tecnico,sma100,185.6121,,USD,2026-04-29,2026-09-04T20:00:39Z,Yahoo Finance,2,,,engine/technical/README.md,
NVDA,equity,tecnico,sma100,185.774,,USD,2026-04-30,2026-09-04T20:00:39Z,Yahoo Finance,2,,,engine/technical/README.md,
NVDA,equity,tecnico,sma100,185.9344,,USD,2026-05-01,2026-09-04T20:00:39Z,Yahoo Finance,2,,,engine/technical/README.md,
NVDA,equity,tecnico,sma100,186.0637,,USD,2026-05-04,2026-09-04T20:00:39Z,Yahoo Finance,2,,,engine/technical/README.md,
NVDA,equity,tecnico,sma100,186.179,,USD,2026-05-05,2026-09-04T20:00:39Z,Yahoo Finance,2,,,engine/technical/README.md,
NVDA,equity,tecnico,sma100,186.4195,,USD,2026-05-06,2026-09-04T20:00:39Z,Yahoo Finance,2,,,engine/technical/README.md,
NVDA,equity,tecnico,sma100,186.7252,,USD,2026-05-07,2026-09-04T20:00:39Z,Yahoo Finance,2,,,engine/technical/README.md,
NVDA,equity,tecnico,sma100,187.127,,USD,2026-05-08,2026-09-04T20:00:39Z,Yahoo Finance,2,,,engine/technical/README.md,
NVDA,equity,tecnico,sma100,187.5585,,USD,2026-05-11,2026-09-04T20:00:39Z,Yahoo Finance,2,,,engine/technical/README.md,
NVDA,equity,tecnico,sma100,187.9891,,USD,2026-05-12,2026-09-04T20:00:39Z,Yahoo Finance,2,,,engine/technical/README.md,
NVDA,equity,tecnico,sma100,188.538,,USD,2026-05-13,2026-09-04T20:00:39Z,Yahoo Finance,2,,,engine/technical/README.md,
NVDA,equity,tecnico,sma100,189.154,,USD,2026-05-14,2026-09-04T20:00:39Z,Yahoo Finance,2,,,engine/technical/README.md,
NVDA,equity,tecnico,sma100,189.5973,,USD,2026-05-15,2026-09-04T20:00:39Z,Yahoo Finance,2,,,engine/technical/README.md,
NVDA,equity,tecnico,sma100,189.9836,,USD,2026-05-18,2026-09-04T20:00:39Z,Yahoo Finance,2,,,engine/technical/README.md,
NVDA,equity,tecnico,sma100,190.2976,,USD,2026-05-19,2026-09-04T20:00:39Z,Yahoo Finance,2,,,engine/technical/README.md,
NVDA,equity,tecnico,sma100,190.6462,,USD,2026-05-20,2026-09-04T20:00:39Z,Yahoo Finance,2,,,engine/technical/README.md,
NVDA,equity,tecnico,sma100,190.936,,USD,2026-05-21,2026-09-04T20:00:39Z,Yahoo Finance,2,,,engine/technical/README.md,
NVDA,equity,tecnico,sma100,191.2071,,USD,2026-05-22,2026-09-04T20:00:39Z,Yahoo Finance,2,,,engine/technical/README.md,
NVDA,equity,tecnico,sma100,191.4803,,USD,2026-05-26,2026-09-04T20:00:39Z,Yahoo Finance,2,,,engine/technical/README.md,
NVDA,equity,tecnico,sma100,191.7413,,USD,2026-05-27,2026-09-04T20:00:39Z,Yahoo Finance,2,,,engine/technical/README.md,
NVDA,equity,tecnico,sma100,191.9953,,USD,2026-05-28,2026-09-04T20:00:39Z,Yahoo Finance,2,,,engine/technical/README.md,
NVDA,equity,tecnico,sma100,192.2255,,USD,2026-05-29,2026-09-04T20:00:39Z,Yahoo Finance,2,,,engine/technical/README.md,
NVDA,equity,tecnico,sma100,192.5967,,USD,2026-06-01,2026-09-04T20:00:39Z,Yahoo Finance,2,,,engine/technical/README.md,
NVDA,equity,tecnico,sma100,192.9338,,USD,2026-06-02,2026-09-04T20:00:39Z,Yahoo Finance,2,,,engine/technical/README.md,
NVDA,equity,tecnico,sma100,193.2309,,USD,2026-06-03,2026-09-04T20:00:39Z,Yahoo Finance,2,,,engine/technical/README.md,
NVDA,equity,tecnico,sma100,193.5689,,USD,2026-06-04,2026-09-04T20:00:39Z,Yahoo Finance,2,,,engine/technical/README.md,
NVDA,equity,tecnico,sma100,193.7705,,USD,2026-06-05,2026-09-04T20:00:39Z,Yahoo Finance,2,,,engine/technical/README.md,
NVDA,equity,tecnico,sma100,193.9988,,USD,2026-06-08,2026-09-04T20:00:39Z,Yahoo Finance,2,,,engine/technical/README.md,
NVDA,equity,tecnico,sma100,194.2493,,USD,2026-06-09,2026-09-04T20:00:39Z,Yahoo Finance,2,,,engine/technical/README.md,
NVDA,equity,tecnico,sma100,194.383,,USD,2026-06-10,2026-09-04T20:00:39Z,Yahoo Finance,2,,,engine/technical/README.md,
NVDA,equity,tecnico,sma100,194.5694,,USD,2026-06-11,2026-09-04T20:00:39Z,Yahoo Finance,2,,,engine/technical/README.md,
NVDA,equity,tecnico,sma100,194.8406,,USD,2026-06-12,2026-09-04T20:00:39Z,Yahoo Finance,2,,,engine/technical/README.md,
NVDA,equity,tecnico,sma100,195.1319,,USD,2026-06-15,2026-09-04T20:00:39Z,Yahoo Finance,2,,,engine/technical/README.md,
NVDA,equity,tecnico,sma100,195.3576,,USD,2026-06-16,2026-09-04T20:00:39Z,Yahoo Finance,2,,,engine/technical/README.md,
NVDA,equity,tecnico,sma100,195.5274,,USD,2026-06-17,2026-09-04T20:00:39Z,Yahoo Finance,2,,,engine/technical/README.md,
NVDA,equity,tecnico,sma100,195.7696,,USD,2026-06-18,2026-09-04T20:00:39Z,Yahoo Finance,2,,,engine/technical/README.md,
NVDA,equity,tecnico,sma100,195.9709,,USD,2026-06-22,2026-09-04T20:00:39Z,Yahoo Finance,2,,,engine/technical/README.md,
NVDA,equity,tecnico,sma100,196.0561,,USD,2026-06-23,2026-09-04T20:00:39Z,Yahoo Finance,2,,,engine/technical/README.md,
NVDA,equity,tecnico,sma100,196.121,,USD,2026-06-24,2026-09-04T20:00:39Z,Yahoo Finance,2,,,engine/technical/README.md,
NVDA,equity,tecnico,sma100,196.1671,,USD,2026-06-25,2026-09-04T20:00:39Z,Yahoo Finance,2,,,engine/technical/README.md,
NVDA,equity,tecnico,sma100,196.2363,,USD,2026-06-26,2026-09-04T20:00:39Z,Yahoo Finance,2,,,engine/technical/README.md,
NVDA,equity,tecnico,sma100,196.3826,,USD,2026-06-29,2026-09-04T20:00:39Z,Yahoo Finance,2,,,engine/technical/README.md,
NVDA,equity,tecnico,sma100,196.6416,,USD,2026-06-30,2026-09-04T20:00:39Z,Yahoo Finance,2,,,engine/technical/README.md,
NVDA,equity,tecnico,sma100,196.8986,,USD,2026-07-01,2026-09-04T20:00:39Z,Yahoo Finance,2,,,engine/technical/README.md,
NVDA,equity,tecnico,sma100,196.9928,,USD,2026-07-02,2026-09-04T20:00:39Z,Yahoo Finance,2,,,engine/technical/README.md,
NVDA,equity,tecnico,sma100,197.0479,,USD,2026-07-06,2026-09-04T20:00:39Z,Yahoo Finance,2,,,engine/technical/README.md,
NVDA,equity,tecnico,sma100,197.1318,,USD,2026-07-07,2026-09-04T20:00:39Z,Yahoo Finance,2,,,engine/technical/README.md,
NVDA,equity,tecnico,sma100,197.2725,,USD,2026-07-08,2026-09-04T20:00:39Z,Yahoo Finance,2,,,engine/technical/README.md,
NVDA,equity,tecnico,sma100,197.4309,,USD,2026-07-09,2026-09-04T20:00:39Z,Yahoo Finance,2,,,engine/technical/README.md,
NVDA,equity,tecnico,sma100,197.7124,,USD,2026-07-10,2026-09-04T20:00:39Z,Yahoo Finance,2,,,engine/technical/README.md,
NVDA,equity,tecnico,sma100,197.898,,USD,2026-07-13,2026-09-04T20:00:39Z,Yahoo Finance,2,,,engine/technical/README.md,
NVDA,equity,tecnico,sma100,198.1362,,USD,2026-07-14,2026-09-04T20:00:39Z,Yahoo Finance,2,,,engine/technical/README.md,
NVDA,equity,tecnico,sma100,198.3822,,USD,2026-07-15,2026-09-04T20:00:39Z,Yahoo Finance,2,,,engine/technical/README.md,
NVDA,equity,tecnico,sma100,198.558,,USD,2026-07-16,2026-09-04T20:00:39Z,Yahoo Finance,2,,,engine/technical/README.md,
NVDA,equity,tecnico,sma100,198.6706,,USD,2026-07-17,2026-09-04T20:00:39Z,Yahoo Finance,2,,,engine/technical/README.md,
NVDA,equity,tecnico,sma100,198.7749,,USD,2026-07-20,2026-09-04T20:00:39Z,Yahoo Finance,2,,,engine/technical/README.md,
NVDA,equity,tecnico,sma100,198.8922,,USD,2026-07-21,2026-09-04T20:00:39Z,Yahoo Finance,2,,,engine/technical/README.md,
NVDA,equity,tecnico,sma100,199.1639,,USD,2026-07-22,2026-09-04T20:00:39Z,Yahoo Finance,2,,,engine/technical/README.md,
NVDA,equity,tecnico,sma100,199.4796,,USD,2026-07-23,2026-09-04T20:00:39Z,Yahoo Finance,2,,,engine/technical/README.md,
NVDA,equity,tecnico,sma100,199.7232,,USD,2026-07-24,2026-09-04T20:00:39Z,Yahoo Finance,2,,,engine/technical/README.md,
NVDA,equity,tecnico,sma100,199.8878,,USD,2026-07-27,2026-09-04T20:00:39Z,Yahoo Finance,2,,,engine/technical/README.md,
NVDA,equity,tecnico,sma100,200.0275,,USD,2026-07-28,2026-09-04T20:00:39Z,Yahoo Finance,2,,,engine/technical/README.md,
NVDA,equity,tecnico,sma100,200.0942,,USD,2026-07-29,2026-09-04T20:00:39Z,Yahoo Finance,2,,,engine/technical/README.md,
NVDA,equity,tecnico,sma100,200.2664,,USD,2026-07-30,2026-09-04T20:00:39Z,Yahoo Finance,2,,,engine/technical/README.md,
NVDA,equity,tecnico,sma100,200.4474,,USD,2026-07-31,2026-09-04T20:00:39Z,Yahoo Finance,2,,,engine/technical/README.md,
NVDA,equity,tecnico,sma100,200.6661,,USD,2026-08-03,2026-09-04T20:00:39Z,Yahoo Finance,2,,,engine/technical/README.md,
NVDA,equity,tecnico,sma100,200.9252,,USD,2026-08-04,2026-09-04T20:00:39Z,Yahoo Finance,2,,,engine/technical/README.md,
NVDA,equity,tecnico,sma100,201.286,,USD,2026-08-05,2026-09-04T20:00:39Z,Yahoo Finance,2,,,engine/technical/README.md,
NVDA,equity,tecnico,sma100,201.6734,,USD,2026-08-06,2026-09-04T20:00:39Z,Yahoo Finance,2,,,engine/technical/README.md,
NVDA,equity,tecnico,sma100,202.0808,,USD,2026-08-07,2026-09-04T20:00:39Z,Yahoo Finance,2,,,engine/technical/README.md,
NVDA,equity,tecnico,sma100,202.437,,USD,2026-08-10,2026-09-04T20:00:39Z,Yahoo Finance,2,,,engine/technical/README.md,
NVDA,equity,tecnico,sma100,202.808,,USD,2026-08-11,2026-09-04T20:00:39Z,Yahoo Finance,2,,,engine/technical/README.md,
NVDA,equity,tecnico,sma100,203.2633,,USD,2026-08-12,2026-09-04T20:00:39Z,Yahoo Finance,2,,,engine/technical/README.md,
NVDA,equity,tecnico,sma100,203.7893,,USD,2026-08-13,2026-09-04T20:00:39Z,Yahoo Finance,2,,,engine/technical/README.md,
NVDA,equity,tecnico,sma100,204.2845,,USD,2026-08-14,2026-09-04T20:00:39Z,Yahoo Finance,2,,,engine/technical/README.md,
NVDA,equity,tecnico,sma100,204.7826,,USD,2026-08-17,2026-09-04T20:00:39Z,Yahoo Finance,2,,,engine/technical/README.md,
NVDA,equity,tecnico,sma100,205.1932,,USD,2026-08-18,2026-09-04T20:00:39Z,Yahoo Finance,2,,,engine/technical/README.md,
NVDA,equity,tecnico,sma100,205.6564,,USD,2026-08-19,2026-09-04T20:00:39Z,Yahoo Finance,2,,,engine/technical/README.md,
NVDA,equity,tecnico,sma100,206.1497,,USD,2026-08-20,2026-09-04T20:00:39Z,Yahoo Finance,2,,,engine/technical/README.md,
NVDA,equity,tecnico,sma100,206.6452,,USD,2026-08-21,2026-09-04T20:00:39Z,Yahoo Finance,2,,,engine/technical/README.md,
NVDA,equity,tecnico,sma100,206.986,,USD,2026-08-24,2026-09-04T20:00:39Z,Yahoo Finance,2,,,engine/technical/README.md,
NVDA,equity,tecnico,sma100,207.359,,USD,2026-08-25,2026-09-04T20:00:39Z,Yahoo Finance,2,,,engine/technical/README.md,
NVDA,equity,tecnico,sma100,207.6817,,USD,2026-08-26,2026-09-04T20:00:39Z,Yahoo Finance,2,,,engine/technical/README.md,
NVDA,equity,tecnico,sma100,208.1851,,USD,2026-08-27,2026-09-04T20:00:39Z,Yahoo Finance,2,,,engine/technical/README.md,
NVDA,equity,tecnico,sma100,208.5796,,USD,2026-08-28,2026-09-04T20:00:39Z,Yahoo Finance,2,,,engine/technical/README.md,
NVDA,equity,tecnico,sma100,208.9666,,USD,2026-08-31,2026-09-04T20:00:39Z,Yahoo Finance,2,,,engine/technical/README.md,
NVDA,equity,tecnico,sma100,209.3019,,USD,2026-09-01,2026-09-04T20:00:39Z,Yahoo Finance,2,,,engine/technical/README.md,
NVDA,equity,tecnico,sma100,210.0511,,USD,2026-09-03,2026-09-04T20:00:39Z,Yahoo Finance,2,,,engine/technical/README.md,
NVDA,equity,tecnico,sma100,210.3896,,USD,2026-09-04,2026-09-04T20:00:39Z,Yahoo Finance,2,,,engine/technical/README.md,
NVDA,equity,tecnico,sma20,182.963501,,USD,2026-01-02,2026-09-04T20:00:39Z,Yahoo Finance,2,,,engine/technical/README.md,
NVDA,equity,tecnico,sma20,183.2005,,USD,2026-01-05,2026-09-04T20:00:39Z,Yahoo Finance,2,,,engine/technical/README.md,
NVDA,equity,tecnico,sma20,183.442001,,USD,2026-01-06,2026-09-04T20:00:39Z,Yahoo Finance,2,,,engine/technical/README.md,
NVDA,equity,tecnico,sma20,183.62,,USD,2026-01-07,2026-09-04T20:00:39Z,Yahoo Finance,2,,,engine/technical/README.md,
NVDA,equity,tecnico,sma20,183.6235,,USD,2026-01-08,2026-09-04T20:00:39Z,Yahoo Finance,2,,,engine/technical/README.md,
NVDA,equity,tecnico,sma20,183.6775,,USD,2026-01-09,2026-09-04T20:00:39Z,Yahoo Finance,2,,,engine/technical/README.md,
NVDA,equity,tecnico,sma20,183.878001,,USD,2026-01-12,2026-09-04T20:00:39Z,Yahoo Finance,2,,,engine/technical/README.md,
NVDA,equity,tecnico,sma20,184.4175,,USD,2026-01-13,2026-09-04T20:00:39Z,Yahoo Finance,2,,,engine/technical/README.md,
NVDA,equity,tecnico,sma20,184.760001,,USD,2026-01-14,2026-09-04T20:00:39Z,Yahoo Finance,2,,,engine/technical/README.md,
NVDA,equity,tecnico,sma20,185.226501,,USD,2026-01-15,2026-09-04T20:00:39Z,Yahoo Finance,2,,,engine/technical/README.md,
NVDA,equity,tecnico,sma20,185.991,,USD,2026-01-16,2026-09-04T20:00:39Z,Yahoo Finance,2,,,engine/technical/README.md,
NVDA,equity,tecnico,sma20,186.187501,,USD,2026-01-20,2026-09-04T20:00:39Z,Yahoo Finance,2,,,engine/technical/README.md,
NVDA,equity,tecnico,sma20,186.304001,,USD,2026-01-21,2026-09-04T20:00:39Z,Yahoo Finance,2,,,engine/technical/README.md,
NVDA,equity,tecnico,sma20,186.361501,,USD,2026-01-22,2026-09-04T20:00:39Z,Yahoo Finance,2,,,engine/technical/README.md,
NVDA,equity,tecnico,sma20,186.2845,,USD,2026-01-23,2026-09-04T20:00:39Z,Yahoo Finance,2,,,engine/technical/README.md,
NVDA,equity,tecnico,sma20,186.1775,,USD,2026-01-26,2026-09-04T20:00:39Z,Yahoo Finance,2,,,engine/technical/README.md,
NVDA,equity,tecnico,sma20,186.077,,USD,2026-01-27,2026-09-04T20:00:39Z,Yahoo Finance,2,,,engine/technical/README.md,
NVDA,equity,tecnico,sma20,186.242001,,USD,2026-01-28,2026-09-04T20:00:39Z,Yahoo Finance,2,,,engine/technical/README.md,
NVDA,equity,tecnico,sma20,186.490501,,USD,2026-01-29,2026-09-04T20:00:39Z,Yahoo Finance,2,,,engine/technical/README.md,
NVDA,equity,tecnico,sma20,186.722001,,USD,2026-01-30,2026-09-04T20:00:39Z,Yahoo Finance,2,,,engine/technical/README.md,
NVDA,equity,tecnico,sma20,186.560001,,USD,2026-02-02,2026-09-04T20:00:39Z,Yahoo Finance,2,,,engine/technical/README.md,
NVDA,equity,tecnico,sma20,186.171001,,USD,2026-02-03,2026-09-04T20:00:39Z,Yahoo Finance,2,,,engine/technical/README.md,
NVDA,equity,tecnico,sma20,185.518501,,USD,2026-02-04,2026-09-04T20:00:39Z,Yahoo Finance,2,,,engine/technical/README.md,
NVDA,equity,tecnico,sma20,184.657001,,USD,2026-02-05,2026-09-04T20:00:39Z,Yahoo Finance,2,,,engine/technical/README.md,
NVDA,equity,tecnico,sma20,184.675501,,USD,2026-02-06,2026-09-04T20:00:39Z,Yahoo Finance,2,,,engine/technical/README.md,
NVDA,equity,tecnico,sma20,184.934501,,USD,2026-02-09,2026-09-04T20:00:39Z,Yahoo Finance,2,,,engine/technical/README.md,
NVDA,equity,tecnico,sma20,185.1145,,USD,2026-02-10,2026-09-04T20:00:39Z,Yahoo Finance,2,,,engine/technical/README.md,
NVDA,equity,tecnico,sma20,185.326501,,USD,2026-02-11,2026-09-04T20:00:39Z,Yahoo Finance,2,,,engine/technical/README.md,
NVDA,equity,tecnico,sma20,185.516501,,USD,2026-02-12,2026-09-04T20:00:39Z,Yahoo Finance,2,,,engine/technical/README.md,
NVDA,equity,tecnico,sma20,185.304501,,USD,2026-02-13,2026-09-04T20:00:39Z,Yahoo Finance,2,,,engine/technical/README.md,
NVDA,equity,tecnico,sma20,185.241501,,USD,2026-02-17,2026-09-04T20:00:39Z,Yahoo Finance,2,,,engine/technical/README.md,
NVDA,equity,tecnico,sma20,185.737,,USD,2026-02-18,2026-09-04T20:00:39Z,Yahoo Finance,2,,,engine/technical/README.md,
NVDA,equity,tecnico,sma20,185.966,,USD,2026-02-19,2026-09-04T20:00:39Z,Yahoo Finance,2,,,engine/technical/README.md,
NVDA,equity,tecnico,sma20,186.215,,USD,2026-02-20,2026-09-04T20:00:39Z,Yahoo Finance,2,,,engine/technical/README.md,
NVDA,equity,tecnico,sma20,186.409,,USD,2026-02-23,2026-09-04T20:00:39Z,Yahoo Finance,2,,,engine/technical/README.md,
NVDA,equity,tecnico,sma20,186.728001,,USD,2026-02-24,2026-09-04T20:00:39Z,Yahoo Finance,2,,,engine/technical/README.md,
NVDA,equity,tecnico,sma20,187.08,,USD,2026-02-25,2026-09-04T20:00:39Z,Yahoo Finance,2,,,engine/technical/README.md,
NVDA,equity,tecnico,sma20,186.7485,,USD,2026-02-26,2026-09-04T20:00:39Z,Yahoo Finance,2,,,engine/technical/README.md,
NVDA,equity,tecnico,sma20,185.9825,,USD,2026-02-27,2026-09-04T20:00:39Z,Yahoo Finance,2,,,engine/technical/README.md,
NVDA,equity,tecnico,sma20,185.55,,USD,2026-03-02,2026-09-04T20:00:39Z,Yahoo Finance,2,,,engine/technical/README.md,
NVDA,equity,tecnico,sma20,185.272,,USD,2026-03-03,2026-09-04T20:00:39Z,Yahoo Finance,2,,,engine/technical/README.md,
NVDA,equity,tecnico,sma20,185.407,,USD,2026-03-04,2026-09-04T20:00:39Z,Yahoo Finance,2,,,engine/technical/README.md,
NVDA,equity,tecnico,sma20,185.8645,,USD,2026-03-05,2026-09-04T20:00:39Z,Yahoo Finance,2,,,engine/technical/README.md,
NVDA,equity,tecnico,sma20,186.1615,,USD,2026-03-06,2026-09-04T20:00:39Z,Yahoo Finance,2,,,engine/technical/README.md,
NVDA,equity,tecnico,sma20,186.023499,,USD,2026-03-09,2026-09-04T20:00:39Z,Yahoo Finance,2,,,engine/technical/README.md,
NVDA,equity,tecnico,sma20,185.76,,USD,2026-03-10,2026-09-04T20:00:39Z,Yahoo Finance,2,,,engine/technical/README.md,
NVDA,equity,tecnico,sma20,185.6345,,USD,2026-03-11,2026-09-04T20:00:39Z,Yahoo Finance,2,,,engine/technical/README.md,
NVDA,equity,tecnico,sma20,185.289,,USD,2026-03-12,2026-09-04T20:00:39Z,Yahoo Finance,2,,,engine/technical/README.md,
NVDA,equity,tecnico,sma20,184.9545,,USD,2026-03-13,2026-09-04T20:00:39Z,Yahoo Finance,2,,,engine/technical/README.md,
NVDA,equity,tecnico,sma20,184.975,,USD,2026-03-16,2026-09-04T20:00:39Z,Yahoo Finance,2,,,engine/technical/README.md,
NVDA,equity,tecnico,sma20,184.823,,USD,2026-03-17,2026-09-04T20:00:39Z,Yahoo Finance,2,,,engine/technical/README.md,
NVDA,equity,tecnico,sma20,184.443999,,USD,2026-03-18,2026-09-04T20:00:39Z,Yahoo Finance,2,,,engine/technical/README.md,
NVDA,equity,tecnico,sma20,183.977,,USD,2026-03-19,2026-09-04T20:00:39Z,Yahoo Finance,2,,,engine/technical/README.md,
NVDA,equity,tecnico,sma20,183.120999,,USD,2026-03-20,2026-09-04T20:00:39Z,Yahoo Finance,2,,,engine/technical/README.md,
NVDA,equity,tecnico,sma20,182.325499,,USD,2026-03-23,2026-09-04T20:00:39Z,Yahoo Finance,2,,,engine/technical/README.md,
NVDA,equity,tecnico,sma20,181.442999,,USD,2026-03-24,2026-09-04T20:00:39Z,Yahoo Finance,2,,,engine/technical/README.md,
NVDA,equity,tecnico,sma20,180.598998,,USD,2026-03-25,2026-09-04T20:00:39Z,Yahoo Finance,2,,,engine/technical/README.md,
NVDA,equity,tecnico,sma20,179.916499,,USD,2026-03-26,2026-09-04T20:00:39Z,Yahoo Finance,2,,,engine/technical/README.md,
NVDA,equity,tecnico,sma20,179.432999,,USD,2026-03-27,2026-09-04T20:00:39Z,Yahoo Finance,2,,,engine/technical/README.md,
NVDA,equity,tecnico,sma20,178.567499,,USD,2026-03-30,2026-09-04T20:00:39Z,Yahoo Finance,2,,,engine/technical/README.md,
NVDA,equity,tecnico,sma20,178.284998,,USD,2026-03-31,2026-09-04T20:00:39Z,Yahoo Finance,2,,,engine/technical/README.md,
NVDA,equity,tecnico,sma20,177.920499,,USD,2026-04-01,2026-09-04T20:00:39Z,Yahoo Finance,2,,,engine/technical/README.md,
NVDA,equity,tecnico,sma20,177.622999,,USD,2026-04-02,2026-09-04T20:00:39Z,Yahoo Finance,2,,,engine/technical/README.md,
NVDA,equity,tecnico,sma20,177.613998,,USD,2026-04-06,2026-09-04T20:00:39Z,Yahoo Finance,2,,,engine/technical/README.md,
NVDA,equity,tecnico,sma20,177.386499,,USD,2026-04-07,2026-09-04T20:00:39Z,Yahoo Finance,2,,,engine/technical/README.md,
NVDA,equity,tecnico,sma20,177.251999,,USD,2026-04-08,2026-09-04T20:00:39Z,Yahoo Finance,2,,,engine/technical/README.md,
NVDA,equity,tecnico,sma20,177.145999,,USD,2026-04-09,2026-09-04T20:00:39Z,Yahoo Finance,2,,,engine/technical/README.md,
NVDA,equity,tecnico,sma20,177.420499,,USD,2026-04-10,2026-09-04T20:00:39Z,Yahoo Finance,2,,,engine/technical/README.md,
NVDA,equity,tecnico,sma20,177.873499,,USD,2026-04-13,2026-09-04T20:00:39Z,Yahoo Finance,2,,,engine/technical/README.md,
NVDA,equity,tecnico,sma20,178.537999,,USD,2026-04-14,2026-09-04T20:00:39Z,Yahoo Finance,2,,,engine/technical/README.md,
NVDA,equity,tecnico,sma20,179.384999,,USD,2026-04-15,2026-09-04T20:00:39Z,Yahoo Finance,2,,,engine/technical/README.md,
NVDA,equity,tecnico,sma20,180.2825,,USD,2026-04-16,2026-09-04T20:00:39Z,Yahoo Finance,2,,,engine/technical/README.md,
NVDA,equity,tecnico,sma20,181.438499,,USD,2026-04-17,2026-09-04T20:00:39Z,Yahoo Finance,2,,,engine/technical/README.md,
NVDA,equity,tecnico,sma20,182.906499,,USD,2026-04-20,2026-09-04T20:00:39Z,Yahoo Finance,2,,,engine/technical/README.md,
NVDA,equity,tecnico,sma20,184.1185,,USD,2026-04-21,2026-09-04T20:00:39Z,Yahoo Finance,2,,,engine/technical/README.md,
NVDA,equity,tecnico,sma20,185.4835,,USD,2026-04-22,2026-09-04T20:00:39Z,Yahoo Finance,2,,,engine/technical/README.md,
NVDA,equity,tecnico,sma20,186.5315,,USD,2026-04-23,2026-09-04T20:00:39Z,Yahoo Finance,2,,,engine/technical/README.md,
NVDA,equity,tecnico,sma20,188.383,,USD,2026-04-24,2026-09-04T20:00:39Z,Yahoo Finance,2,,,engine/technical/README.md,
NVDA,equity,tecnico,sma20,190.8375,,USD,2026-04-27,2026-09-04T20:00:39Z,Yahoo Finance,2,,,engine/technical/README.md,
NVDA,equity,tecnico,sma20,193.2375,,USD,2026-04-28,2026-09-04T20:00:39Z,Yahoo Finance,2,,,engine/technical/README.md,
NVDA,equity,tecnico,sma20,194.98,,USD,2026-04-29,2026-09-04T20:00:39Z,Yahoo Finance,2,,,engine/technical/README.md,
NVDA,equity,tecnico,sma20,196.171001,,USD,2026-04-30,2026-09-04T20:00:39Z,Yahoo Finance,2,,,engine/technical/README.md,
NVDA,equity,tecnico,sma20,197.224001,,USD,2026-05-01,2026-09-04T20:00:39Z,Yahoo Finance,2,,,engine/technical/README.md,
NVDA,equity,tecnico,sma20,198.266,,USD,2026-05-04,2026-09-04T20:00:39Z,Yahoo Finance,2,,,engine/technical/README.md,
NVDA,equity,tecnico,sma20,199.186,,USD,2026-05-05,2026-09-04T20:00:39Z,Yahoo Finance,2,,,engine/technical/README.md,
NVDA,equity,tecnico,sma20,200.4735,,USD,2026-05-06,2026-09-04T20:00:39Z,Yahoo Finance,2,,,engine/technical/README.md,
NVDA,equity,tecnico,sma20,201.853,,USD,2026-05-07,2026-09-04T20:00:39Z,Yahoo Finance,2,,,engine/technical/README.md,
NVDA,equity,tecnico,sma20,203.181499,,USD,2026-05-08,2026-09-04T20:00:39Z,Yahoo Finance,2,,,engine/technical/README.md,
NVDA,equity,tecnico,sma20,204.688,,USD,2026-05-11,2026-09-04T20:00:39Z,Yahoo Finance,2,,,engine/technical/README.md,
NVDA,equity,tecnico,sma20,205.9015,,USD,2026-05-12,2026-09-04T20:00:39Z,Yahoo Finance,2,,,engine/technical/README.md,
NVDA,equity,tecnico,sma20,207.2495,,USD,2026-05-13,2026-09-04T20:00:39Z,Yahoo Finance,2,,,engine/technical/README.md,
NVDA,equity,tecnico,sma20,209.119,,USD,2026-05-14,2026-09-04T20:00:39Z,Yahoo Finance,2,,,engine/technical/README.md,
NVDA,equity,tecnico,sma20,210.301001,,USD,2026-05-15,2026-09-04T20:00:39Z,Yahoo Finance,2,,,engine/technical/README.md,
NVDA,equity,tecnico,sma20,211.314001,,USD,2026-05-18,2026-09-04T20:00:39Z,Yahoo Finance,2,,,engine/technical/README.md,
NVDA,equity,tecnico,sma20,212.350501,,USD,2026-05-19,2026-09-04T20:00:39Z,Yahoo Finance,2,,,engine/technical/README.md,
NVDA,equity,tecnico,sma20,213.399001,,USD,2026-05-20,2026-09-04T20:00:39Z,Yahoo Finance,2,,,engine/technical/README.md,
NVDA,equity,tecnico,sma20,214.392501,,USD,2026-05-21,2026-09-04T20:00:39Z,Yahoo Finance,2,,,engine/technical/README.md,
NVDA,equity,tecnico,sma20,214.745501,,USD,2026-05-22,2026-09-04T20:00:39Z,Yahoo Finance,2,,,engine/technical/README.md,
NVDA,equity,tecnico,sma20,214.658001,,USD,2026-05-26,2026-09-04T20:00:39Z,Yahoo Finance,2,,,engine/technical/README.md,
NVDA,equity,tecnico,sma20,214.629501,,USD,2026-05-27,2026-09-04T20:00:39Z,Yahoo Finance,2,,,engine/technical/README.md,
NVDA,equity,tecnico,sma20,214.879501,,USD,2026-05-28,2026-09-04T20:00:39Z,Yahoo Finance,2,,,engine/technical/README.md,
NVDA,equity,tecnico,sma20,215.458001,,USD,2026-05-29,2026-09-04T20:00:39Z,Yahoo Finance,2,,,engine/technical/README.md,
NVDA,equity,tecnico,sma20,216.753501,,USD,2026-06-01,2026-09-04T20:00:39Z,Yahoo Finance,2,,,engine/technical/README.md,
NVDA,equity,tecnico,sma20,217.970502,,USD,2026-06-02,2026-09-04T20:00:39Z,Yahoo Finance,2,,,engine/technical/README.md,
NVDA,equity,tecnico,sma20,218.883002,,USD,2026-06-03,2026-09-04T20:00:39Z,Yahoo Finance,2,,,engine/technical/README.md,
NVDA,equity,tecnico,sma20,219.424502,,USD,2026-06-04,2026-09-04T20:00:39Z,Yahoo Finance,2,,,engine/technical/README.md,
NVDA,equity,tecnico,sma20,219.104502,,USD,2026-06-05,2026-09-04T20:00:39Z,Yahoo Finance,2,,,engine/technical/README.md,
NVDA,equity,tecnico,sma20,218.776502,,USD,2026-06-08,2026-09-04T20:00:39Z,Yahoo Finance,2,,,engine/technical/README.md,
NVDA,equity,tecnico,sma20,218.214002,,USD,2026-06-09,2026-09-04T20:00:39Z,Yahoo Finance,2,,,engine/technical/README.md,
NVDA,equity,tecnico,sma20,217.196002,,USD,2026-06-10,2026-09-04T20:00:39Z,Yahoo Finance,2,,,engine/technical/README.md,
NVDA,equity,tecnico,sma20,216.148002,,USD,2026-06-11,2026-09-04T20:00:39Z,Yahoo Finance,2,,,engine/technical/README.md,
NVDA,equity,tecnico,sma20,214.620502,,USD,2026-06-12,2026-09-04T20:00:39Z,Yahoo Finance,2,,,engine/technical/README.md,
NVDA,equity,tecnico,sma20,213.977001,,USD,2026-06-15,2026-09-04T20:00:39Z,Yahoo Finance,2,,,engine/technical/README.md,
NVDA,equity,tecnico,sma20,213.231501,,USD,2026-06-16,2026-09-04T20:00:39Z,Yahoo Finance,2,,,engine/technical/README.md,
NVDA,equity,tecnico,sma20,212.433501,,USD,2026-06-17,2026-09-04T20:00:39Z,Yahoo Finance,2,,,engine/technical/README.md,
NVDA,equity,tecnico,sma20,211.794501,,USD,2026-06-18,2026-09-04T20:00:39Z,Yahoo Finance,2,,,engine/technical/README.md,
NVDA,equity,tecnico,sma20,211.251501,,USD,2026-06-22,2026-09-04T20:00:39Z,Yahoo Finance,2,,,engine/technical/README.md,
NVDA,equity,tecnico,sma20,210.487,,USD,2026-06-23,2026-09-04T20:00:39Z,Yahoo Finance,2,,,engine/technical/README.md,
NVDA,equity,tecnico,sma20,209.694,,USD,2026-06-24,2026-09-04T20:00:39Z,Yahoo Finance,2,,,engine/technical/README.md,
NVDA,equity,tecnico,sma20,208.851,,USD,2026-06-25,2026-09-04T20:00:39Z,Yahoo Finance,2,,,engine/technical/README.md,
NVDA,equity,tecnico,sma20,207.765,,USD,2026-06-26,2026-09-04T20:00:39Z,Yahoo Finance,2,,,engine/technical/README.md,
NVDA,equity,tecnico,sma20,206.9565,,USD,2026-06-29,2026-09-04T20:00:39Z,Yahoo Finance,2,,,engine/technical/README.md,
NVDA,equity,tecnico,sma20,205.743,,USD,2026-06-30,2026-09-04T20:00:39Z,Yahoo Finance,2,,,engine/technical/README.md,
NVDA,equity,tecnico,sma20,204.481,,USD,2026-07-01,2026-09-04T20:00:39Z,Yahoo Finance,2,,,engine/technical/README.md,
NVDA,equity,tecnico,sma20,203.485,,USD,2026-07-02,2026-09-04T20:00:39Z,Yahoo Finance,2,,,engine/technical/README.md,
NVDA,equity,tecnico,sma20,202.3295,,USD,2026-07-06,2026-09-04T20:00:39Z,Yahoo Finance,2,,,engine/technical/README.md,
NVDA,equity,tecnico,sma20,201.920999,,USD,2026-07-07,2026-09-04T20:00:39Z,Yahoo Finance,2,,,engine/technical/README.md,
NVDA,equity,tecnico,sma20,201.694999,,USD,2026-07-08,2026-09-04T20:00:39Z,Yahoo Finance,2,,,engine/technical/README.md,
NVDA,equity,tecnico,sma20,201.424499,,USD,2026-07-09,2026-09-04T20:00:39Z,Yahoo Finance,2,,,engine/technical/README.md,
NVDA,equity,tecnico,sma20,201.951499,,USD,2026-07-10,2026-09-04T20:00:39Z,Yahoo Finance,2,,,engine/technical/README.md,
NVDA,equity,tecnico,sma20,201.884499,,USD,2026-07-13,2026-09-04T20:00:39Z,Yahoo Finance,2,,,engine/technical/README.md,
NVDA,equity,tecnico,sma20,202.214999,,USD,2026-07-14,2026-09-04T20:00:39Z,Yahoo Finance,2,,,engine/technical/README.md,
NVDA,equity,tecnico,sma20,202.2175,,USD,2026-07-15,2026-09-04T20:00:39Z,Yahoo Finance,2,,,engine/technical/README.md,
NVDA,equity,tecnico,sma20,202.216999,,USD,2026-07-16,2026-09-04T20:00:39Z,Yahoo Finance,2,,,engine/technical/README.md,
NVDA,equity,tecnico,sma20,202.124999,,USD,2026-07-17,2026-09-04T20:00:39Z,Yahoo Finance,2,,,engine/technical/README.md,
NVDA,equity,tecnico,sma20,201.754499,,USD,2026-07-20,2026-09-04T20:00:39Z,Yahoo Finance,2,,,engine/technical/README.md,
NVDA,equity,tecnico,sma20,201.686499,,USD,2026-07-21,2026-09-04T20:00:39Z,Yahoo Finance,2,,,engine/technical/README.md,
NVDA,equity,tecnico,sma20,202.287499,,USD,2026-07-22,2026-09-04T20:00:39Z,Yahoo Finance,2,,,engine/technical/README.md,
NVDA,equity,tecnico,sma20,202.775499,,USD,2026-07-23,2026-09-04T20:00:39Z,Yahoo Finance,2,,,engine/technical/README.md,
NVDA,equity,tecnico,sma20,203.330499,,USD,2026-07-24,2026-09-04T20:00:39Z,Yahoo Finance,2,,,engine/technical/README.md,
NVDA,equity,tecnico,sma20,203.529498,,USD,2026-07-27,2026-09-04T20:00:39Z,Yahoo Finance,2,,,engine/technical/README.md,
NVDA,equity,tecnico,sma20,203.631498,,USD,2026-07-28,2026-09-04T20:00:39Z,Yahoo Finance,2,,,engine/technical/README.md,
NVDA,equity,tecnico,sma20,203.127498,,USD,2026-07-29,2026-09-04T20:00:39Z,Yahoo Finance,2,,,engine/technical/README.md,
NVDA,equity,tecnico,sma20,203.000497,,USD,2026-07-30,2026-09-04T20:00:39Z,Yahoo Finance,2,,,engine/technical/README.md,
NVDA,equity,tecnico,sma20,203.296497,,USD,2026-07-31,2026-09-04T20:00:39Z,Yahoo Finance,2,,,engine/technical/README.md,
NVDA,equity,tecnico,sma20,203.850997,,USD,2026-08-03,2026-09-04T20:00:39Z,Yahoo Finance,2,,,engine/technical/README.md,
NVDA,equity,tecnico,sma20,204.601498,,USD,2026-08-04,2026-09-04T20:00:39Z,Yahoo Finance,2,,,engine/technical/README.md,
NVDA,equity,tecnico,sma20,205.356498,,USD,2026-08-05,2026-09-04T20:00:39Z,Yahoo Finance,2,,,engine/technical/README.md,
NVDA,equity,tecnico,sma20,206.166998,,USD,2026-08-06,2026-09-04T20:00:39Z,Yahoo Finance,2,,,engine/technical/README.md,
NVDA,equity,tecnico,sma20,206.816998,,USD,2026-08-07,2026-09-04T20:00:39Z,Yahoo Finance,2,,,engine/technical/README.md,
NVDA,equity,tecnico,sma20,207.517999,,USD,2026-08-10,2026-09-04T20:00:39Z,Yahoo Finance,2,,,engine/technical/README.md,
NVDA,equity,tecnico,sma20,207.802998,,USD,2026-08-11,2026-09-04T20:00:39Z,Yahoo Finance,2,,,engine/technical/README.md,
NVDA,equity,tecnico,sma20,208.382498,,USD,2026-08-12,2026-09-04T20:00:39Z,Yahoo Finance,2,,,engine/technical/README.md,
NVDA,equity,tecnico,sma20,209.277499,,USD,2026-08-13,2026-09-04T20:00:39Z,Yahoo Finance,2,,,engine/technical/README.md,
NVDA,equity,tecnico,sma20,210.394999,,USD,2026-08-14,2026-09-04T20:00:39Z,Yahoo Finance,2,,,engine/technical/README.md,
NVDA,equity,tecnico,sma20,211.481499,,USD,2026-08-17,2026-09-04T20:00:39Z,Yahoo Finance,2,,,engine/technical/README.md,
NVDA,equity,tecnico,sma20,212.103999,,USD,2026-08-18,2026-09-04T20:00:39Z,Yahoo Finance,2,,,engine/technical/README.md,
NVDA,equity,tecnico,sma20,212.378999,,USD,2026-08-19,2026-09-04T20:00:39Z,Yahoo Finance,2,,,engine/technical/README.md,
NVDA,equity,tecnico,sma20,212.7835,,USD,2026-08-20,2026-09-04T20:00:39Z,Yahoo Finance,2,,,engine/technical/README.md,
NVDA,equity,tecnico,sma20,213.1775,,USD,2026-08-21,2026-09-04T20:00:39Z,Yahoo Finance,2,,,engine/technical/README.md,
NVDA,equity,tecnico,sma20,213.776,,USD,2026-08-24,2026-09-04T20:00:39Z,Yahoo Finance,2,,,engine/technical/README.md,
NVDA,equity,tecnico,sma20,214.578001,,USD,2026-08-25,2026-09-04T20:00:39Z,Yahoo Finance,2,,,engine/technical/README.md,
NVDA,equity,tecnico,sma20,215.560501,,USD,2026-08-26,2026-09-04T20:00:39Z,Yahoo Finance,2,,,engine/technical/README.md,
NVDA,equity,tecnico,sma20,217.207501,,USD,2026-08-27,2026-09-04T20:00:39Z,Yahoo Finance,2,,,engine/technical/README.md,
NVDA,equity,tecnico,sma20,218.047501,,USD,2026-08-28,2026-09-04T20:00:39Z,Yahoo Finance,2,,,engine/technical/README.md,
NVDA,equity,tecnico,sma20,218.754501,,USD,2026-08-31,2026-09-04T20:00:39Z,Yahoo Finance,2,,,engine/technical/README.md,
NVDA,equity,tecnico,sma20,219.029501,,USD,2026-09-01,2026-09-04T20:00:39Z,Yahoo Finance,2,,,engine/technical/README.md,
NVDA,equity,tecnico,sma20,219.762001,,USD,2026-09-03,2026-09-04T20:00:39Z,Yahoo Finance,2,,,engine/technical/README.md,
NVDA,equity,tecnico,sma20,220.082001,,USD,2026-09-04,2026-09-04T20:00:39Z,Yahoo Finance,2,,,engine/technical/README.md,
NVDA,equity,tecnico,sma200,160.494851,,USD,2026-01-02,2026-09-04T20:00:39Z,Yahoo Finance,2,,,engine/technical/README.md,
NVDA,equity,tecnico,sma200,160.84785,,USD,2026-01-05,2026-09-04T20:00:39Z,Yahoo Finance,2,,,engine/technical/README.md,
NVDA,equity,tecnico,sma200,161.191401,,USD,2026-01-06,2026-09-04T20:00:39Z,Yahoo Finance,2,,,engine/technical/README.md,
NVDA,equity,tecnico,sma200,161.548451,,USD,2026-01-07,2026-09-04T20:00:39Z,Yahoo Finance,2,,,engine/technical/README.md,
NVDA,equity,tecnico,sma200,161.8666,,USD,2026-01-08,2026-09-04T20:00:39Z,Yahoo Finance,2,,,engine/technical/README.md,
NVDA,equity,tecnico,sma200,162.18745,,USD,2026-01-09,2026-09-04T20:00:39Z,Yahoo Finance,2,,,engine/technical/README.md,
NVDA,equity,tecnico,sma200,162.54335,,USD,2026-01-12,2026-09-04T20:00:39Z,Yahoo Finance,2,,,engine/technical/README.md,
NVDA,equity,tecnico,sma200,162.91525,,USD,2026-01-13,2026-09-04T20:00:39Z,Yahoo Finance,2,,,engine/technical/README.md,
NVDA,equity,tecnico,sma200,163.2826,,USD,2026-01-14,2026-09-04T20:00:39Z,Yahoo Finance,2,,,engine/technical/README.md,
NVDA,equity,tecnico,sma200,163.675951,,USD,2026-01-15,2026-09-04T20:00:39Z,Yahoo Finance,2,,,engine/technical/README.md,
NVDA,equity,tecnico,sma200,164.05635,,USD,2026-01-16,2026-09-04T20:00:39Z,Yahoo Finance,2,,,engine/technical/README.md,
NVDA,equity,tecnico,sma200,164.394601,,USD,2026-01-20,2026-09-04T20:00:39Z,Yahoo Finance,2,,,engine/technical/README.md,
NVDA,equity,tecnico,sma200,164.802201,,USD,2026-01-21,2026-09-04T20:00:39Z,Yahoo Finance,2,,,engine/technical/README.md,
NVDA,equity,tecnico,sma200,165.254851,,USD,2026-01-22,2026-09-04T20:00:39Z,Yahoo Finance,2,,,engine/technical/README.md,
NVDA,equity,tecnico,sma200,165.705001,,USD,2026-01-23,2026-09-04T20:00:39Z,Yahoo Finance,2,,,engine/technical/README.md,
NVDA,equity,tecnico,sma200,166.155851,,USD,2026-01-26,2026-09-04T20:00:39Z,Yahoo Finance,2,,,engine/technical/README.md,
NVDA,equity,tecnico,sma200,166.526801,,USD,2026-01-27,2026-09-04T20:00:39Z,Yahoo Finance,2,,,engine/technical/README.md,
NVDA,equity,tecnico,sma200,166.946551,,USD,2026-01-28,2026-09-04T20:00:39Z,Yahoo Finance,2,,,engine/technical/README.md,
NVDA,equity,tecnico,sma200,167.354451,,USD,2026-01-29,2026-09-04T20:00:39Z,Yahoo Finance,2,,,engine/technical/README.md,
NVDA,equity,tecnico,sma200,167.756551,,USD,2026-01-30,2026-09-04T20:00:39Z,Yahoo Finance,2,,,engine/technical/README.md,
NVDA,equity,tecnico,sma200,168.123601,,USD,2026-02-02,2026-09-04T20:00:39Z,Yahoo Finance,2,,,engine/technical/README.md,
NVDA,equity,tecnico,sma200,168.502851,,USD,2026-02-03,2026-09-04T20:00:39Z,Yahoo Finance,2,,,engine/technical/README.md,
NVDA,equity,tecnico,sma200,168.866351,,USD,2026-02-04,2026-09-04T20:00:39Z,Yahoo Finance,2,,,engine/technical/README.md,
NVDA,equity,tecnico,sma200,169.241201,,USD,2026-02-05,2026-09-04T20:00:39Z,Yahoo Finance,2,,,engine/technical/README.md,
NVDA,equity,tecnico,sma200,169.673801,,USD,2026-02-06,2026-09-04T20:00:39Z,Yahoo Finance,2,,,engine/technical/README.md,
NVDA,equity,tecnico,sma200,170.110451,,USD,2026-02-09,2026-09-04T20:00:39Z,Yahoo Finance,2,,,engine/technical/README.md,
NVDA,equity,tecnico,sma200,170.521001,,USD,2026-02-10,2026-09-04T20:00:39Z,Yahoo Finance,2,,,engine/technical/README.md,
NVDA,equity,tecnico,sma200,170.916201,,USD,2026-02-11,2026-09-04T20:00:39Z,Yahoo Finance,2,,,engine/technical/README.md,
NVDA,equity,tecnico,sma200,171.307251,,USD,2026-02-12,2026-09-04T20:00:39Z,Yahoo Finance,2,,,engine/technical/README.md,
NVDA,equity,tecnico,sma200,171.676201,,USD,2026-02-13,2026-09-04T20:00:39Z,Yahoo Finance,2,,,engine/technical/README.md,
NVDA,equity,tecnico,sma200,172.056451,,USD,2026-02-17,2026-09-04T20:00:39Z,Yahoo Finance,2,,,engine/technical/README.md,
NVDA,equity,tecnico,sma200,172.438301,,USD,2026-02-18,2026-09-04T20:00:39Z,Yahoo Finance,2,,,engine/technical/README.md,
NVDA,equity,tecnico,sma200,172.805301,,USD,2026-02-19,2026-09-04T20:00:39Z,Yahoo Finance,2,,,engine/technical/README.md,
NVDA,equity,tecnico,sma200,173.185301,,USD,2026-02-20,2026-09-04T20:00:39Z,Yahoo Finance,2,,,engine/technical/README.md,
NVDA,equity,tecnico,sma200,173.575351,,USD,2026-02-23,2026-09-04T20:00:39Z,Yahoo Finance,2,,,engine/technical/README.md,
NVDA,equity,tecnico,sma200,173.954301,,USD,2026-02-24,2026-09-04T20:00:39Z,Yahoo Finance,2,,,engine/technical/README.md,
NVDA,equity,tecnico,sma200,174.345251,,USD,2026-02-25,2026-09-04T20:00:39Z,Yahoo Finance,2,,,engine/technical/README.md,
NVDA,equity,tecnico,sma200,174.686451,,USD,2026-02-26,2026-09-04T20:00:39Z,Yahoo Finance,2,,,engine/technical/README.md,
NVDA,equity,tecnico,sma200,174.957401,,USD,2026-02-27,2026-09-04T20:00:39Z,Yahoo Finance,2,,,engine/technical/README.md,
NVDA,equity,tecnico,sma200,175.220151,,USD,2026-03-02,2026-09-04T20:00:39Z,Yahoo Finance,2,,,engine/technical/README.md,
NVDA,equity,tecnico,sma200,175.443701,,USD,2026-03-03,2026-09-04T20:00:39Z,Yahoo Finance,2,,,engine/technical/README.md,
NVDA,equity,tecnico,sma200,175.684751,,USD,2026-03-04,2026-09-04T20:00:39Z,Yahoo Finance,2,,,engine/technical/README.md,
NVDA,equity,tecnico,sma200,175.924451,,USD,2026-03-05,2026-09-04T20:00:39Z,Yahoo Finance,2,,,engine/technical/README.md,
NVDA,equity,tecnico,sma200,176.135701,,USD,2026-03-06,2026-09-04T20:00:39Z,Yahoo Finance,2,,,engine/technical/README.md,
NVDA,equity,tecnico,sma200,176.377051,,USD,2026-03-09,2026-09-04T20:00:39Z,Yahoo Finance,2,,,engine/technical/README.md,
NVDA,equity,tecnico,sma200,176.641901,,USD,2026-03-10,2026-09-04T20:00:39Z,Yahoo Finance,2,,,engine/technical/README.md,
NVDA,equity,tecnico,sma200,176.907901,,USD,2026-03-11,2026-09-04T20:00:39Z,Yahoo Finance,2,,,engine/technical/README.md,
NVDA,equity,tecnico,sma200,177.167151,,USD,2026-03-12,2026-09-04T20:00:39Z,Yahoo Finance,2,,,engine/technical/README.md,
NVDA,equity,tecnico,sma200,177.390901,,USD,2026-03-13,2026-09-04T20:00:39Z,Yahoo Finance,2,,,engine/technical/README.md,
NVDA,equity,tecnico,sma200,177.632951,,USD,2026-03-16,2026-09-04T20:00:39Z,Yahoo Finance,2,,,engine/technical/README.md,
NVDA,equity,tecnico,sma200,177.846651,,USD,2026-03-17,2026-09-04T20:00:39Z,Yahoo Finance,2,,,engine/technical/README.md,
NVDA,equity,tecnico,sma200,178.073,,USD,2026-03-18,2026-09-04T20:00:39Z,Yahoo Finance,2,,,engine/technical/README.md,
NVDA,equity,tecnico,sma200,178.2789,,USD,2026-03-19,2026-09-04T20:00:39Z,Yahoo Finance,2,,,engine/technical/README.md,
NVDA,equity,tecnico,sma200,178.4363,,USD,2026-03-20,2026-09-04T20:00:39Z,Yahoo Finance,2,,,engine/technical/README.md,
NVDA,equity,tecnico,sma200,178.6049,,USD,2026-03-23,2026-09-04T20:00:39Z,Yahoo Finance,2,,,engine/technical/README.md,
NVDA,equity,tecnico,sma200,178.78095,,USD,2026-03-24,2026-09-04T20:00:39Z,Yahoo Finance,2,,,engine/technical/README.md,
NVDA,equity,tecnico,sma200,178.96575,,USD,2026-03-25,2026-09-04T20:00:39Z,Yahoo Finance,2,,,engine/technical/README.md,
NVDA,equity,tecnico,sma200,179.1088,,USD,2026-03-26,2026-09-04T20:00:39Z,Yahoo Finance,2,,,engine/technical/README.md,
NVDA,equity,tecnico,sma200,179.2266,,USD,2026-03-27,2026-09-04T20:00:39Z,Yahoo Finance,2,,,engine/technical/README.md,
NVDA,equity,tecnico,sma200,179.3383,,USD,2026-03-30,2026-09-04T20:00:39Z,Yahoo Finance,2,,,engine/technical/README.md,
NVDA,equity,tecnico,sma200,179.4853,,USD,2026-03-31,2026-09-04T20:00:39Z,Yahoo Finance,2,,,engine/technical/README.md,
NVDA,equity,tecnico,sma200,179.6542,,USD,2026-04-01,2026-09-04T20:00:39Z,Yahoo Finance,2,,,engine/technical/README.md,
NVDA,equity,tecnico,sma200,179.8177,,USD,2026-04-02,2026-09-04T20:00:39Z,Yahoo Finance,2,,,engine/technical/README.md,
NVDA,equity,tecnico,sma200,179.9853,,USD,2026-04-06,2026-09-04T20:00:39Z,Yahoo Finance,2,,,engine/technical/README.md,
NVDA,equity,tecnico,sma200,180.1484,,USD,2026-04-07,2026-09-04T20:00:39Z,Yahoo Finance,2,,,engine/technical/README.md,
NVDA,equity,tecnico,sma200,180.33955,,USD,2026-04-08,2026-09-04T20:00:39Z,Yahoo Finance,2,,,engine/technical/README.md,
NVDA,equity,tecnico,sma200,180.53825,,USD,2026-04-09,2026-09-04T20:00:39Z,Yahoo Finance,2,,,engine/technical/README.md,
NVDA,equity,tecnico,sma200,180.7419,,USD,2026-04-10,2026-09-04T20:00:39Z,Yahoo Finance,2,,,engine/technical/README.md,
NVDA,equity,tecnico,sma200,180.9169,,USD,2026-04-13,2026-09-04T20:00:39Z,Yahoo Finance,2,,,engine/technical/README.md,
NVDA,equity,tecnico,sma200,181.12435,,USD,2026-04-14,2026-09-04T20:00:39Z,Yahoo Finance,2,,,engine/technical/README.md,
NVDA,equity,tecnico,sma200,181.32995,,USD,2026-04-15,2026-09-04T20:00:39Z,Yahoo Finance,2,,,engine/technical/README.md,
NVDA,equity,tecnico,sma200,181.53175,,USD,2026-04-16,2026-09-04T20:00:39Z,Yahoo Finance,2,,,engine/technical/README.md,
NVDA,equity,tecnico,sma200,181.77365,,USD,2026-04-17,2026-09-04T20:00:39Z,Yahoo Finance,2,,,engine/technical/README.md,
NVDA,equity,tecnico,sma200,181.9977,,USD,2026-04-20,2026-09-04T20:00:39Z,Yahoo Finance,2,,,engine/technical/README.md,
NVDA,equity,tecnico,sma200,182.2004,,USD,2026-04-21,2026-09-04T20:00:39Z,Yahoo Finance,2,,,engine/technical/README.md,
NVDA,equity,tecnico,sma200,182.4217,,USD,2026-04-22,2026-09-04T20:00:39Z,Yahoo Finance,2,,,engine/technical/README.md,
NVDA,equity,tecnico,sma200,182.6199,,USD,2026-04-23,2026-09-04T20:00:39Z,Yahoo Finance,2,,,engine/technical/README.md,
NVDA,equity,tecnico,sma200,182.84685,,USD,2026-04-24,2026-09-04T20:00:39Z,Yahoo Finance,2,,,engine/technical/README.md,
NVDA,equity,tecnico,sma200,183.1094,,USD,2026-04-27,2026-09-04T20:00:39Z,Yahoo Finance,2,,,engine/technical/README.md,
NVDA,equity,tecnico,sma200,183.35065,,USD,2026-04-28,2026-09-04T20:00:39Z,Yahoo Finance,2,,,engine/technical/README.md,
NVDA,equity,tecnico,sma200,183.57655,,USD,2026-04-29,2026-09-04T20:00:39Z,Yahoo Finance,2,,,engine/technical/README.md,
NVDA,equity,tecnico,sma200,183.7209,,USD,2026-04-30,2026-09-04T20:00:39Z,Yahoo Finance,2,,,engine/technical/README.md,
NVDA,equity,tecnico,sma200,183.8563,,USD,2026-05-01,2026-09-04T20:00:39Z,Yahoo Finance,2,,,engine/technical/README.md,
NVDA,equity,tecnico,sma200,183.9837,,USD,2026-05-04,2026-09-04T20:00:39Z,Yahoo Finance,2,,,engine/technical/README.md,
NVDA,equity,tecnico,sma200,184.10415,,USD,2026-05-05,2026-09-04T20:00:39Z,Yahoo Finance,2,,,engine/technical/README.md,
NVDA,equity,tecnico,sma200,184.2864,,USD,2026-05-06,2026-09-04T20:00:39Z,Yahoo Finance,2,,,engine/technical/README.md,
NVDA,equity,tecnico,sma200,184.50875,,USD,2026-05-07,2026-09-04T20:00:39Z,Yahoo Finance,2,,,engine/technical/README.md,
NVDA,equity,tecnico,sma200,184.73085,,USD,2026-05-08,2026-09-04T20:00:39Z,Yahoo Finance,2,,,engine/technical/README.md,
NVDA,equity,tecnico,sma200,184.95935,,USD,2026-05-11,2026-09-04T20:00:39Z,Yahoo Finance,2,,,engine/technical/README.md,
NVDA,equity,tecnico,sma200,185.19575,,USD,2026-05-12,2026-09-04T20:00:39Z,Yahoo Finance,2,,,engine/technical/README.md,
NVDA,equity,tecnico,sma200,185.44115,,USD,2026-05-13,2026-09-04T20:00:39Z,Yahoo Finance,2,,,engine/technical/README.md,
NVDA,equity,tecnico,sma200,185.7423,,USD,2026-05-14,2026-09-04T20:00:39Z,Yahoo Finance,2,,,engine/technical/README.md,
NVDA,equity,tecnico,sma200,185.97255,,USD,2026-05-15,2026-09-04T20:00:39Z,Yahoo Finance,2,,,engine/technical/README.md,
NVDA,equity,tecnico,sma200,186.1948,,USD,2026-05-18,2026-09-04T20:00:39Z,Yahoo Finance,2,,,engine/technical/README.md,
NVDA,equity,tecnico,sma200,186.42925,,USD,2026-05-19,2026-09-04T20:00:39Z,Yahoo Finance,2,,,engine/technical/README.md,
NVDA,equity,tecnico,sma200,186.6466,,USD,2026-05-20,2026-09-04T20:00:39Z,Yahoo Finance,2,,,engine/technical/README.md,
NVDA,equity,tecnico,sma200,186.85285,,USD,2026-05-21,2026-09-04T20:00:39Z,Yahoo Finance,2,,,engine/technical/README.md,
NVDA,equity,tecnico,sma200,187.0324,,USD,2026-05-22,2026-09-04T20:00:39Z,Yahoo Finance,2,,,engine/technical/README.md,
NVDA,equity,tecnico,sma200,187.20285,,USD,2026-05-26,2026-09-04T20:00:39Z,Yahoo Finance,2,,,engine/technical/README.md,
NVDA,equity,tecnico,sma200,187.35235,,USD,2026-05-27,2026-09-04T20:00:39Z,Yahoo Finance,2,,,engine/technical/README.md,
NVDA,equity,tecnico,sma200,187.5133,,USD,2026-05-28,2026-09-04T20:00:39Z,Yahoo Finance,2,,,engine/technical/README.md,
NVDA,equity,tecnico,sma200,187.6532,,USD,2026-05-29,2026-09-04T20:00:39Z,Yahoo Finance,2,,,engine/technical/README.md,
NVDA,equity,tecnico,sma200,187.86705,,USD,2026-06-01,2026-09-04T20:00:39Z,Yahoo Finance,2,,,engine/technical/README.md,
NVDA,equity,tecnico,sma200,188.07105,,USD,2026-06-02,2026-09-04T20:00:39Z,Yahoo Finance,2,,,engine/technical/README.md,
NVDA,equity,tecnico,sma200,188.24255,,USD,2026-06-03,2026-09-04T20:00:39Z,Yahoo Finance,2,,,engine/technical/README.md,
NVDA,equity,tecnico,sma200,188.4258,,USD,2026-06-04,2026-09-04T20:00:39Z,Yahoo Finance,2,,,engine/technical/README.md,
NVDA,equity,tecnico,sma200,188.573101,,USD,2026-06-05,2026-09-04T20:00:39Z,Yahoo Finance,2,,,engine/technical/README.md,
NVDA,equity,tecnico,sma200,188.739301,,USD,2026-06-08,2026-09-04T20:00:39Z,Yahoo Finance,2,,,engine/technical/README.md,
NVDA,equity,tecnico,sma200,188.905351,,USD,2026-06-09,2026-09-04T20:00:39Z,Yahoo Finance,2,,,engine/technical/README.md,
NVDA,equity,tecnico,sma200,189.017501,,USD,2026-06-10,2026-09-04T20:00:39Z,Yahoo Finance,2,,,engine/technical/README.md,
NVDA,equity,tecnico,sma200,189.142801,,USD,2026-06-11,2026-09-04T20:00:39Z,Yahoo Finance,2,,,engine/technical/README.md,
NVDA,equity,tecnico,sma200,189.259901,,USD,2026-06-12,2026-09-04T20:00:39Z,Yahoo Finance,2,,,engine/technical/README.md,
NVDA,equity,tecnico,sma200,189.41415,,USD,2026-06-15,2026-09-04T20:00:39Z,Yahoo Finance,2,,,engine/technical/README.md,
NVDA,equity,tecnico,sma200,189.55035,,USD,2026-06-16,2026-09-04T20:00:39Z,Yahoo Finance,2,,,engine/technical/README.md,
NVDA,equity,tecnico,sma200,189.702701,,USD,2026-06-17,2026-09-04T20:00:39Z,Yahoo Finance,2,,,engine/technical/README.md,
NVDA,equity,tecnico,sma200,189.902251,,USD,2026-06-18,2026-09-04T20:00:39Z,Yahoo Finance,2,,,engine/technical/README.md,
NVDA,equity,tecnico,sma200,190.092401,,USD,2026-06-22,2026-09-04T20:00:39Z,Yahoo Finance,2,,,engine/technical/README.md,
NVDA,equity,tecnico,sma200,190.2343,,USD,2026-06-23,2026-09-04T20:00:39Z,Yahoo Finance,2,,,engine/technical/README.md,
NVDA,equity,tecnico,sma200,190.3942,,USD,2026-06-24,2026-09-04T20:00:39Z,Yahoo Finance,2,,,engine/technical/README.md,
NVDA,equity,tecnico,sma200,190.53135,,USD,2026-06-25,2026-09-04T20:00:39Z,Yahoo Finance,2,,,engine/technical/README.md,
NVDA,equity,tecnico,sma200,190.640201,,USD,2026-06-26,2026-09-04T20:00:39Z,Yahoo Finance,2,,,engine/technical/README.md,
NVDA,equity,tecnico,sma200,190.7284,,USD,2026-06-29,2026-09-04T20:00:39Z,Yahoo Finance,2,,,engine/technical/README.md,
NVDA,equity,tecnico,sma200,190.843,,USD,2026-06-30,2026-09-04T20:00:39Z,Yahoo Finance,2,,,engine/technical/README.md,
NVDA,equity,tecnico,sma200,190.9418,,USD,2026-07-01,2026-09-04T20:00:39Z,Yahoo Finance,2,,,engine/technical/README.md,
NVDA,equity,tecnico,sma200,191.0272,,USD,2026-07-02,2026-09-04T20:00:39Z,Yahoo Finance,2,,,engine/technical/README.md,
NVDA,equity,tecnico,sma200,191.13055,,USD,2026-07-06,2026-09-04T20:00:39Z,Yahoo Finance,2,,,engine/technical/README.md,
NVDA,equity,tecnico,sma200,191.26375,,USD,2026-07-07,2026-09-04T20:00:39Z,Yahoo Finance,2,,,engine/technical/README.md,
NVDA,equity,tecnico,sma200,191.40315,,USD,2026-07-08,2026-09-04T20:00:39Z,Yahoo Finance,2,,,engine/technical/README.md,
NVDA,equity,tecnico,sma200,191.5337,,USD,2026-07-09,2026-09-04T20:00:39Z,Yahoo Finance,2,,,engine/technical/README.md,
NVDA,equity,tecnico,sma200,191.67045,,USD,2026-07-10,2026-09-04T20:00:39Z,Yahoo Finance,2,,,engine/technical/README.md,
NVDA,equity,tecnico,sma200,191.79595,,USD,2026-07-13,2026-09-04T20:00:39Z,Yahoo Finance,2,,,engine/technical/README.md,
NVDA,equity,tecnico,sma200,191.9701,,USD,2026-07-14,2026-09-04T20:00:39Z,Yahoo Finance,2,,,engine/technical/README.md,
NVDA,equity,tecnico,sma200,192.14415,,USD,2026-07-15,2026-09-04T20:00:39Z,Yahoo Finance,2,,,engine/technical/README.md,
NVDA,equity,tecnico,sma200,192.2902,,USD,2026-07-16,2026-09-04T20:00:39Z,Yahoo Finance,2,,,engine/technical/README.md,
NVDA,equity,tecnico,sma200,192.395,,USD,2026-07-17,2026-09-04T20:00:39Z,Yahoo Finance,2,,,engine/technical/README.md,
NVDA,equity,tecnico,sma200,192.4785,,USD,2026-07-20,2026-09-04T20:00:39Z,Yahoo Finance,2,,,engine/technical/README.md,
NVDA,equity,tecnico,sma200,192.57875,,USD,2026-07-21,2026-09-04T20:00:39Z,Yahoo Finance,2,,,engine/technical/README.md,
NVDA,equity,tecnico,sma200,192.6946,,USD,2026-07-22,2026-09-04T20:00:39Z,Yahoo Finance,2,,,engine/technical/README.md,
NVDA,equity,tecnico,sma200,192.8003,,USD,2026-07-23,2026-09-04T20:00:39Z,Yahoo Finance,2,,,engine/technical/README.md,
NVDA,equity,tecnico,sma200,192.9068,,USD,2026-07-24,2026-09-04T20:00:39Z,Yahoo Finance,2,,,engine/technical/README.md,
NVDA,equity,tecnico,sma200,192.96415,,USD,2026-07-27,2026-09-04T20:00:39Z,Yahoo Finance,2,,,engine/technical/README.md,
NVDA,equity,tecnico,sma200,193.00365,,USD,2026-07-28,2026-09-04T20:00:39Z,Yahoo Finance,2,,,engine/technical/README.md,
NVDA,equity,tecnico,sma200,192.99085,,USD,2026-07-29,2026-09-04T20:00:39Z,Yahoo Finance,2,,,engine/technical/README.md,
NVDA,equity,tecnico,sma200,193.05025,,USD,2026-07-30,2026-09-04T20:00:39Z,Yahoo Finance,2,,,engine/technical/README.md,
NVDA,equity,tecnico,sma200,193.1124,,USD,2026-07-31,2026-09-04T20:00:39Z,Yahoo Finance,2,,,engine/technical/README.md,
NVDA,equity,tecnico,sma200,193.24545,,USD,2026-08-03,2026-09-04T20:00:39Z,Yahoo Finance,2,,,engine/technical/README.md,
NVDA,equity,tecnico,sma200,193.406,,USD,2026-08-04,2026-09-04T20:00:39Z,Yahoo Finance,2,,,engine/technical/README.md,
NVDA,equity,tecnico,sma200,193.59305,,USD,2026-08-05,2026-09-04T20:00:39Z,Yahoo Finance,2,,,engine/technical/README.md,
NVDA,equity,tecnico,sma200,193.7719,,USD,2026-08-06,2026-09-04T20:00:39Z,Yahoo Finance,2,,,engine/technical/README.md,
NVDA,equity,tecnico,sma200,193.9785,,USD,2026-08-07,2026-09-04T20:00:39Z,Yahoo Finance,2,,,engine/technical/README.md,
NVDA,equity,tecnico,sma200,194.16045,,USD,2026-08-10,2026-09-04T20:00:39Z,Yahoo Finance,2,,,engine/technical/README.md,
NVDA,equity,tecnico,sma200,194.34655,,USD,2026-08-11,2026-09-04T20:00:39Z,Yahoo Finance,2,,,engine/technical/README.md,
NVDA,equity,tecnico,sma200,194.5562,,USD,2026-08-12,2026-09-04T20:00:39Z,Yahoo Finance,2,,,engine/technical/README.md,
NVDA,equity,tecnico,sma200,194.7514,,USD,2026-08-13,2026-09-04T20:00:39Z,Yahoo Finance,2,,,engine/technical/README.md,
NVDA,equity,tecnico,sma200,194.91975,,USD,2026-08-14,2026-09-04T20:00:39Z,Yahoo Finance,2,,,engine/technical/README.md,
NVDA,equity,tecnico,sma200,195.03965,,USD,2026-08-17,2026-09-04T20:00:39Z,Yahoo Finance,2,,,engine/technical/README.md,
NVDA,equity,tecnico,sma200,195.10315,,USD,2026-08-18,2026-09-04T20:00:39Z,Yahoo Finance,2,,,engine/technical/README.md,
NVDA,equity,tecnico,sma200,195.1765,,USD,2026-08-19,2026-09-04T20:00:39Z,Yahoo Finance,2,,,engine/technical/README.md,
NVDA,equity,tecnico,sma200,195.2483,,USD,2026-08-20,2026-09-04T20:00:39Z,Yahoo Finance,2,,,engine/technical/README.md,
NVDA,equity,tecnico,sma200,195.2875,,USD,2026-08-21,2026-09-04T20:00:39Z,Yahoo Finance,2,,,engine/technical/README.md,
NVDA,equity,tecnico,sma200,195.33645,,USD,2026-08-24,2026-09-04T20:00:39Z,Yahoo Finance,2,,,engine/technical/README.md,
NVDA,equity,tecnico,sma200,195.42565,,USD,2026-08-25,2026-09-04T20:00:39Z,Yahoo Finance,2,,,engine/technical/README.md,
NVDA,equity,tecnico,sma200,195.53355,,USD,2026-08-26,2026-09-04T20:00:39Z,Yahoo Finance,2,,,engine/technical/README.md,
NVDA,equity,tecnico,sma200,195.7327,,USD,2026-08-27,2026-09-04T20:00:39Z,Yahoo Finance,2,,,engine/technical/README.md,
NVDA,equity,tecnico,sma200,195.8252,,USD,2026-08-28,2026-09-04T20:00:39Z,Yahoo Finance,2,,,engine/technical/README.md,
NVDA,equity,tecnico,sma200,195.9633,,USD,2026-08-31,2026-09-04T20:00:39Z,Yahoo Finance,2,,,engine/technical/README.md,
NVDA,equity,tecnico,sma200,196.0815,,USD,2026-09-01,2026-09-04T20:00:39Z,Yahoo Finance,2,,,engine/technical/README.md,
NVDA,equity,tecnico,sma200,196.46065,,USD,2026-09-03,2026-09-04T20:00:39Z,Yahoo Finance,2,,,engine/technical/README.md,
NVDA,equity,tecnico,sma200,196.67945,,USD,2026-09-04,2026-09-04T20:00:39Z,Yahoo Finance,2,,,engine/technical/README.md,
NVDA,equity,tecnico,sma50,186.511201,,USD,2026-01-02,2026-09-04T20:00:39Z,Yahoo Finance,2,,,engine/technical/README.md,
NVDA,equity,tecnico,sma50,186.668001,,USD,2026-01-05,2026-09-04T20:00:39Z,Yahoo Finance,2,,,engine/technical/README.md,
NVDA,equity,tecnico,sma50,186.769601,,USD,2026-01-06,2026-09-04T20:00:39Z,Yahoo Finance,2,,,engine/technical/README.md,
NVDA,equity,tecnico,sma50,186.826601,,USD,2026-01-07,2026-09-04T20:00:39Z,Yahoo Finance,2,,,engine/technical/README.md,
NVDA,equity,tecnico,sma50,186.697601,,USD,2026-01-08,2026-09-04T20:00:39Z,Yahoo Finance,2,,,engine/technical/README.md,
NVDA,equity,tecnico,sma50,186.374201,,USD,2026-01-09,2026-09-04T20:00:39Z,Yahoo Finance,2,,,engine/technical/README.md,
NVDA,equity,tecnico,sma50,185.932201,,USD,2026-01-12,2026-09-04T20:00:39Z,Yahoo Finance,2,,,engine/technical/README.md,
NVDA,equity,tecnico,sma50,185.590601,,USD,2026-01-13,2026-09-04T20:00:39Z,Yahoo Finance,2,,,engine/technical/README.md,
NVDA,equity,tecnico,sma50,185.203601,,USD,2026-01-14,2026-09-04T20:00:39Z,Yahoo Finance,2,,,engine/technical/README.md,
NVDA,equity,tecnico,sma50,184.807001,,USD,2026-01-15,2026-09-04T20:00:39Z,Yahoo Finance,2,,,engine/technical/README.md,
NVDA,equity,tecnico,sma50,184.557801,,USD,2026-01-16,2026-09-04T20:00:39Z,Yahoo Finance,2,,,engine/technical/README.md,
NVDA,equity,tecnico,sma50,184.215001,,USD,2026-01-20,2026-09-04T20:00:39Z,Yahoo Finance,2,,,engine/technical/README.md,
NVDA,equity,tecnico,sma50,184.119801,,USD,2026-01-21,2026-09-04T20:00:39Z,Yahoo Finance,2,,,engine/technical/README.md,
NVDA,equity,tecnico,sma50,184.053601,,USD,2026-01-22,2026-09-04T20:00:39Z,Yahoo Finance,2,,,engine/technical/README.md,
NVDA,equity,tecnico,sma50,183.826001,,USD,2026-01-23,2026-09-04T20:00:39Z,Yahoo Finance,2,,,engine/technical/README.md,
NVDA,equity,tecnico,sma50,183.692201,,USD,2026-01-26,2026-09-04T20:00:39Z,Yahoo Finance,2,,,engine/technical/README.md,
NVDA,equity,tecnico,sma50,183.586601,,USD,2026-01-27,2026-09-04T20:00:39Z,Yahoo Finance,2,,,engine/technical/README.md,
NVDA,equity,tecnico,sma50,183.679801,,USD,2026-01-28,2026-09-04T20:00:39Z,Yahoo Finance,2,,,engine/technical/README.md,
NVDA,equity,tecnico,sma50,183.726601,,USD,2026-01-29,2026-09-04T20:00:39Z,Yahoo Finance,2,,,engine/technical/README.md,
NVDA,equity,tecnico,sma50,183.817201,,USD,2026-01-30,2026-09-04T20:00:39Z,Yahoo Finance,2,,,engine/technical/README.md,
NVDA,equity,tecnico,sma50,183.902201,,USD,2026-02-02,2026-09-04T20:00:39Z,Yahoo Finance,2,,,engine/technical/README.md,
NVDA,equity,tecnico,sma50,183.778601,,USD,2026-02-03,2026-09-04T20:00:39Z,Yahoo Finance,2,,,engine/technical/README.md,
NVDA,equity,tecnico,sma50,183.649601,,USD,2026-02-04,2026-09-04T20:00:39Z,Yahoo Finance,2,,,engine/technical/README.md,
NVDA,equity,tecnico,sma50,183.509601,,USD,2026-02-05,2026-09-04T20:00:39Z,Yahoo Finance,2,,,engine/technical/README.md,
NVDA,equity,tecnico,sma50,183.566801,,USD,2026-02-06,2026-09-04T20:00:39Z,Yahoo Finance,2,,,engine/technical/README.md,
NVDA,equity,tecnico,sma50,183.811201,,USD,2026-02-09,2026-09-04T20:00:39Z,Yahoo Finance,2,,,engine/technical/README.md,
NVDA,equity,tecnico,sma50,183.976801,,USD,2026-02-10,2026-09-04T20:00:39Z,Yahoo Finance,2,,,engine/technical/README.md,
NVDA,equity,tecnico,sma50,184.237801,,USD,2026-02-11,2026-09-04T20:00:39Z,Yahoo Finance,2,,,engine/technical/README.md,
NVDA,equity,tecnico,sma50,184.378201,,USD,2026-02-12,2026-09-04T20:00:39Z,Yahoo Finance,2,,,engine/technical/README.md,
NVDA,equity,tecnico,sma50,184.405201,,USD,2026-02-13,2026-09-04T20:00:39Z,Yahoo Finance,2,,,engine/technical/README.md,
NVDA,equity,tecnico,sma50,184.512801,,USD,2026-02-17,2026-09-04T20:00:39Z,Yahoo Finance,2,,,engine/technical/README.md,
NVDA,equity,tecnico,sma50,184.6048,,USD,2026-02-18,2026-09-04T20:00:39Z,Yahoo Finance,2,,,engine/technical/README.md,
NVDA,equity,tecnico,sma50,184.7146,,USD,2026-02-19,2026-09-04T20:00:39Z,Yahoo Finance,2,,,engine/technical/README.md,
NVDA,equity,tecnico,sma50,184.8,,USD,2026-02-20,2026-09-04T20:00:39Z,Yahoo Finance,2,,,engine/technical/README.md,
NVDA,equity,tecnico,sma50,184.9316,,USD,2026-02-23,2026-09-04T20:00:39Z,Yahoo Finance,2,,,engine/technical/README.md,
NVDA,equity,tecnico,sma50,185.113,,USD,2026-02-24,2026-09-04T20:00:39Z,Yahoo Finance,2,,,engine/technical/README.md,
NVDA,equity,tecnico,sma50,185.405601,,USD,2026-02-25,2026-09-04T20:00:39Z,Yahoo Finance,2,,,engine/technical/README.md,
NVDA,equity,tecnico,sma50,185.603,,USD,2026-02-26,2026-09-04T20:00:39Z,Yahoo Finance,2,,,engine/technical/README.md,
NVDA,equity,tecnico,sma50,185.621001,,USD,2026-02-27,2026-09-04T20:00:39Z,Yahoo Finance,2,,,engine/technical/README.md,
NVDA,equity,tecnico,sma50,185.716201,,USD,2026-03-02,2026-09-04T20:00:39Z,Yahoo Finance,2,,,engine/technical/README.md,
NVDA,equity,tecnico,sma50,185.898401,,USD,2026-03-03,2026-09-04T20:00:39Z,Yahoo Finance,2,,,engine/technical/README.md,
NVDA,equity,tecnico,sma50,186.0764,,USD,2026-03-04,2026-09-04T20:00:39Z,Yahoo Finance,2,,,engine/technical/README.md,
NVDA,equity,tecnico,sma50,186.1234,,USD,2026-03-05,2026-09-04T20:00:39Z,Yahoo Finance,2,,,engine/technical/README.md,
NVDA,equity,tecnico,sma50,186.006,,USD,2026-03-06,2026-09-04T20:00:39Z,Yahoo Finance,2,,,engine/technical/README.md,
NVDA,equity,tecnico,sma50,185.8748,,USD,2026-03-09,2026-09-04T20:00:39Z,Yahoo Finance,2,,,engine/technical/README.md,
NVDA,equity,tecnico,sma50,185.798,,USD,2026-03-10,2026-09-04T20:00:39Z,Yahoo Finance,2,,,engine/technical/README.md,
NVDA,equity,tecnico,sma50,185.708,,USD,2026-03-11,2026-09-04T20:00:39Z,Yahoo Finance,2,,,engine/technical/README.md,
NVDA,equity,tecnico,sma50,185.6064,,USD,2026-03-12,2026-09-04T20:00:39Z,Yahoo Finance,2,,,engine/technical/README.md,
NVDA,equity,tecnico,sma50,185.4606,,USD,2026-03-13,2026-09-04T20:00:39Z,Yahoo Finance,2,,,engine/technical/README.md,
NVDA,equity,tecnico,sma50,185.395,,USD,2026-03-16,2026-09-04T20:00:39Z,Yahoo Finance,2,,,engine/technical/README.md,
NVDA,equity,tecnico,sma50,185.2566,,USD,2026-03-17,2026-09-04T20:00:39Z,Yahoo Finance,2,,,engine/technical/README.md,
NVDA,equity,tecnico,sma50,185.1022,,USD,2026-03-18,2026-09-04T20:00:39Z,Yahoo Finance,2,,,engine/technical/README.md,
NVDA,equity,tecnico,sma50,184.9286,,USD,2026-03-19,2026-09-04T20:00:39Z,Yahoo Finance,2,,,engine/technical/README.md,
NVDA,equity,tecnico,sma50,184.6004,,USD,2026-03-20,2026-09-04T20:00:39Z,Yahoo Finance,2,,,engine/technical/README.md,
NVDA,equity,tecnico,sma50,184.4124,,USD,2026-03-23,2026-09-04T20:00:39Z,Yahoo Finance,2,,,engine/technical/README.md,
NVDA,equity,tecnico,sma50,184.2192,,USD,2026-03-24,2026-09-04T20:00:39Z,Yahoo Finance,2,,,engine/technical/README.md,
NVDA,equity,tecnico,sma50,184.094,,USD,2026-03-25,2026-09-04T20:00:39Z,Yahoo Finance,2,,,engine/technical/README.md,
NVDA,equity,tecnico,sma50,183.8026,,USD,2026-03-26,2026-09-04T20:00:39Z,Yahoo Finance,2,,,engine/technical/README.md,
NVDA,equity,tecnico,sma50,183.4902,,USD,2026-03-27,2026-09-04T20:00:39Z,Yahoo Finance,2,,,engine/technical/README.md,
NVDA,equity,tecnico,sma50,183.0526,,USD,2026-03-30,2026-09-04T20:00:39Z,Yahoo Finance,2,,,engine/technical/README.md,
NVDA,equity,tecnico,sma50,182.816,,USD,2026-03-31,2026-09-04T20:00:39Z,Yahoo Finance,2,,,engine/technical/README.md,
NVDA,equity,tecnico,sma50,182.7696,,USD,2026-04-01,2026-09-04T20:00:39Z,Yahoo Finance,2,,,engine/technical/README.md,
NVDA,equity,tecnico,sma50,182.650999,,USD,2026-04-02,2026-09-04T20:00:39Z,Yahoo Finance,2,,,engine/technical/README.md,
NVDA,equity,tecnico,sma50,182.507,,USD,2026-04-06,2026-09-04T20:00:39Z,Yahoo Finance,2,,,engine/technical/README.md,
NVDA,equity,tecnico,sma50,182.3156,,USD,2026-04-07,2026-09-04T20:00:39Z,Yahoo Finance,2,,,engine/technical/README.md,
NVDA,equity,tecnico,sma50,182.2278,,USD,2026-04-08,2026-09-04T20:00:39Z,Yahoo Finance,2,,,engine/technical/README.md,
NVDA,equity,tecnico,sma50,182.1356,,USD,2026-04-09,2026-09-04T20:00:39Z,Yahoo Finance,2,,,engine/technical/README.md,
NVDA,equity,tecnico,sma50,182.0778,,USD,2026-04-10,2026-09-04T20:00:39Z,Yahoo Finance,2,,,engine/technical/README.md,
NVDA,equity,tecnico,sma50,182.0138,,USD,2026-04-13,2026-09-04T20:00:39Z,Yahoo Finance,2,,,engine/technical/README.md,
NVDA,equity,tecnico,sma50,182.1214,,USD,2026-04-14,2026-09-04T20:00:39Z,Yahoo Finance,2,,,engine/technical/README.md,
NVDA,equity,tecnico,sma50,182.386599,,USD,2026-04-15,2026-09-04T20:00:39Z,Yahoo Finance,2,,,engine/technical/README.md,
NVDA,equity,tecnico,sma50,182.7468,,USD,2026-04-16,2026-09-04T20:00:39Z,Yahoo Finance,2,,,engine/technical/README.md,
NVDA,equity,tecnico,sma50,183.296599,,USD,2026-04-17,2026-09-04T20:00:39Z,Yahoo Finance,2,,,engine/technical/README.md,
NVDA,equity,tecnico,sma50,183.900199,,USD,2026-04-20,2026-09-04T20:00:39Z,Yahoo Finance,2,,,engine/technical/README.md,
NVDA,equity,tecnico,sma50,184.189599,,USD,2026-04-21,2026-09-04T20:00:39Z,Yahoo Finance,2,,,engine/technical/README.md,
NVDA,equity,tecnico,sma50,184.438799,,USD,2026-04-22,2026-09-04T20:00:39Z,Yahoo Finance,2,,,engine/technical/README.md,
NVDA,equity,tecnico,sma50,184.6608,,USD,2026-04-23,2026-09-04T20:00:39Z,Yahoo Finance,2,,,engine/technical/README.md,
NVDA,equity,tecnico,sma50,185.0252,,USD,2026-04-24,2026-09-04T20:00:39Z,Yahoo Finance,2,,,engine/technical/README.md,
NVDA,equity,tecnico,sma50,185.6186,,USD,2026-04-27,2026-09-04T20:00:39Z,Yahoo Finance,2,,,engine/technical/README.md,
NVDA,equity,tecnico,sma50,186.2258,,USD,2026-04-28,2026-09-04T20:00:39Z,Yahoo Finance,2,,,engine/technical/README.md,
NVDA,equity,tecnico,sma50,186.7114,,USD,2026-04-29,2026-09-04T20:00:39Z,Yahoo Finance,2,,,engine/technical/README.md,
NVDA,equity,tecnico,sma50,186.9432,,USD,2026-04-30,2026-09-04T20:00:39Z,Yahoo Finance,2,,,engine/technical/README.md,
NVDA,equity,tecnico,sma50,187.1542,,USD,2026-05-01,2026-09-04T20:00:39Z,Yahoo Finance,2,,,engine/technical/README.md,
NVDA,equity,tecnico,sma50,187.3274,,USD,2026-05-04,2026-09-04T20:00:39Z,Yahoo Finance,2,,,engine/technical/README.md,
NVDA,equity,tecnico,sma50,187.4264,,USD,2026-05-05,2026-09-04T20:00:39Z,Yahoo Finance,2,,,engine/technical/README.md,
NVDA,equity,tecnico,sma50,187.725999,,USD,2026-05-06,2026-09-04T20:00:39Z,Yahoo Finance,2,,,engine/technical/README.md,
NVDA,equity,tecnico,sma50,188.044799,,USD,2026-05-07,2026-09-04T20:00:39Z,Yahoo Finance,2,,,engine/technical/README.md,
NVDA,equity,tecnico,sma50,188.650999,,USD,2026-05-08,2026-09-04T20:00:39Z,Yahoo Finance,2,,,engine/technical/README.md,
NVDA,equity,tecnico,sma50,189.495999,,USD,2026-05-11,2026-09-04T20:00:39Z,Yahoo Finance,2,,,engine/technical/README.md,
NVDA,equity,tecnico,sma50,190.262,,USD,2026-05-12,2026-09-04T20:00:39Z,Yahoo Finance,2,,,engine/technical/README.md,
NVDA,equity,tecnico,sma50,191.177599,,USD,2026-05-13,2026-09-04T20:00:39Z,Yahoo Finance,2,,,engine/technical/README.md,
NVDA,equity,tecnico,sma50,192.2316,,USD,2026-05-14,2026-09-04T20:00:39Z,Yahoo Finance,2,,,engine/technical/README.md,
NVDA,equity,tecnico,sma50,193.0712,,USD,2026-05-15,2026-09-04T20:00:39Z,Yahoo Finance,2,,,engine/technical/README.md,
NVDA,equity,tecnico,sma50,193.9612,,USD,2026-05-18,2026-09-04T20:00:39Z,Yahoo Finance,2,,,engine/technical/README.md,
NVDA,equity,tecnico,sma50,194.7204,,USD,2026-05-19,2026-09-04T20:00:39Z,Yahoo Finance,2,,,engine/technical/README.md,
NVDA,equity,tecnico,sma50,195.4944,,USD,2026-05-20,2026-09-04T20:00:39Z,Yahoo Finance,2,,,engine/technical/README.md,
NVDA,equity,tecnico,sma50,196.164,,USD,2026-05-21,2026-09-04T20:00:39Z,Yahoo Finance,2,,,engine/technical/README.md,
NVDA,equity,tecnico,sma50,196.8078,,USD,2026-05-22,2026-09-04T20:00:39Z,Yahoo Finance,2,,,engine/technical/README.md,
NVDA,equity,tecnico,sma50,197.5,,USD,2026-05-26,2026-09-04T20:00:39Z,Yahoo Finance,2,,,engine/technical/README.md,
NVDA,equity,tecnico,sma50,198.0876,,USD,2026-05-27,2026-09-04T20:00:39Z,Yahoo Finance,2,,,engine/technical/README.md,
NVDA,equity,tecnico,sma50,198.734,,USD,2026-05-28,2026-09-04T20:00:39Z,Yahoo Finance,2,,,engine/technical/README.md,
NVDA,equity,tecnico,sma50,199.3488,,USD,2026-05-29,2026-09-04T20:00:39Z,Yahoo Finance,2,,,engine/technical/README.md,
NVDA,equity,tecnico,sma50,200.2648,,USD,2026-06-01,2026-09-04T20:00:39Z,Yahoo Finance,2,,,engine/technical/README.md,
NVDA,equity,tecnico,sma50,201.267201,,USD,2026-06-02,2026-09-04T20:00:39Z,Yahoo Finance,2,,,engine/technical/README.md,
NVDA,equity,tecnico,sma50,202.049401,,USD,2026-06-03,2026-09-04T20:00:39Z,Yahoo Finance,2,,,engine/technical/README.md,
NVDA,equity,tecnico,sma50,202.918601,,USD,2026-06-04,2026-09-04T20:00:39Z,Yahoo Finance,2,,,engine/technical/README.md,
NVDA,equity,tecnico,sma50,203.447001,,USD,2026-06-05,2026-09-04T20:00:39Z,Yahoo Finance,2,,,engine/technical/README.md,
NVDA,equity,tecnico,sma50,204.195001,,USD,2026-06-08,2026-09-04T20:00:39Z,Yahoo Finance,2,,,engine/technical/README.md,
NVDA,equity,tecnico,sma50,205.008401,,USD,2026-06-09,2026-09-04T20:00:39Z,Yahoo Finance,2,,,engine/technical/README.md,
NVDA,equity,tecnico,sma50,205.713401,,USD,2026-06-10,2026-09-04T20:00:39Z,Yahoo Finance,2,,,engine/technical/README.md,
NVDA,equity,tecnico,sma50,206.322801,,USD,2026-06-11,2026-09-04T20:00:39Z,Yahoo Finance,2,,,engine/technical/README.md,
NVDA,equity,tecnico,sma50,206.911601,,USD,2026-06-12,2026-09-04T20:00:39Z,Yahoo Finance,2,,,engine/technical/README.md,
NVDA,equity,tecnico,sma50,207.612801,,USD,2026-06-15,2026-09-04T20:00:39Z,Yahoo Finance,2,,,engine/technical/README.md,
NVDA,equity,tecnico,sma50,208.208201,,USD,2026-06-16,2026-09-04T20:00:39Z,Yahoo Finance,2,,,engine/technical/README.md,
NVDA,equity,tecnico,sma50,208.739201,,USD,2026-06-17,2026-09-04T20:00:39Z,Yahoo Finance,2,,,engine/technical/README.md,
NVDA,equity,tecnico,sma50,209.311401,,USD,2026-06-18,2026-09-04T20:00:39Z,Yahoo Finance,2,,,engine/technical/README.md,
NVDA,equity,tecnico,sma50,209.806201,,USD,2026-06-22,2026-09-04T20:00:39Z,Yahoo Finance,2,,,engine/technical/README.md,
NVDA,equity,tecnico,sma50,210.0344,,USD,2026-06-23,2026-09-04T20:00:39Z,Yahoo Finance,2,,,engine/technical/README.md,
NVDA,equity,tecnico,sma50,210.2282,,USD,2026-06-24,2026-09-04T20:00:39Z,Yahoo Finance,2,,,engine/technical/README.md,
NVDA,equity,tecnico,sma50,210.212801,,USD,2026-06-25,2026-09-04T20:00:39Z,Yahoo Finance,2,,,engine/technical/README.md,
NVDA,equity,tecnico,sma50,210.086001,,USD,2026-06-26,2026-09-04T20:00:39Z,Yahoo Finance,2,,,engine/technical/README.md,
NVDA,equity,tecnico,sma50,210.018401,,USD,2026-06-29,2026-09-04T20:00:39Z,Yahoo Finance,2,,,engine/technical/README.md,
NVDA,equity,tecnico,sma50,209.986601,,USD,2026-06-30,2026-09-04T20:00:39Z,Yahoo Finance,2,,,engine/technical/README.md,
NVDA,equity,tecnico,sma50,209.897001,,USD,2026-07-01,2026-09-04T20:00:39Z,Yahoo Finance,2,,,engine/technical/README.md,
NVDA,equity,tecnico,sma50,209.796001,,USD,2026-07-02,2026-09-04T20:00:39Z,Yahoo Finance,2,,,engine/technical/README.md,
NVDA,equity,tecnico,sma50,209.657001,,USD,2026-07-06,2026-09-04T20:00:39Z,Yahoo Finance,2,,,engine/technical/README.md,
NVDA,equity,tecnico,sma50,209.602801,,USD,2026-07-07,2026-09-04T20:00:39Z,Yahoo Finance,2,,,engine/technical/README.md,
NVDA,equity,tecnico,sma50,209.5198,,USD,2026-07-08,2026-09-04T20:00:39Z,Yahoo Finance,2,,,engine/technical/README.md,
NVDA,equity,tecnico,sma50,209.2432,,USD,2026-07-09,2026-09-04T20:00:39Z,Yahoo Finance,2,,,engine/technical/README.md,
NVDA,equity,tecnico,sma50,209.199001,,USD,2026-07-10,2026-09-04T20:00:39Z,Yahoo Finance,2,,,engine/technical/README.md,
NVDA,equity,tecnico,sma50,209.084601,,USD,2026-07-13,2026-09-04T20:00:39Z,Yahoo Finance,2,,,engine/technical/README.md,
NVDA,equity,tecnico,sma50,209.3292,,USD,2026-07-14,2026-09-04T20:00:39Z,Yahoo Finance,2,,,engine/technical/README.md,
NVDA,equity,tecnico,sma50,209.610201,,USD,2026-07-15,2026-09-04T20:00:39Z,Yahoo Finance,2,,,engine/technical/README.md,
NVDA,equity,tecnico,sma50,209.7886,,USD,2026-07-16,2026-09-04T20:00:39Z,Yahoo Finance,2,,,engine/technical/README.md,
NVDA,equity,tecnico,sma50,209.9148,,USD,2026-07-17,2026-09-04T20:00:39Z,Yahoo Finance,2,,,engine/technical/README.md,
NVDA,equity,tecnico,sma50,209.8238,,USD,2026-07-20,2026-09-04T20:00:39Z,Yahoo Finance,2,,,engine/technical/README.md,
NVDA,equity,tecnico,sma50,209.7396,,USD,2026-07-21,2026-09-04T20:00:39Z,Yahoo Finance,2,,,engine/technical/README.md,
NVDA,equity,tecnico,sma50,209.6768,,USD,2026-07-22,2026-09-04T20:00:39Z,Yahoo Finance,2,,,engine/technical/README.md,
NVDA,equity,tecnico,sma50,209.4632,,USD,2026-07-23,2026-09-04T20:00:39Z,Yahoo Finance,2,,,engine/technical/README.md,
NVDA,equity,tecnico,sma50,209.1844,,USD,2026-07-24,2026-09-04T20:00:39Z,Yahoo Finance,2,,,engine/technical/README.md,
NVDA,equity,tecnico,sma50,208.598,,USD,2026-07-27,2026-09-04T20:00:39Z,Yahoo Finance,2,,,engine/technical/README.md,
NVDA,equity,tecnico,sma50,207.8234,,USD,2026-07-28,2026-09-04T20:00:39Z,Yahoo Finance,2,,,engine/technical/README.md,
NVDA,equity,tecnico,sma50,207.117199,,USD,2026-07-29,2026-09-04T20:00:39Z,Yahoo Finance,2,,,engine/technical/README.md,
NVDA,equity,tecnico,sma50,206.571599,,USD,2026-07-30,2026-09-04T20:00:39Z,Yahoo Finance,2,,,engine/technical/README.md,
NVDA,equity,tecnico,sma50,206.174399,,USD,2026-07-31,2026-09-04T20:00:39Z,Yahoo Finance,2,,,engine/technical/README.md,
NVDA,equity,tecnico,sma50,205.837799,,USD,2026-08-03,2026-09-04T20:00:39Z,Yahoo Finance,2,,,engine/technical/README.md,
NVDA,equity,tecnico,sma50,205.686399,,USD,2026-08-04,2026-09-04T20:00:39Z,Yahoo Finance,2,,,engine/technical/README.md,
NVDA,equity,tecnico,sma50,205.764199,,USD,2026-08-05,2026-09-04T20:00:39Z,Yahoo Finance,2,,,engine/technical/README.md,
NVDA,equity,tecnico,sma50,205.846799,,USD,2026-08-06,2026-09-04T20:00:39Z,Yahoo Finance,2,,,engine/technical/README.md,
NVDA,equity,tecnico,sma50,206.073999,,USD,2026-08-07,2026-09-04T20:00:39Z,Yahoo Finance,2,,,engine/technical/README.md,
NVDA,equity,tecnico,sma50,206.139999,,USD,2026-08-10,2026-09-04T20:00:39Z,Yahoo Finance,2,,,engine/technical/README.md,
NVDA,equity,tecnico,sma50,206.267199,,USD,2026-08-11,2026-09-04T20:00:39Z,Yahoo Finance,2,,,engine/technical/README.md,
NVDA,equity,tecnico,sma50,206.261799,,USD,2026-08-12,2026-09-04T20:00:39Z,Yahoo Finance,2,,,engine/technical/README.md,
NVDA,equity,tecnico,sma50,206.311399,,USD,2026-08-13,2026-09-04T20:00:39Z,Yahoo Finance,2,,,engine/technical/README.md,
NVDA,equity,tecnico,sma50,206.519599,,USD,2026-08-14,2026-09-04T20:00:39Z,Yahoo Finance,2,,,engine/technical/README.md,
NVDA,equity,tecnico,sma50,206.646599,,USD,2026-08-17,2026-09-04T20:00:39Z,Yahoo Finance,2,,,engine/technical/README.md,
NVDA,equity,tecnico,sma50,206.939399,,USD,2026-08-18,2026-09-04T20:00:39Z,Yahoo Finance,2,,,engine/technical/README.md,
NVDA,equity,tecnico,sma50,207.117799,,USD,2026-08-19,2026-09-04T20:00:39Z,Yahoo Finance,2,,,engine/technical/README.md,
NVDA,equity,tecnico,sma50,207.290999,,USD,2026-08-20,2026-09-04T20:00:39Z,Yahoo Finance,2,,,engine/technical/README.md,
NVDA,equity,tecnico,sma50,207.576999,,USD,2026-08-21,2026-09-04T20:00:39Z,Yahoo Finance,2,,,engine/technical/README.md,
NVDA,equity,tecnico,sma50,207.649199,,USD,2026-08-24,2026-09-04T20:00:39Z,Yahoo Finance,2,,,engine/technical/README.md,
NVDA,equity,tecnico,sma50,207.806399,,USD,2026-08-25,2026-09-04T20:00:39Z,Yahoo Finance,2,,,engine/technical/README.md,
NVDA,equity,tecnico,sma50,207.750599,,USD,2026-08-26,2026-09-04T20:00:39Z,Yahoo Finance,2,,,engine/technical/README.md,
NVDA,equity,tecnico,sma50,208.161999,,USD,2026-08-27,2026-09-04T20:00:39Z,Yahoo Finance,2,,,engine/technical/README.md,
NVDA,equity,tecnico,sma50,208.419999,,USD,2026-08-28,2026-09-04T20:00:39Z,Yahoo Finance,2,,,engine/technical/README.md,
NVDA,equity,tecnico,sma50,208.621799,,USD,2026-08-31,2026-09-04T20:00:39Z,Yahoo Finance,2,,,engine/technical/README.md,
NVDA,equity,tecnico,sma50,208.797599,,USD,2026-09-01,2026-09-04T20:00:39Z,Yahoo Finance,2,,,engine/technical/README.md,
NVDA,equity,tecnico,sma50,209.874,,USD,2026-09-03,2026-09-04T20:00:39Z,Yahoo Finance,2,,,engine/technical/README.md,
NVDA,equity,tecnico,sma50,210.5664,,USD,2026-09-04,2026-09-04T20:00:39Z,Yahoo Finance,2,,,engine/technical/README.md,
NVDA,equity,tecnico,volatilidad_hist_30d_anualizada_pct,37.4,,%,2026-01-02,2026-09-04T20:00:39Z,Yahoo Finance,2,,,engine/technical/README.md,
NVDA,equity,tecnico,volatilidad_hist_30d_anualizada_pct,36.1,,%,2026-01-05,2026-09-04T20:00:39Z,Yahoo Finance,2,,,engine/technical/README.md,
NVDA,equity,tecnico,volatilidad_hist_30d_anualizada_pct,34.3,,%,2026-01-06,2026-09-04T20:00:39Z,Yahoo Finance,2,,,engine/technical/README.md,
NVDA,equity,tecnico,volatilidad_hist_30d_anualizada_pct,34.2,,%,2026-01-07,2026-09-04T20:00:39Z,Yahoo Finance,2,,,engine/technical/README.md,
NVDA,equity,tecnico,volatilidad_hist_30d_anualizada_pct,34.5,,%,2026-01-08,2026-09-04T20:00:39Z,Yahoo Finance,2,,,engine/technical/README.md,
NVDA,equity,tecnico,volatilidad_hist_30d_anualizada_pct,33.1,,%,2026-01-09,2026-09-04T20:00:39Z,Yahoo Finance,2,,,engine/technical/README.md,
NVDA,equity,tecnico,volatilidad_hist_30d_anualizada_pct,32.8,,%,2026-01-12,2026-09-04T20:00:39Z,Yahoo Finance,2,,,engine/technical/README.md,
NVDA,equity,tecnico,volatilidad_hist_30d_anualizada_pct,32.1,,%,2026-01-13,2026-09-04T20:00:39Z,Yahoo Finance,2,,,engine/technical/README.md,
NVDA,equity,tecnico,volatilidad_hist_30d_anualizada_pct,32.1,,%,2026-01-14,2026-09-04T20:00:39Z,Yahoo Finance,2,,,engine/technical/README.md,
NVDA,equity,tecnico,volatilidad_hist_30d_anualizada_pct,32.8,,%,2026-01-15,2026-09-04T20:00:39Z,Yahoo Finance,2,,,engine/technical/README.md,
NVDA,equity,tecnico,volatilidad_hist_30d_anualizada_pct,32.6,,%,2026-01-16,2026-09-04T20:00:39Z,Yahoo Finance,2,,,engine/technical/README.md,
NVDA,equity,tecnico,volatilidad_hist_30d_anualizada_pct,35.5,,%,2026-01-20,2026-09-04T20:00:39Z,Yahoo Finance,2,,,engine/technical/README.md,
NVDA,equity,tecnico,volatilidad_hist_30d_anualizada_pct,37.0,,%,2026-01-21,2026-09-04T20:00:39Z,Yahoo Finance,2,,,engine/technical/README.md,
NVDA,equity,tecnico,volatilidad_hist_30d_anualizada_pct,36.6,,%,2026-01-22,2026-09-04T20:00:39Z,Yahoo Finance,2,,,engine/technical/README.md,
NVDA,equity,tecnico,volatilidad_hist_30d_anualizada_pct,37.0,,%,2026-01-23,2026-09-04T20:00:39Z,Yahoo Finance,2,,,engine/technical/README.md,
NVDA,equity,tecnico,volatilidad_hist_30d_anualizada_pct,37.0,,%,2026-01-26,2026-09-04T20:00:39Z,Yahoo Finance,2,,,engine/technical/README.md,
NVDA,equity,tecnico,volatilidad_hist_30d_anualizada_pct,36.7,,%,2026-01-27,2026-09-04T20:00:39Z,Yahoo Finance,2,,,engine/technical/README.md,
NVDA,equity,tecnico,volatilidad_hist_30d_anualizada_pct,34.8,,%,2026-01-28,2026-09-04T20:00:39Z,Yahoo Finance,2,,,engine/technical/README.md,
NVDA,equity,tecnico,volatilidad_hist_30d_anualizada_pct,34.8,,%,2026-01-29,2026-09-04T20:00:39Z,Yahoo Finance,2,,,engine/technical/README.md,
NVDA,equity,tecnico,volatilidad_hist_30d_anualizada_pct,34.9,,%,2026-01-30,2026-09-04T20:00:39Z,Yahoo Finance,2,,,engine/technical/README.md,
NVDA,equity,tecnico,volatilidad_hist_30d_anualizada_pct,33.6,,%,2026-02-02,2026-09-04T20:00:39Z,Yahoo Finance,2,,,engine/technical/README.md,
NVDA,equity,tecnico,volatilidad_hist_30d_anualizada_pct,34.8,,%,2026-02-03,2026-09-04T20:00:39Z,Yahoo Finance,2,,,engine/technical/README.md,
NVDA,equity,tecnico,volatilidad_hist_30d_anualizada_pct,34.3,,%,2026-02-04,2026-09-04T20:00:39Z,Yahoo Finance,2,,,engine/technical/README.md,
NVDA,equity,tecnico,volatilidad_hist_30d_anualizada_pct,34.0,,%,2026-02-05,2026-09-04T20:00:39Z,Yahoo Finance,2,,,engine/technical/README.md,
NVDA,equity,tecnico,volatilidad_hist_30d_anualizada_pct,42.3,,%,2026-02-06,2026-09-04T20:00:39Z,Yahoo Finance,2,,,engine/technical/README.md,
NVDA,equity,tecnico,volatilidad_hist_30d_anualizada_pct,43.2,,%,2026-02-09,2026-09-04T20:00:39Z,Yahoo Finance,2,,,engine/technical/README.md,
NVDA,equity,tecnico,volatilidad_hist_30d_anualizada_pct,43.1,,%,2026-02-10,2026-09-04T20:00:39Z,Yahoo Finance,2,,,engine/technical/README.md,
NVDA,equity,tecnico,volatilidad_hist_30d_anualizada_pct,43.0,,%,2026-02-11,2026-09-04T20:00:39Z,Yahoo Finance,2,,,engine/technical/README.md,
NVDA,equity,tecnico,volatilidad_hist_30d_anualizada_pct,43.4,,%,2026-02-12,2026-09-04T20:00:39Z,Yahoo Finance,2,,,engine/technical/README.md,
NVDA,equity,tecnico,volatilidad_hist_30d_anualizada_pct,44.0,,%,2026-02-13,2026-09-04T20:00:39Z,Yahoo Finance,2,,,engine/technical/README.md,
NVDA,equity,tecnico,volatilidad_hist_30d_anualizada_pct,44.0,,%,2026-02-17,2026-09-04T20:00:39Z,Yahoo Finance,2,,,engine/technical/README.md,
NVDA,equity,tecnico,volatilidad_hist_30d_anualizada_pct,44.4,,%,2026-02-18,2026-09-04T20:00:39Z,Yahoo Finance,2,,,engine/technical/README.md,
NVDA,equity,tecnico,volatilidad_hist_30d_anualizada_pct,44.3,,%,2026-02-19,2026-09-04T20:00:39Z,Yahoo Finance,2,,,engine/technical/README.md,
NVDA,equity,tecnico,volatilidad_hist_30d_anualizada_pct,44.4,,%,2026-02-20,2026-09-04T20:00:39Z,Yahoo Finance,2,,,engine/technical/README.md,
NVDA,equity,tecnico,volatilidad_hist_30d_anualizada_pct,43.7,,%,2026-02-23,2026-09-04T20:00:39Z,Yahoo Finance,2,,,engine/technical/README.md,
NVDA,equity,tecnico,volatilidad_hist_30d_anualizada_pct,43.8,,%,2026-02-24,2026-09-04T20:00:39Z,Yahoo Finance,2,,,engine/technical/README.md,
NVDA,equity,tecnico,volatilidad_hist_30d_anualizada_pct,44.0,,%,2026-02-25,2026-09-04T20:00:39Z,Yahoo Finance,2,,,engine/technical/README.md,
NVDA,equity,tecnico,volatilidad_hist_30d_anualizada_pct,48.4,,%,2026-02-26,2026-09-04T20:00:39Z,Yahoo Finance,2,,,engine/technical/README.md,
NVDA,equity,tecnico,volatilidad_hist_30d_anualizada_pct,50.4,,%,2026-02-27,2026-09-04T20:00:39Z,Yahoo Finance,2,,,engine/technical/README.md,
NVDA,equity,tecnico,volatilidad_hist_30d_anualizada_pct,50.9,,%,2026-03-02,2026-09-04T20:00:39Z,Yahoo Finance,2,,,engine/technical/README.md,
NVDA,equity,tecnico,volatilidad_hist_30d_anualizada_pct,51.1,,%,2026-03-03,2026-09-04T20:00:39Z,Yahoo Finance,2,,,engine/technical/README.md,
NVDA,equity,tecnico,volatilidad_hist_30d_anualizada_pct,48.9,,%,2026-03-04,2026-09-04T20:00:39Z,Yahoo Finance,2,,,engine/technical/README.md,
NVDA,equity,tecnico,volatilidad_hist_30d_anualizada_pct,47.9,,%,2026-03-05,2026-09-04T20:00:39Z,Yahoo Finance,2,,,engine/technical/README.md,
NVDA,equity,tecnico,volatilidad_hist_30d_anualizada_pct,48.9,,%,2026-03-06,2026-09-04T20:00:39Z,Yahoo Finance,2,,,engine/technical/README.md,
NVDA,equity,tecnico,volatilidad_hist_30d_anualizada_pct,49.6,,%,2026-03-09,2026-09-04T20:00:39Z,Yahoo Finance,2,,,engine/technical/README.md,
NVDA,equity,tecnico,volatilidad_hist_30d_anualizada_pct,49.7,,%,2026-03-10,2026-09-04T20:00:39Z,Yahoo Finance,2,,,engine/technical/README.md,
NVDA,equity,tecnico,volatilidad_hist_30d_anualizada_pct,49.6,,%,2026-03-11,2026-09-04T20:00:39Z,Yahoo Finance,2,,,engine/technical/README.md,
NVDA,equity,tecnico,volatilidad_hist_30d_anualizada_pct,49.6,,%,2026-03-12,2026-09-04T20:00:39Z,Yahoo Finance,2,,,engine/technical/README.md,
NVDA,equity,tecnico,volatilidad_hist_30d_anualizada_pct,49.7,,%,2026-03-13,2026-09-04T20:00:39Z,Yahoo Finance,2,,,engine/technical/README.md,
NVDA,equity,tecnico,volatilidad_hist_30d_anualizada_pct,50.1,,%,2026-03-16,2026-09-04T20:00:39Z,Yahoo Finance,2,,,engine/technical/README.md,
NVDA,equity,tecnico,volatilidad_hist_30d_anualizada_pct,49.2,,%,2026-03-17,2026-09-04T20:00:39Z,Yahoo Finance,2,,,engine/technical/README.md,
NVDA,equity,tecnico,volatilidad_hist_30d_anualizada_pct,48.2,,%,2026-03-18,2026-09-04T20:00:39Z,Yahoo Finance,2,,,engine/technical/README.md,
NVDA,equity,tecnico,volatilidad_hist_30d_anualizada_pct,46.7,,%,2026-03-19,2026-09-04T20:00:39Z,Yahoo Finance,2,,,engine/technical/README.md,
NVDA,equity,tecnico,volatilidad_hist_30d_anualizada_pct,48.0,,%,2026-03-20,2026-09-04T20:00:39Z,Yahoo Finance,2,,,engine/technical/README.md,
NVDA,equity,tecnico,volatilidad_hist_30d_anualizada_pct,40.0,,%,2026-03-23,2026-09-04T20:00:39Z,Yahoo Finance,2,,,engine/technical/README.md,
NVDA,equity,tecnico,volatilidad_hist_30d_anualizada_pct,38.9,,%,2026-03-24,2026-09-04T20:00:39Z,Yahoo Finance,2,,,engine/technical/README.md,
NVDA,equity,tecnico,volatilidad_hist_30d_anualizada_pct,39.6,,%,2026-03-25,2026-09-04T20:00:39Z,Yahoo Finance,2,,,engine/technical/README.md,
NVDA,equity,tecnico,volatilidad_hist_30d_anualizada_pct,41.9,,%,2026-03-26,2026-09-04T20:00:39Z,Yahoo Finance,2,,,engine/technical/README.md,
NVDA,equity,tecnico,volatilidad_hist_30d_anualizada_pct,42.1,,%,2026-03-27,2026-09-04T20:00:39Z,Yahoo Finance,2,,,engine/technical/README.md,
NVDA,equity,tecnico,volatilidad_hist_30d_anualizada_pct,41.8,,%,2026-03-30,2026-09-04T20:00:39Z,Yahoo Finance,2,,,engine/technical/README.md,
NVDA,equity,tecnico,volatilidad_hist_30d_anualizada_pct,46.1,,%,2026-03-31,2026-09-04T20:00:39Z,Yahoo Finance,2,,,engine/technical/README.md,
NVDA,equity,tecnico,volatilidad_hist_30d_anualizada_pct,45.8,,%,2026-04-01,2026-09-04T20:00:39Z,Yahoo Finance,2,,,engine/technical/README.md,
NVDA,equity,tecnico,volatilidad_hist_30d_anualizada_pct,46.0,,%,2026-04-02,2026-09-04T20:00:39Z,Yahoo Finance,2,,,engine/technical/README.md,
NVDA,equity,tecnico,volatilidad_hist_30d_anualizada_pct,45.8,,%,2026-04-06,2026-09-04T20:00:39Z,Yahoo Finance,2,,,engine/technical/README.md,
NVDA,equity,tecnico,volatilidad_hist_30d_anualizada_pct,45.7,,%,2026-04-07,2026-09-04T20:00:39Z,Yahoo Finance,2,,,engine/technical/README.md,
NVDA,equity,tecnico,volatilidad_hist_30d_anualizada_pct,46.3,,%,2026-04-08,2026-09-04T20:00:39Z,Yahoo Finance,2,,,engine/technical/README.md,
NVDA,equity,tecnico,volatilidad_hist_30d_anualizada_pct,46.2,,%,2026-04-09,2026-09-04T20:00:39Z,Yahoo Finance,2,,,engine/technical/README.md,
NVDA,equity,tecnico,volatilidad_hist_30d_anualizada_pct,42.8,,%,2026-04-10,2026-09-04T20:00:39Z,Yahoo Finance,2,,,engine/technical/README.md,
NVDA,equity,tecnico,volatilidad_hist_30d_anualizada_pct,39.9,,%,2026-04-13,2026-09-04T20:00:39Z,Yahoo Finance,2,,,engine/technical/README.md,
NVDA,equity,tecnico,volatilidad_hist_30d_anualizada_pct,40.6,,%,2026-04-14,2026-09-04T20:00:39Z,Yahoo Finance,2,,,engine/technical/README.md,
NVDA,equity,tecnico,volatilidad_hist_30d_anualizada_pct,40.4,,%,2026-04-15,2026-09-04T20:00:39Z,Yahoo Finance,2,,,engine/technical/README.md,
NVDA,equity,tecnico,volatilidad_hist_30d_anualizada_pct,40.1,,%,2026-04-16,2026-09-04T20:00:39Z,Yahoo Finance,2,,,engine/technical/README.md,
NVDA,equity,tecnico,volatilidad_hist_30d_anualizada_pct,40.4,,%,2026-04-17,2026-09-04T20:00:39Z,Yahoo Finance,2,,,engine/technical/README.md,
NVDA,equity,tecnico,volatilidad_hist_30d_anualizada_pct,38.5,,%,2026-04-20,2026-09-04T20:00:39Z,Yahoo Finance,2,,,engine/technical/README.md,
NVDA,equity,tecnico,volatilidad_hist_30d_anualizada_pct,38.0,,%,2026-04-21,2026-09-04T20:00:39Z,Yahoo Finance,2,,,engine/technical/README.md,
NVDA,equity,tecnico,volatilidad_hist_30d_anualizada_pct,38.1,,%,2026-04-22,2026-09-04T20:00:39Z,Yahoo Finance,2,,,engine/technical/README.md,
NVDA,equity,tecnico,volatilidad_hist_30d_anualizada_pct,38.5,,%,2026-04-23,2026-09-04T20:00:39Z,Yahoo Finance,2,,,engine/technical/README.md,
NVDA,equity,tecnico,volatilidad_hist_30d_anualizada_pct,40.4,,%,2026-04-24,2026-09-04T20:00:39Z,Yahoo Finance,2,,,engine/technical/README.md,
NVDA,equity,tecnico,volatilidad_hist_30d_anualizada_pct,41.4,,%,2026-04-27,2026-09-04T20:00:39Z,Yahoo Finance,2,,,engine/technical/README.md,
NVDA,equity,tecnico,volatilidad_hist_30d_anualizada_pct,42.0,,%,2026-04-28,2026-09-04T20:00:39Z,Yahoo Finance,2,,,engine/technical/README.md,
NVDA,equity,tecnico,volatilidad_hist_30d_anualizada_pct,42.6,,%,2026-04-29,2026-09-04T20:00:39Z,Yahoo Finance,2,,,engine/technical/README.md,
NVDA,equity,tecnico,volatilidad_hist_30d_anualizada_pct,46.1,,%,2026-04-30,2026-09-04T20:00:39Z,Yahoo Finance,2,,,engine/technical/README.md,
NVDA,equity,tecnico,volatilidad_hist_30d_anualizada_pct,46.0,,%,2026-05-01,2026-09-04T20:00:39Z,Yahoo Finance,2,,,engine/technical/README.md,
NVDA,equity,tecnico,volatilidad_hist_30d_anualizada_pct,44.0,,%,2026-05-04,2026-09-04T20:00:39Z,Yahoo Finance,2,,,engine/technical/README.md,
NVDA,equity,tecnico,volatilidad_hist_30d_anualizada_pct,44.1,,%,2026-05-05,2026-09-04T20:00:39Z,Yahoo Finance,2,,,engine/technical/README.md,
NVDA,equity,tecnico,volatilidad_hist_30d_anualizada_pct,47.6,,%,2026-05-06,2026-09-04T20:00:39Z,Yahoo Finance,2,,,engine/technical/README.md,
NVDA,equity,tecnico,volatilidad_hist_30d_anualizada_pct,47.6,,%,2026-05-07,2026-09-04T20:00:39Z,Yahoo Finance,2,,,engine/technical/README.md,
NVDA,equity,tecnico,volatilidad_hist_30d_anualizada_pct,44.4,,%,2026-05-08,2026-09-04T20:00:39Z,Yahoo Finance,2,,,engine/technical/README.md,
NVDA,equity,tecnico,volatilidad_hist_30d_anualizada_pct,43.3,,%,2026-05-11,2026-09-04T20:00:39Z,Yahoo Finance,2,,,engine/technical/README.md,
NVDA,equity,tecnico,volatilidad_hist_30d_anualizada_pct,42.5,,%,2026-05-12,2026-09-04T20:00:39Z,Yahoo Finance,2,,,engine/technical/README.md,
NVDA,equity,tecnico,volatilidad_hist_30d_anualizada_pct,39.6,,%,2026-05-13,2026-09-04T20:00:39Z,Yahoo Finance,2,,,engine/technical/README.md,
NVDA,equity,tecnico,volatilidad_hist_30d_anualizada_pct,41.4,,%,2026-05-14,2026-09-04T20:00:39Z,Yahoo Finance,2,,,engine/technical/README.md,
NVDA,equity,tecnico,volatilidad_hist_30d_anualizada_pct,45.6,,%,2026-05-15,2026-09-04T20:00:39Z,Yahoo Finance,2,,,engine/technical/README.md,
NVDA,equity,tecnico,volatilidad_hist_30d_anualizada_pct,46.2,,%,2026-05-18,2026-09-04T20:00:39Z,Yahoo Finance,2,,,engine/technical/README.md,
NVDA,equity,tecnico,volatilidad_hist_30d_anualizada_pct,46.5,,%,2026-05-19,2026-09-04T20:00:39Z,Yahoo Finance,2,,,engine/technical/README.md,
NVDA,equity,tecnico,volatilidad_hist_30d_anualizada_pct,46.2,,%,2026-05-20,2026-09-04T20:00:39Z,Yahoo Finance,2,,,engine/technical/README.md,
NVDA,equity,tecnico,volatilidad_hist_30d_anualizada_pct,47.0,,%,2026-05-21,2026-09-04T20:00:39Z,Yahoo Finance,2,,,engine/technical/README.md,
NVDA,equity,tecnico,volatilidad_hist_30d_anualizada_pct,47.2,,%,2026-05-22,2026-09-04T20:00:39Z,Yahoo Finance,2,,,engine/technical/README.md,
NVDA,equity,tecnico,volatilidad_hist_30d_anualizada_pct,47.3,,%,2026-05-26,2026-09-04T20:00:39Z,Yahoo Finance,2,,,engine/technical/README.md,
NVDA,equity,tecnico,volatilidad_hist_30d_anualizada_pct,46.0,,%,2026-05-27,2026-09-04T20:00:39Z,Yahoo Finance,2,,,engine/technical/README.md,
NVDA,equity,tecnico,volatilidad_hist_30d_anualizada_pct,45.9,,%,2026-05-28,2026-09-04T20:00:39Z,Yahoo Finance,2,,,engine/technical/README.md,
NVDA,equity,tecnico,volatilidad_hist_30d_anualizada_pct,46.3,,%,2026-05-29,2026-09-04T20:00:39Z,Yahoo Finance,2,,,engine/technical/README.md,
NVDA,equity,tecnico,volatilidad_hist_30d_anualizada_pct,50.4,,%,2026-06-01,2026-09-04T20:00:39Z,Yahoo Finance,2,,,engine/technical/README.md,
NVDA,equity,tecnico,volatilidad_hist_30d_anualizada_pct,50.5,,%,2026-06-02,2026-09-04T20:00:39Z,Yahoo Finance,2,,,engine/technical/README.md,
NVDA,equity,tecnico,volatilidad_hist_30d_anualizada_pct,52.2,,%,2026-06-03,2026-09-04T20:00:39Z,Yahoo Finance,2,,,engine/technical/README.md,
NVDA,equity,tecnico,volatilidad_hist_30d_anualizada_pct,52.4,,%,2026-06-04,2026-09-04T20:00:39Z,Yahoo Finance,2,,,engine/technical/README.md,
NVDA,equity,tecnico,volatilidad_hist_30d_anualizada_pct,57.0,,%,2026-06-05,2026-09-04T20:00:39Z,Yahoo Finance,2,,,engine/technical/README.md,
NVDA,equity,tecnico,volatilidad_hist_30d_anualizada_pct,55.4,,%,2026-06-08,2026-09-04T20:00:39Z,Yahoo Finance,2,,,engine/technical/README.md,
NVDA,equity,tecnico,volatilidad_hist_30d_anualizada_pct,53.6,,%,2026-06-09,2026-09-04T20:00:39Z,Yahoo Finance,2,,,engine/technical/README.md,
NVDA,equity,tecnico,volatilidad_hist_30d_anualizada_pct,54.9,,%,2026-06-10,2026-09-04T20:00:39Z,Yahoo Finance,2,,,engine/technical/README.md,
NVDA,equity,tecnico,volatilidad_hist_30d_anualizada_pct,55.1,,%,2026-06-11,2026-09-04T20:00:39Z,Yahoo Finance,2,,,engine/technical/README.md,
NVDA,equity,tecnico,volatilidad_hist_30d_anualizada_pct,52.5,,%,2026-06-12,2026-09-04T20:00:39Z,Yahoo Finance,2,,,engine/technical/README.md,
NVDA,equity,tecnico,volatilidad_hist_30d_anualizada_pct,53.8,,%,2026-06-15,2026-09-04T20:00:39Z,Yahoo Finance,2,,,engine/technical/README.md,
NVDA,equity,tecnico,volatilidad_hist_30d_anualizada_pct,54.5,,%,2026-06-16,2026-09-04T20:00:39Z,Yahoo Finance,2,,,engine/technical/README.md,
NVDA,equity,tecnico,volatilidad_hist_30d_anualizada_pct,54.6,,%,2026-06-17,2026-09-04T20:00:39Z,Yahoo Finance,2,,,engine/technical/README.md,
NVDA,equity,tecnico,volatilidad_hist_30d_anualizada_pct,52.0,,%,2026-06-18,2026-09-04T20:00:39Z,Yahoo Finance,2,,,engine/technical/README.md,
NVDA,equity,tecnico,volatilidad_hist_30d_anualizada_pct,51.7,,%,2026-06-22,2026-09-04T20:00:39Z,Yahoo Finance,2,,,engine/technical/README.md,
NVDA,equity,tecnico,volatilidad_hist_30d_anualizada_pct,53.3,,%,2026-06-23,2026-09-04T20:00:39Z,Yahoo Finance,2,,,engine/technical/README.md,
NVDA,equity,tecnico,volatilidad_hist_30d_anualizada_pct,52.7,,%,2026-06-24,2026-09-04T20:00:39Z,Yahoo Finance,2,,,engine/technical/README.md,
NVDA,equity,tecnico,volatilidad_hist_30d_anualizada_pct,52.8,,%,2026-06-25,2026-09-04T20:00:39Z,Yahoo Finance,2,,,engine/technical/README.md,
NVDA,equity,tecnico,volatilidad_hist_30d_anualizada_pct,52.1,,%,2026-06-26,2026-09-04T20:00:39Z,Yahoo Finance,2,,,engine/technical/README.md,
NVDA,equity,tecnico,volatilidad_hist_30d_anualizada_pct,49.5,,%,2026-06-29,2026-09-04T20:00:39Z,Yahoo Finance,2,,,engine/technical/README.md,
NVDA,equity,tecnico,volatilidad_hist_30d_anualizada_pct,48.7,,%,2026-06-30,2026-09-04T20:00:39Z,Yahoo Finance,2,,,engine/technical/README.md,
NVDA,equity,tecnico,volatilidad_hist_30d_anualizada_pct,48.7,,%,2026-07-01,2026-09-04T20:00:39Z,Yahoo Finance,2,,,engine/technical/README.md,
NVDA,equity,tecnico,volatilidad_hist_30d_anualizada_pct,48.8,,%,2026-07-02,2026-09-04T20:00:39Z,Yahoo Finance,2,,,engine/technical/README.md,
NVDA,equity,tecnico,volatilidad_hist_30d_anualizada_pct,48.5,,%,2026-07-06,2026-09-04T20:00:39Z,Yahoo Finance,2,,,engine/technical/README.md,
NVDA,equity,tecnico,volatilidad_hist_30d_anualizada_pct,48.4,,%,2026-07-07,2026-09-04T20:00:39Z,Yahoo Finance,2,,,engine/technical/README.md,
NVDA,equity,tecnico,volatilidad_hist_30d_anualizada_pct,50.0,,%,2026-07-08,2026-09-04T20:00:39Z,Yahoo Finance,2,,,engine/technical/README.md,
NVDA,equity,tecnico,volatilidad_hist_30d_anualizada_pct,50.0,,%,2026-07-09,2026-09-04T20:00:39Z,Yahoo Finance,2,,,engine/technical/README.md,
NVDA,equity,tecnico,volatilidad_hist_30d_anualizada_pct,51.9,,%,2026-07-10,2026-09-04T20:00:39Z,Yahoo Finance,2,,,engine/technical/README.md,
NVDA,equity,tecnico,volatilidad_hist_30d_anualizada_pct,53.3,,%,2026-07-13,2026-09-04T20:00:39Z,Yahoo Finance,2,,,engine/technical/README.md,
NVDA,equity,tecnico,volatilidad_hist_30d_anualizada_pct,55.0,,%,2026-07-14,2026-09-04T20:00:39Z,Yahoo Finance,2,,,engine/technical/README.md,
NVDA,equity,tecnico,volatilidad_hist_30d_anualizada_pct,50.5,,%,2026-07-15,2026-09-04T20:00:39Z,Yahoo Finance,2,,,engine/technical/README.md,
NVDA,equity,tecnico,volatilidad_hist_30d_anualizada_pct,51.1,,%,2026-07-16,2026-09-04T20:00:39Z,Yahoo Finance,2,,,engine/technical/README.md,
NVDA,equity,tecnico,volatilidad_hist_30d_anualizada_pct,50.1,,%,2026-07-17,2026-09-04T20:00:39Z,Yahoo Finance,2,,,engine/technical/README.md,
NVDA,equity,tecnico,volatilidad_hist_30d_anualizada_pct,49.6,,%,2026-07-20,2026-09-04T20:00:39Z,Yahoo Finance,2,,,engine/technical/README.md,
NVDA,equity,tecnico,volatilidad_hist_30d_anualizada_pct,44.9,,%,2026-07-21,2026-09-04T20:00:39Z,Yahoo Finance,2,,,engine/technical/README.md,
NVDA,equity,tecnico,volatilidad_hist_30d_anualizada_pct,45.2,,%,2026-07-22,2026-09-04T20:00:39Z,Yahoo Finance,2,,,engine/technical/README.md,
NVDA,equity,tecnico,volatilidad_hist_30d_anualizada_pct,45.5,,%,2026-07-23,2026-09-04T20:00:39Z,Yahoo Finance,2,,,engine/technical/README.md,
NVDA,equity,tecnico,volatilidad_hist_30d_anualizada_pct,43.5,,%,2026-07-24,2026-09-04T20:00:39Z,Yahoo Finance,2,,,engine/technical/README.md,
NVDA,equity,tecnico,volatilidad_hist_30d_anualizada_pct,46.5,,%,2026-07-27,2026-09-04T20:00:39Z,Yahoo Finance,2,,,engine/technical/README.md,
NVDA,equity,tecnico,volatilidad_hist_30d_anualizada_pct,46.5,,%,2026-07-28,2026-09-04T20:00:39Z,Yahoo Finance,2,,,engine/technical/README.md,
NVDA,equity,tecnico,volatilidad_hist_30d_anualizada_pct,46.2,,%,2026-07-29,2026-09-04T20:00:39Z,Yahoo Finance,2,,,engine/technical/README.md,
NVDA,equity,tecnico,volatilidad_hist_30d_anualizada_pct,46.7,,%,2026-07-30,2026-09-04T20:00:39Z,Yahoo Finance,2,,,engine/technical/README.md,
NVDA,equity,tecnico,volatilidad_hist_30d_anualizada_pct,47.7,,%,2026-07-31,2026-09-04T20:00:39Z,Yahoo Finance,2,,,engine/technical/README.md,
NVDA,equity,tecnico,volatilidad_hist_30d_anualizada_pct,47.7,,%,2026-08-03,2026-09-04T20:00:39Z,Yahoo Finance,2,,,engine/technical/README.md,
NVDA,equity,tecnico,volatilidad_hist_30d_anualizada_pct,48.4,,%,2026-08-04,2026-09-04T20:00:39Z,Yahoo Finance,2,,,engine/technical/README.md,
NVDA,equity,tecnico,volatilidad_hist_30d_anualizada_pct,47.2,,%,2026-08-05,2026-09-04T20:00:39Z,Yahoo Finance,2,,,engine/technical/README.md,
NVDA,equity,tecnico,volatilidad_hist_30d_anualizada_pct,47.2,,%,2026-08-06,2026-09-04T20:00:39Z,Yahoo Finance,2,,,engine/technical/README.md,
NVDA,equity,tecnico,volatilidad_hist_30d_anualizada_pct,47.1,,%,2026-08-07,2026-09-04T20:00:39Z,Yahoo Finance,2,,,engine/technical/README.md,
NVDA,equity,tecnico,volatilidad_hist_30d_anualizada_pct,48.0,,%,2026-08-10,2026-09-04T20:00:39Z,Yahoo Finance,2,,,engine/technical/README.md,
NVDA,equity,tecnico,volatilidad_hist_30d_anualizada_pct,47.9,,%,2026-08-11,2026-09-04T20:00:39Z,Yahoo Finance,2,,,engine/technical/README.md,
NVDA,equity,tecnico,volatilidad_hist_30d_anualizada_pct,48.1,,%,2026-08-12,2026-09-04T20:00:39Z,Yahoo Finance,2,,,engine/technical/README.md,
NVDA,equity,tecnico,volatilidad_hist_30d_anualizada_pct,47.8,,%,2026-08-13,2026-09-04T20:00:39Z,Yahoo Finance,2,,,engine/technical/README.md,
NVDA,equity,tecnico,volatilidad_hist_30d_anualizada_pct,47.3,,%,2026-08-14,2026-09-04T20:00:39Z,Yahoo Finance,2,,,engine/technical/README.md,
NVDA,equity,tecnico,volatilidad_hist_30d_anualizada_pct,47.4,,%,2026-08-17,2026-09-04T20:00:39Z,Yahoo Finance,2,,,engine/technical/README.md,
NVDA,equity,tecnico,volatilidad_hist_30d_anualizada_pct,48.4,,%,2026-08-18,2026-09-04T20:00:39Z,Yahoo Finance,2,,,engine/technical/README.md,
NVDA,equity,tecnico,volatilidad_hist_30d_anualizada_pct,47.2,,%,2026-08-19,2026-09-04T20:00:39Z,Yahoo Finance,2,,,engine/technical/README.md,
NVDA,equity,tecnico,volatilidad_hist_30d_anualizada_pct,47.1,,%,2026-08-20,2026-09-04T20:00:39Z,Yahoo Finance,2,,,engine/technical/README.md,
NVDA,equity,tecnico,volatilidad_hist_30d_anualizada_pct,45.3,,%,2026-08-21,2026-09-04T20:00:39Z,Yahoo Finance,2,,,engine/technical/README.md,
NVDA,equity,tecnico,volatilidad_hist_30d_anualizada_pct,44.7,,%,2026-08-24,2026-09-04T20:00:39Z,Yahoo Finance,2,,,engine/technical/README.md,
NVDA,equity,tecnico,volatilidad_hist_30d_anualizada_pct,43.1,,%,2026-08-25,2026-09-04T20:00:39Z,Yahoo Finance,2,,,engine/technical/README.md,
NVDA,equity,tecnico,volatilidad_hist_30d_anualizada_pct,43.5,,%,2026-08-26,2026-09-04T20:00:39Z,Yahoo Finance,2,,,engine/technical/README.md,
NVDA,equity,tecnico,volatilidad_hist_30d_anualizada_pct,51.6,,%,2026-08-27,2026-09-04T20:00:39Z,Yahoo Finance,2,,,engine/technical/README.md,
NVDA,equity,tecnico,volatilidad_hist_30d_anualizada_pct,53.8,,%,2026-08-28,2026-09-04T20:00:39Z,Yahoo Finance,2,,,engine/technical/README.md,
NVDA,equity,tecnico,volatilidad_hist_30d_anualizada_pct,54.0,,%,2026-08-31,2026-09-04T20:00:39Z,Yahoo Finance,2,,,engine/technical/README.md,
NVDA,equity,tecnico,volatilidad_hist_30d_anualizada_pct,54.0,,%,2026-09-01,2026-09-04T20:00:39Z,Yahoo Finance,2,,,engine/technical/README.md,
NVDA,equity,tecnico,volatilidad_hist_30d_anualizada_pct,54.4,,%,2026-09-03,2026-09-04T20:00:39Z,Yahoo Finance,2,,,engine/technical/README.md,
NVDA,equity,tecnico,volatilidad_hist_30d_anualizada_pct,54.2,,%,2026-09-04,2026-09-04T20:00:39Z,Yahoo Finance,2,,,engine/technical/README.md,
NVDA,equity,tecnico,volumen,148240500.0,,unidades,2026-01-02,2026-09-04T20:00:39Z,Yahoo Finance,2,,,engine/technical/README.md,
NVDA,equity,tecnico,volumen,183529700.0,,unidades,2026-01-05,2026-09-04T20:00:39Z,Yahoo Finance,2,,,engine/technical/README.md,
NVDA,equity,tecnico,volumen,176862600.0,,unidades,2026-01-06,2026-09-04T20:00:39Z,Yahoo Finance,2,,,engine/technical/README.md,
NVDA,equity,tecnico,volumen,153543200.0,,unidades,2026-01-07,2026-09-04T20:00:39Z,Yahoo Finance,2,,,engine/technical/README.md,
NVDA,equity,tecnico,volumen,172457000.0,,unidades,2026-01-08,2026-09-04T20:00:39Z,Yahoo Finance,2,,,engine/technical/README.md,
NVDA,equity,tecnico,volumen,131327500.0,,unidades,2026-01-09,2026-09-04T20:00:39Z,Yahoo Finance,2,,,engine/technical/README.md,
NVDA,equity,tecnico,volumen,137968500.0,,unidades,2026-01-12,2026-09-04T20:00:39Z,Yahoo Finance,2,,,engine/technical/README.md,
NVDA,equity,tecnico,volumen,160128900.0,,unidades,2026-01-13,2026-09-04T20:00:39Z,Yahoo Finance,2,,,engine/technical/README.md,
NVDA,equity,tecnico,volumen,159586100.0,,unidades,2026-01-14,2026-09-04T20:00:39Z,Yahoo Finance,2,,,engine/technical/README.md,
NVDA,equity,tecnico,volumen,206188600.0,,unidades,2026-01-15,2026-09-04T20:00:39Z,Yahoo Finance,2,,,engine/technical/README.md,
NVDA,equity,tecnico,volumen,187967200.0,,unidades,2026-01-16,2026-09-04T20:00:39Z,Yahoo Finance,2,,,engine/technical/README.md,
NVDA,equity,tecnico,volumen,223345300.0,,unidades,2026-01-20,2026-09-04T20:00:39Z,Yahoo Finance,2,,,engine/technical/README.md,
NVDA,equity,tecnico,volumen,200381000.0,,unidades,2026-01-21,2026-09-04T20:00:39Z,Yahoo Finance,2,,,engine/technical/README.md,
NVDA,equity,tecnico,volumen,139636600.0,,unidades,2026-01-22,2026-09-04T20:00:39Z,Yahoo Finance,2,,,engine/technical/README.md,
NVDA,equity,tecnico,volumen,142748100.0,,unidades,2026-01-23,2026-09-04T20:00:39Z,Yahoo Finance,2,,,engine/technical/README.md,
NVDA,equity,tecnico,volumen,124799600.0,,unidades,2026-01-26,2026-09-04T20:00:39Z,Yahoo Finance,2,,,engine/technical/README.md,
NVDA,equity,tecnico,volumen,143711600.0,,unidades,2026-01-27,2026-09-04T20:00:39Z,Yahoo Finance,2,,,engine/technical/README.md,
NVDA,equity,tecnico,volumen,148552700.0,,unidades,2026-01-28,2026-09-04T20:00:39Z,Yahoo Finance,2,,,engine/technical/README.md,
NVDA,equity,tecnico,volumen,171764400.0,,unidades,2026-01-29,2026-09-04T20:00:39Z,Yahoo Finance,2,,,engine/technical/README.md,
NVDA,equity,tecnico,volumen,179489500.0,,unidades,2026-01-30,2026-09-04T20:00:39Z,Yahoo Finance,2,,,engine/technical/README.md,
NVDA,equity,tecnico,volumen,165794100.0,,unidades,2026-02-02,2026-09-04T20:00:39Z,Yahoo Finance,2,,,engine/technical/README.md,
NVDA,equity,tecnico,volumen,204019600.0,,unidades,2026-02-03,2026-09-04T20:00:39Z,Yahoo Finance,2,,,engine/technical/README.md,
NVDA,equity,tecnico,volumen,207014100.0,,unidades,2026-02-04,2026-09-04T20:00:39Z,Yahoo Finance,2,,,engine/technical/README.md,
NVDA,equity,tecnico,volumen,206312900.0,,unidades,2026-02-05,2026-09-04T20:00:39Z,Yahoo Finance,2,,,engine/technical/README.md,
NVDA,equity,tecnico,volumen,231346200.0,,unidades,2026-02-06,2026-09-04T20:00:39Z,Yahoo Finance,2,,,engine/technical/README.md,
NVDA,equity,tecnico,volumen,196387400.0,,unidades,2026-02-09,2026-09-04T20:00:39Z,Yahoo Finance,2,,,engine/technical/README.md,
NVDA,equity,tecnico,volumen,136764800.0,,unidades,2026-02-10,2026-09-04T20:00:39Z,Yahoo Finance,2,,,engine/technical/README.md,
NVDA,equity,tecnico,volumen,144192700.0,,unidades,2026-02-11,2026-09-04T20:00:39Z,Yahoo Finance,2,,,engine/technical/README.md,
NVDA,equity,tecnico,volumen,189932500.0,,unidades,2026-02-12,2026-09-04T20:00:39Z,Yahoo Finance,2,,,engine/technical/README.md,
NVDA,equity,tecnico,volumen,161888000.0,,unidades,2026-02-13,2026-09-04T20:00:39Z,Yahoo Finance,2,,,engine/technical/README.md,
NVDA,equity,tecnico,volumen,162276900.0,,unidades,2026-02-17,2026-09-04T20:00:39Z,Yahoo Finance,2,,,engine/technical/README.md,
NVDA,equity,tecnico,volumen,164749100.0,,unidades,2026-02-18,2026-09-04T20:00:39Z,Yahoo Finance,2,,,engine/technical/README.md,
NVDA,equity,tecnico,volumen,126554500.0,,unidades,2026-02-19,2026-09-04T20:00:39Z,Yahoo Finance,2,,,engine/technical/README.md,
NVDA,equity,tecnico,volumen,178422300.0,,unidades,2026-02-20,2026-09-04T20:00:39Z,Yahoo Finance,2,,,engine/technical/README.md,
NVDA,equity,tecnico,volumen,171584800.0,,unidades,2026-02-23,2026-09-04T20:00:39Z,Yahoo Finance,2,,,engine/technical/README.md,
NVDA,equity,tecnico,volumen,175123600.0,,unidades,2026-02-24,2026-09-04T20:00:39Z,Yahoo Finance,2,,,engine/technical/README.md,
NVDA,equity,tecnico,volumen,250637100.0,,unidades,2026-02-25,2026-09-04T20:00:39Z,Yahoo Finance,2,,,engine/technical/README.md,
NVDA,equity,tecnico,volumen,360807900.0,,unidades,2026-02-26,2026-09-04T20:00:39Z,Yahoo Finance,2,,,engine/technical/README.md,
NVDA,equity,tecnico,volumen,311636500.0,,unidades,2026-02-27,2026-09-04T20:00:39Z,Yahoo Finance,2,,,engine/technical/README.md,
NVDA,equity,tecnico,volumen,209095300.0,,unidades,2026-03-02,2026-09-04T20:00:39Z,Yahoo Finance,2,,,engine/technical/README.md,
NVDA,equity,tecnico,volumen,178099400.0,,unidades,2026-03-03,2026-09-04T20:00:39Z,Yahoo Finance,2,,,engine/technical/README.md,
NVDA,equity,tecnico,volumen,177731200.0,,unidades,2026-03-04,2026-09-04T20:00:39Z,Yahoo Finance,2,,,engine/technical/README.md,
NVDA,equity,tecnico,volumen,198779700.0,,unidades,2026-03-05,2026-09-04T20:00:39Z,Yahoo Finance,2,,,engine/technical/README.md,
NVDA,equity,tecnico,volumen,189021900.0,,unidades,2026-03-06,2026-09-04T20:00:39Z,Yahoo Finance,2,,,engine/technical/README.md,
NVDA,equity,tecnico,volumen,177213600.0,,unidades,2026-03-09,2026-09-04T20:00:39Z,Yahoo Finance,2,,,engine/technical/README.md,
NVDA,equity,tecnico,volumen,179118500.0,,unidades,2026-03-10,2026-09-04T20:00:39Z,Yahoo Finance,2,,,engine/technical/README.md,
NVDA,equity,tecnico,volumen,145280400.0,,unidades,2026-03-11,2026-09-04T20:00:39Z,Yahoo Finance,2,,,engine/technical/README.md,
NVDA,equity,tecnico,volumen,155762700.0,,unidades,2026-03-12,2026-09-04T20:00:39Z,Yahoo Finance,2,,,engine/technical/README.md,
NVDA,equity,tecnico,volumen,160988400.0,,unidades,2026-03-13,2026-09-04T20:00:39Z,Yahoo Finance,2,,,engine/technical/README.md,
NVDA,equity,tecnico,volumen,217307400.0,,unidades,2026-03-16,2026-09-04T20:00:39Z,Yahoo Finance,2,,,engine/technical/README.md,
NVDA,equity,tecnico,volumen,182497800.0,,unidades,2026-03-17,2026-09-04T20:00:39Z,Yahoo Finance,2,,,engine/technical/README.md,
NVDA,equity,tecnico,volumen,156683100.0,,unidades,2026-03-18,2026-09-04T20:00:39Z,Yahoo Finance,2,,,engine/technical/README.md,
NVDA,equity,tecnico,volumen,170968500.0,,unidades,2026-03-19,2026-09-04T20:00:39Z,Yahoo Finance,2,,,engine/technical/README.md,
NVDA,equity,tecnico,volumen,241323500.0,,unidades,2026-03-20,2026-09-04T20:00:39Z,Yahoo Finance,2,,,engine/technical/README.md,
NVDA,equity,tecnico,volumen,182836300.0,,unidades,2026-03-23,2026-09-04T20:00:39Z,Yahoo Finance,2,,,engine/technical/README.md,
NVDA,equity,tecnico,volumen,147667800.0,,unidades,2026-03-24,2026-09-04T20:00:39Z,Yahoo Finance,2,,,engine/technical/README.md,
NVDA,equity,tecnico,volumen,162602100.0,,unidades,2026-03-25,2026-09-04T20:00:39Z,Yahoo Finance,2,,,engine/technical/README.md,
NVDA,equity,tecnico,volumen,186152200.0,,unidades,2026-03-26,2026-09-04T20:00:39Z,Yahoo Finance,2,,,engine/technical/README.md,
NVDA,equity,tecnico,volumen,196212700.0,,unidades,2026-03-27,2026-09-04T20:00:39Z,Yahoo Finance,2,,,engine/technical/README.md,
NVDA,equity,tecnico,volumen,185627000.0,,unidades,2026-03-30,2026-09-04T20:00:39Z,Yahoo Finance,2,,,engine/technical/README.md,
NVDA,equity,tecnico,volumen,226181300.0,,unidades,2026-03-31,2026-09-04T20:00:39Z,Yahoo Finance,2,,,engine/technical/README.md,
NVDA,equity,tecnico,volumen,168132000.0,,unidades,2026-04-01,2026-09-04T20:00:39Z,Yahoo Finance,2,,,engine/technical/README.md,
NVDA,equity,tecnico,volumen,143143200.0,,unidades,2026-04-02,2026-09-04T20:00:39Z,Yahoo Finance,2,,,engine/technical/README.md,
NVDA,equity,tecnico,volumen,107564300.0,,unidades,2026-04-06,2026-09-04T20:00:39Z,Yahoo Finance,2,,,engine/technical/README.md,
NVDA,equity,tecnico,volumen,132534900.0,,unidades,2026-04-07,2026-09-04T20:00:39Z,Yahoo Finance,2,,,engine/technical/README.md,
NVDA,equity,tecnico,volumen,147732700.0,,unidades,2026-04-08,2026-09-04T20:00:39Z,Yahoo Finance,2,,,engine/technical/README.md,
NVDA,equity,tecnico,volumen,116428500.0,,unidades,2026-04-09,2026-09-04T20:00:39Z,Yahoo Finance,2,,,engine/technical/README.md,
NVDA,equity,tecnico,volumen,160459500.0,,unidades,2026-04-10,2026-09-04T20:00:39Z,Yahoo Finance,2,,,engine/technical/README.md,
NVDA,equity,tecnico,volumen,133648200.0,,unidades,2026-04-13,2026-09-04T20:00:39Z,Yahoo Finance,2,,,engine/technical/README.md,
NVDA,equity,tecnico,volumen,161307000.0,,unidades,2026-04-14,2026-09-04T20:00:39Z,Yahoo Finance,2,,,engine/technical/README.md,
NVDA,equity,tecnico,volumen,185338400.0,,unidades,2026-04-15,2026-09-04T20:00:39Z,Yahoo Finance,2,,,engine/technical/README.md,
NVDA,equity,tecnico,volumen,134012900.0,,unidades,2026-04-16,2026-09-04T20:00:39Z,Yahoo Finance,2,,,engine/technical/README.md,
NVDA,equity,tecnico,volumen,160324400.0,,unidades,2026-04-17,2026-09-04T20:00:39Z,Yahoo Finance,2,,,engine/technical/README.md,
NVDA,equity,tecnico,volumen,119381400.0,,unidades,2026-04-20,2026-09-04T20:00:39Z,Yahoo Finance,2,,,engine/technical/README.md,
NVDA,equity,tecnico,volumen,107945300.0,,unidades,2026-04-21,2026-09-04T20:00:39Z,Yahoo Finance,2,,,engine/technical/README.md,
NVDA,equity,tecnico,volumen,107501000.0,,unidades,2026-04-22,2026-09-04T20:00:39Z,Yahoo Finance,2,,,engine/technical/README.md,
NVDA,equity,tecnico,volumen,113561800.0,,unidades,2026-04-23,2026-09-04T20:00:39Z,Yahoo Finance,2,,,engine/technical/README.md,
NVDA,equity,tecnico,volumen,214134400.0,,unidades,2026-04-24,2026-09-04T20:00:39Z,Yahoo Finance,2,,,engine/technical/README.md,
NVDA,equity,tecnico,volumen,187172400.0,,unidades,2026-04-27,2026-09-04T20:00:39Z,Yahoo Finance,2,,,engine/technical/README.md,
NVDA,equity,tecnico,volumen,180275400.0,,unidades,2026-04-28,2026-09-04T20:00:39Z,Yahoo Finance,2,,,engine/technical/README.md,
NVDA,equity,tecnico,volumen,123711800.0,,unidades,2026-04-29,2026-09-04T20:00:39Z,Yahoo Finance,2,,,engine/technical/README.md,
NVDA,equity,tecnico,volumen,225239200.0,,unidades,2026-04-30,2026-09-04T20:00:39Z,Yahoo Finance,2,,,engine/technical/README.md,
NVDA,equity,tecnico,volumen,128647000.0,,unidades,2026-05-01,2026-09-04T20:00:39Z,Yahoo Finance,2,,,engine/technical/README.md,
NVDA,equity,tecnico,volumen,125368100.0,,unidades,2026-05-04,2026-09-04T20:00:39Z,Yahoo Finance,2,,,engine/technical/README.md,
NVDA,equity,tecnico,volumen,113406600.0,,unidades,2026-05-05,2026-09-04T20:00:39Z,Yahoo Finance,2,,,engine/technical/README.md,
NVDA,equity,tecnico,volumen,188362800.0,,unidades,2026-05-06,2026-09-04T20:00:39Z,Yahoo Finance,2,,,engine/technical/README.md,
NVDA,equity,tecnico,volumen,168307900.0,,unidades,2026-05-07,2026-09-04T20:00:39Z,Yahoo Finance,2,,,engine/technical/README.md,
NVDA,equity,tecnico,volumen,136421400.0,,unidades,2026-05-08,2026-09-04T20:00:39Z,Yahoo Finance,2,,,engine/technical/README.md,
NVDA,equity,tecnico,volumen,160685800.0,,unidades,2026-05-11,2026-09-04T20:00:39Z,Yahoo Finance,2,,,engine/technical/README.md,
NVDA,equity,tecnico,volumen,159176600.0,,unidades,2026-05-12,2026-09-04T20:00:39Z,Yahoo Finance,2,,,engine/technical/README.md,
NVDA,equity,tecnico,volumen,150405400.0,,unidades,2026-05-13,2026-09-04T20:00:39Z,Yahoo Finance,2,,,engine/technical/README.md,
NVDA,equity,tecnico,volumen,180782900.0,,unidades,2026-05-14,2026-09-04T20:00:39Z,Yahoo Finance,2,,,engine/technical/README.md,
NVDA,equity,tecnico,volumen,180977600.0,,unidades,2026-05-15,2026-09-04T20:00:39Z,Yahoo Finance,2,,,engine/technical/README.md,
NVDA,equity,tecnico,volumen,146280900.0,,unidades,2026-05-18,2026-09-04T20:00:39Z,Yahoo Finance,2,,,engine/technical/README.md,
NVDA,equity,tecnico,volumen,140948200.0,,unidades,2026-05-19,2026-09-04T20:00:39Z,Yahoo Finance,2,,,engine/technical/README.md,
NVDA,equity,tecnico,volumen,184201600.0,,unidades,2026-05-20,2026-09-04T20:00:39Z,Yahoo Finance,2,,,engine/technical/README.md,
NVDA,equity,tecnico,volumen,203381800.0,,unidades,2026-05-21,2026-09-04T20:00:39Z,Yahoo Finance,2,,,engine/technical/README.md,
NVDA,equity,tecnico,volumen,169275700.0,,unidades,2026-05-22,2026-09-04T20:00:39Z,Yahoo Finance,2,,,engine/technical/README.md,
NVDA,equity,tecnico,volumen,187202600.0,,unidades,2026-05-26,2026-09-04T20:00:39Z,Yahoo Finance,2,,,engine/technical/README.md,
NVDA,equity,tecnico,volumen,167601200.0,,unidades,2026-05-27,2026-09-04T20:00:39Z,Yahoo Finance,2,,,engine/technical/README.md,
NVDA,equity,tecnico,volumen,143996000.0,,unidades,2026-05-28,2026-09-04T20:00:39Z,Yahoo Finance,2,,,engine/technical/README.md,
NVDA,equity,tecnico,volumen,289410600.0,,unidades,2026-05-29,2026-09-04T20:00:39Z,Yahoo Finance,2,,,engine/technical/README.md,
NVDA,equity,tecnico,volumen,212850700.0,,unidades,2026-06-01,2026-09-04T20:00:39Z,Yahoo Finance,2,,,engine/technical/README.md,
NVDA,equity,tecnico,volumen,193362900.0,,unidades,2026-06-02,2026-09-04T20:00:39Z,Yahoo Finance,2,,,engine/technical/README.md,
NVDA,equity,tecnico,volumen,160907000.0,,unidades,2026-06-03,2026-09-04T20:00:39Z,Yahoo Finance,2,,,engine/technical/README.md,
NVDA,equity,tecnico,volumen,169022200.0,,unidades,2026-06-04,2026-09-04T20:00:39Z,Yahoo Finance,2,,,engine/technical/README.md,
NVDA,equity,tecnico,volumen,219655500.0,,unidades,2026-06-05,2026-09-04T20:00:39Z,Yahoo Finance,2,,,engine/technical/README.md,
NVDA,equity,tecnico,volumen,138372800.0,,unidades,2026-06-08,2026-09-04T20:00:39Z,Yahoo Finance,2,,,engine/technical/README.md,
NVDA,equity,tecnico,volumen,180962500.0,,unidades,2026-06-09,2026-09-04T20:00:39Z,Yahoo Finance,2,,,engine/technical/README.md,
NVDA,equity,tecnico,volumen,161746600.0,,unidades,2026-06-10,2026-09-04T20:00:39Z,Yahoo Finance,2,,,engine/technical/README.md,
NVDA,equity,tecnico,volumen,158643200.0,,unidades,2026-06-11,2026-09-04T20:00:39Z,Yahoo Finance,2,,,engine/technical/README.md,
NVDA,equity,tecnico,volumen,112001800.0,,unidades,2026-06-12,2026-09-04T20:00:39Z,Yahoo Finance,2,,,engine/technical/README.md,
NVDA,equity,tecnico,volumen,149936700.0,,unidades,2026-06-15,2026-09-04T20:00:39Z,Yahoo Finance,2,,,engine/technical/README.md,
NVDA,equity,tecnico,volumen,125694100.0,,unidades,2026-06-16,2026-09-04T20:00:39Z,Yahoo Finance,2,,,engine/technical/README.md,
NVDA,equity,tecnico,volumen,128363500.0,,unidades,2026-06-17,2026-09-04T20:00:39Z,Yahoo Finance,2,,,engine/technical/README.md,
NVDA,equity,tecnico,volumen,241272000.0,,unidades,2026-06-18,2026-09-04T20:00:39Z,Yahoo Finance,2,,,engine/technical/README.md,
NVDA,equity,tecnico,volumen,122041400.0,,unidades,2026-06-22,2026-09-04T20:00:39Z,Yahoo Finance,2,,,engine/technical/README.md,
NVDA,equity,tecnico,volumen,153496200.0,,unidades,2026-06-23,2026-09-04T20:00:39Z,Yahoo Finance,2,,,engine/technical/README.md,
NVDA,equity,tecnico,volumen,151810700.0,,unidades,2026-06-24,2026-09-04T20:00:39Z,Yahoo Finance,2,,,engine/technical/README.md,
NVDA,equity,tecnico,volumen,149550000.0,,unidades,2026-06-25,2026-09-04T20:00:39Z,Yahoo Finance,2,,,engine/technical/README.md,
NVDA,equity,tecnico,volumen,179304100.0,,unidades,2026-06-26,2026-09-04T20:00:39Z,Yahoo Finance,2,,,engine/technical/README.md,
NVDA,equity,tecnico,volumen,148835700.0,,unidades,2026-06-29,2026-09-04T20:00:39Z,Yahoo Finance,2,,,engine/technical/README.md,
NVDA,equity,tecnico,volumen,166476700.0,,unidades,2026-06-30,2026-09-04T20:00:39Z,Yahoo Finance,2,,,engine/technical/README.md,
NVDA,equity,tecnico,volumen,146147600.0,,unidades,2026-07-01,2026-09-04T20:00:39Z,Yahoo Finance,2,,,engine/technical/README.md,
NVDA,equity,tecnico,volumen,142068700.0,,unidades,2026-07-02,2026-09-04T20:00:39Z,Yahoo Finance,2,,,engine/technical/README.md,
NVDA,equity,tecnico,volumen,108999000.0,,unidades,2026-07-06,2026-09-04T20:00:39Z,Yahoo Finance,2,,,engine/technical/README.md,
NVDA,equity,tecnico,volumen,124154600.0,,unidades,2026-07-07,2026-09-04T20:00:39Z,Yahoo Finance,2,,,engine/technical/README.md,
NVDA,equity,tecnico,volumen,147419100.0,,unidades,2026-07-08,2026-09-04T20:00:39Z,Yahoo Finance,2,,,engine/technical/README.md,
NVDA,equity,tecnico,volumen,132037400.0,,unidades,2026-07-09,2026-09-04T20:00:39Z,Yahoo Finance,2,,,engine/technical/README.md,
NVDA,equity,tecnico,volumen,148421000.0,,unidades,2026-07-10,2026-09-04T20:00:39Z,Yahoo Finance,2,,,engine/technical/README.md,
NVDA,equity,tecnico,volumen,121411000.0,,unidades,2026-07-13,2026-09-04T20:00:39Z,Yahoo Finance,2,,,engine/technical/README.md,
NVDA,equity,tecnico,volumen,124379600.0,,unidades,2026-07-14,2026-09-04T20:00:39Z,Yahoo Finance,2,,,engine/technical/README.md,
NVDA,equity,tecnico,volumen,124797200.0,,unidades,2026-07-15,2026-09-04T20:00:39Z,Yahoo Finance,2,,,engine/technical/README.md,
NVDA,equity,tecnico,volumen,122986100.0,,unidades,2026-07-16,2026-09-04T20:00:39Z,Yahoo Finance,2,,,engine/technical/README.md,
NVDA,equity,tecnico,volumen,144281900.0,,unidades,2026-07-17,2026-09-04T20:00:39Z,Yahoo Finance,2,,,engine/technical/README.md,
NVDA,equity,tecnico,volumen,88701500.0,,unidades,2026-07-20,2026-09-04T20:00:39Z,Yahoo Finance,2,,,engine/technical/README.md,
NVDA,equity,tecnico,volumen,108685600.0,,unidades,2026-07-21,2026-09-04T20:00:39Z,Yahoo Finance,2,,,engine/technical/README.md,
NVDA,equity,tecnico,volumen,137645600.0,,unidades,2026-07-22,2026-09-04T20:00:39Z,Yahoo Finance,2,,,engine/technical/README.md,
NVDA,equity,tecnico,volumen,110505300.0,,unidades,2026-07-23,2026-09-04T20:00:39Z,Yahoo Finance,2,,,engine/technical/README.md,
NVDA,equity,tecnico,volumen,114836800.0,,unidades,2026-07-24,2026-09-04T20:00:39Z,Yahoo Finance,2,,,engine/technical/README.md,
NVDA,equity,tecnico,volumen,154353700.0,,unidades,2026-07-27,2026-09-04T20:00:39Z,Yahoo Finance,2,,,engine/technical/README.md,
NVDA,equity,tecnico,volumen,134111500.0,,unidades,2026-07-28,2026-09-04T20:00:39Z,Yahoo Finance,2,,,engine/technical/README.md,
NVDA,equity,tecnico,volumen,147680800.0,,unidades,2026-07-29,2026-09-04T20:00:39Z,Yahoo Finance,2,,,engine/technical/README.md,
NVDA,equity,tecnico,volumen,129010200.0,,unidades,2026-07-30,2026-09-04T20:00:39Z,Yahoo Finance,2,,,engine/technical/README.md,
NVDA,equity,tecnico,volumen,139961200.0,,unidades,2026-07-31,2026-09-04T20:00:39Z,Yahoo Finance,2,,,engine/technical/README.md,
NVDA,equity,tecnico,volumen,128406900.0,,unidades,2026-08-03,2026-09-04T20:00:39Z,Yahoo Finance,2,,,engine/technical/README.md,
NVDA,equity,tecnico,volumen,134922000.0,,unidades,2026-08-04,2026-09-04T20:00:39Z,Yahoo Finance,2,,,engine/technical/README.md,
NVDA,equity,tecnico,volumen,158187400.0,,unidades,2026-08-05,2026-09-04T20:00:39Z,Yahoo Finance,2,,,engine/technical/README.md,
NVDA,equity,tecnico,volumen,113940600.0,,unidades,2026-08-06,2026-09-04T20:00:39Z,Yahoo Finance,2,,,engine/technical/README.md,
NVDA,equity,tecnico,volumen,105669400.0,,unidades,2026-08-07,2026-09-04T20:00:39Z,Yahoo Finance,2,,,engine/technical/README.md,
NVDA,equity,tecnico,volumen,115846600.0,,unidades,2026-08-10,2026-09-04T20:00:39Z,Yahoo Finance,2,,,engine/technical/README.md,
NVDA,equity,tecnico,volumen,101273100.0,,unidades,2026-08-11,2026-09-04T20:00:39Z,Yahoo Finance,2,,,engine/technical/README.md,
NVDA,equity,tecnico,volumen,108783600.0,,unidades,2026-08-12,2026-09-04T20:00:39Z,Yahoo Finance,2,,,engine/technical/README.md,
NVDA,equity,tecnico,volumen,98867200.0,,unidades,2026-08-13,2026-09-04T20:00:39Z,Yahoo Finance,2,,,engine/technical/README.md,
NVDA,equity,tecnico,volumen,75680900.0,,unidades,2026-08-14,2026-09-04T20:00:39Z,Yahoo Finance,2,,,engine/technical/README.md,
NVDA,equity,tecnico,volumen,93678700.0,,unidades,2026-08-17,2026-09-04T20:00:39Z,Yahoo Finance,2,,,engine/technical/README.md,
NVDA,equity,tecnico,volumen,103128200.0,,unidades,2026-08-18,2026-09-04T20:00:39Z,Yahoo Finance,2,,,engine/technical/README.md,
NVDA,equity,tecnico,volumen,96797300.0,,unidades,2026-08-19,2026-09-04T20:00:39Z,Yahoo Finance,2,,,engine/technical/README.md,
NVDA,equity,tecnico,volumen,92457000.0,,unidades,2026-08-20,2026-09-04T20:00:39Z,Yahoo Finance,2,,,engine/technical/README.md,
NVDA,equity,tecnico,volumen,98869300.0,,unidades,2026-08-21,2026-09-04T20:00:39Z,Yahoo Finance,2,,,engine/technical/README.md,
NVDA,equity,tecnico,volumen,135187300.0,,unidades,2026-08-24,2026-09-04T20:00:39Z,Yahoo Finance,2,,,engine/technical/README.md,
NVDA,equity,tecnico,volumen,122309000.0,,unidades,2026-08-25,2026-09-04T20:00:39Z,Yahoo Finance,2,,,engine/technical/README.md,
NVDA,equity,tecnico,volumen,179900000.0,,unidades,2026-08-26,2026-09-04T20:00:39Z,Yahoo Finance,2,,,engine/technical/README.md,
NVDA,equity,tecnico,volumen,298909800.0,,unidades,2026-08-27,2026-09-04T20:00:39Z,Yahoo Finance,2,,,engine/technical/README.md,
NVDA,equity,tecnico,volumen,195116400.0,,unidades,2026-08-28,2026-09-04T20:00:39Z,Yahoo Finance,2,,,engine/technical/README.md,
NVDA,equity,tecnico,volumen,124702700.0,,unidades,2026-08-31,2026-09-04T20:00:39Z,Yahoo Finance,2,,,engine/technical/README.md,
NVDA,equity,tecnico,volumen,109756200.0,,unidades,2026-09-01,2026-09-04T20:00:39Z,Yahoo Finance,2,,,engine/technical/README.md,
NVDA,equity,tecnico,volumen,134681600.0,,unidades,2026-09-03,2026-09-04T20:00:39Z,Yahoo Finance,2,,,engine/technical/README.md,
NVDA,equity,tecnico,volumen,128687414.0,,unidades,2026-09-04,2026-09-04T20:00:39Z,Yahoo Finance,2,,,engine/technical/README.md,
