asset_id,asset_type,domain,metric,value,value_text,unit,data_as_of,retrieved_at,source,source_priority,confidence_pct,data_quality_pct,calculation_method,source_url
SOL,crypto,fundamental,fdv_mcap_ratio,1.082,,ratio,2026-09-03,2026-09-03T11:40:58Z,CoinGecko,2,,80,engine/crypto/README.md,
SOL,crypto,fundamental,fdv_mcap_ratio,1.082,,ratio,2026-09-04,2026-09-04T10:11:47Z,CoinGecko,2,,80,engine/crypto/README.md,
SOL,crypto,fundamental,market_cap_percentile_365d,22.6,,%,2026-09-03,2026-09-03T11:40:58Z,CoinGecko,2,,80,engine/crypto/README.md,
SOL,crypto,fundamental,market_cap_percentile_365d,25.3,,%,2026-09-04,2026-09-04T10:11:47Z,CoinGecko,2,,80,engine/crypto/README.md,
SOL,crypto,fundamental,supply_pct_of_max,92.4,,%,2026-09-03,2026-09-03T11:40:58Z,CoinGecko,2,,80,engine/crypto/README.md,
SOL,crypto,fundamental,supply_pct_of_max,92.4,,%,2026-09-04,2026-09-04T10:11:47Z,CoinGecko,2,,80,engine/crypto/README.md,
SOL,crypto,fundamental,tvl_percentile_365d,29.4,,%,2026-01-01,2026-09-04T14:24:27Z,DefiLlama,2,,,engine/crypto/README.md,
SOL,crypto,fundamental,tvl_percentile_365d,42.3,,%,2026-01-02,2026-09-04T14:24:27Z,DefiLlama,2,,,engine/crypto/README.md,
SOL,crypto,fundamental,tvl_percentile_365d,34.2,,%,2026-01-03,2026-09-04T14:24:27Z,DefiLlama,2,,,engine/crypto/README.md,
SOL,crypto,fundamental,tvl_percentile_365d,35.3,,%,2026-01-04,2026-09-04T14:24:27Z,DefiLlama,2,,,engine/crypto/README.md,
SOL,crypto,fundamental,tvl_percentile_365d,36.4,,%,2026-01-05,2026-09-04T14:24:27Z,DefiLlama,2,,,engine/crypto/README.md,
SOL,crypto,fundamental,tvl_percentile_365d,39.3,,%,2026-01-06,2026-09-04T14:24:27Z,DefiLlama,2,,,engine/crypto/README.md,
SOL,crypto,fundamental,tvl_percentile_365d,40.6,,%,2026-01-07,2026-09-04T14:24:27Z,DefiLlama,2,,,engine/crypto/README.md,
SOL,crypto,fundamental,tvl_percentile_365d,37.6,,%,2026-01-08,2026-09-04T14:24:27Z,DefiLlama,2,,,engine/crypto/README.md,
SOL,crypto,fundamental,tvl_percentile_365d,38.6,,%,2026-01-09,2026-09-04T14:24:27Z,DefiLlama,2,,,engine/crypto/README.md,
SOL,crypto,fundamental,tvl_percentile_365d,37.3,,%,2026-01-10,2026-09-04T14:24:27Z,DefiLlama,2,,,engine/crypto/README.md,
SOL,crypto,fundamental,tvl_percentile_365d,37.4,,%,2026-01-11,2026-09-04T14:24:27Z,DefiLlama,2,,,engine/crypto/README.md,
SOL,crypto,fundamental,tvl_percentile_365d,39.4,,%,2026-01-12,2026-09-04T14:24:27Z,DefiLlama,2,,,engine/crypto/README.md,
SOL,crypto,fundamental,tvl_percentile_365d,37.3,,%,2026-01-13,2026-09-04T14:24:27Z,DefiLlama,2,,,engine/crypto/README.md,
SOL,crypto,fundamental,tvl_percentile_365d,42.2,,%,2026-01-14,2026-09-04T14:24:27Z,DefiLlama,2,,,engine/crypto/README.md,
SOL,crypto,fundamental,tvl_percentile_365d,42.6,,%,2026-01-15,2026-09-04T14:24:27Z,DefiLlama,2,,,engine/crypto/README.md,
SOL,crypto,fundamental,tvl_percentile_365d,40.1,,%,2026-01-16,2026-09-04T14:24:27Z,DefiLlama,2,,,engine/crypto/README.md,
SOL,crypto,fundamental,tvl_percentile_365d,41.7,,%,2026-01-17,2026-09-04T14:24:27Z,DefiLlama,2,,,engine/crypto/README.md,
SOL,crypto,fundamental,tvl_percentile_365d,41.2,,%,2026-01-18,2026-09-04T14:24:27Z,DefiLlama,2,,,engine/crypto/README.md,
SOL,crypto,fundamental,tvl_percentile_365d,36.8,,%,2026-01-19,2026-09-04T14:24:27Z,DefiLlama,2,,,engine/crypto/README.md,
SOL,crypto,fundamental,tvl_percentile_365d,36.0,,%,2026-01-20,2026-09-04T14:24:27Z,DefiLlama,2,,,engine/crypto/README.md,
SOL,crypto,fundamental,tvl_percentile_365d,31.5,,%,2026-01-21,2026-09-04T14:24:27Z,DefiLlama,2,,,engine/crypto/README.md,
SOL,crypto,fundamental,tvl_percentile_365d,32.8,,%,2026-01-22,2026-09-04T14:24:27Z,DefiLlama,2,,,engine/crypto/README.md,
SOL,crypto,fundamental,tvl_percentile_365d,30.2,,%,2026-01-23,2026-09-04T14:24:27Z,DefiLlama,2,,,engine/crypto/README.md,
SOL,crypto,fundamental,tvl_percentile_365d,29.9,,%,2026-01-24,2026-09-04T14:24:27Z,DefiLlama,2,,,engine/crypto/README.md,
SOL,crypto,fundamental,tvl_percentile_365d,29.7,,%,2026-01-25,2026-09-04T14:24:27Z,DefiLlama,2,,,engine/crypto/README.md,
SOL,crypto,fundamental,tvl_percentile_365d,24.1,,%,2026-01-26,2026-09-04T14:24:27Z,DefiLlama,2,,,engine/crypto/README.md,
SOL,crypto,fundamental,tvl_percentile_365d,29.1,,%,2026-01-27,2026-09-04T14:24:27Z,DefiLlama,2,,,engine/crypto/README.md,
SOL,crypto,fundamental,tvl_percentile_365d,30.4,,%,2026-01-28,2026-09-04T14:24:27Z,DefiLlama,2,,,engine/crypto/README.md,
SOL,crypto,fundamental,tvl_percentile_365d,31.8,,%,2026-01-29,2026-09-04T14:24:27Z,DefiLlama,2,,,engine/crypto/README.md,
SOL,crypto,fundamental,tvl_percentile_365d,27.9,,%,2026-01-30,2026-09-04T14:24:27Z,DefiLlama,2,,,engine/crypto/README.md,
SOL,crypto,fundamental,tvl_percentile_365d,28.2,,%,2026-01-31,2026-09-04T14:24:27Z,DefiLlama,2,,,engine/crypto/README.md,
SOL,crypto,fundamental,tvl_percentile_365d,20.9,,%,2026-02-01,2026-09-04T14:24:27Z,DefiLlama,2,,,engine/crypto/README.md,
SOL,crypto,fundamental,tvl_percentile_365d,18.6,,%,2026-02-02,2026-09-04T14:24:27Z,DefiLlama,2,,,engine/crypto/README.md,
SOL,crypto,fundamental,tvl_percentile_365d,19.8,,%,2026-02-03,2026-09-04T14:24:27Z,DefiLlama,2,,,engine/crypto/README.md,
SOL,crypto,fundamental,tvl_percentile_365d,16.4,,%,2026-02-04,2026-09-04T14:24:27Z,DefiLlama,2,,,engine/crypto/README.md,
SOL,crypto,fundamental,tvl_percentile_365d,12.5,,%,2026-02-05,2026-09-04T14:24:27Z,DefiLlama,2,,,engine/crypto/README.md,
SOL,crypto,fundamental,tvl_percentile_365d,0.5,,%,2026-02-06,2026-09-04T14:24:27Z,DefiLlama,2,,,engine/crypto/README.md,
SOL,crypto,fundamental,tvl_percentile_365d,4.8,,%,2026-02-07,2026-09-04T14:24:27Z,DefiLlama,2,,,engine/crypto/README.md,
SOL,crypto,fundamental,tvl_percentile_365d,5.4,,%,2026-02-08,2026-09-04T14:24:27Z,DefiLlama,2,,,engine/crypto/README.md,
SOL,crypto,fundamental,tvl_percentile_365d,5.8,,%,2026-02-09,2026-09-04T14:24:27Z,DefiLlama,2,,,engine/crypto/README.md,
SOL,crypto,fundamental,tvl_percentile_365d,5.4,,%,2026-02-10,2026-09-04T14:24:27Z,DefiLlama,2,,,engine/crypto/README.md,
SOL,crypto,fundamental,tvl_percentile_365d,3.7,,%,2026-02-11,2026-09-04T14:24:27Z,DefiLlama,2,,,engine/crypto/README.md,
SOL,crypto,fundamental,tvl_percentile_365d,3.6,,%,2026-02-12,2026-09-04T14:24:27Z,DefiLlama,2,,,engine/crypto/README.md,
SOL,crypto,fundamental,tvl_percentile_365d,3.0,,%,2026-02-13,2026-09-04T14:24:27Z,DefiLlama,2,,,engine/crypto/README.md,
SOL,crypto,fundamental,tvl_percentile_365d,7.2,,%,2026-02-14,2026-09-04T14:24:27Z,DefiLlama,2,,,engine/crypto/README.md,
SOL,crypto,fundamental,tvl_percentile_365d,7.7,,%,2026-02-15,2026-09-04T14:24:27Z,DefiLlama,2,,,engine/crypto/README.md,
SOL,crypto,fundamental,tvl_percentile_365d,7.5,,%,2026-02-16,2026-09-04T14:24:27Z,DefiLlama,2,,,engine/crypto/README.md,
SOL,crypto,fundamental,tvl_percentile_365d,7.7,,%,2026-02-17,2026-09-04T14:24:27Z,DefiLlama,2,,,engine/crypto/README.md,
SOL,crypto,fundamental,tvl_percentile_365d,6.9,,%,2026-02-18,2026-09-04T14:24:27Z,DefiLlama,2,,,engine/crypto/README.md,
SOL,crypto,fundamental,tvl_percentile_365d,4.8,,%,2026-02-19,2026-09-04T14:24:27Z,DefiLlama,2,,,engine/crypto/README.md,
SOL,crypto,fundamental,tvl_percentile_365d,5.1,,%,2026-02-20,2026-09-04T14:24:27Z,DefiLlama,2,,,engine/crypto/README.md,
SOL,crypto,fundamental,tvl_percentile_365d,6.4,,%,2026-02-21,2026-09-04T14:24:27Z,DefiLlama,2,,,engine/crypto/README.md,
SOL,crypto,fundamental,tvl_percentile_365d,6.3,,%,2026-02-22,2026-09-04T14:24:27Z,DefiLlama,2,,,engine/crypto/README.md,
SOL,crypto,fundamental,tvl_percentile_365d,4.2,,%,2026-02-23,2026-09-04T14:24:27Z,DefiLlama,2,,,engine/crypto/README.md,
SOL,crypto,fundamental,tvl_percentile_365d,3.3,,%,2026-02-24,2026-09-04T14:24:27Z,DefiLlama,2,,,engine/crypto/README.md,
SOL,crypto,fundamental,tvl_percentile_365d,2.5,,%,2026-02-25,2026-09-04T14:24:27Z,DefiLlama,2,,,engine/crypto/README.md,
SOL,crypto,fundamental,tvl_percentile_365d,7.1,,%,2026-02-26,2026-09-04T14:24:27Z,DefiLlama,2,,,engine/crypto/README.md,
SOL,crypto,fundamental,tvl_percentile_365d,7.0,,%,2026-02-27,2026-09-04T14:24:27Z,DefiLlama,2,,,engine/crypto/README.md,
SOL,crypto,fundamental,tvl_percentile_365d,5.3,,%,2026-02-28,2026-09-04T14:24:27Z,DefiLlama,2,,,engine/crypto/README.md,
SOL,crypto,fundamental,tvl_percentile_365d,7.8,,%,2026-03-01,2026-09-04T14:24:27Z,DefiLlama,2,,,engine/crypto/README.md,
SOL,crypto,fundamental,tvl_percentile_365d,6.4,,%,2026-03-02,2026-09-04T14:24:27Z,DefiLlama,2,,,engine/crypto/README.md,
SOL,crypto,fundamental,tvl_percentile_365d,8.7,,%,2026-03-03,2026-09-04T14:24:27Z,DefiLlama,2,,,engine/crypto/README.md,
SOL,crypto,fundamental,tvl_percentile_365d,7.2,,%,2026-03-04,2026-09-04T14:24:27Z,DefiLlama,2,,,engine/crypto/README.md,
SOL,crypto,fundamental,tvl_percentile_365d,11.3,,%,2026-03-05,2026-09-04T14:24:27Z,DefiLlama,2,,,engine/crypto/README.md,
SOL,crypto,fundamental,tvl_percentile_365d,9.6,,%,2026-03-06,2026-09-04T14:24:27Z,DefiLlama,2,,,engine/crypto/README.md,
SOL,crypto,fundamental,tvl_percentile_365d,7.3,,%,2026-03-07,2026-09-04T14:24:27Z,DefiLlama,2,,,engine/crypto/README.md,
SOL,crypto,fundamental,tvl_percentile_365d,6.5,,%,2026-03-08,2026-09-04T14:24:27Z,DefiLlama,2,,,engine/crypto/README.md,
SOL,crypto,fundamental,tvl_percentile_365d,4.3,,%,2026-03-09,2026-09-04T14:24:27Z,DefiLlama,2,,,engine/crypto/README.md,
SOL,crypto,fundamental,tvl_percentile_365d,7.8,,%,2026-03-10,2026-09-04T14:24:27Z,DefiLlama,2,,,engine/crypto/README.md,
SOL,crypto,fundamental,tvl_percentile_365d,7.1,,%,2026-03-11,2026-09-04T14:24:27Z,DefiLlama,2,,,engine/crypto/README.md,
SOL,crypto,fundamental,tvl_percentile_365d,8.3,,%,2026-03-12,2026-09-04T14:24:27Z,DefiLlama,2,,,engine/crypto/README.md,
SOL,crypto,fundamental,tvl_percentile_365d,11.6,,%,2026-03-13,2026-09-04T14:24:27Z,DefiLlama,2,,,engine/crypto/README.md,
SOL,crypto,fundamental,tvl_percentile_365d,10.7,,%,2026-03-14,2026-09-04T14:24:27Z,DefiLlama,2,,,engine/crypto/README.md,
SOL,crypto,fundamental,tvl_percentile_365d,12.3,,%,2026-03-15,2026-09-04T14:24:27Z,DefiLlama,2,,,engine/crypto/README.md,
SOL,crypto,fundamental,tvl_percentile_365d,14.8,,%,2026-03-16,2026-09-04T14:24:27Z,DefiLlama,2,,,engine/crypto/README.md,
SOL,crypto,fundamental,tvl_percentile_365d,16.6,,%,2026-03-17,2026-09-04T14:24:27Z,DefiLlama,2,,,engine/crypto/README.md,
SOL,crypto,fundamental,tvl_percentile_365d,13.0,,%,2026-03-18,2026-09-04T14:24:27Z,DefiLlama,2,,,engine/crypto/README.md,
SOL,crypto,fundamental,tvl_percentile_365d,11.9,,%,2026-03-19,2026-09-04T14:24:27Z,DefiLlama,2,,,engine/crypto/README.md,
SOL,crypto,fundamental,tvl_percentile_365d,10.9,,%,2026-03-20,2026-09-04T14:24:27Z,DefiLlama,2,,,engine/crypto/README.md,
SOL,crypto,fundamental,tvl_percentile_365d,11.3,,%,2026-03-21,2026-09-04T14:24:27Z,DefiLlama,2,,,engine/crypto/README.md,
SOL,crypto,fundamental,tvl_percentile_365d,9.6,,%,2026-03-22,2026-09-04T14:24:27Z,DefiLlama,2,,,engine/crypto/README.md,
SOL,crypto,fundamental,tvl_percentile_365d,8.2,,%,2026-03-23,2026-09-04T14:24:27Z,DefiLlama,2,,,engine/crypto/README.md,
SOL,crypto,fundamental,tvl_percentile_365d,9.5,,%,2026-03-24,2026-09-04T14:24:27Z,DefiLlama,2,,,engine/crypto/README.md,
SOL,crypto,fundamental,tvl_percentile_365d,8.0,,%,2026-03-25,2026-09-04T14:24:27Z,DefiLlama,2,,,engine/crypto/README.md,
SOL,crypto,fundamental,tvl_percentile_365d,8.3,,%,2026-03-26,2026-09-04T14:24:27Z,DefiLlama,2,,,engine/crypto/README.md,
SOL,crypto,fundamental,tvl_percentile_365d,6.5,,%,2026-03-27,2026-09-04T14:24:27Z,DefiLlama,2,,,engine/crypto/README.md,
SOL,crypto,fundamental,tvl_percentile_365d,4.5,,%,2026-03-28,2026-09-04T14:24:27Z,DefiLlama,2,,,engine/crypto/README.md,
SOL,crypto,fundamental,tvl_percentile_365d,3.9,,%,2026-03-29,2026-09-04T14:24:27Z,DefiLlama,2,,,engine/crypto/README.md,
SOL,crypto,fundamental,tvl_percentile_365d,1.5,,%,2026-03-30,2026-09-04T14:24:27Z,DefiLlama,2,,,engine/crypto/README.md,
SOL,crypto,fundamental,tvl_percentile_365d,1.1,,%,2026-03-31,2026-09-04T14:24:27Z,DefiLlama,2,,,engine/crypto/README.md,
SOL,crypto,fundamental,tvl_percentile_365d,3.6,,%,2026-04-01,2026-09-04T14:24:27Z,DefiLlama,2,,,engine/crypto/README.md,
SOL,crypto,fundamental,tvl_percentile_365d,0.0,,%,2026-04-02,2026-09-04T14:24:27Z,DefiLlama,2,,,engine/crypto/README.md,
SOL,crypto,fundamental,tvl_percentile_365d,0.2,,%,2026-04-03,2026-09-04T14:24:27Z,DefiLlama,2,,,engine/crypto/README.md,
SOL,crypto,fundamental,tvl_percentile_365d,0.0,,%,2026-04-04,2026-09-04T14:24:27Z,DefiLlama,2,,,engine/crypto/README.md,
SOL,crypto,fundamental,tvl_percentile_365d,2.0,,%,2026-04-05,2026-09-04T14:24:27Z,DefiLlama,2,,,engine/crypto/README.md,
SOL,crypto,fundamental,tvl_percentile_365d,2.2,,%,2026-04-06,2026-09-04T14:24:27Z,DefiLlama,2,,,engine/crypto/README.md,
SOL,crypto,fundamental,tvl_percentile_365d,0.4,,%,2026-04-07,2026-09-04T14:24:27Z,DefiLlama,2,,,engine/crypto/README.md,
SOL,crypto,fundamental,tvl_percentile_365d,4.2,,%,2026-04-08,2026-09-04T14:24:27Z,DefiLlama,2,,,engine/crypto/README.md,
SOL,crypto,fundamental,tvl_percentile_365d,4.4,,%,2026-04-09,2026-09-04T14:24:27Z,DefiLlama,2,,,engine/crypto/README.md,
SOL,crypto,fundamental,tvl_percentile_365d,4.7,,%,2026-04-10,2026-09-04T14:24:27Z,DefiLlama,2,,,engine/crypto/README.md,
SOL,crypto,fundamental,tvl_percentile_365d,5.5,,%,2026-04-11,2026-09-04T14:24:27Z,DefiLlama,2,,,engine/crypto/README.md,
SOL,crypto,fundamental,tvl_percentile_365d,5.8,,%,2026-04-12,2026-09-04T14:24:27Z,DefiLlama,2,,,engine/crypto/README.md,
SOL,crypto,fundamental,tvl_percentile_365d,2.7,,%,2026-04-13,2026-09-04T14:24:27Z,DefiLlama,2,,,engine/crypto/README.md,
SOL,crypto,fundamental,tvl_percentile_365d,7.0,,%,2026-04-14,2026-09-04T14:24:27Z,DefiLlama,2,,,engine/crypto/README.md,
SOL,crypto,fundamental,tvl_percentile_365d,5.5,,%,2026-04-15,2026-09-04T14:24:27Z,DefiLlama,2,,,engine/crypto/README.md,
SOL,crypto,fundamental,tvl_percentile_365d,6.7,,%,2026-04-16,2026-09-04T14:24:27Z,DefiLlama,2,,,engine/crypto/README.md,
SOL,crypto,fundamental,tvl_percentile_365d,7.1,,%,2026-04-17,2026-09-04T14:24:27Z,DefiLlama,2,,,engine/crypto/README.md,
SOL,crypto,fundamental,tvl_percentile_365d,8.6,,%,2026-04-18,2026-09-04T14:24:27Z,DefiLlama,2,,,engine/crypto/README.md,
SOL,crypto,fundamental,tvl_percentile_365d,5.8,,%,2026-04-19,2026-09-04T14:24:27Z,DefiLlama,2,,,engine/crypto/README.md,
SOL,crypto,fundamental,tvl_percentile_365d,2.7,,%,2026-04-20,2026-09-04T14:24:27Z,DefiLlama,2,,,engine/crypto/README.md,
SOL,crypto,fundamental,tvl_percentile_365d,2.3,,%,2026-04-21,2026-09-04T14:24:27Z,DefiLlama,2,,,engine/crypto/README.md,
SOL,crypto,fundamental,tvl_percentile_365d,3.0,,%,2026-04-22,2026-09-04T14:24:27Z,DefiLlama,2,,,engine/crypto/README.md,
SOL,crypto,fundamental,tvl_percentile_365d,3.1,,%,2026-04-23,2026-09-04T14:24:27Z,DefiLlama,2,,,engine/crypto/README.md,
SOL,crypto,fundamental,tvl_percentile_365d,2.6,,%,2026-04-24,2026-09-04T14:24:27Z,DefiLlama,2,,,engine/crypto/README.md,
SOL,crypto,fundamental,tvl_percentile_365d,2.1,,%,2026-04-25,2026-09-04T14:24:27Z,DefiLlama,2,,,engine/crypto/README.md,
SOL,crypto,fundamental,tvl_percentile_365d,2.5,,%,2026-04-26,2026-09-04T14:24:27Z,DefiLlama,2,,,engine/crypto/README.md,
SOL,crypto,fundamental,tvl_percentile_365d,2.9,,%,2026-04-27,2026-09-04T14:24:27Z,DefiLlama,2,,,engine/crypto/README.md,
SOL,crypto,fundamental,tvl_percentile_365d,1.9,,%,2026-04-28,2026-09-04T14:24:27Z,DefiLlama,2,,,engine/crypto/README.md,
SOL,crypto,fundamental,tvl_percentile_365d,1.3,,%,2026-04-29,2026-09-04T14:24:27Z,DefiLlama,2,,,engine/crypto/README.md,
SOL,crypto,fundamental,tvl_percentile_365d,0.8,,%,2026-04-30,2026-09-04T14:24:27Z,DefiLlama,2,,,engine/crypto/README.md,
SOL,crypto,fundamental,tvl_percentile_365d,0.9,,%,2026-05-01,2026-09-04T14:24:27Z,DefiLlama,2,,,engine/crypto/README.md,
SOL,crypto,fundamental,tvl_percentile_365d,0.8,,%,2026-05-02,2026-09-04T14:24:27Z,DefiLlama,2,,,engine/crypto/README.md,
SOL,crypto,fundamental,tvl_percentile_365d,1.2,,%,2026-05-03,2026-09-04T14:24:27Z,DefiLlama,2,,,engine/crypto/README.md,
SOL,crypto,fundamental,tvl_percentile_365d,1.8,,%,2026-05-04,2026-09-04T14:24:27Z,DefiLlama,2,,,engine/crypto/README.md,
SOL,crypto,fundamental,tvl_percentile_365d,1.3,,%,2026-05-05,2026-09-04T14:24:27Z,DefiLlama,2,,,engine/crypto/README.md,
SOL,crypto,fundamental,tvl_percentile_365d,2.2,,%,2026-05-06,2026-09-04T14:24:27Z,DefiLlama,2,,,engine/crypto/README.md,
SOL,crypto,fundamental,tvl_percentile_365d,3.3,,%,2026-05-07,2026-09-04T14:24:27Z,DefiLlama,2,,,engine/crypto/README.md,
SOL,crypto,fundamental,tvl_percentile_365d,2.9,,%,2026-05-08,2026-09-04T14:24:27Z,DefiLlama,2,,,engine/crypto/README.md,
SOL,crypto,fundamental,tvl_percentile_365d,4.9,,%,2026-05-09,2026-09-04T14:24:27Z,DefiLlama,2,,,engine/crypto/README.md,
SOL,crypto,fundamental,tvl_percentile_365d,5.5,,%,2026-05-10,2026-09-04T14:24:27Z,DefiLlama,2,,,engine/crypto/README.md,
SOL,crypto,fundamental,tvl_percentile_365d,6.5,,%,2026-05-11,2026-09-04T14:24:27Z,DefiLlama,2,,,engine/crypto/README.md,
SOL,crypto,fundamental,tvl_percentile_365d,4.9,,%,2026-05-12,2026-09-04T14:24:27Z,DefiLlama,2,,,engine/crypto/README.md,
SOL,crypto,fundamental,tvl_percentile_365d,3.6,,%,2026-05-13,2026-09-04T14:24:27Z,DefiLlama,2,,,engine/crypto/README.md,
SOL,crypto,fundamental,tvl_percentile_365d,2.1,,%,2026-05-14,2026-09-04T14:24:27Z,DefiLlama,2,,,engine/crypto/README.md,
SOL,crypto,fundamental,tvl_percentile_365d,2.7,,%,2026-05-15,2026-09-04T14:24:27Z,DefiLlama,2,,,engine/crypto/README.md,
SOL,crypto,fundamental,tvl_percentile_365d,2.4,,%,2026-05-16,2026-09-04T14:24:27Z,DefiLlama,2,,,engine/crypto/README.md,
SOL,crypto,fundamental,tvl_percentile_365d,1.0,,%,2026-05-17,2026-09-04T14:24:27Z,DefiLlama,2,,,engine/crypto/README.md,
SOL,crypto,fundamental,tvl_percentile_365d,0.3,,%,2026-05-18,2026-09-04T14:24:27Z,DefiLlama,2,,,engine/crypto/README.md,
SOL,crypto,fundamental,tvl_percentile_365d,0.3,,%,2026-05-19,2026-09-04T14:24:27Z,DefiLlama,2,,,engine/crypto/README.md,
SOL,crypto,fundamental,tvl_percentile_365d,0.5,,%,2026-05-20,2026-09-04T14:24:27Z,DefiLlama,2,,,engine/crypto/README.md,
SOL,crypto,fundamental,tvl_percentile_365d,1.2,,%,2026-05-21,2026-09-04T14:24:27Z,DefiLlama,2,,,engine/crypto/README.md,
SOL,crypto,fundamental,tvl_percentile_365d,2.2,,%,2026-05-22,2026-09-04T14:24:27Z,DefiLlama,2,,,engine/crypto/README.md,
SOL,crypto,fundamental,tvl_percentile_365d,1.0,,%,2026-05-23,2026-09-04T14:24:27Z,DefiLlama,2,,,engine/crypto/README.md,
SOL,crypto,fundamental,tvl_percentile_365d,1.6,,%,2026-05-24,2026-09-04T14:24:27Z,DefiLlama,2,,,engine/crypto/README.md,
SOL,crypto,fundamental,tvl_percentile_365d,1.2,,%,2026-05-25,2026-09-04T14:24:27Z,DefiLlama,2,,,engine/crypto/README.md,
SOL,crypto,fundamental,tvl_percentile_365d,1.1,,%,2026-05-26,2026-09-04T14:24:27Z,DefiLlama,2,,,engine/crypto/README.md,
SOL,crypto,fundamental,tvl_percentile_365d,0.4,,%,2026-05-27,2026-09-04T14:24:27Z,DefiLlama,2,,,engine/crypto/README.md,
SOL,crypto,fundamental,tvl_percentile_365d,0.0,,%,2026-05-28,2026-09-04T14:24:27Z,DefiLlama,2,,,engine/crypto/README.md,
SOL,crypto,fundamental,tvl_percentile_365d,0.0,,%,2026-05-29,2026-09-04T14:24:27Z,DefiLlama,2,,,engine/crypto/README.md,
SOL,crypto,fundamental,tvl_percentile_365d,1.5,,%,2026-05-30,2026-09-04T14:24:27Z,DefiLlama,2,,,engine/crypto/README.md,
SOL,crypto,fundamental,tvl_percentile_365d,2.1,,%,2026-05-31,2026-09-04T14:24:27Z,DefiLlama,2,,,engine/crypto/README.md,
SOL,crypto,fundamental,tvl_percentile_365d,2.0,,%,2026-06-01,2026-09-04T14:24:27Z,DefiLlama,2,,,engine/crypto/README.md,
SOL,crypto,fundamental,tvl_percentile_365d,0.7,,%,2026-06-02,2026-09-04T14:24:27Z,DefiLlama,2,,,engine/crypto/README.md,
SOL,crypto,fundamental,tvl_percentile_365d,0.0,,%,2026-06-03,2026-09-04T14:24:27Z,DefiLlama,2,,,engine/crypto/README.md,
SOL,crypto,fundamental,tvl_percentile_365d,0.0,,%,2026-06-04,2026-09-04T14:24:27Z,DefiLlama,2,,,engine/crypto/README.md,
SOL,crypto,fundamental,tvl_percentile_365d,0.0,,%,2026-06-05,2026-09-04T14:24:27Z,DefiLlama,2,,,engine/crypto/README.md,
SOL,crypto,fundamental,tvl_percentile_365d,0.0,,%,2026-06-06,2026-09-04T14:24:27Z,DefiLlama,2,,,engine/crypto/README.md,
SOL,crypto,fundamental,tvl_percentile_365d,0.0,,%,2026-06-07,2026-09-04T14:24:27Z,DefiLlama,2,,,engine/crypto/README.md,
SOL,crypto,fundamental,tvl_percentile_365d,2.6,,%,2026-06-08,2026-09-04T14:24:27Z,DefiLlama,2,,,engine/crypto/README.md,
SOL,crypto,fundamental,tvl_percentile_365d,2.1,,%,2026-06-09,2026-09-04T14:24:27Z,DefiLlama,2,,,engine/crypto/README.md,
SOL,crypto,fundamental,tvl_percentile_365d,1.0,,%,2026-06-10,2026-09-04T14:24:27Z,DefiLlama,2,,,engine/crypto/README.md,
SOL,crypto,fundamental,tvl_percentile_365d,0.0,,%,2026-06-11,2026-09-04T14:24:27Z,DefiLlama,2,,,engine/crypto/README.md,
SOL,crypto,fundamental,tvl_percentile_365d,1.7,,%,2026-06-12,2026-09-04T14:24:27Z,DefiLlama,2,,,engine/crypto/README.md,
SOL,crypto,fundamental,tvl_percentile_365d,3.0,,%,2026-06-13,2026-09-04T14:24:27Z,DefiLlama,2,,,engine/crypto/README.md,
SOL,crypto,fundamental,tvl_percentile_365d,3.8,,%,2026-06-14,2026-09-04T14:24:27Z,DefiLlama,2,,,engine/crypto/README.md,
SOL,crypto,fundamental,tvl_percentile_365d,5.1,,%,2026-06-15,2026-09-04T14:24:27Z,DefiLlama,2,,,engine/crypto/README.md,
SOL,crypto,fundamental,tvl_percentile_365d,5.4,,%,2026-06-16,2026-09-04T14:24:27Z,DefiLlama,2,,,engine/crypto/README.md,
SOL,crypto,fundamental,tvl_percentile_365d,5.6,,%,2026-06-17,2026-09-04T14:24:27Z,DefiLlama,2,,,engine/crypto/README.md,
SOL,crypto,fundamental,tvl_percentile_365d,4.2,,%,2026-06-18,2026-09-04T14:24:27Z,DefiLlama,2,,,engine/crypto/README.md,
SOL,crypto,fundamental,tvl_percentile_365d,3.9,,%,2026-06-19,2026-09-04T14:24:27Z,DefiLlama,2,,,engine/crypto/README.md,
SOL,crypto,fundamental,tvl_percentile_365d,3.8,,%,2026-06-20,2026-09-04T14:24:27Z,DefiLlama,2,,,engine/crypto/README.md,
SOL,crypto,fundamental,tvl_percentile_365d,5.4,,%,2026-06-21,2026-09-04T14:24:27Z,DefiLlama,2,,,engine/crypto/README.md,
SOL,crypto,fundamental,tvl_percentile_365d,5.4,,%,2026-06-22,2026-09-04T14:24:27Z,DefiLlama,2,,,engine/crypto/README.md,
SOL,crypto,fundamental,tvl_percentile_365d,4.6,,%,2026-06-23,2026-09-04T14:24:27Z,DefiLlama,2,,,engine/crypto/README.md,
SOL,crypto,fundamental,tvl_percentile_365d,4.0,,%,2026-06-24,2026-09-04T14:24:27Z,DefiLlama,2,,,engine/crypto/README.md,
SOL,crypto,fundamental,tvl_percentile_365d,3.1,,%,2026-06-25,2026-09-04T14:24:27Z,DefiLlama,2,,,engine/crypto/README.md,
SOL,crypto,fundamental,tvl_percentile_365d,2.5,,%,2026-06-26,2026-09-04T14:24:27Z,DefiLlama,2,,,engine/crypto/README.md,
SOL,crypto,fundamental,tvl_percentile_365d,4.4,,%,2026-06-27,2026-09-04T14:24:27Z,DefiLlama,2,,,engine/crypto/README.md,
SOL,crypto,fundamental,tvl_percentile_365d,3.6,,%,2026-06-28,2026-09-04T14:24:27Z,DefiLlama,2,,,engine/crypto/README.md,
SOL,crypto,fundamental,tvl_percentile_365d,4.3,,%,2026-06-29,2026-09-04T14:24:27Z,DefiLlama,2,,,engine/crypto/README.md,
SOL,crypto,fundamental,tvl_percentile_365d,5.3,,%,2026-06-30,2026-09-04T14:24:27Z,DefiLlama,2,,,engine/crypto/README.md,
SOL,crypto,fundamental,tvl_percentile_365d,3.9,,%,2026-07-01,2026-09-04T14:24:27Z,DefiLlama,2,,,engine/crypto/README.md,
SOL,crypto,fundamental,tvl_percentile_365d,5.4,,%,2026-07-02,2026-09-04T14:24:27Z,DefiLlama,2,,,engine/crypto/README.md,
SOL,crypto,fundamental,tvl_percentile_365d,6.9,,%,2026-07-03,2026-09-04T14:24:27Z,DefiLlama,2,,,engine/crypto/README.md,
SOL,crypto,fundamental,tvl_percentile_365d,7.8,,%,2026-07-04,2026-09-04T14:24:27Z,DefiLlama,2,,,engine/crypto/README.md,
SOL,crypto,fundamental,tvl_percentile_365d,7.8,,%,2026-07-05,2026-09-04T14:24:27Z,DefiLlama,2,,,engine/crypto/README.md,
SOL,crypto,fundamental,tvl_percentile_365d,7.7,,%,2026-07-06,2026-09-04T14:24:27Z,DefiLlama,2,,,engine/crypto/README.md,
SOL,crypto,fundamental,tvl_percentile_365d,8.0,,%,2026-07-07,2026-09-04T14:24:27Z,DefiLlama,2,,,engine/crypto/README.md,
SOL,crypto,fundamental,tvl_percentile_365d,6.5,,%,2026-07-08,2026-09-04T14:24:27Z,DefiLlama,2,,,engine/crypto/README.md,
SOL,crypto,fundamental,tvl_percentile_365d,5.8,,%,2026-07-09,2026-09-04T14:24:27Z,DefiLlama,2,,,engine/crypto/README.md,
SOL,crypto,fundamental,tvl_percentile_365d,6.0,,%,2026-07-10,2026-09-04T14:24:27Z,DefiLlama,2,,,engine/crypto/README.md,
SOL,crypto,fundamental,tvl_percentile_365d,5.6,,%,2026-07-11,2026-09-04T14:24:27Z,DefiLlama,2,,,engine/crypto/README.md,
SOL,crypto,fundamental,tvl_percentile_365d,4.7,,%,2026-07-12,2026-09-04T14:24:27Z,DefiLlama,2,,,engine/crypto/README.md,
SOL,crypto,fundamental,tvl_percentile_365d,4.7,,%,2026-07-13,2026-09-04T14:24:27Z,DefiLlama,2,,,engine/crypto/README.md,
SOL,crypto,fundamental,tvl_percentile_365d,4.2,,%,2026-07-14,2026-09-04T14:24:27Z,DefiLlama,2,,,engine/crypto/README.md,
SOL,crypto,fundamental,tvl_percentile_365d,5.4,,%,2026-07-15,2026-09-04T14:24:27Z,DefiLlama,2,,,engine/crypto/README.md,
SOL,crypto,fundamental,tvl_percentile_365d,5.5,,%,2026-07-16,2026-09-04T14:24:27Z,DefiLlama,2,,,engine/crypto/README.md,
SOL,crypto,fundamental,tvl_percentile_365d,4.6,,%,2026-07-17,2026-09-04T14:24:27Z,DefiLlama,2,,,engine/crypto/README.md,
SOL,crypto,fundamental,tvl_percentile_365d,4.3,,%,2026-07-18,2026-09-04T14:24:27Z,DefiLlama,2,,,engine/crypto/README.md,
SOL,crypto,fundamental,tvl_percentile_365d,4.9,,%,2026-07-19,2026-09-04T14:24:27Z,DefiLlama,2,,,engine/crypto/README.md,
SOL,crypto,fundamental,tvl_percentile_365d,4.9,,%,2026-07-20,2026-09-04T14:24:27Z,DefiLlama,2,,,engine/crypto/README.md,
SOL,crypto,fundamental,tvl_percentile_365d,6.1,,%,2026-07-21,2026-09-04T14:24:27Z,DefiLlama,2,,,engine/crypto/README.md,
SOL,crypto,fundamental,tvl_percentile_365d,6.3,,%,2026-07-22,2026-09-04T14:24:27Z,DefiLlama,2,,,engine/crypto/README.md,
SOL,crypto,fundamental,tvl_percentile_365d,5.9,,%,2026-07-23,2026-09-04T14:24:27Z,DefiLlama,2,,,engine/crypto/README.md,
SOL,crypto,fundamental,tvl_percentile_365d,5.4,,%,2026-07-24,2026-09-04T14:24:27Z,DefiLlama,2,,,engine/crypto/README.md,
SOL,crypto,fundamental,tvl_percentile_365d,3.9,,%,2026-07-25,2026-09-04T14:24:27Z,DefiLlama,2,,,engine/crypto/README.md,
SOL,crypto,fundamental,tvl_percentile_365d,4.5,,%,2026-07-26,2026-09-04T14:24:27Z,DefiLlama,2,,,engine/crypto/README.md,
SOL,crypto,fundamental,tvl_percentile_365d,5.4,,%,2026-07-27,2026-09-04T14:24:27Z,DefiLlama,2,,,engine/crypto/README.md,
SOL,crypto,fundamental,tvl_percentile_365d,4.2,,%,2026-07-28,2026-09-04T14:24:27Z,DefiLlama,2,,,engine/crypto/README.md,
SOL,crypto,fundamental,tvl_percentile_365d,3.9,,%,2026-07-29,2026-09-04T14:24:27Z,DefiLlama,2,,,engine/crypto/README.md,
SOL,crypto,fundamental,tvl_percentile_365d,3.9,,%,2026-07-30,2026-09-04T14:24:27Z,DefiLlama,2,,,engine/crypto/README.md,
SOL,crypto,fundamental,tvl_percentile_365d,4.3,,%,2026-07-31,2026-09-04T14:24:27Z,DefiLlama,2,,,engine/crypto/README.md,
SOL,crypto,fundamental,tvl_percentile_365d,3.4,,%,2026-08-01,2026-09-04T14:24:27Z,DefiLlama,2,,,engine/crypto/README.md,
SOL,crypto,fundamental,tvl_percentile_365d,3.1,,%,2026-08-02,2026-09-04T14:24:27Z,DefiLlama,2,,,engine/crypto/README.md,
SOL,crypto,fundamental,tvl_percentile_365d,3.3,,%,2026-08-03,2026-09-04T14:24:27Z,DefiLlama,2,,,engine/crypto/README.md,
SOL,crypto,fundamental,tvl_percentile_365d,3.6,,%,2026-08-04,2026-09-04T14:24:27Z,DefiLlama,2,,,engine/crypto/README.md,
SOL,crypto,fundamental,tvl_percentile_365d,4.0,,%,2026-08-05,2026-09-04T14:24:27Z,DefiLlama,2,,,engine/crypto/README.md,
SOL,crypto,fundamental,tvl_percentile_365d,4.0,,%,2026-08-06,2026-09-04T14:24:27Z,DefiLlama,2,,,engine/crypto/README.md,
SOL,crypto,fundamental,tvl_percentile_365d,3.1,,%,2026-08-07,2026-09-04T14:24:27Z,DefiLlama,2,,,engine/crypto/README.md,
SOL,crypto,fundamental,tvl_percentile_365d,3.4,,%,2026-08-08,2026-09-04T14:24:27Z,DefiLlama,2,,,engine/crypto/README.md,
SOL,crypto,fundamental,tvl_percentile_365d,4.1,,%,2026-08-09,2026-09-04T14:24:27Z,DefiLlama,2,,,engine/crypto/README.md,
SOL,crypto,fundamental,tvl_percentile_365d,4.6,,%,2026-08-10,2026-09-04T14:24:27Z,DefiLlama,2,,,engine/crypto/README.md,
SOL,crypto,fundamental,tvl_percentile_365d,4.4,,%,2026-08-11,2026-09-04T14:24:27Z,DefiLlama,2,,,engine/crypto/README.md,
SOL,crypto,fundamental,tvl_percentile_365d,4.7,,%,2026-08-12,2026-09-04T14:24:27Z,DefiLlama,2,,,engine/crypto/README.md,
SOL,crypto,fundamental,tvl_percentile_365d,4.2,,%,2026-08-13,2026-09-04T14:24:27Z,DefiLlama,2,,,engine/crypto/README.md,
SOL,crypto,fundamental,tvl_percentile_365d,4.4,,%,2026-08-14,2026-09-04T14:24:27Z,DefiLlama,2,,,engine/crypto/README.md,
SOL,crypto,fundamental,tvl_percentile_365d,4.2,,%,2026-08-15,2026-09-04T14:24:27Z,DefiLlama,2,,,engine/crypto/README.md,
SOL,crypto,fundamental,tvl_percentile_365d,4.1,,%,2026-08-16,2026-09-04T14:24:27Z,DefiLlama,2,,,engine/crypto/README.md,
SOL,crypto,fundamental,tvl_percentile_365d,3.7,,%,2026-08-17,2026-09-04T14:24:27Z,DefiLlama,2,,,engine/crypto/README.md,
SOL,crypto,fundamental,tvl_percentile_365d,4.5,,%,2026-08-18,2026-09-04T14:24:27Z,DefiLlama,2,,,engine/crypto/README.md,
SOL,crypto,fundamental,tvl_percentile_365d,5.1,,%,2026-08-19,2026-09-04T14:24:27Z,DefiLlama,2,,,engine/crypto/README.md,
SOL,crypto,fundamental,tvl_percentile_365d,8.8,,%,2026-08-20,2026-09-04T14:24:27Z,DefiLlama,2,,,engine/crypto/README.md,
SOL,crypto,fundamental,tvl_percentile_365d,10.0,,%,2026-08-21,2026-09-04T14:24:27Z,DefiLlama,2,,,engine/crypto/README.md,
SOL,crypto,fundamental,tvl_percentile_365d,12.5,,%,2026-08-22,2026-09-04T14:24:27Z,DefiLlama,2,,,engine/crypto/README.md,
SOL,crypto,fundamental,tvl_percentile_365d,12.6,,%,2026-08-23,2026-09-04T14:24:27Z,DefiLlama,2,,,engine/crypto/README.md,
SOL,crypto,fundamental,tvl_percentile_365d,12.6,,%,2026-08-24,2026-09-04T14:24:27Z,DefiLlama,2,,,engine/crypto/README.md,
SOL,crypto,fundamental,tvl_percentile_365d,14.6,,%,2026-08-25,2026-09-04T14:24:27Z,DefiLlama,2,,,engine/crypto/README.md,
SOL,crypto,fundamental,tvl_percentile_365d,13.2,,%,2026-08-26,2026-09-04T14:24:27Z,DefiLlama,2,,,engine/crypto/README.md,
SOL,crypto,fundamental,tvl_percentile_365d,15.1,,%,2026-08-27,2026-09-04T14:24:27Z,DefiLlama,2,,,engine/crypto/README.md,
SOL,crypto,fundamental,tvl_percentile_365d,17.8,,%,2026-08-28,2026-09-04T14:24:27Z,DefiLlama,2,,,engine/crypto/README.md,
SOL,crypto,fundamental,tvl_percentile_365d,16.2,,%,2026-08-29,2026-09-04T14:24:27Z,DefiLlama,2,,,engine/crypto/README.md,
SOL,crypto,fundamental,tvl_percentile_365d,16.6,,%,2026-08-30,2026-09-04T14:24:27Z,DefiLlama,2,,,engine/crypto/README.md,
SOL,crypto,fundamental,tvl_percentile_365d,15.2,,%,2026-08-31,2026-09-04T14:24:27Z,DefiLlama,2,,,engine/crypto/README.md,
SOL,crypto,fundamental,tvl_percentile_365d,17.5,,%,2026-09-01,2026-09-04T14:24:27Z,DefiLlama,2,,,engine/crypto/README.md,
SOL,crypto,fundamental,tvl_percentile_365d,14.4,,%,2026-09-02,2026-09-04T14:24:27Z,DefiLlama,2,,,engine/crypto/README.md,
SOL,crypto,fundamental,tvl_percentile_365d,14.4,,%,2026-09-03,2026-09-03T11:40:58Z,DefiLlama,2,,80,engine/crypto/README.md,
SOL,crypto,fundamental,tvl_percentile_365d,16.7,,%,2026-09-04,2026-09-04T10:11:47Z,DefiLlama,2,,80,engine/crypto/README.md,
SOL,crypto,tecnico,atr14,5.165613,,EUR,2026-01-01,2026-09-04T15:50:41Z,Coinbase,2,,,engine/technical/README.md,
SOL,crypto,tecnico,atr14,5.275927,,EUR,2026-01-02,2026-09-04T15:50:41Z,Coinbase,2,,,engine/technical/README.md,
SOL,crypto,tecnico,atr14,5.161932,,EUR,2026-01-03,2026-09-04T15:50:41Z,Coinbase,2,,,engine/technical/README.md,
SOL,crypto,tecnico,atr14,4.943937,,EUR,2026-01-04,2026-09-04T15:50:41Z,Coinbase,2,,,engine/technical/README.md,
SOL,crypto,tecnico,atr14,4.963655,,EUR,2026-01-05,2026-09-04T15:50:41Z,Coinbase,2,,,engine/technical/README.md,
SOL,crypto,tecnico,atr14,5.063394,,EUR,2026-01-06,2026-09-04T15:50:41Z,Coinbase,2,,,engine/technical/README.md,
SOL,crypto,tecnico,atr14,5.123152,,EUR,2026-01-07,2026-09-04T15:50:41Z,Coinbase,2,,,engine/technical/README.md,
SOL,crypto,tecnico,atr14,5.209355,,EUR,2026-01-08,2026-09-04T15:50:41Z,Coinbase,2,,,engine/technical/README.md,
SOL,crypto,tecnico,atr14,5.199401,,EUR,2026-01-09,2026-09-04T15:50:41Z,Coinbase,2,,,engine/technical/README.md,
SOL,crypto,tecnico,atr14,4.925873,,EUR,2026-01-10,2026-09-04T15:50:41Z,Coinbase,2,,,engine/technical/README.md,
SOL,crypto,tecnico,atr14,4.921168,,EUR,2026-01-11,2026-09-04T15:50:41Z,Coinbase,2,,,engine/technical/README.md,
SOL,crypto,tecnico,atr14,4.936084,,EUR,2026-01-12,2026-09-04T15:50:41Z,Coinbase,2,,,engine/technical/README.md,
SOL,crypto,tecnico,atr14,5.247792,,EUR,2026-01-13,2026-09-04T15:50:41Z,Coinbase,2,,,engine/technical/README.md,
SOL,crypto,tecnico,atr14,5.180093,,EUR,2026-01-14,2026-09-04T15:50:41Z,Coinbase,2,,,engine/technical/README.md,
SOL,crypto,tecnico,atr14,5.143658,,EUR,2026-01-15,2026-09-04T15:50:41Z,Coinbase,2,,,engine/technical/README.md,
SOL,crypto,tecnico,atr14,5.120539,,EUR,2026-01-16,2026-09-04T15:50:41Z,Coinbase,2,,,engine/technical/README.md,
SOL,crypto,tecnico,atr14,4.853358,,EUR,2026-01-17,2026-09-04T15:50:41Z,Coinbase,2,,,engine/technical/README.md,
SOL,crypto,tecnico,atr14,4.914547,,EUR,2026-01-18,2026-09-04T15:50:41Z,Coinbase,2,,,engine/technical/README.md,
SOL,crypto,tecnico,atr14,5.029936,,EUR,2026-01-19,2026-09-04T15:50:41Z,Coinbase,2,,,engine/technical/README.md,
SOL,crypto,tecnico,atr14,5.302798,,EUR,2026-01-20,2026-09-04T15:50:41Z,Coinbase,2,,,engine/technical/README.md,
SOL,crypto,tecnico,atr14,5.352598,,EUR,2026-01-21,2026-09-04T15:50:41Z,Coinbase,2,,,engine/technical/README.md,
SOL,crypto,tecnico,atr14,5.233841,,EUR,2026-01-22,2026-09-04T15:50:41Z,Coinbase,2,,,engine/technical/README.md,
SOL,crypto,tecnico,atr14,5.127852,,EUR,2026-01-23,2026-09-04T15:50:41Z,Coinbase,2,,,engine/technical/README.md,
SOL,crypto,tecnico,atr14,4.850149,,EUR,2026-01-24,2026-09-04T15:50:41Z,Coinbase,2,,,engine/technical/README.md,
SOL,crypto,tecnico,atr14,5.158709,,EUR,2026-01-25,2026-09-04T15:50:41Z,Coinbase,2,,,engine/technical/README.md,
SOL,crypto,tecnico,atr14,5.190945,,EUR,2026-01-26,2026-09-04T15:50:41Z,Coinbase,2,,,engine/technical/README.md,
SOL,crypto,tecnico,atr14,5.038734,,EUR,2026-01-27,2026-09-04T15:50:41Z,Coinbase,2,,,engine/technical/README.md,
SOL,crypto,tecnico,atr14,4.87311,,EUR,2026-01-28,2026-09-04T15:50:41Z,Coinbase,2,,,engine/technical/README.md,
SOL,crypto,tecnico,atr14,5.119317,,EUR,2026-01-29,2026-09-04T15:50:41Z,Coinbase,2,,,engine/technical/README.md,
SOL,crypto,tecnico,atr14,5.201508,,EUR,2026-01-30,2026-09-04T15:50:41Z,Coinbase,2,,,engine/technical/README.md,
SOL,crypto,tecnico,atr14,6.169258,,EUR,2026-01-31,2026-09-04T15:50:41Z,Coinbase,2,,,engine/technical/README.md,
SOL,crypto,tecnico,atr14,6.256454,,EUR,2026-02-01,2026-09-04T15:50:41Z,Coinbase,2,,,engine/technical/README.md,
SOL,crypto,tecnico,atr14,6.455278,,EUR,2026-02-02,2026-09-04T15:50:41Z,Coinbase,2,,,engine/technical/README.md,
SOL,crypto,tecnico,atr14,6.498473,,EUR,2026-02-03,2026-09-04T15:50:41Z,Coinbase,2,,,engine/technical/README.md,
SOL,crypto,tecnico,atr14,6.652868,,EUR,2026-02-04,2026-09-04T15:50:41Z,Coinbase,2,,,engine/technical/README.md,
SOL,crypto,tecnico,atr14,7.123377,,EUR,2026-02-05,2026-09-04T15:50:41Z,Coinbase,2,,,engine/technical/README.md,
SOL,crypto,tecnico,atr14,7.942422,,EUR,2026-02-06,2026-09-04T15:50:41Z,Coinbase,2,,,engine/technical/README.md,
SOL,crypto,tecnico,atr14,7.682249,,EUR,2026-02-07,2026-09-04T15:50:41Z,Coinbase,2,,,engine/technical/README.md,
SOL,crypto,tecnico,atr14,7.324945,,EUR,2026-02-08,2026-09-04T15:50:41Z,Coinbase,2,,,engine/technical/README.md,
SOL,crypto,tecnico,atr14,7.132449,,EUR,2026-02-09,2026-09-04T15:50:41Z,Coinbase,2,,,engine/technical/README.md,
SOL,crypto,tecnico,atr14,6.95156,,EUR,2026-02-10,2026-09-04T15:50:41Z,Coinbase,2,,,engine/technical/README.md,
SOL,crypto,tecnico,atr14,6.823591,,EUR,2026-02-11,2026-09-04T15:50:41Z,Coinbase,2,,,engine/technical/README.md,
SOL,crypto,tecnico,atr14,6.673335,,EUR,2026-02-12,2026-09-04T15:50:41Z,Coinbase,2,,,engine/technical/README.md,
SOL,crypto,tecnico,atr14,6.677382,,EUR,2026-02-13,2026-09-04T15:50:41Z,Coinbase,2,,,engine/technical/README.md,
SOL,crypto,tecnico,atr14,6.488284,,EUR,2026-02-14,2026-09-04T15:50:41Z,Coinbase,2,,,engine/technical/README.md,
SOL,crypto,tecnico,atr14,6.417692,,EUR,2026-02-15,2026-09-04T15:50:41Z,Coinbase,2,,,engine/technical/README.md,
SOL,crypto,tecnico,atr14,6.215714,,EUR,2026-02-16,2026-09-04T15:50:41Z,Coinbase,2,,,engine/technical/README.md,
SOL,crypto,tecnico,atr14,6.043163,,EUR,2026-02-17,2026-09-04T15:50:41Z,Coinbase,2,,,engine/technical/README.md,
SOL,crypto,tecnico,atr14,5.926508,,EUR,2026-02-18,2026-09-04T15:50:41Z,Coinbase,2,,,engine/technical/README.md,
SOL,crypto,tecnico,atr14,5.672472,,EUR,2026-02-19,2026-09-04T15:50:41Z,Coinbase,2,,,engine/technical/README.md,
SOL,crypto,tecnico,atr14,5.473724,,EUR,2026-02-20,2026-09-04T15:50:41Z,Coinbase,2,,,engine/technical/README.md,
SOL,crypto,tecnico,atr14,5.250601,,EUR,2026-02-21,2026-09-04T15:50:41Z,Coinbase,2,,,engine/technical/README.md,
SOL,crypto,tecnico,atr14,5.080558,,EUR,2026-02-22,2026-09-04T15:50:41Z,Coinbase,2,,,engine/technical/README.md,
SOL,crypto,tecnico,atr14,5.05409,,EUR,2026-02-23,2026-09-04T15:50:41Z,Coinbase,2,,,engine/technical/README.md,
SOL,crypto,tecnico,atr14,4.930226,,EUR,2026-02-24,2026-09-04T15:50:41Z,Coinbase,2,,,engine/technical/README.md,
SOL,crypto,tecnico,atr14,5.374496,,EUR,2026-02-25,2026-09-04T15:50:41Z,Coinbase,2,,,engine/technical/README.md,
SOL,crypto,tecnico,atr14,5.274889,,EUR,2026-02-26,2026-09-04T15:50:41Z,Coinbase,2,,,engine/technical/README.md,
SOL,crypto,tecnico,atr14,5.380968,,EUR,2026-02-27,2026-09-04T15:50:41Z,Coinbase,2,,,engine/technical/README.md,
SOL,crypto,tecnico,atr14,5.51447,,EUR,2026-02-28,2026-09-04T15:50:41Z,Coinbase,2,,,engine/technical/README.md,
SOL,crypto,tecnico,atr14,5.547723,,EUR,2026-03-01,2026-09-04T15:50:41Z,Coinbase,2,,,engine/technical/README.md,
SOL,crypto,tecnico,atr14,5.649314,,EUR,2026-03-02,2026-09-04T15:50:41Z,Coinbase,2,,,engine/technical/README.md,
SOL,crypto,tecnico,atr14,5.533649,,EUR,2026-03-03,2026-09-04T15:50:41Z,Coinbase,2,,,engine/technical/README.md,
SOL,crypto,tecnico,atr14,5.691245,,EUR,2026-03-04,2026-09-04T15:50:41Z,Coinbase,2,,,engine/technical/README.md,
SOL,crypto,tecnico,atr14,5.581156,,EUR,2026-03-05,2026-09-04T15:50:41Z,Coinbase,2,,,engine/technical/README.md,
SOL,crypto,tecnico,atr14,5.520359,,EUR,2026-03-06,2026-09-04T15:50:41Z,Coinbase,2,,,engine/technical/README.md,
SOL,crypto,tecnico,atr14,5.296048,,EUR,2026-03-07,2026-09-04T15:50:41Z,Coinbase,2,,,engine/technical/README.md,
SOL,crypto,tecnico,atr14,5.12633,,EUR,2026-03-08,2026-09-04T15:50:41Z,Coinbase,2,,,engine/technical/README.md,
SOL,crypto,tecnico,atr14,5.057307,,EUR,2026-03-09,2026-09-04T15:50:41Z,Coinbase,2,,,engine/technical/README.md,
SOL,crypto,tecnico,atr14,4.919642,,EUR,2026-03-10,2026-09-04T15:50:41Z,Coinbase,2,,,engine/technical/README.md,
SOL,crypto,tecnico,atr14,4.80681,,EUR,2026-03-11,2026-09-04T15:50:41Z,Coinbase,2,,,engine/technical/README.md,
SOL,crypto,tecnico,atr14,4.647752,,EUR,2026-03-12,2026-09-04T15:50:41Z,Coinbase,2,,,engine/technical/README.md,
SOL,crypto,tecnico,atr14,4.727199,,EUR,2026-03-13,2026-09-04T15:50:41Z,Coinbase,2,,,engine/technical/README.md,
SOL,crypto,tecnico,atr14,4.523113,,EUR,2026-03-14,2026-09-04T15:50:41Z,Coinbase,2,,,engine/technical/README.md,
SOL,crypto,tecnico,atr14,4.551462,,EUR,2026-03-15,2026-09-04T15:50:41Z,Coinbase,2,,,engine/technical/README.md,
SOL,crypto,tecnico,atr14,4.598501,,EUR,2026-03-16,2026-09-04T15:50:41Z,Coinbase,2,,,engine/technical/README.md,
SOL,crypto,tecnico,atr14,4.519322,,EUR,2026-03-17,2026-09-04T15:50:41Z,Coinbase,2,,,engine/technical/README.md,
SOL,crypto,tecnico,atr14,4.626513,,EUR,2026-03-18,2026-09-04T15:50:41Z,Coinbase,2,,,engine/technical/README.md,
SOL,crypto,tecnico,atr14,4.596762,,EUR,2026-03-19,2026-09-04T15:50:41Z,Coinbase,2,,,engine/technical/README.md,
SOL,crypto,tecnico,atr14,4.403422,,EUR,2026-03-20,2026-09-04T15:50:41Z,Coinbase,2,,,engine/technical/README.md,
SOL,crypto,tecnico,atr14,4.309606,,EUR,2026-03-21,2026-09-04T15:50:41Z,Coinbase,2,,,engine/technical/README.md,
SOL,crypto,tecnico,atr14,4.240349,,EUR,2026-03-22,2026-09-04T15:50:41Z,Coinbase,2,,,engine/technical/README.md,
SOL,crypto,tecnico,atr14,4.340324,,EUR,2026-03-23,2026-09-04T15:50:41Z,Coinbase,2,,,engine/technical/README.md,
SOL,crypto,tecnico,atr14,4.262443,,EUR,2026-03-24,2026-09-04T15:50:41Z,Coinbase,2,,,engine/technical/README.md,
SOL,crypto,tecnico,atr14,4.137269,,EUR,2026-03-25,2026-09-04T15:50:41Z,Coinbase,2,,,engine/technical/README.md,
SOL,crypto,tecnico,atr14,4.23175,,EUR,2026-03-26,2026-09-04T15:50:41Z,Coinbase,2,,,engine/technical/README.md,
SOL,crypto,tecnico,atr14,4.232339,,EUR,2026-03-27,2026-09-04T15:50:41Z,Coinbase,2,,,engine/technical/README.md,
SOL,crypto,tecnico,atr14,4.087886,,EUR,2026-03-28,2026-09-04T15:50:41Z,Coinbase,2,,,engine/technical/README.md,
SOL,crypto,tecnico,atr14,4.042323,,EUR,2026-03-29,2026-09-04T15:50:41Z,Coinbase,2,,,engine/technical/README.md,
SOL,crypto,tecnico,atr14,3.992871,,EUR,2026-03-30,2026-09-04T15:50:41Z,Coinbase,2,,,engine/technical/README.md,
SOL,crypto,tecnico,atr14,3.984095,,EUR,2026-03-31,2026-09-04T15:50:41Z,Coinbase,2,,,engine/technical/README.md,
SOL,crypto,tecnico,atr14,4.044517,,EUR,2026-04-01,2026-09-04T15:50:41Z,Coinbase,2,,,engine/technical/README.md,
SOL,crypto,tecnico,atr14,4.035623,,EUR,2026-04-02,2026-09-04T15:50:41Z,Coinbase,2,,,engine/technical/README.md,
SOL,crypto,tecnico,atr14,3.875935,,EUR,2026-04-03,2026-09-04T15:50:41Z,Coinbase,2,,,engine/technical/README.md,
SOL,crypto,tecnico,atr14,3.724083,,EUR,2026-04-04,2026-09-04T15:50:41Z,Coinbase,2,,,engine/technical/README.md,
SOL,crypto,tecnico,atr14,3.680934,,EUR,2026-04-05,2026-09-04T15:50:41Z,Coinbase,2,,,engine/technical/README.md,
SOL,crypto,tecnico,atr14,3.635153,,EUR,2026-04-06,2026-09-04T15:50:41Z,Coinbase,2,,,engine/technical/README.md,
SOL,crypto,tecnico,atr14,3.854785,,EUR,2026-04-07,2026-09-04T15:50:41Z,Coinbase,2,,,engine/technical/README.md,
SOL,crypto,tecnico,atr14,3.783729,,EUR,2026-04-08,2026-09-04T15:50:41Z,Coinbase,2,,,engine/technical/README.md,
SOL,crypto,tecnico,atr14,3.779177,,EUR,2026-04-09,2026-09-04T15:50:41Z,Coinbase,2,,,engine/technical/README.md,
SOL,crypto,tecnico,atr14,3.672093,,EUR,2026-04-10,2026-09-04T15:50:41Z,Coinbase,2,,,engine/technical/README.md,
SOL,crypto,tecnico,atr14,3.555515,,EUR,2026-04-11,2026-09-04T15:50:41Z,Coinbase,2,,,engine/technical/README.md,
SOL,crypto,tecnico,atr14,3.524406,,EUR,2026-04-12,2026-09-04T15:50:41Z,Coinbase,2,,,engine/technical/README.md,
SOL,crypto,tecnico,atr14,3.557663,,EUR,2026-04-13,2026-09-04T15:50:41Z,Coinbase,2,,,engine/technical/README.md,
SOL,crypto,tecnico,atr14,3.562116,,EUR,2026-04-14,2026-09-04T15:50:41Z,Coinbase,2,,,engine/technical/README.md,
SOL,crypto,tecnico,atr14,3.489108,,EUR,2026-04-15,2026-09-04T15:50:41Z,Coinbase,2,,,engine/technical/README.md,
SOL,crypto,tecnico,atr14,3.637743,,EUR,2026-04-16,2026-09-04T15:50:41Z,Coinbase,2,,,engine/technical/README.md,
SOL,crypto,tecnico,atr14,3.566475,,EUR,2026-04-17,2026-09-04T15:50:41Z,Coinbase,2,,,engine/technical/README.md,
SOL,crypto,tecnico,atr14,3.514584,,EUR,2026-04-18,2026-09-04T15:50:41Z,Coinbase,2,,,engine/technical/README.md,
SOL,crypto,tecnico,atr14,3.510685,,EUR,2026-04-19,2026-09-04T15:50:41Z,Coinbase,2,,,engine/technical/README.md,
SOL,crypto,tecnico,atr14,3.412779,,EUR,2026-04-20,2026-09-04T15:50:41Z,Coinbase,2,,,engine/technical/README.md,
SOL,crypto,tecnico,atr14,3.304009,,EUR,2026-04-21,2026-09-04T15:50:41Z,Coinbase,2,,,engine/technical/README.md,
SOL,crypto,tecnico,atr14,3.273723,,EUR,2026-04-22,2026-09-04T15:50:41Z,Coinbase,2,,,engine/technical/README.md,
SOL,crypto,tecnico,atr14,3.182743,,EUR,2026-04-23,2026-09-04T15:50:41Z,Coinbase,2,,,engine/technical/README.md,
SOL,crypto,tecnico,atr14,3.065404,,EUR,2026-04-24,2026-09-04T15:50:41Z,Coinbase,2,,,engine/technical/README.md,
SOL,crypto,tecnico,atr14,2.922875,,EUR,2026-04-25,2026-09-04T15:50:41Z,Coinbase,2,,,engine/technical/README.md,
SOL,crypto,tecnico,atr14,2.804813,,EUR,2026-04-26,2026-09-04T15:50:41Z,Coinbase,2,,,engine/technical/README.md,
SOL,crypto,tecnico,atr14,2.87304,,EUR,2026-04-27,2026-09-04T15:50:41Z,Coinbase,2,,,engine/technical/README.md,
SOL,crypto,tecnico,atr14,2.777109,,EUR,2026-04-28,2026-09-04T15:50:41Z,Coinbase,2,,,engine/technical/README.md,
SOL,crypto,tecnico,atr14,2.820172,,EUR,2026-04-29,2026-09-04T15:50:41Z,Coinbase,2,,,engine/technical/README.md,
SOL,crypto,tecnico,atr14,2.721589,,EUR,2026-04-30,2026-09-04T15:50:41Z,Coinbase,2,,,engine/technical/README.md,
SOL,crypto,tecnico,atr14,2.622904,,EUR,2026-05-01,2026-09-04T15:50:41Z,Coinbase,2,,,engine/technical/README.md,
SOL,crypto,tecnico,atr14,2.526982,,EUR,2026-05-02,2026-09-04T15:50:41Z,Coinbase,2,,,engine/technical/README.md,
SOL,crypto,tecnico,atr14,2.424341,,EUR,2026-05-03,2026-09-04T15:50:41Z,Coinbase,2,,,engine/technical/README.md,
SOL,crypto,tecnico,atr14,2.399031,,EUR,2026-05-04,2026-09-04T15:50:41Z,Coinbase,2,,,engine/technical/README.md,
SOL,crypto,tecnico,atr14,2.406243,,EUR,2026-05-05,2026-09-04T15:50:41Z,Coinbase,2,,,engine/technical/README.md,
SOL,crypto,tecnico,atr14,2.445082,,EUR,2026-05-06,2026-09-04T15:50:41Z,Coinbase,2,,,engine/technical/README.md,
SOL,crypto,tecnico,atr14,2.435434,,EUR,2026-05-07,2026-09-04T15:50:41Z,Coinbase,2,,,engine/technical/README.md,
SOL,crypto,tecnico,atr14,2.551474,,EUR,2026-05-08,2026-09-04T15:50:41Z,Coinbase,2,,,engine/technical/README.md,
SOL,crypto,tecnico,atr14,2.509226,,EUR,2026-05-09,2026-09-04T15:50:41Z,Coinbase,2,,,engine/technical/README.md,
SOL,crypto,tecnico,atr14,2.592853,,EUR,2026-05-10,2026-09-04T15:50:41Z,Coinbase,2,,,engine/technical/README.md,
SOL,crypto,tecnico,atr14,2.658363,,EUR,2026-05-11,2026-09-04T15:50:41Z,Coinbase,2,,,engine/technical/README.md,
SOL,crypto,tecnico,atr14,2.695623,,EUR,2026-05-12,2026-09-04T15:50:41Z,Coinbase,2,,,engine/technical/README.md,
SOL,crypto,tecnico,atr14,2.850221,,EUR,2026-05-13,2026-09-04T15:50:41Z,Coinbase,2,,,engine/technical/README.md,
SOL,crypto,tecnico,atr14,2.90092,,EUR,2026-05-14,2026-09-04T15:50:41Z,Coinbase,2,,,engine/technical/README.md,
SOL,crypto,tecnico,atr14,2.930854,,EUR,2026-05-15,2026-09-04T15:50:41Z,Coinbase,2,,,engine/technical/README.md,
SOL,crypto,tecnico,atr14,2.957222,,EUR,2026-05-16,2026-09-04T15:50:41Z,Coinbase,2,,,engine/technical/README.md,
SOL,crypto,tecnico,atr14,2.975992,,EUR,2026-05-17,2026-09-04T15:50:41Z,Coinbase,2,,,engine/technical/README.md,
SOL,crypto,tecnico,atr14,2.898421,,EUR,2026-05-18,2026-09-04T15:50:41Z,Coinbase,2,,,engine/technical/README.md,
SOL,crypto,tecnico,atr14,2.803534,,EUR,2026-05-19,2026-09-04T15:50:41Z,Coinbase,2,,,engine/technical/README.md,
SOL,crypto,tecnico,atr14,2.788281,,EUR,2026-05-20,2026-09-04T15:50:41Z,Coinbase,2,,,engine/technical/README.md,
SOL,crypto,tecnico,atr14,2.736261,,EUR,2026-05-21,2026-09-04T15:50:41Z,Coinbase,2,,,engine/technical/README.md,
SOL,crypto,tecnico,atr14,2.774385,,EUR,2026-05-22,2026-09-04T15:50:41Z,Coinbase,2,,,engine/technical/README.md,
SOL,crypto,tecnico,atr14,2.942643,,EUR,2026-05-23,2026-09-04T15:50:41Z,Coinbase,2,,,engine/technical/README.md,
SOL,crypto,tecnico,atr14,2.945312,,EUR,2026-05-24,2026-09-04T15:50:41Z,Coinbase,2,,,engine/technical/README.md,
SOL,crypto,tecnico,atr14,2.839932,,EUR,2026-05-25,2026-09-04T15:50:41Z,Coinbase,2,,,engine/technical/README.md,
SOL,crypto,tecnico,atr14,2.82208,,EUR,2026-05-26,2026-09-04T15:50:41Z,Coinbase,2,,,engine/technical/README.md,
SOL,crypto,tecnico,atr14,2.78336,,EUR,2026-05-27,2026-09-04T15:50:41Z,Coinbase,2,,,engine/technical/README.md,
SOL,crypto,tecnico,atr14,2.75812,,EUR,2026-05-28,2026-09-04T15:50:41Z,Coinbase,2,,,engine/technical/README.md,
SOL,crypto,tecnico,atr14,2.726111,,EUR,2026-05-29,2026-09-04T15:50:41Z,Coinbase,2,,,engine/technical/README.md,
SOL,crypto,tecnico,atr14,2.609246,,EUR,2026-05-30,2026-09-04T15:50:41Z,Coinbase,2,,,engine/technical/README.md,
SOL,crypto,tecnico,atr14,2.545729,,EUR,2026-05-31,2026-09-04T15:50:41Z,Coinbase,2,,,engine/technical/README.md,
SOL,crypto,tecnico,atr14,2.594605,,EUR,2026-06-01,2026-09-04T15:50:41Z,Coinbase,2,,,engine/technical/README.md,
SOL,crypto,tecnico,atr14,2.927133,,EUR,2026-06-02,2026-09-04T15:50:41Z,Coinbase,2,,,engine/technical/README.md,
SOL,crypto,tecnico,atr14,3.002338,,EUR,2026-06-03,2026-09-04T15:50:41Z,Coinbase,2,,,engine/technical/README.md,
SOL,crypto,tecnico,atr14,3.111457,,EUR,2026-06-04,2026-09-04T15:50:41Z,Coinbase,2,,,engine/technical/README.md,
SOL,crypto,tecnico,atr14,3.322067,,EUR,2026-06-05,2026-09-04T15:50:41Z,Coinbase,2,,,engine/technical/README.md,
SOL,crypto,tecnico,atr14,3.373348,,EUR,2026-06-06,2026-09-04T15:50:41Z,Coinbase,2,,,engine/technical/README.md,
SOL,crypto,tecnico,atr14,3.495252,,EUR,2026-06-07,2026-09-04T15:50:41Z,Coinbase,2,,,engine/technical/README.md,
SOL,crypto,tecnico,atr14,3.44202,,EUR,2026-06-08,2026-09-04T15:50:41Z,Coinbase,2,,,engine/technical/README.md,
SOL,crypto,tecnico,atr14,3.433304,,EUR,2026-06-09,2026-09-04T15:50:41Z,Coinbase,2,,,engine/technical/README.md,
SOL,crypto,tecnico,atr14,3.395211,,EUR,2026-06-10,2026-09-04T15:50:41Z,Coinbase,2,,,engine/technical/README.md,
SOL,crypto,tecnico,atr14,3.401981,,EUR,2026-06-11,2026-09-04T15:50:41Z,Coinbase,2,,,engine/technical/README.md,
SOL,crypto,tecnico,atr14,3.333983,,EUR,2026-06-12,2026-09-04T15:50:41Z,Coinbase,2,,,engine/technical/README.md,
SOL,crypto,tecnico,atr14,3.27727,,EUR,2026-06-13,2026-09-04T15:50:41Z,Coinbase,2,,,engine/technical/README.md,
SOL,crypto,tecnico,atr14,3.294608,,EUR,2026-06-14,2026-09-04T15:50:41Z,Coinbase,2,,,engine/technical/README.md,
SOL,crypto,tecnico,atr14,3.38785,,EUR,2026-06-15,2026-09-04T15:50:41Z,Coinbase,2,,,engine/technical/README.md,
SOL,crypto,tecnico,atr14,3.343718,,EUR,2026-06-16,2026-09-04T15:50:41Z,Coinbase,2,,,engine/technical/README.md,
SOL,crypto,tecnico,atr14,3.307024,,EUR,2026-06-17,2026-09-04T15:50:41Z,Coinbase,2,,,engine/technical/README.md,
SOL,crypto,tecnico,atr14,3.420808,,EUR,2026-06-18,2026-09-04T15:50:41Z,Coinbase,2,,,engine/technical/README.md,
SOL,crypto,tecnico,atr14,3.314321,,EUR,2026-06-19,2026-09-04T15:50:41Z,Coinbase,2,,,engine/technical/README.md,
SOL,crypto,tecnico,atr14,3.372584,,EUR,2026-06-20,2026-09-04T15:50:41Z,Coinbase,2,,,engine/technical/README.md,
SOL,crypto,tecnico,atr14,3.2724,,EUR,2026-06-21,2026-09-04T15:50:41Z,Coinbase,2,,,engine/technical/README.md,
SOL,crypto,tecnico,atr14,3.264371,,EUR,2026-06-22,2026-09-04T15:50:41Z,Coinbase,2,,,engine/technical/README.md,
SOL,crypto,tecnico,atr14,3.265487,,EUR,2026-06-23,2026-09-04T15:50:41Z,Coinbase,2,,,engine/technical/README.md,
SOL,crypto,tecnico,atr14,3.393667,,EUR,2026-06-24,2026-09-04T15:50:41Z,Coinbase,2,,,engine/technical/README.md,
SOL,crypto,tecnico,atr14,3.500548,,EUR,2026-06-25,2026-09-04T15:50:41Z,Coinbase,2,,,engine/technical/README.md,
SOL,crypto,tecnico,atr14,3.738366,,EUR,2026-06-26,2026-09-04T15:50:41Z,Coinbase,2,,,engine/technical/README.md,
SOL,crypto,tecnico,atr14,3.647768,,EUR,2026-06-27,2026-09-04T15:50:41Z,Coinbase,2,,,engine/technical/README.md,
SOL,crypto,tecnico,atr14,3.550071,,EUR,2026-06-28,2026-09-04T15:50:41Z,Coinbase,2,,,engine/technical/README.md,
SOL,crypto,tecnico,atr14,3.664351,,EUR,2026-06-29,2026-09-04T15:50:41Z,Coinbase,2,,,engine/technical/README.md,
SOL,crypto,tecnico,atr14,3.596898,,EUR,2026-06-30,2026-09-04T15:50:41Z,Coinbase,2,,,engine/technical/README.md,
SOL,crypto,tecnico,atr14,3.769262,,EUR,2026-07-01,2026-09-04T15:50:41Z,Coinbase,2,,,engine/technical/README.md,
SOL,crypto,tecnico,atr14,3.850743,,EUR,2026-07-02,2026-09-04T15:50:41Z,Coinbase,2,,,engine/technical/README.md,
SOL,crypto,tecnico,atr14,3.752833,,EUR,2026-07-03,2026-09-04T15:50:41Z,Coinbase,2,,,engine/technical/README.md,
SOL,crypto,tecnico,atr14,3.645488,,EUR,2026-07-04,2026-09-04T15:50:41Z,Coinbase,2,,,engine/technical/README.md,
SOL,crypto,tecnico,atr14,3.551524,,EUR,2026-07-05,2026-09-04T15:50:41Z,Coinbase,2,,,engine/technical/README.md,
SOL,crypto,tecnico,atr14,3.566416,,EUR,2026-07-06,2026-09-04T15:50:41Z,Coinbase,2,,,engine/technical/README.md,
SOL,crypto,tecnico,atr14,3.458814,,EUR,2026-07-07,2026-09-04T15:50:41Z,Coinbase,2,,,engine/technical/README.md,
SOL,crypto,tecnico,atr14,3.490328,,EUR,2026-07-08,2026-09-04T15:50:41Z,Coinbase,2,,,engine/technical/README.md,
SOL,crypto,tecnico,atr14,3.368161,,EUR,2026-07-09,2026-09-04T15:50:41Z,Coinbase,2,,,engine/technical/README.md,
SOL,crypto,tecnico,atr14,3.281864,,EUR,2026-07-10,2026-09-04T15:50:41Z,Coinbase,2,,,engine/technical/README.md,
SOL,crypto,tecnico,atr14,3.178874,,EUR,2026-07-11,2026-09-04T15:50:41Z,Coinbase,2,,,engine/technical/README.md,
SOL,crypto,tecnico,atr14,3.081097,,EUR,2026-07-12,2026-09-04T15:50:41Z,Coinbase,2,,,engine/technical/README.md,
SOL,crypto,tecnico,atr14,3.108876,,EUR,2026-07-13,2026-09-04T15:50:41Z,Coinbase,2,,,engine/technical/README.md,
SOL,crypto,tecnico,atr14,3.085385,,EUR,2026-07-14,2026-09-04T15:50:41Z,Coinbase,2,,,engine/technical/README.md,
SOL,crypto,tecnico,atr14,3.007857,,EUR,2026-07-15,2026-09-04T15:50:41Z,Coinbase,2,,,engine/technical/README.md,
SOL,crypto,tecnico,atr14,2.94301,,EUR,2026-07-16,2026-09-04T15:50:41Z,Coinbase,2,,,engine/technical/README.md,
SOL,crypto,tecnico,atr14,2.874224,,EUR,2026-07-17,2026-09-04T15:50:41Z,Coinbase,2,,,engine/technical/README.md,
SOL,crypto,tecnico,atr14,2.738208,,EUR,2026-07-18,2026-09-04T15:50:41Z,Coinbase,2,,,engine/technical/README.md,
SOL,crypto,tecnico,atr14,2.622622,,EUR,2026-07-19,2026-09-04T15:50:41Z,Coinbase,2,,,engine/technical/README.md,
SOL,crypto,tecnico,atr14,2.623863,,EUR,2026-07-20,2026-09-04T15:50:41Z,Coinbase,2,,,engine/technical/README.md,
SOL,crypto,tecnico,atr14,2.51573,,EUR,2026-07-21,2026-09-04T15:50:41Z,Coinbase,2,,,engine/technical/README.md,
SOL,crypto,tecnico,atr14,2.451035,,EUR,2026-07-22,2026-09-04T15:50:41Z,Coinbase,2,,,engine/technical/README.md,
SOL,crypto,tecnico,atr14,2.455961,,EUR,2026-07-23,2026-09-04T15:50:41Z,Coinbase,2,,,engine/technical/README.md,
SOL,crypto,tecnico,atr14,2.455535,,EUR,2026-07-24,2026-09-04T15:50:41Z,Coinbase,2,,,engine/technical/README.md,
SOL,crypto,tecnico,atr14,2.355854,,EUR,2026-07-25,2026-09-04T15:50:41Z,Coinbase,2,,,engine/technical/README.md,
SOL,crypto,tecnico,atr14,2.340436,,EUR,2026-07-26,2026-09-04T15:50:41Z,Coinbase,2,,,engine/technical/README.md,
SOL,crypto,tecnico,atr14,2.401119,,EUR,2026-07-27,2026-09-04T15:50:41Z,Coinbase,2,,,engine/technical/README.md,
SOL,crypto,tecnico,atr14,2.353896,,EUR,2026-07-28,2026-09-04T15:50:41Z,Coinbase,2,,,engine/technical/README.md,
SOL,crypto,tecnico,atr14,2.335761,,EUR,2026-07-29,2026-09-04T15:50:41Z,Coinbase,2,,,engine/technical/README.md,
SOL,crypto,tecnico,atr14,2.260349,,EUR,2026-07-30,2026-09-04T15:50:41Z,Coinbase,2,,,engine/technical/README.md,
SOL,crypto,tecnico,atr14,2.271753,,EUR,2026-07-31,2026-09-04T15:50:41Z,Coinbase,2,,,engine/technical/README.md,
SOL,crypto,tecnico,atr14,2.270199,,EUR,2026-08-01,2026-09-04T15:50:41Z,Coinbase,2,,,engine/technical/README.md,
SOL,crypto,tecnico,atr14,2.240899,,EUR,2026-08-02,2026-09-04T15:50:41Z,Coinbase,2,,,engine/technical/README.md,
SOL,crypto,tecnico,atr14,2.230121,,EUR,2026-08-03,2026-09-04T15:50:41Z,Coinbase,2,,,engine/technical/README.md,
SOL,crypto,tecnico,atr14,2.150826,,EUR,2026-08-04,2026-09-04T15:50:41Z,Coinbase,2,,,engine/technical/README.md,
SOL,crypto,tecnico,atr14,2.086482,,EUR,2026-08-05,2026-09-04T15:50:41Z,Coinbase,2,,,engine/technical/README.md,
SOL,crypto,tecnico,atr14,2.04959,,EUR,2026-08-06,2026-09-04T15:50:41Z,Coinbase,2,,,engine/technical/README.md,
SOL,crypto,tecnico,atr14,2.011048,,EUR,2026-08-07,2026-09-04T15:50:41Z,Coinbase,2,,,engine/technical/README.md,
SOL,crypto,tecnico,atr14,2.062402,,EUR,2026-08-08,2026-09-04T15:50:41Z,Coinbase,2,,,engine/technical/README.md,
SOL,crypto,tecnico,atr14,2.040087,,EUR,2026-08-09,2026-09-04T15:50:41Z,Coinbase,2,,,engine/technical/README.md,
SOL,crypto,tecnico,atr14,1.989367,,EUR,2026-08-10,2026-09-04T15:50:41Z,Coinbase,2,,,engine/technical/README.md,
SOL,crypto,tecnico,atr14,1.971555,,EUR,2026-08-11,2026-09-04T15:50:41Z,Coinbase,2,,,engine/technical/README.md,
SOL,crypto,tecnico,atr14,1.946444,,EUR,2026-08-12,2026-09-04T15:50:41Z,Coinbase,2,,,engine/technical/README.md,
SOL,crypto,tecnico,atr14,1.901698,,EUR,2026-08-13,2026-09-04T15:50:41Z,Coinbase,2,,,engine/technical/README.md,
SOL,crypto,tecnico,atr14,1.882291,,EUR,2026-08-14,2026-09-04T15:50:41Z,Coinbase,2,,,engine/technical/README.md,
SOL,crypto,tecnico,atr14,1.790699,,EUR,2026-08-15,2026-09-04T15:50:41Z,Coinbase,2,,,engine/technical/README.md,
SOL,crypto,tecnico,atr14,1.756363,,EUR,2026-08-16,2026-09-04T15:50:41Z,Coinbase,2,,,engine/technical/README.md,
SOL,crypto,tecnico,atr14,1.738051,,EUR,2026-08-17,2026-09-04T15:50:41Z,Coinbase,2,,,engine/technical/README.md,
SOL,crypto,tecnico,atr14,1.750333,,EUR,2026-08-18,2026-09-04T15:50:41Z,Coinbase,2,,,engine/technical/README.md,
SOL,crypto,tecnico,atr14,2.238881,,EUR,2026-08-19,2026-09-04T15:50:41Z,Coinbase,2,,,engine/technical/README.md,
SOL,crypto,tecnico,atr14,2.321818,,EUR,2026-08-20,2026-09-04T15:50:41Z,Coinbase,2,,,engine/technical/README.md,
SOL,crypto,tecnico,atr14,2.606688,,EUR,2026-08-21,2026-09-04T15:50:41Z,Coinbase,2,,,engine/technical/README.md,
SOL,crypto,tecnico,atr14,3.451925,,EUR,2026-08-22,2026-09-04T15:50:41Z,Coinbase,2,,,engine/technical/README.md,
SOL,crypto,tecnico,atr14,3.568216,,EUR,2026-08-23,2026-09-04T15:50:41Z,Coinbase,2,,,engine/technical/README.md,
SOL,crypto,tecnico,atr14,3.664772,,EUR,2026-08-24,2026-09-04T15:50:41Z,Coinbase,2,,,engine/technical/README.md,
SOL,crypto,tecnico,atr14,3.877288,,EUR,2026-08-25,2026-09-04T15:50:41Z,Coinbase,2,,,engine/technical/README.md,
SOL,crypto,tecnico,atr14,4.053196,,EUR,2026-08-26,2026-09-04T15:50:41Z,Coinbase,2,,,engine/technical/README.md,
SOL,crypto,tecnico,atr14,4.384396,,EUR,2026-08-27,2026-09-04T15:50:41Z,Coinbase,2,,,engine/technical/README.md,
SOL,crypto,tecnico,atr14,4.516225,,EUR,2026-08-28,2026-09-04T15:50:41Z,Coinbase,2,,,engine/technical/README.md,
SOL,crypto,tecnico,atr14,4.368638,,EUR,2026-08-29,2026-09-04T15:50:41Z,Coinbase,2,,,engine/technical/README.md,
SOL,crypto,tecnico,atr14,4.498735,,EUR,2026-08-30,2026-09-04T15:50:41Z,Coinbase,2,,,engine/technical/README.md,
SOL,crypto,tecnico,atr14,4.416683,,EUR,2026-08-31,2026-09-04T15:50:41Z,Coinbase,2,,,engine/technical/README.md,
SOL,crypto,tecnico,atr14,4.459777,,EUR,2026-09-01,2026-09-04T15:50:41Z,Coinbase,2,,,engine/technical/README.md,
SOL,crypto,tecnico,atr14,4.339078,,EUR,2026-09-02,2026-09-04T15:50:41Z,Coinbase,2,,,engine/technical/README.md,
SOL,crypto,tecnico,atr14,4.212263,,EUR,2026-09-03,2026-09-03T12:15:39Z,Kraken,2,100,,engine/technical/README.md,
SOL,crypto,tecnico,atr14,4.140873,,EUR,2026-09-04,2026-09-04T10:11:47Z,Kraken,2,100,,engine/technical/README.md,
SOL,crypto,tecnico,atr14_pct_precio,4.78,,%,2026-01-01,2026-09-04T15:50:41Z,Coinbase,2,,,engine/technical/README.md,
SOL,crypto,tecnico,atr14_pct_precio,4.67,,%,2026-01-02,2026-09-04T15:50:41Z,Coinbase,2,,,engine/technical/README.md,
SOL,crypto,tecnico,atr14_pct_precio,4.53,,%,2026-01-03,2026-09-04T15:50:41Z,Coinbase,2,,,engine/technical/README.md,
SOL,crypto,tecnico,atr14_pct_precio,4.32,,%,2026-01-04,2026-09-04T15:50:41Z,Coinbase,2,,,engine/technical/README.md,
SOL,crypto,tecnico,atr14_pct_precio,4.22,,%,2026-01-05,2026-09-04T15:50:41Z,Coinbase,2,,,engine/technical/README.md,
SOL,crypto,tecnico,atr14_pct_precio,4.2,,%,2026-01-06,2026-09-04T15:50:41Z,Coinbase,2,,,engine/technical/README.md,
SOL,crypto,tecnico,atr14_pct_precio,4.39,,%,2026-01-07,2026-09-04T15:50:41Z,Coinbase,2,,,engine/technical/README.md,
SOL,crypto,tecnico,atr14_pct_precio,4.39,,%,2026-01-08,2026-09-04T15:50:41Z,Coinbase,2,,,engine/technical/README.md,
SOL,crypto,tecnico,atr14_pct_precio,4.45,,%,2026-01-09,2026-09-04T15:50:41Z,Coinbase,2,,,engine/technical/README.md,
SOL,crypto,tecnico,atr14_pct_precio,4.22,,%,2026-01-10,2026-09-04T15:50:41Z,Coinbase,2,,,engine/technical/README.md,
SOL,crypto,tecnico,atr14_pct_precio,4.1,,%,2026-01-11,2026-09-04T15:50:41Z,Coinbase,2,,,engine/technical/README.md,
SOL,crypto,tecnico,atr14_pct_precio,4.14,,%,2026-01-12,2026-09-04T15:50:41Z,Coinbase,2,,,engine/technical/README.md,
SOL,crypto,tecnico,atr14_pct_precio,4.2,,%,2026-01-13,2026-09-04T15:50:41Z,Coinbase,2,,,engine/technical/README.md,
SOL,crypto,tecnico,atr14_pct_precio,4.11,,%,2026-01-14,2026-09-04T15:50:41Z,Coinbase,2,,,engine/technical/README.md,
SOL,crypto,tecnico,atr14_pct_precio,4.19,,%,2026-01-15,2026-09-04T15:50:41Z,Coinbase,2,,,engine/technical/README.md,
SOL,crypto,tecnico,atr14_pct_precio,4.1,,%,2026-01-16,2026-09-04T15:50:41Z,Coinbase,2,,,engine/technical/README.md,
SOL,crypto,tecnico,atr14_pct_precio,3.91,,%,2026-01-17,2026-09-04T15:50:41Z,Coinbase,2,,,engine/technical/README.md,
SOL,crypto,tecnico,atr14_pct_precio,4.15,,%,2026-01-18,2026-09-04T15:50:41Z,Coinbase,2,,,engine/technical/README.md,
SOL,crypto,tecnico,atr14_pct_precio,4.39,,%,2026-01-19,2026-09-04T15:50:41Z,Coinbase,2,,,engine/technical/README.md,
SOL,crypto,tecnico,atr14_pct_precio,4.95,,%,2026-01-20,2026-09-04T15:50:41Z,Coinbase,2,,,engine/technical/README.md,
SOL,crypto,tecnico,atr14_pct_precio,4.83,,%,2026-01-21,2026-09-04T15:50:41Z,Coinbase,2,,,engine/technical/README.md,
SOL,crypto,tecnico,atr14_pct_precio,4.79,,%,2026-01-22,2026-09-04T15:50:41Z,Coinbase,2,,,engine/technical/README.md,
SOL,crypto,tecnico,atr14_pct_precio,4.76,,%,2026-01-23,2026-09-04T15:50:41Z,Coinbase,2,,,engine/technical/README.md,
SOL,crypto,tecnico,atr14_pct_precio,4.51,,%,2026-01-24,2026-09-04T15:50:41Z,Coinbase,2,,,engine/technical/README.md,
SOL,crypto,tecnico,atr14_pct_precio,5.15,,%,2026-01-25,2026-09-04T15:50:41Z,Coinbase,2,,,engine/technical/README.md,
SOL,crypto,tecnico,atr14_pct_precio,4.97,,%,2026-01-26,2026-09-04T15:50:41Z,Coinbase,2,,,engine/technical/README.md,
SOL,crypto,tecnico,atr14_pct_precio,4.77,,%,2026-01-27,2026-09-04T15:50:41Z,Coinbase,2,,,engine/technical/README.md,
SOL,crypto,tecnico,atr14_pct_precio,4.66,,%,2026-01-28,2026-09-04T15:50:41Z,Coinbase,2,,,engine/technical/README.md,
SOL,crypto,tecnico,atr14_pct_precio,5.2,,%,2026-01-29,2026-09-04T15:50:41Z,Coinbase,2,,,engine/technical/README.md,
SOL,crypto,tecnico,atr14_pct_precio,5.25,,%,2026-01-30,2026-09-04T15:50:41Z,Coinbase,2,,,engine/technical/README.md,
SOL,crypto,tecnico,atr14_pct_precio,6.91,,%,2026-01-31,2026-09-04T15:50:41Z,Coinbase,2,,,engine/technical/README.md,
SOL,crypto,tecnico,atr14_pct_precio,7.36,,%,2026-02-01,2026-09-04T15:50:41Z,Coinbase,2,,,engine/technical/README.md,
SOL,crypto,tecnico,atr14_pct_precio,7.28,,%,2026-02-02,2026-09-04T15:50:41Z,Coinbase,2,,,engine/technical/README.md,
SOL,crypto,tecnico,atr14_pct_precio,7.85,,%,2026-02-03,2026-09-04T15:50:41Z,Coinbase,2,,,engine/technical/README.md,
SOL,crypto,tecnico,atr14_pct_precio,8.54,,%,2026-02-04,2026-09-04T15:50:41Z,Coinbase,2,,,engine/technical/README.md,
SOL,crypto,tecnico,atr14_pct_precio,10.72,,%,2026-02-05,2026-09-04T15:50:41Z,Coinbase,2,,,engine/technical/README.md,
SOL,crypto,tecnico,atr14_pct_precio,10.71,,%,2026-02-06,2026-09-04T15:50:41Z,Coinbase,2,,,engine/technical/README.md,
SOL,crypto,tecnico,atr14_pct_precio,10.33,,%,2026-02-07,2026-09-04T15:50:41Z,Coinbase,2,,,engine/technical/README.md,
SOL,crypto,tecnico,atr14_pct_precio,9.94,,%,2026-02-08,2026-09-04T15:50:41Z,Coinbase,2,,,engine/technical/README.md,
SOL,crypto,tecnico,atr14_pct_precio,9.79,,%,2026-02-09,2026-09-04T15:50:41Z,Coinbase,2,,,engine/technical/README.md,
SOL,crypto,tecnico,atr14_pct_precio,9.95,,%,2026-02-10,2026-09-04T15:50:41Z,Coinbase,2,,,engine/technical/README.md,
SOL,crypto,tecnico,atr14_pct_precio,10.22,,%,2026-02-11,2026-09-04T15:50:41Z,Coinbase,2,,,engine/technical/README.md,
SOL,crypto,tecnico,atr14_pct_precio,10.11,,%,2026-02-12,2026-09-04T15:50:41Z,Coinbase,2,,,engine/technical/README.md,
SOL,crypto,tecnico,atr14_pct_precio,9.4,,%,2026-02-13,2026-09-04T15:50:41Z,Coinbase,2,,,engine/technical/README.md,
SOL,crypto,tecnico,atr14_pct_precio,8.73,,%,2026-02-14,2026-09-04T15:50:41Z,Coinbase,2,,,engine/technical/README.md,
SOL,crypto,tecnico,atr14_pct_precio,8.84,,%,2026-02-15,2026-09-04T15:50:41Z,Coinbase,2,,,engine/technical/README.md,
SOL,crypto,tecnico,atr14_pct_precio,8.52,,%,2026-02-16,2026-09-04T15:50:41Z,Coinbase,2,,,engine/technical/README.md,
SOL,crypto,tecnico,atr14_pct_precio,8.42,,%,2026-02-17,2026-09-04T15:50:41Z,Coinbase,2,,,engine/technical/README.md,
SOL,crypto,tecnico,atr14_pct_precio,8.56,,%,2026-02-18,2026-09-04T15:50:41Z,Coinbase,2,,,engine/technical/README.md,
SOL,crypto,tecnico,atr14_pct_precio,8.1,,%,2026-02-19,2026-09-04T15:50:41Z,Coinbase,2,,,engine/technical/README.md,
SOL,crypto,tecnico,atr14_pct_precio,7.62,,%,2026-02-20,2026-09-04T15:50:41Z,Coinbase,2,,,engine/technical/README.md,
SOL,crypto,tecnico,atr14_pct_precio,7.26,,%,2026-02-21,2026-09-04T15:50:41Z,Coinbase,2,,,engine/technical/README.md,
SOL,crypto,tecnico,atr14_pct_precio,7.27,,%,2026-02-22,2026-09-04T15:50:41Z,Coinbase,2,,,engine/technical/README.md,
SOL,crypto,tecnico,atr14_pct_precio,7.64,,%,2026-02-23,2026-09-04T15:50:41Z,Coinbase,2,,,engine/technical/README.md,
SOL,crypto,tecnico,atr14_pct_precio,7.34,,%,2026-02-24,2026-09-04T15:50:41Z,Coinbase,2,,,engine/technical/README.md,
SOL,crypto,tecnico,atr14_pct_precio,7.21,,%,2026-02-25,2026-09-04T15:50:41Z,Coinbase,2,,,engine/technical/README.md,
SOL,crypto,tecnico,atr14_pct_precio,7.25,,%,2026-02-26,2026-09-04T15:50:41Z,Coinbase,2,,,engine/technical/README.md,
SOL,crypto,tecnico,atr14_pct_precio,7.76,,%,2026-02-27,2026-09-04T15:50:41Z,Coinbase,2,,,engine/technical/README.md,
SOL,crypto,tecnico,atr14_pct_precio,7.71,,%,2026-02-28,2026-09-04T15:50:41Z,Coinbase,2,,,engine/technical/README.md,
SOL,crypto,tecnico,atr14_pct_precio,7.8,,%,2026-03-01,2026-09-04T15:50:41Z,Coinbase,2,,,engine/technical/README.md,
SOL,crypto,tecnico,atr14_pct_precio,7.63,,%,2026-03-02,2026-09-04T15:50:41Z,Coinbase,2,,,engine/technical/README.md,
SOL,crypto,tecnico,atr14_pct_precio,7.39,,%,2026-03-03,2026-09-04T15:50:41Z,Coinbase,2,,,engine/technical/README.md,
SOL,crypto,tecnico,atr14_pct_precio,7.28,,%,2026-03-04,2026-09-04T15:50:41Z,Coinbase,2,,,engine/technical/README.md,
SOL,crypto,tecnico,atr14_pct_precio,7.29,,%,2026-03-05,2026-09-04T15:50:41Z,Coinbase,2,,,engine/technical/README.md,
SOL,crypto,tecnico,atr14_pct_precio,7.57,,%,2026-03-06,2026-09-04T15:50:41Z,Coinbase,2,,,engine/technical/README.md,
SOL,crypto,tecnico,atr14_pct_precio,7.38,,%,2026-03-07,2026-09-04T15:50:41Z,Coinbase,2,,,engine/technical/README.md,
SOL,crypto,tecnico,atr14_pct_precio,7.24,,%,2026-03-08,2026-09-04T15:50:41Z,Coinbase,2,,,engine/technical/README.md,
SOL,crypto,tecnico,atr14_pct_precio,6.91,,%,2026-03-09,2026-09-04T15:50:41Z,Coinbase,2,,,engine/technical/README.md,
SOL,crypto,tecnico,atr14_pct_precio,6.65,,%,2026-03-10,2026-09-04T15:50:41Z,Coinbase,2,,,engine/technical/README.md,
SOL,crypto,tecnico,atr14_pct_precio,6.41,,%,2026-03-11,2026-09-04T15:50:41Z,Coinbase,2,,,engine/technical/README.md,
SOL,crypto,tecnico,atr14_pct_precio,6.17,,%,2026-03-12,2026-09-04T15:50:41Z,Coinbase,2,,,engine/technical/README.md,
SOL,crypto,tecnico,atr14_pct_precio,6.12,,%,2026-03-13,2026-09-04T15:50:41Z,Coinbase,2,,,engine/technical/README.md,
SOL,crypto,tecnico,atr14_pct_precio,5.86,,%,2026-03-14,2026-09-04T15:50:41Z,Coinbase,2,,,engine/technical/README.md,
SOL,crypto,tecnico,atr14_pct_precio,5.64,,%,2026-03-15,2026-09-04T15:50:41Z,Coinbase,2,,,engine/technical/README.md,
SOL,crypto,tecnico,atr14_pct_precio,5.5,,%,2026-03-16,2026-09-04T15:50:41Z,Coinbase,2,,,engine/technical/README.md,
SOL,crypto,tecnico,atr14_pct_precio,5.51,,%,2026-03-17,2026-09-04T15:50:41Z,Coinbase,2,,,engine/technical/README.md,
SOL,crypto,tecnico,atr14_pct_precio,5.89,,%,2026-03-18,2026-09-04T15:50:41Z,Coinbase,2,,,engine/technical/README.md,
SOL,crypto,tecnico,atr14_pct_precio,5.99,,%,2026-03-19,2026-09-04T15:50:41Z,Coinbase,2,,,engine/technical/README.md,
SOL,crypto,tecnico,atr14_pct_precio,5.67,,%,2026-03-20,2026-09-04T15:50:41Z,Coinbase,2,,,engine/technical/README.md,
SOL,crypto,tecnico,atr14_pct_precio,5.69,,%,2026-03-21,2026-09-04T15:50:41Z,Coinbase,2,,,engine/technical/README.md,
SOL,crypto,tecnico,atr14_pct_precio,5.69,,%,2026-03-22,2026-09-04T15:50:41Z,Coinbase,2,,,engine/technical/README.md,
SOL,crypto,tecnico,atr14_pct_precio,5.51,,%,2026-03-23,2026-09-04T15:50:41Z,Coinbase,2,,,engine/technical/README.md,
SOL,crypto,tecnico,atr14_pct_precio,5.45,,%,2026-03-24,2026-09-04T15:50:41Z,Coinbase,2,,,engine/technical/README.md,
SOL,crypto,tecnico,atr14_pct_precio,5.22,,%,2026-03-25,2026-09-04T15:50:41Z,Coinbase,2,,,engine/technical/README.md,
SOL,crypto,tecnico,atr14_pct_precio,5.64,,%,2026-03-26,2026-09-04T15:50:41Z,Coinbase,2,,,engine/technical/README.md,
SOL,crypto,tecnico,atr14_pct_precio,5.86,,%,2026-03-27,2026-09-04T15:50:41Z,Coinbase,2,,,engine/technical/README.md,
SOL,crypto,tecnico,atr14_pct_precio,5.73,,%,2026-03-28,2026-09-04T15:50:41Z,Coinbase,2,,,engine/technical/README.md,
SOL,crypto,tecnico,atr14_pct_precio,5.7,,%,2026-03-29,2026-09-04T15:50:41Z,Coinbase,2,,,engine/technical/README.md,
SOL,crypto,tecnico,atr14_pct_precio,5.54,,%,2026-03-30,2026-09-04T15:50:41Z,Coinbase,2,,,engine/technical/README.md,
SOL,crypto,tecnico,atr14_pct_precio,5.55,,%,2026-03-31,2026-09-04T15:50:41Z,Coinbase,2,,,engine/technical/README.md,
SOL,crypto,tecnico,atr14_pct_precio,5.78,,%,2026-04-01,2026-09-04T15:50:41Z,Coinbase,2,,,engine/technical/README.md,
SOL,crypto,tecnico,atr14_pct_precio,5.9,,%,2026-04-02,2026-09-04T15:50:41Z,Coinbase,2,,,engine/technical/README.md,
SOL,crypto,tecnico,atr14_pct_precio,5.55,,%,2026-04-03,2026-09-04T15:50:41Z,Coinbase,2,,,engine/technical/README.md,
SOL,crypto,tecnico,atr14_pct_precio,5.3,,%,2026-04-04,2026-09-04T15:50:41Z,Coinbase,2,,,engine/technical/README.md,
SOL,crypto,tecnico,atr14_pct_precio,5.17,,%,2026-04-05,2026-09-04T15:50:41Z,Coinbase,2,,,engine/technical/README.md,
SOL,crypto,tecnico,atr14_pct_precio,5.25,,%,2026-04-06,2026-09-04T15:50:41Z,Coinbase,2,,,engine/technical/README.md,
SOL,crypto,tecnico,atr14_pct_precio,5.26,,%,2026-04-07,2026-09-04T15:50:41Z,Coinbase,2,,,engine/technical/README.md,
SOL,crypto,tecnico,atr14_pct_precio,5.34,,%,2026-04-08,2026-09-04T15:50:41Z,Coinbase,2,,,engine/technical/README.md,
SOL,crypto,tecnico,atr14_pct_precio,5.3,,%,2026-04-09,2026-09-04T15:50:41Z,Coinbase,2,,,engine/technical/README.md,
SOL,crypto,tecnico,atr14_pct_precio,5.07,,%,2026-04-10,2026-09-04T15:50:41Z,Coinbase,2,,,engine/technical/README.md,
SOL,crypto,tecnico,atr14_pct_precio,4.9,,%,2026-04-11,2026-09-04T15:50:41Z,Coinbase,2,,,engine/technical/README.md,
SOL,crypto,tecnico,atr14_pct_precio,5.05,,%,2026-04-12,2026-09-04T15:50:41Z,Coinbase,2,,,engine/technical/README.md,
SOL,crypto,tecnico,atr14_pct_precio,4.83,,%,2026-04-13,2026-09-04T15:50:41Z,Coinbase,2,,,engine/technical/README.md,
SOL,crypto,tecnico,atr14_pct_precio,5.02,,%,2026-04-14,2026-09-04T15:50:41Z,Coinbase,2,,,engine/technical/README.md,
SOL,crypto,tecnico,atr14_pct_precio,4.85,,%,2026-04-15,2026-09-04T15:50:41Z,Coinbase,2,,,engine/technical/README.md,
SOL,crypto,tecnico,atr14_pct_precio,4.81,,%,2026-04-16,2026-09-04T15:50:41Z,Coinbase,2,,,engine/technical/README.md,
SOL,crypto,tecnico,atr14_pct_precio,4.72,,%,2026-04-17,2026-09-04T15:50:41Z,Coinbase,2,,,engine/technical/README.md,
SOL,crypto,tecnico,atr14_pct_precio,4.8,,%,2026-04-18,2026-09-04T15:50:41Z,Coinbase,2,,,engine/technical/README.md,
SOL,crypto,tecnico,atr14_pct_precio,4.93,,%,2026-04-19,2026-09-04T15:50:41Z,Coinbase,2,,,engine/technical/README.md,
SOL,crypto,tecnico,atr14_pct_precio,4.71,,%,2026-04-20,2026-09-04T15:50:41Z,Coinbase,2,,,engine/technical/README.md,
SOL,crypto,tecnico,atr14_pct_precio,4.51,,%,2026-04-21,2026-09-04T15:50:41Z,Coinbase,2,,,engine/technical/README.md,
SOL,crypto,tecnico,atr14_pct_precio,4.41,,%,2026-04-22,2026-09-04T15:50:41Z,Coinbase,2,,,engine/technical/README.md,
SOL,crypto,tecnico,atr14_pct_precio,4.31,,%,2026-04-23,2026-09-04T15:50:41Z,Coinbase,2,,,engine/technical/README.md,
SOL,crypto,tecnico,atr14_pct_precio,4.17,,%,2026-04-24,2026-09-04T15:50:41Z,Coinbase,2,,,engine/technical/README.md,
SOL,crypto,tecnico,atr14_pct_precio,3.97,,%,2026-04-25,2026-09-04T15:50:41Z,Coinbase,2,,,engine/technical/README.md,
SOL,crypto,tecnico,atr14_pct_precio,3.77,,%,2026-04-26,2026-09-04T15:50:41Z,Coinbase,2,,,engine/technical/README.md,
SOL,crypto,tecnico,atr14_pct_precio,3.97,,%,2026-04-27,2026-09-04T15:50:41Z,Coinbase,2,,,engine/technical/README.md,
SOL,crypto,tecnico,atr14_pct_precio,3.87,,%,2026-04-28,2026-09-04T15:50:41Z,Coinbase,2,,,engine/technical/README.md,
SOL,crypto,tecnico,atr14_pct_precio,3.97,,%,2026-04-29,2026-09-04T15:50:41Z,Coinbase,2,,,engine/technical/README.md,
SOL,crypto,tecnico,atr14_pct_precio,3.84,,%,2026-04-30,2026-09-04T15:50:41Z,Coinbase,2,,,engine/technical/README.md,
SOL,crypto,tecnico,atr14_pct_precio,3.67,,%,2026-05-01,2026-09-04T15:50:41Z,Coinbase,2,,,engine/technical/README.md,
SOL,crypto,tecnico,atr14_pct_precio,3.52,,%,2026-05-02,2026-09-04T15:50:41Z,Coinbase,2,,,engine/technical/README.md,
SOL,crypto,tecnico,atr14_pct_precio,3.39,,%,2026-05-03,2026-09-04T15:50:41Z,Coinbase,2,,,engine/technical/README.md,
SOL,crypto,tecnico,atr14_pct_precio,3.34,,%,2026-05-04,2026-09-04T15:50:41Z,Coinbase,2,,,engine/technical/README.md,
SOL,crypto,tecnico,atr14_pct_precio,3.26,,%,2026-05-05,2026-09-04T15:50:41Z,Coinbase,2,,,engine/technical/README.md,
SOL,crypto,tecnico,atr14_pct_precio,3.22,,%,2026-05-06,2026-09-04T15:50:41Z,Coinbase,2,,,engine/technical/README.md,
SOL,crypto,tecnico,atr14_pct_precio,3.23,,%,2026-05-07,2026-09-04T15:50:41Z,Coinbase,2,,,engine/technical/README.md,
SOL,crypto,tecnico,atr14_pct_precio,3.27,,%,2026-05-08,2026-09-04T15:50:41Z,Coinbase,2,,,engine/technical/README.md,
SOL,crypto,tecnico,atr14_pct_precio,3.17,,%,2026-05-09,2026-09-04T15:50:41Z,Coinbase,2,,,engine/technical/README.md,
SOL,crypto,tecnico,atr14_pct_precio,3.16,,%,2026-05-10,2026-09-04T15:50:41Z,Coinbase,2,,,engine/technical/README.md,
SOL,crypto,tecnico,atr14_pct_precio,3.22,,%,2026-05-11,2026-09-04T15:50:41Z,Coinbase,2,,,engine/technical/README.md,
SOL,crypto,tecnico,atr14_pct_precio,3.36,,%,2026-05-12,2026-09-04T15:50:41Z,Coinbase,2,,,engine/technical/README.md,
SOL,crypto,tecnico,atr14_pct_precio,3.66,,%,2026-05-13,2026-09-04T15:50:41Z,Coinbase,2,,,engine/technical/README.md,
SOL,crypto,tecnico,atr14_pct_precio,3.67,,%,2026-05-14,2026-09-04T15:50:41Z,Coinbase,2,,,engine/technical/README.md,
SOL,crypto,tecnico,atr14_pct_precio,3.82,,%,2026-05-15,2026-09-04T15:50:41Z,Coinbase,2,,,engine/technical/README.md,
SOL,crypto,tecnico,atr14_pct_precio,3.97,,%,2026-05-16,2026-09-04T15:50:41Z,Coinbase,2,,,engine/technical/README.md,
SOL,crypto,tecnico,atr14_pct_precio,4.06,,%,2026-05-17,2026-09-04T15:50:41Z,Coinbase,2,,,engine/technical/README.md,
SOL,crypto,tecnico,atr14_pct_precio,3.96,,%,2026-05-18,2026-09-04T15:50:41Z,Coinbase,2,,,engine/technical/README.md,
SOL,crypto,tecnico,atr14_pct_precio,3.86,,%,2026-05-19,2026-09-04T15:50:41Z,Coinbase,2,,,engine/technical/README.md,
SOL,crypto,tecnico,atr14_pct_precio,3.76,,%,2026-05-20,2026-09-04T15:50:41Z,Coinbase,2,,,engine/technical/README.md,
SOL,crypto,tecnico,atr14_pct_precio,3.64,,%,2026-05-21,2026-09-04T15:50:41Z,Coinbase,2,,,engine/technical/README.md,
SOL,crypto,tecnico,atr14_pct_precio,3.82,,%,2026-05-22,2026-09-04T15:50:41Z,Coinbase,2,,,engine/technical/README.md,
SOL,crypto,tecnico,atr14_pct_precio,3.99,,%,2026-05-23,2026-09-04T15:50:41Z,Coinbase,2,,,engine/technical/README.md,
SOL,crypto,tecnico,atr14_pct_precio,4.03,,%,2026-05-24,2026-09-04T15:50:41Z,Coinbase,2,,,engine/technical/README.md,
SOL,crypto,tecnico,atr14_pct_precio,3.89,,%,2026-05-25,2026-09-04T15:50:41Z,Coinbase,2,,,engine/technical/README.md,
SOL,crypto,tecnico,atr14_pct_precio,3.93,,%,2026-05-26,2026-09-04T15:50:41Z,Coinbase,2,,,engine/technical/README.md,
SOL,crypto,tecnico,atr14_pct_precio,3.93,,%,2026-05-27,2026-09-04T15:50:41Z,Coinbase,2,,,engine/technical/README.md,
SOL,crypto,tecnico,atr14_pct_precio,3.92,,%,2026-05-28,2026-09-04T15:50:41Z,Coinbase,2,,,engine/technical/README.md,
SOL,crypto,tecnico,atr14_pct_precio,3.88,,%,2026-05-29,2026-09-04T15:50:41Z,Coinbase,2,,,engine/technical/README.md,
SOL,crypto,tecnico,atr14_pct_precio,3.68,,%,2026-05-30,2026-09-04T15:50:41Z,Coinbase,2,,,engine/technical/README.md,
SOL,crypto,tecnico,atr14_pct_precio,3.6,,%,2026-05-31,2026-09-04T15:50:41Z,Coinbase,2,,,engine/technical/README.md,
SOL,crypto,tecnico,atr14_pct_precio,3.72,,%,2026-06-01,2026-09-04T15:50:41Z,Coinbase,2,,,engine/technical/README.md,
SOL,crypto,tecnico,atr14_pct_precio,4.59,,%,2026-06-02,2026-09-04T15:50:41Z,Coinbase,2,,,engine/technical/README.md,
SOL,crypto,tecnico,atr14_pct_precio,4.87,,%,2026-06-03,2026-09-04T15:50:41Z,Coinbase,2,,,engine/technical/README.md,
SOL,crypto,tecnico,atr14_pct_precio,5.25,,%,2026-06-04,2026-09-04T15:50:41Z,Coinbase,2,,,engine/technical/README.md,
SOL,crypto,tecnico,atr14_pct_precio,6.01,,%,2026-06-05,2026-09-04T15:50:41Z,Coinbase,2,,,engine/technical/README.md,
SOL,crypto,tecnico,atr14_pct_precio,6.24,,%,2026-06-06,2026-09-04T15:50:41Z,Coinbase,2,,,engine/technical/README.md,
SOL,crypto,tecnico,atr14_pct_precio,6.06,,%,2026-06-07,2026-09-04T15:50:41Z,Coinbase,2,,,engine/technical/README.md,
SOL,crypto,tecnico,atr14_pct_precio,5.94,,%,2026-06-08,2026-09-04T15:50:41Z,Coinbase,2,,,engine/technical/README.md,
SOL,crypto,tecnico,atr14_pct_precio,6.09,,%,2026-06-09,2026-09-04T15:50:41Z,Coinbase,2,,,engine/technical/README.md,
SOL,crypto,tecnico,atr14_pct_precio,6.2,,%,2026-06-10,2026-09-04T15:50:41Z,Coinbase,2,,,engine/technical/README.md,
SOL,crypto,tecnico,atr14_pct_precio,5.89,,%,2026-06-11,2026-09-04T15:50:41Z,Coinbase,2,,,engine/technical/README.md,
SOL,crypto,tecnico,atr14_pct_precio,5.77,,%,2026-06-12,2026-09-04T15:50:41Z,Coinbase,2,,,engine/technical/README.md,
SOL,crypto,tecnico,atr14_pct_precio,5.5,,%,2026-06-13,2026-09-04T15:50:41Z,Coinbase,2,,,engine/technical/README.md,
SOL,crypto,tecnico,atr14_pct_precio,5.36,,%,2026-06-14,2026-09-04T15:50:41Z,Coinbase,2,,,engine/technical/README.md,
SOL,crypto,tecnico,atr14_pct_precio,5.31,,%,2026-06-15,2026-09-04T15:50:41Z,Coinbase,2,,,engine/technical/README.md,
SOL,crypto,tecnico,atr14_pct_precio,5.28,,%,2026-06-16,2026-09-04T15:50:41Z,Coinbase,2,,,engine/technical/README.md,
SOL,crypto,tecnico,atr14_pct_precio,5.29,,%,2026-06-17,2026-09-04T15:50:41Z,Coinbase,2,,,engine/technical/README.md,
SOL,crypto,tecnico,atr14_pct_precio,5.63,,%,2026-06-18,2026-09-04T15:50:41Z,Coinbase,2,,,engine/technical/README.md,
SOL,crypto,tecnico,atr14_pct_precio,5.45,,%,2026-06-19,2026-09-04T15:50:41Z,Coinbase,2,,,engine/technical/README.md,
SOL,crypto,tecnico,atr14_pct_precio,5.29,,%,2026-06-20,2026-09-04T15:50:41Z,Coinbase,2,,,engine/technical/README.md,
SOL,crypto,tecnico,atr14_pct_precio,5.18,,%,2026-06-21,2026-09-04T15:50:41Z,Coinbase,2,,,engine/technical/README.md,
SOL,crypto,tecnico,atr14_pct_precio,5.19,,%,2026-06-22,2026-09-04T15:50:41Z,Coinbase,2,,,engine/technical/README.md,
SOL,crypto,tecnico,atr14_pct_precio,5.34,,%,2026-06-23,2026-09-04T15:50:41Z,Coinbase,2,,,engine/technical/README.md,
SOL,crypto,tecnico,atr14_pct_precio,5.67,,%,2026-06-24,2026-09-04T15:50:41Z,Coinbase,2,,,engine/technical/README.md,
SOL,crypto,tecnico,atr14_pct_precio,5.88,,%,2026-06-25,2026-09-04T15:50:41Z,Coinbase,2,,,engine/technical/README.md,
SOL,crypto,tecnico,atr14_pct_precio,5.93,,%,2026-06-26,2026-09-04T15:50:41Z,Coinbase,2,,,engine/technical/README.md,
SOL,crypto,tecnico,atr14_pct_precio,5.9,,%,2026-06-27,2026-09-04T15:50:41Z,Coinbase,2,,,engine/technical/README.md,
SOL,crypto,tecnico,atr14_pct_precio,5.67,,%,2026-06-28,2026-09-04T15:50:41Z,Coinbase,2,,,engine/technical/README.md,
SOL,crypto,tecnico,atr14_pct_precio,5.57,,%,2026-06-29,2026-09-04T15:50:41Z,Coinbase,2,,,engine/technical/README.md,
SOL,crypto,tecnico,atr14_pct_precio,5.58,,%,2026-06-30,2026-09-04T15:50:41Z,Coinbase,2,,,engine/technical/README.md,
SOL,crypto,tecnico,atr14_pct_precio,5.54,,%,2026-07-01,2026-09-04T15:50:41Z,Coinbase,2,,,engine/technical/README.md,
SOL,crypto,tecnico,atr14_pct_precio,5.46,,%,2026-07-02,2026-09-04T15:50:41Z,Coinbase,2,,,engine/technical/README.md,
SOL,crypto,tecnico,atr14_pct_precio,5.21,,%,2026-07-03,2026-09-04T15:50:41Z,Coinbase,2,,,engine/technical/README.md,
SOL,crypto,tecnico,atr14_pct_precio,5.1,,%,2026-07-04,2026-09-04T15:50:41Z,Coinbase,2,,,engine/technical/README.md,
SOL,crypto,tecnico,atr14_pct_precio,4.98,,%,2026-07-05,2026-09-04T15:50:41Z,Coinbase,2,,,engine/technical/README.md,
SOL,crypto,tecnico,atr14_pct_precio,4.98,,%,2026-07-06,2026-09-04T15:50:41Z,Coinbase,2,,,engine/technical/README.md,
SOL,crypto,tecnico,atr14_pct_precio,4.9,,%,2026-07-07,2026-09-04T15:50:41Z,Coinbase,2,,,engine/technical/README.md,
SOL,crypto,tecnico,atr14_pct_precio,5.12,,%,2026-07-08,2026-09-04T15:50:41Z,Coinbase,2,,,engine/technical/README.md,
SOL,crypto,tecnico,atr14_pct_precio,4.94,,%,2026-07-09,2026-09-04T15:50:41Z,Coinbase,2,,,engine/technical/README.md,
SOL,crypto,tecnico,atr14_pct_precio,4.8,,%,2026-07-10,2026-09-04T15:50:41Z,Coinbase,2,,,engine/technical/README.md,
SOL,crypto,tecnico,atr14_pct_precio,4.73,,%,2026-07-11,2026-09-04T15:50:41Z,Coinbase,2,,,engine/technical/README.md,
SOL,crypto,tecnico,atr14_pct_precio,4.57,,%,2026-07-12,2026-09-04T15:50:41Z,Coinbase,2,,,engine/technical/README.md,
SOL,crypto,tecnico,atr14_pct_precio,4.72,,%,2026-07-13,2026-09-04T15:50:41Z,Coinbase,2,,,engine/technical/README.md,
SOL,crypto,tecnico,atr14_pct_precio,4.53,,%,2026-07-14,2026-09-04T15:50:41Z,Coinbase,2,,,engine/technical/README.md,
SOL,crypto,tecnico,atr14_pct_precio,4.47,,%,2026-07-15,2026-09-04T15:50:41Z,Coinbase,2,,,engine/technical/README.md,
SOL,crypto,tecnico,atr14_pct_precio,4.47,,%,2026-07-16,2026-09-04T15:50:41Z,Coinbase,2,,,engine/technical/README.md,
SOL,crypto,tecnico,atr14_pct_precio,4.38,,%,2026-07-17,2026-09-04T15:50:41Z,Coinbase,2,,,engine/technical/README.md,
SOL,crypto,tecnico,atr14_pct_precio,4.15,,%,2026-07-18,2026-09-04T15:50:41Z,Coinbase,2,,,engine/technical/README.md,
SOL,crypto,tecnico,atr14_pct_precio,3.93,,%,2026-07-19,2026-09-04T15:50:41Z,Coinbase,2,,,engine/technical/README.md,
SOL,crypto,tecnico,atr14_pct_precio,3.85,,%,2026-07-20,2026-09-04T15:50:41Z,Coinbase,2,,,engine/technical/README.md,
SOL,crypto,tecnico,atr14_pct_precio,3.67,,%,2026-07-21,2026-09-04T15:50:41Z,Coinbase,2,,,engine/technical/README.md,
SOL,crypto,tecnico,atr14_pct_precio,3.59,,%,2026-07-22,2026-09-04T15:50:41Z,Coinbase,2,,,engine/technical/README.md,
SOL,crypto,tecnico,atr14_pct_precio,3.68,,%,2026-07-23,2026-09-04T15:50:41Z,Coinbase,2,,,engine/technical/README.md,
SOL,crypto,tecnico,atr14_pct_precio,3.78,,%,2026-07-24,2026-09-04T15:50:41Z,Coinbase,2,,,engine/technical/README.md,
SOL,crypto,tecnico,atr14_pct_precio,3.6,,%,2026-07-25,2026-09-04T15:50:41Z,Coinbase,2,,,engine/technical/README.md,
SOL,crypto,tecnico,atr14_pct_precio,3.48,,%,2026-07-26,2026-09-04T15:50:41Z,Coinbase,2,,,engine/technical/README.md,
SOL,crypto,tecnico,atr14_pct_precio,3.68,,%,2026-07-27,2026-09-04T15:50:41Z,Coinbase,2,,,engine/technical/README.md,
SOL,crypto,tecnico,atr14_pct_precio,3.63,,%,2026-07-28,2026-09-04T15:50:41Z,Coinbase,2,,,engine/technical/README.md,
SOL,crypto,tecnico,atr14_pct_precio,3.64,,%,2026-07-29,2026-09-04T15:50:41Z,Coinbase,2,,,engine/technical/README.md,
SOL,crypto,tecnico,atr14_pct_precio,3.5,,%,2026-07-30,2026-09-04T15:50:41Z,Coinbase,2,,,engine/technical/README.md,
SOL,crypto,tecnico,atr14_pct_precio,3.6,,%,2026-07-31,2026-09-04T15:50:41Z,Coinbase,2,,,engine/technical/README.md,
SOL,crypto,tecnico,atr14_pct_precio,3.64,,%,2026-08-01,2026-09-04T15:50:41Z,Coinbase,2,,,engine/technical/README.md,
SOL,crypto,tecnico,atr14_pct_precio,3.52,,%,2026-08-02,2026-09-04T15:50:41Z,Coinbase,2,,,engine/technical/README.md,
SOL,crypto,tecnico,atr14_pct_precio,3.49,,%,2026-08-03,2026-09-04T15:50:41Z,Coinbase,2,,,engine/technical/README.md,
SOL,crypto,tecnico,atr14_pct_precio,3.37,,%,2026-08-04,2026-09-04T15:50:41Z,Coinbase,2,,,engine/technical/README.md,
SOL,crypto,tecnico,atr14_pct_precio,3.26,,%,2026-08-05,2026-09-04T15:50:41Z,Coinbase,2,,,engine/technical/README.md,
SOL,crypto,tecnico,atr14_pct_precio,3.25,,%,2026-08-06,2026-09-04T15:50:41Z,Coinbase,2,,,engine/technical/README.md,
SOL,crypto,tecnico,atr14_pct_precio,3.16,,%,2026-08-07,2026-09-04T15:50:41Z,Coinbase,2,,,engine/technical/README.md,
SOL,crypto,tecnico,atr14_pct_precio,3.14,,%,2026-08-08,2026-09-04T15:50:41Z,Coinbase,2,,,engine/technical/README.md,
SOL,crypto,tecnico,atr14_pct_precio,3.09,,%,2026-08-09,2026-09-04T15:50:41Z,Coinbase,2,,,engine/technical/README.md,
SOL,crypto,tecnico,atr14_pct_precio,3.02,,%,2026-08-10,2026-09-04T15:50:41Z,Coinbase,2,,,engine/technical/README.md,
SOL,crypto,tecnico,atr14_pct_precio,2.99,,%,2026-08-11,2026-09-04T15:50:41Z,Coinbase,2,,,engine/technical/README.md,
SOL,crypto,tecnico,atr14_pct_precio,2.97,,%,2026-08-12,2026-09-04T15:50:41Z,Coinbase,2,,,engine/technical/README.md,
SOL,crypto,tecnico,atr14_pct_precio,2.88,,%,2026-08-13,2026-09-04T15:50:41Z,Coinbase,2,,,engine/technical/README.md,
SOL,crypto,tecnico,atr14_pct_precio,2.89,,%,2026-08-14,2026-09-04T15:50:41Z,Coinbase,2,,,engine/technical/README.md,
SOL,crypto,tecnico,atr14_pct_precio,2.75,,%,2026-08-15,2026-09-04T15:50:41Z,Coinbase,2,,,engine/technical/README.md,
SOL,crypto,tecnico,atr14_pct_precio,2.73,,%,2026-08-16,2026-09-04T15:50:41Z,Coinbase,2,,,engine/technical/README.md,
SOL,crypto,tecnico,atr14_pct_precio,2.65,,%,2026-08-17,2026-09-04T15:50:41Z,Coinbase,2,,,engine/technical/README.md,
SOL,crypto,tecnico,atr14_pct_precio,2.63,,%,2026-08-18,2026-09-04T15:50:41Z,Coinbase,2,,,engine/technical/README.md,
SOL,crypto,tecnico,atr14_pct_precio,3.06,,%,2026-08-19,2026-09-04T15:50:41Z,Coinbase,2,,,engine/technical/README.md,
SOL,crypto,tecnico,atr14_pct_precio,3.1,,%,2026-08-20,2026-09-04T15:50:41Z,Coinbase,2,,,engine/technical/README.md,
SOL,crypto,tecnico,atr14_pct_precio,3.25,,%,2026-08-21,2026-09-04T15:50:41Z,Coinbase,2,,,engine/technical/README.md,
SOL,crypto,tecnico,atr14_pct_precio,4.31,,%,2026-08-22,2026-09-04T15:50:41Z,Coinbase,2,,,engine/technical/README.md,
SOL,crypto,tecnico,atr14_pct_precio,4.37,,%,2026-08-23,2026-09-04T15:50:41Z,Coinbase,2,,,engine/technical/README.md,
SOL,crypto,tecnico,atr14_pct_precio,4.32,,%,2026-08-24,2026-09-04T15:50:41Z,Coinbase,2,,,engine/technical/README.md,
SOL,crypto,tecnico,atr14_pct_precio,4.69,,%,2026-08-25,2026-09-04T15:50:41Z,Coinbase,2,,,engine/technical/README.md,
SOL,crypto,tecnico,atr14_pct_precio,4.63,,%,2026-08-26,2026-09-04T15:50:41Z,Coinbase,2,,,engine/technical/README.md,
SOL,crypto,tecnico,atr14_pct_precio,4.68,,%,2026-08-27,2026-09-04T15:50:41Z,Coinbase,2,,,engine/technical/README.md,
SOL,crypto,tecnico,atr14_pct_precio,5.02,,%,2026-08-28,2026-09-04T15:50:41Z,Coinbase,2,,,engine/technical/README.md,
SOL,crypto,tecnico,atr14_pct_precio,4.79,,%,2026-08-29,2026-09-04T15:50:41Z,Coinbase,2,,,engine/technical/README.md,
SOL,crypto,tecnico,atr14_pct_precio,5.12,,%,2026-08-30,2026-09-04T15:50:41Z,Coinbase,2,,,engine/technical/README.md,
SOL,crypto,tecnico,atr14_pct_precio,4.98,,%,2026-08-31,2026-09-04T15:50:41Z,Coinbase,2,,,engine/technical/README.md,
SOL,crypto,tecnico,atr14_pct_precio,5.17,,%,2026-09-01,2026-09-04T15:50:41Z,Coinbase,2,,,engine/technical/README.md,
SOL,crypto,tecnico,atr14_pct_precio,5.01,,%,2026-09-02,2026-09-04T15:50:41Z,Coinbase,2,,,engine/technical/README.md,
SOL,crypto,tecnico,atr14_pct_precio,4.92,,%,2026-09-03,2026-09-03T12:15:39Z,Kraken,2,100,,engine/technical/README.md,
SOL,crypto,tecnico,atr14_pct_precio,4.63,,%,2026-09-04,2026-09-04T10:11:47Z,Kraken,2,100,,engine/technical/README.md,
SOL,crypto,tecnico,confluencia_sesgo,,confluencia alcista (todas las señales coinciden),categorico,2026-09-03,2026-09-03T11:40:58Z,Kraken,2,100,,engine/technical/README.md,
SOL,crypto,tecnico,confluencia_sesgo,,mixto (3/4 señales alcistas — sin confluencia clara),categorico,2026-09-04,2026-09-04T10:11:47Z,Kraken,2,100,,engine/technical/README.md,
SOL,crypto,tecnico,posicion_rango_90d_pct,79.6,,%,2026-09-03,2026-09-03T11:40:58Z,Kraken,2,100,,engine/technical/README.md,
SOL,crypto,tecnico,posicion_rango_90d_pct,88.9,,%,2026-09-04,2026-09-04T10:11:47Z,Kraken,2,100,,engine/technical/README.md,
SOL,crypto,tecnico,precio,107.96,,EUR,2026-01-01,2026-09-04T15:50:41Z,Coinbase,2,,,engine/technical/README.md,
SOL,crypto,tecnico,precio,112.87,,EUR,2026-01-02,2026-09-04T15:50:41Z,Coinbase,2,,,engine/technical/README.md,
SOL,crypto,tecnico,precio,113.86,,EUR,2026-01-03,2026-09-04T15:50:41Z,Coinbase,2,,,engine/technical/README.md,
SOL,crypto,tecnico,precio,114.55,,EUR,2026-01-04,2026-09-04T15:50:41Z,Coinbase,2,,,engine/technical/README.md,
SOL,crypto,tecnico,precio,117.76,,EUR,2026-01-05,2026-09-04T15:50:41Z,Coinbase,2,,,engine/technical/README.md,
SOL,crypto,tecnico,precio,120.67,,EUR,2026-01-06,2026-09-04T15:50:41Z,Coinbase,2,,,engine/technical/README.md,
SOL,crypto,tecnico,precio,116.74,,EUR,2026-01-07,2026-09-04T15:50:41Z,Coinbase,2,,,engine/technical/README.md,
SOL,crypto,tecnico,precio,118.66,,EUR,2026-01-08,2026-09-04T15:50:41Z,Coinbase,2,,,engine/technical/README.md,
SOL,crypto,tecnico,precio,116.73,,EUR,2026-01-09,2026-09-04T15:50:41Z,Coinbase,2,,,engine/technical/README.md,
SOL,crypto,tecnico,precio,116.73,,EUR,2026-01-10,2026-09-04T15:50:41Z,Coinbase,2,,,engine/technical/README.md,
SOL,crypto,tecnico,precio,119.98,,EUR,2026-01-11,2026-09-04T15:50:41Z,Coinbase,2,,,engine/technical/README.md,
SOL,crypto,tecnico,precio,119.15,,EUR,2026-01-12,2026-09-04T15:50:41Z,Coinbase,2,,,engine/technical/README.md,
SOL,crypto,tecnico,precio,124.87,,EUR,2026-01-13,2026-09-04T15:50:41Z,Coinbase,2,,,engine/technical/README.md,
SOL,crypto,tecnico,precio,125.98,,EUR,2026-01-14,2026-09-04T15:50:41Z,Coinbase,2,,,engine/technical/README.md,
SOL,crypto,tecnico,precio,122.63,,EUR,2026-01-15,2026-09-04T15:50:41Z,Coinbase,2,,,engine/technical/README.md,
SOL,crypto,tecnico,precio,124.88,,EUR,2026-01-16,2026-09-04T15:50:41Z,Coinbase,2,,,engine/technical/README.md,
SOL,crypto,tecnico,precio,124.03,,EUR,2026-01-17,2026-09-04T15:50:41Z,Coinbase,2,,,engine/technical/README.md,
SOL,crypto,tecnico,precio,118.53,,EUR,2026-01-18,2026-09-04T15:50:41Z,Coinbase,2,,,engine/technical/README.md,
SOL,crypto,tecnico,precio,114.6,,EUR,2026-01-19,2026-09-04T15:50:41Z,Coinbase,2,,,engine/technical/README.md,
SOL,crypto,tecnico,precio,107.18,,EUR,2026-01-20,2026-09-04T15:50:41Z,Coinbase,2,,,engine/technical/README.md,
SOL,crypto,tecnico,precio,110.92,,EUR,2026-01-21,2026-09-04T15:50:41Z,Coinbase,2,,,engine/technical/README.md,
SOL,crypto,tecnico,precio,109.24,,EUR,2026-01-22,2026-09-04T15:50:41Z,Coinbase,2,,,engine/technical/README.md,
SOL,crypto,tecnico,precio,107.67,,EUR,2026-01-23,2026-09-04T15:50:41Z,Coinbase,2,,,engine/technical/README.md,
SOL,crypto,tecnico,precio,107.47,,EUR,2026-01-24,2026-09-04T15:50:41Z,Coinbase,2,,,engine/technical/README.md,
SOL,crypto,tecnico,precio,100.12,,EUR,2026-01-25,2026-09-04T15:50:41Z,Coinbase,2,,,engine/technical/README.md,
SOL,crypto,tecnico,precio,104.48,,EUR,2026-01-26,2026-09-04T15:50:41Z,Coinbase,2,,,engine/technical/README.md,
SOL,crypto,tecnico,precio,105.65,,EUR,2026-01-27,2026-09-04T15:50:41Z,Coinbase,2,,,engine/technical/README.md,
SOL,crypto,tecnico,precio,104.6,,EUR,2026-01-28,2026-09-04T15:50:41Z,Coinbase,2,,,engine/technical/README.md,
SOL,crypto,tecnico,precio,98.36,,EUR,2026-01-29,2026-09-04T15:50:41Z,Coinbase,2,,,engine/technical/README.md,
SOL,crypto,tecnico,precio,99.15,,EUR,2026-01-30,2026-09-04T15:50:41Z,Coinbase,2,,,engine/technical/README.md,
SOL,crypto,tecnico,precio,89.25,,EUR,2026-01-31,2026-09-04T15:50:41Z,Coinbase,2,,,engine/technical/README.md,
SOL,crypto,tecnico,precio,84.99,,EUR,2026-02-01,2026-09-04T15:50:41Z,Coinbase,2,,,engine/technical/README.md,
SOL,crypto,tecnico,precio,88.64,,EUR,2026-02-02,2026-09-04T15:50:41Z,Coinbase,2,,,engine/technical/README.md,
SOL,crypto,tecnico,precio,82.81,,EUR,2026-02-03,2026-09-04T15:50:41Z,Coinbase,2,,,engine/technical/README.md,
SOL,crypto,tecnico,precio,77.91,,EUR,2026-02-04,2026-09-04T15:50:41Z,Coinbase,2,,,engine/technical/README.md,
SOL,crypto,tecnico,precio,66.46,,EUR,2026-02-05,2026-09-04T15:50:41Z,Coinbase,2,,,engine/technical/README.md,
SOL,crypto,tecnico,precio,74.13,,EUR,2026-02-06,2026-09-04T15:50:41Z,Coinbase,2,,,engine/technical/README.md,
SOL,crypto,tecnico,precio,74.35,,EUR,2026-02-07,2026-09-04T15:50:41Z,Coinbase,2,,,engine/technical/README.md,
SOL,crypto,tecnico,precio,73.66,,EUR,2026-02-08,2026-09-04T15:50:41Z,Coinbase,2,,,engine/technical/README.md,
SOL,crypto,tecnico,precio,72.85,,EUR,2026-02-09,2026-09-04T15:50:41Z,Coinbase,2,,,engine/technical/README.md,
SOL,crypto,tecnico,precio,69.84,,EUR,2026-02-10,2026-09-04T15:50:41Z,Coinbase,2,,,engine/technical/README.md,
SOL,crypto,tecnico,precio,66.77,,EUR,2026-02-11,2026-09-04T15:50:41Z,Coinbase,2,,,engine/technical/README.md,
SOL,crypto,tecnico,precio,66.02,,EUR,2026-02-12,2026-09-04T15:50:41Z,Coinbase,2,,,engine/technical/README.md,
SOL,crypto,tecnico,precio,71.06,,EUR,2026-02-13,2026-09-04T15:50:41Z,Coinbase,2,,,engine/technical/README.md,
SOL,crypto,tecnico,precio,74.31,,EUR,2026-02-14,2026-09-04T15:50:41Z,Coinbase,2,,,engine/technical/README.md,
SOL,crypto,tecnico,precio,72.61,,EUR,2026-02-15,2026-09-04T15:50:41Z,Coinbase,2,,,engine/technical/README.md,
SOL,crypto,tecnico,precio,72.99,,EUR,2026-02-16,2026-09-04T15:50:41Z,Coinbase,2,,,engine/technical/README.md,
SOL,crypto,tecnico,precio,71.78,,EUR,2026-02-17,2026-09-04T15:50:41Z,Coinbase,2,,,engine/technical/README.md,
SOL,crypto,tecnico,precio,69.23,,EUR,2026-02-18,2026-09-04T15:50:41Z,Coinbase,2,,,engine/technical/README.md,
SOL,crypto,tecnico,precio,70.04,,EUR,2026-02-19,2026-09-04T15:50:41Z,Coinbase,2,,,engine/technical/README.md,
SOL,crypto,tecnico,precio,71.84,,EUR,2026-02-20,2026-09-04T15:50:41Z,Coinbase,2,,,engine/technical/README.md,
SOL,crypto,tecnico,precio,72.29,,EUR,2026-02-21,2026-09-04T15:50:41Z,Coinbase,2,,,engine/technical/README.md,
SOL,crypto,tecnico,precio,69.92,,EUR,2026-02-22,2026-09-04T15:50:41Z,Coinbase,2,,,engine/technical/README.md,
SOL,crypto,tecnico,precio,66.12,,EUR,2026-02-23,2026-09-04T15:50:41Z,Coinbase,2,,,engine/technical/README.md,
SOL,crypto,tecnico,precio,67.14,,EUR,2026-02-24,2026-09-04T15:50:41Z,Coinbase,2,,,engine/technical/README.md,
SOL,crypto,tecnico,precio,74.55,,EUR,2026-02-25,2026-09-04T15:50:41Z,Coinbase,2,,,engine/technical/README.md,
SOL,crypto,tecnico,precio,72.8,,EUR,2026-02-26,2026-09-04T15:50:41Z,Coinbase,2,,,engine/technical/README.md,
SOL,crypto,tecnico,precio,69.35,,EUR,2026-02-27,2026-09-04T15:50:41Z,Coinbase,2,,,engine/technical/README.md,
SOL,crypto,tecnico,precio,71.51,,EUR,2026-02-28,2026-09-04T15:50:41Z,Coinbase,2,,,engine/technical/README.md,
SOL,crypto,tecnico,precio,71.12,,EUR,2026-03-01,2026-09-04T15:50:41Z,Coinbase,2,,,engine/technical/README.md,
SOL,crypto,tecnico,precio,74.07,,EUR,2026-03-02,2026-09-04T15:50:41Z,Coinbase,2,,,engine/technical/README.md,
SOL,crypto,tecnico,precio,74.91,,EUR,2026-03-03,2026-09-04T15:50:41Z,Coinbase,2,,,engine/technical/README.md,
SOL,crypto,tecnico,precio,78.18,,EUR,2026-03-04,2026-09-04T15:50:41Z,Coinbase,2,,,engine/technical/README.md,
SOL,crypto,tecnico,precio,76.55,,EUR,2026-03-05,2026-09-04T15:50:41Z,Coinbase,2,,,engine/technical/README.md,
SOL,crypto,tecnico,precio,72.96,,EUR,2026-03-06,2026-09-04T15:50:41Z,Coinbase,2,,,engine/technical/README.md,
SOL,crypto,tecnico,precio,71.79,,EUR,2026-03-07,2026-09-04T15:50:41Z,Coinbase,2,,,engine/technical/README.md,
SOL,crypto,tecnico,precio,70.85,,EUR,2026-03-08,2026-09-04T15:50:41Z,Coinbase,2,,,engine/technical/README.md,
SOL,crypto,tecnico,precio,73.16,,EUR,2026-03-09,2026-09-04T15:50:41Z,Coinbase,2,,,engine/technical/README.md,
SOL,crypto,tecnico,precio,73.99,,EUR,2026-03-10,2026-09-04T15:50:41Z,Coinbase,2,,,engine/technical/README.md,
SOL,crypto,tecnico,precio,75.01,,EUR,2026-03-11,2026-09-04T15:50:41Z,Coinbase,2,,,engine/technical/README.md,
SOL,crypto,tecnico,precio,75.34,,EUR,2026-03-12,2026-09-04T15:50:41Z,Coinbase,2,,,engine/technical/README.md,
SOL,crypto,tecnico,precio,77.21,,EUR,2026-03-13,2026-09-04T15:50:41Z,Coinbase,2,,,engine/technical/README.md,
SOL,crypto,tecnico,precio,77.2,,EUR,2026-03-14,2026-09-04T15:50:41Z,Coinbase,2,,,engine/technical/README.md,
SOL,crypto,tecnico,precio,80.74,,EUR,2026-03-15,2026-09-04T15:50:41Z,Coinbase,2,,,engine/technical/README.md,
SOL,crypto,tecnico,precio,83.57,,EUR,2026-03-16,2026-09-04T15:50:41Z,Coinbase,2,,,engine/technical/README.md,
SOL,crypto,tecnico,precio,82.03,,EUR,2026-03-17,2026-09-04T15:50:41Z,Coinbase,2,,,engine/technical/README.md,
SOL,crypto,tecnico,precio,78.6,,EUR,2026-03-18,2026-09-04T15:50:41Z,Coinbase,2,,,engine/technical/README.md,
SOL,crypto,tecnico,precio,76.8,,EUR,2026-03-19,2026-09-04T15:50:41Z,Coinbase,2,,,engine/technical/README.md,
SOL,crypto,tecnico,precio,77.7,,EUR,2026-03-20,2026-09-04T15:50:41Z,Coinbase,2,,,engine/technical/README.md,
SOL,crypto,tecnico,precio,75.73,,EUR,2026-03-21,2026-09-04T15:50:41Z,Coinbase,2,,,engine/technical/README.md,
SOL,crypto,tecnico,precio,74.55,,EUR,2026-03-22,2026-09-04T15:50:41Z,Coinbase,2,,,engine/technical/README.md,
SOL,crypto,tecnico,precio,78.81,,EUR,2026-03-23,2026-09-04T15:50:41Z,Coinbase,2,,,engine/technical/README.md,
SOL,crypto,tecnico,precio,78.17,,EUR,2026-03-24,2026-09-04T15:50:41Z,Coinbase,2,,,engine/technical/README.md,
SOL,crypto,tecnico,precio,79.32,,EUR,2026-03-25,2026-09-04T15:50:41Z,Coinbase,2,,,engine/technical/README.md,
SOL,crypto,tecnico,precio,75.0,,EUR,2026-03-26,2026-09-04T15:50:41Z,Coinbase,2,,,engine/technical/README.md,
SOL,crypto,tecnico,precio,72.21,,EUR,2026-03-27,2026-09-04T15:50:41Z,Coinbase,2,,,engine/technical/README.md,
SOL,crypto,tecnico,precio,71.38,,EUR,2026-03-28,2026-09-04T15:50:41Z,Coinbase,2,,,engine/technical/README.md,
SOL,crypto,tecnico,precio,70.92,,EUR,2026-03-29,2026-09-04T15:50:41Z,Coinbase,2,,,engine/technical/README.md,
SOL,crypto,tecnico,precio,72.02,,EUR,2026-03-30,2026-09-04T15:50:41Z,Coinbase,2,,,engine/technical/README.md,
SOL,crypto,tecnico,precio,71.85,,EUR,2026-03-31,2026-09-04T15:50:41Z,Coinbase,2,,,engine/technical/README.md,
SOL,crypto,tecnico,precio,69.98,,EUR,2026-04-01,2026-09-04T15:50:41Z,Coinbase,2,,,engine/technical/README.md,
SOL,crypto,tecnico,precio,68.43,,EUR,2026-04-02,2026-09-04T15:50:41Z,Coinbase,2,,,engine/technical/README.md,
SOL,crypto,tecnico,precio,69.81,,EUR,2026-04-03,2026-09-04T15:50:41Z,Coinbase,2,,,engine/technical/README.md,
SOL,crypto,tecnico,precio,70.2,,EUR,2026-04-04,2026-09-04T15:50:41Z,Coinbase,2,,,engine/technical/README.md,
SOL,crypto,tecnico,precio,71.13,,EUR,2026-04-05,2026-09-04T15:50:41Z,Coinbase,2,,,engine/technical/README.md,
SOL,crypto,tecnico,precio,69.25,,EUR,2026-04-06,2026-09-04T15:50:41Z,Coinbase,2,,,engine/technical/README.md,
SOL,crypto,tecnico,precio,73.22,,EUR,2026-04-07,2026-09-04T15:50:41Z,Coinbase,2,,,engine/technical/README.md,
SOL,crypto,tecnico,precio,70.86,,EUR,2026-04-08,2026-09-04T15:50:41Z,Coinbase,2,,,engine/technical/README.md,
SOL,crypto,tecnico,precio,71.28,,EUR,2026-04-09,2026-09-04T15:50:41Z,Coinbase,2,,,engine/technical/README.md,
SOL,crypto,tecnico,precio,72.39,,EUR,2026-04-10,2026-09-04T15:50:41Z,Coinbase,2,,,engine/technical/README.md,
SOL,crypto,tecnico,precio,72.52,,EUR,2026-04-11,2026-09-04T15:50:41Z,Coinbase,2,,,engine/technical/README.md,
SOL,crypto,tecnico,precio,69.84,,EUR,2026-04-12,2026-09-04T15:50:41Z,Coinbase,2,,,engine/technical/README.md,
SOL,crypto,tecnico,precio,73.62,,EUR,2026-04-13,2026-09-04T15:50:41Z,Coinbase,2,,,engine/technical/README.md,
SOL,crypto,tecnico,precio,70.97,,EUR,2026-04-14,2026-09-04T15:50:41Z,Coinbase,2,,,engine/technical/README.md,
SOL,crypto,tecnico,precio,71.93,,EUR,2026-04-15,2026-09-04T15:50:41Z,Coinbase,2,,,engine/technical/README.md,
SOL,crypto,tecnico,precio,75.63,,EUR,2026-04-16,2026-09-04T15:50:41Z,Coinbase,2,,,engine/technical/README.md,
SOL,crypto,tecnico,precio,75.53,,EUR,2026-04-17,2026-09-04T15:50:41Z,Coinbase,2,,,engine/technical/README.md,
SOL,crypto,tecnico,precio,73.28,,EUR,2026-04-18,2026-09-04T15:50:41Z,Coinbase,2,,,engine/technical/README.md,
SOL,crypto,tecnico,precio,71.16,,EUR,2026-04-19,2026-09-04T15:50:41Z,Coinbase,2,,,engine/technical/README.md,
SOL,crypto,tecnico,precio,72.43,,EUR,2026-04-20,2026-09-04T15:50:41Z,Coinbase,2,,,engine/technical/README.md,
SOL,crypto,tecnico,precio,73.3,,EUR,2026-04-21,2026-09-04T15:50:41Z,Coinbase,2,,,engine/technical/README.md,
SOL,crypto,tecnico,precio,74.23,,EUR,2026-04-22,2026-09-04T15:50:41Z,Coinbase,2,,,engine/technical/README.md,
SOL,crypto,tecnico,precio,73.78,,EUR,2026-04-23,2026-09-04T15:50:41Z,Coinbase,2,,,engine/technical/README.md,
SOL,crypto,tecnico,precio,73.57,,EUR,2026-04-24,2026-09-04T15:50:41Z,Coinbase,2,,,engine/technical/README.md,
SOL,crypto,tecnico,precio,73.61,,EUR,2026-04-25,2026-09-04T15:50:41Z,Coinbase,2,,,engine/technical/README.md,
SOL,crypto,tecnico,precio,74.3,,EUR,2026-04-26,2026-09-04T15:50:41Z,Coinbase,2,,,engine/technical/README.md,
SOL,crypto,tecnico,precio,72.32,,EUR,2026-04-27,2026-09-04T15:50:41Z,Coinbase,2,,,engine/technical/README.md,
SOL,crypto,tecnico,precio,71.74,,EUR,2026-04-28,2026-09-04T15:50:41Z,Coinbase,2,,,engine/technical/README.md,
SOL,crypto,tecnico,precio,71.09,,EUR,2026-04-29,2026-09-04T15:50:41Z,Coinbase,2,,,engine/technical/README.md,
SOL,crypto,tecnico,precio,70.83,,EUR,2026-04-30,2026-09-04T15:50:41Z,Coinbase,2,,,engine/technical/README.md,
SOL,crypto,tecnico,precio,71.45,,EUR,2026-05-01,2026-09-04T15:50:41Z,Coinbase,2,,,engine/technical/README.md,
SOL,crypto,tecnico,precio,71.88,,EUR,2026-05-02,2026-09-04T15:50:41Z,Coinbase,2,,,engine/technical/README.md,
SOL,crypto,tecnico,precio,71.51,,EUR,2026-05-03,2026-09-04T15:50:41Z,Coinbase,2,,,engine/technical/README.md,
SOL,crypto,tecnico,precio,71.92,,EUR,2026-05-04,2026-09-04T15:50:41Z,Coinbase,2,,,engine/technical/README.md,
SOL,crypto,tecnico,precio,73.71,,EUR,2026-05-05,2026-09-04T15:50:41Z,Coinbase,2,,,engine/technical/README.md,
SOL,crypto,tecnico,precio,75.89,,EUR,2026-05-06,2026-09-04T15:50:41Z,Coinbase,2,,,engine/technical/README.md,
SOL,crypto,tecnico,precio,75.37,,EUR,2026-05-07,2026-09-04T15:50:41Z,Coinbase,2,,,engine/technical/README.md,
SOL,crypto,tecnico,precio,78.11,,EUR,2026-05-08,2026-09-04T15:50:41Z,Coinbase,2,,,engine/technical/README.md,
SOL,crypto,tecnico,precio,79.04,,EUR,2026-05-09,2026-09-04T15:50:41Z,Coinbase,2,,,engine/technical/README.md,
SOL,crypto,tecnico,precio,81.94,,EUR,2026-05-10,2026-09-04T15:50:41Z,Coinbase,2,,,engine/technical/README.md,
SOL,crypto,tecnico,precio,82.63,,EUR,2026-05-11,2026-09-04T15:50:41Z,Coinbase,2,,,engine/technical/README.md,
SOL,crypto,tecnico,precio,80.34,,EUR,2026-05-12,2026-09-04T15:50:41Z,Coinbase,2,,,engine/technical/README.md,
SOL,crypto,tecnico,precio,77.88,,EUR,2026-05-13,2026-09-04T15:50:41Z,Coinbase,2,,,engine/technical/README.md,
SOL,crypto,tecnico,precio,79.01,,EUR,2026-05-14,2026-09-04T15:50:41Z,Coinbase,2,,,engine/technical/README.md,
SOL,crypto,tecnico,precio,76.77,,EUR,2026-05-15,2026-09-04T15:50:41Z,Coinbase,2,,,engine/technical/README.md,
SOL,crypto,tecnico,precio,74.49,,EUR,2026-05-16,2026-09-04T15:50:41Z,Coinbase,2,,,engine/technical/README.md,
SOL,crypto,tecnico,precio,73.37,,EUR,2026-05-17,2026-09-04T15:50:41Z,Coinbase,2,,,engine/technical/README.md,
SOL,crypto,tecnico,precio,73.2,,EUR,2026-05-18,2026-09-04T15:50:41Z,Coinbase,2,,,engine/technical/README.md,
SOL,crypto,tecnico,precio,72.56,,EUR,2026-05-19,2026-09-04T15:50:41Z,Coinbase,2,,,engine/technical/README.md,
SOL,crypto,tecnico,precio,74.07,,EUR,2026-05-20,2026-09-04T15:50:41Z,Coinbase,2,,,engine/technical/README.md,
SOL,crypto,tecnico,precio,75.11,,EUR,2026-05-21,2026-09-04T15:50:41Z,Coinbase,2,,,engine/technical/README.md,
SOL,crypto,tecnico,precio,72.68,,EUR,2026-05-22,2026-09-04T15:50:41Z,Coinbase,2,,,engine/technical/README.md,
SOL,crypto,tecnico,precio,73.83,,EUR,2026-05-23,2026-09-04T15:50:41Z,Coinbase,2,,,engine/technical/README.md,
SOL,crypto,tecnico,precio,73.15,,EUR,2026-05-24,2026-09-04T15:50:41Z,Coinbase,2,,,engine/technical/README.md,
SOL,crypto,tecnico,precio,73.04,,EUR,2026-05-25,2026-09-04T15:50:41Z,Coinbase,2,,,engine/technical/README.md,
SOL,crypto,tecnico,precio,71.86,,EUR,2026-05-26,2026-09-04T15:50:41Z,Coinbase,2,,,engine/technical/README.md,
SOL,crypto,tecnico,precio,70.87,,EUR,2026-05-27,2026-09-04T15:50:41Z,Coinbase,2,,,engine/technical/README.md,
SOL,crypto,tecnico,precio,70.42,,EUR,2026-05-28,2026-09-04T15:50:41Z,Coinbase,2,,,engine/technical/README.md,
SOL,crypto,tecnico,precio,70.29,,EUR,2026-05-29,2026-09-04T15:50:41Z,Coinbase,2,,,engine/technical/README.md,
SOL,crypto,tecnico,precio,70.86,,EUR,2026-05-30,2026-09-04T15:50:41Z,Coinbase,2,,,engine/technical/README.md,
SOL,crypto,tecnico,precio,70.69,,EUR,2026-05-31,2026-09-04T15:50:41Z,Coinbase,2,,,engine/technical/README.md,
SOL,crypto,tecnico,precio,69.75,,EUR,2026-06-01,2026-09-04T15:50:41Z,Coinbase,2,,,engine/technical/README.md,
SOL,crypto,tecnico,precio,63.81,,EUR,2026-06-02,2026-09-04T15:50:41Z,Coinbase,2,,,engine/technical/README.md,
SOL,crypto,tecnico,precio,61.63,,EUR,2026-06-03,2026-09-04T15:50:41Z,Coinbase,2,,,engine/technical/README.md,
SOL,crypto,tecnico,precio,59.29,,EUR,2026-06-04,2026-09-04T15:50:41Z,Coinbase,2,,,engine/technical/README.md,
SOL,crypto,tecnico,precio,55.26,,EUR,2026-06-05,2026-09-04T15:50:41Z,Coinbase,2,,,engine/technical/README.md,
SOL,crypto,tecnico,precio,54.1,,EUR,2026-06-06,2026-09-04T15:50:41Z,Coinbase,2,,,engine/technical/README.md,
SOL,crypto,tecnico,precio,57.72,,EUR,2026-06-07,2026-09-04T15:50:41Z,Coinbase,2,,,engine/technical/README.md,
SOL,crypto,tecnico,precio,57.94,,EUR,2026-06-08,2026-09-04T15:50:41Z,Coinbase,2,,,engine/technical/README.md,
SOL,crypto,tecnico,precio,56.33,,EUR,2026-06-09,2026-09-04T15:50:41Z,Coinbase,2,,,engine/technical/README.md,
SOL,crypto,tecnico,precio,54.74,,EUR,2026-06-10,2026-09-04T15:50:41Z,Coinbase,2,,,engine/technical/README.md,
SOL,crypto,tecnico,precio,57.79,,EUR,2026-06-11,2026-09-04T15:50:41Z,Coinbase,2,,,engine/technical/README.md,
SOL,crypto,tecnico,precio,57.76,,EUR,2026-06-12,2026-09-04T15:50:41Z,Coinbase,2,,,engine/technical/README.md,
SOL,crypto,tecnico,precio,59.63,,EUR,2026-06-13,2026-09-04T15:50:41Z,Coinbase,2,,,engine/technical/README.md,
SOL,crypto,tecnico,precio,61.42,,EUR,2026-06-14,2026-09-04T15:50:41Z,Coinbase,2,,,engine/technical/README.md,
SOL,crypto,tecnico,precio,63.78,,EUR,2026-06-15,2026-09-04T15:50:41Z,Coinbase,2,,,engine/technical/README.md,
SOL,crypto,tecnico,precio,63.35,,EUR,2026-06-16,2026-09-04T15:50:41Z,Coinbase,2,,,engine/technical/README.md,
SOL,crypto,tecnico,precio,62.56,,EUR,2026-06-17,2026-09-04T15:50:41Z,Coinbase,2,,,engine/technical/README.md,
SOL,crypto,tecnico,precio,60.77,,EUR,2026-06-18,2026-09-04T15:50:41Z,Coinbase,2,,,engine/technical/README.md,
SOL,crypto,tecnico,precio,60.78,,EUR,2026-06-19,2026-09-04T15:50:41Z,Coinbase,2,,,engine/technical/README.md,
SOL,crypto,tecnico,precio,63.81,,EUR,2026-06-20,2026-09-04T15:50:41Z,Coinbase,2,,,engine/technical/README.md,
SOL,crypto,tecnico,precio,63.15,,EUR,2026-06-21,2026-09-04T15:50:41Z,Coinbase,2,,,engine/technical/README.md,
SOL,crypto,tecnico,precio,62.92,,EUR,2026-06-22,2026-09-04T15:50:41Z,Coinbase,2,,,engine/technical/README.md,
SOL,crypto,tecnico,precio,61.17,,EUR,2026-06-23,2026-09-04T15:50:41Z,Coinbase,2,,,engine/technical/README.md,
SOL,crypto,tecnico,precio,59.87,,EUR,2026-06-24,2026-09-04T15:50:41Z,Coinbase,2,,,engine/technical/README.md,
SOL,crypto,tecnico,precio,59.51,,EUR,2026-06-25,2026-09-04T15:50:41Z,Coinbase,2,,,engine/technical/README.md,
SOL,crypto,tecnico,precio,63.09,,EUR,2026-06-26,2026-09-04T15:50:41Z,Coinbase,2,,,engine/technical/README.md,
SOL,crypto,tecnico,precio,61.84,,EUR,2026-06-27,2026-09-04T15:50:41Z,Coinbase,2,,,engine/technical/README.md,
SOL,crypto,tecnico,precio,62.57,,EUR,2026-06-28,2026-09-04T15:50:41Z,Coinbase,2,,,engine/technical/README.md,
SOL,crypto,tecnico,precio,65.74,,EUR,2026-06-29,2026-09-04T15:50:41Z,Coinbase,2,,,engine/technical/README.md,
SOL,crypto,tecnico,precio,64.46,,EUR,2026-06-30,2026-09-04T15:50:41Z,Coinbase,2,,,engine/technical/README.md,
SOL,crypto,tecnico,precio,67.99,,EUR,2026-07-01,2026-09-04T15:50:41Z,Coinbase,2,,,engine/technical/README.md,
SOL,crypto,tecnico,precio,70.58,,EUR,2026-07-02,2026-09-04T15:50:41Z,Coinbase,2,,,engine/technical/README.md,
SOL,crypto,tecnico,precio,71.98,,EUR,2026-07-03,2026-09-04T15:50:41Z,Coinbase,2,,,engine/technical/README.md,
SOL,crypto,tecnico,precio,71.5,,EUR,2026-07-04,2026-09-04T15:50:41Z,Coinbase,2,,,engine/technical/README.md,
SOL,crypto,tecnico,precio,71.27,,EUR,2026-07-05,2026-09-04T15:50:41Z,Coinbase,2,,,engine/technical/README.md,
SOL,crypto,tecnico,precio,71.59,,EUR,2026-07-06,2026-09-04T15:50:41Z,Coinbase,2,,,engine/technical/README.md,
SOL,crypto,tecnico,precio,70.63,,EUR,2026-07-07,2026-09-04T15:50:41Z,Coinbase,2,,,engine/technical/README.md,
SOL,crypto,tecnico,precio,68.11,,EUR,2026-07-08,2026-09-04T15:50:41Z,Coinbase,2,,,engine/technical/README.md,
SOL,crypto,tecnico,precio,68.23,,EUR,2026-07-09,2026-09-04T15:50:41Z,Coinbase,2,,,engine/technical/README.md,
SOL,crypto,tecnico,precio,68.4,,EUR,2026-07-10,2026-09-04T15:50:41Z,Coinbase,2,,,engine/technical/README.md,
SOL,crypto,tecnico,precio,67.2,,EUR,2026-07-11,2026-09-04T15:50:41Z,Coinbase,2,,,engine/technical/README.md,
SOL,crypto,tecnico,precio,67.44,,EUR,2026-07-12,2026-09-04T15:50:41Z,Coinbase,2,,,engine/technical/README.md,
SOL,crypto,tecnico,precio,65.83,,EUR,2026-07-13,2026-09-04T15:50:41Z,Coinbase,2,,,engine/technical/README.md,
SOL,crypto,tecnico,precio,68.12,,EUR,2026-07-14,2026-09-04T15:50:41Z,Coinbase,2,,,engine/technical/README.md,
SOL,crypto,tecnico,precio,67.36,,EUR,2026-07-15,2026-09-04T15:50:41Z,Coinbase,2,,,engine/technical/README.md,
SOL,crypto,tecnico,precio,65.77,,EUR,2026-07-16,2026-09-04T15:50:41Z,Coinbase,2,,,engine/technical/README.md,
SOL,crypto,tecnico,precio,65.58,,EUR,2026-07-17,2026-09-04T15:50:41Z,Coinbase,2,,,engine/technical/README.md,
SOL,crypto,tecnico,precio,66.04,,EUR,2026-07-18,2026-09-04T15:50:41Z,Coinbase,2,,,engine/technical/README.md,
SOL,crypto,tecnico,precio,66.73,,EUR,2026-07-19,2026-09-04T15:50:41Z,Coinbase,2,,,engine/technical/README.md,
SOL,crypto,tecnico,precio,68.1,,EUR,2026-07-20,2026-09-04T15:50:41Z,Coinbase,2,,,engine/technical/README.md,
SOL,crypto,tecnico,precio,68.51,,EUR,2026-07-21,2026-09-04T15:50:41Z,Coinbase,2,,,engine/technical/README.md,
SOL,crypto,tecnico,precio,68.31,,EUR,2026-07-22,2026-09-04T15:50:41Z,Coinbase,2,,,engine/technical/README.md,
SOL,crypto,tecnico,precio,66.66,,EUR,2026-07-23,2026-09-04T15:50:41Z,Coinbase,2,,,engine/technical/README.md,
SOL,crypto,tecnico,precio,65.02,,EUR,2026-07-24,2026-09-04T15:50:41Z,Coinbase,2,,,engine/technical/README.md,
SOL,crypto,tecnico,precio,65.53,,EUR,2026-07-25,2026-09-04T15:50:41Z,Coinbase,2,,,engine/technical/README.md,
SOL,crypto,tecnico,precio,67.32,,EUR,2026-07-26,2026-09-04T15:50:41Z,Coinbase,2,,,engine/technical/README.md,
SOL,crypto,tecnico,precio,65.23,,EUR,2026-07-27,2026-09-04T15:50:41Z,Coinbase,2,,,engine/technical/README.md,
SOL,crypto,tecnico,precio,64.76,,EUR,2026-07-28,2026-09-04T15:50:41Z,Coinbase,2,,,engine/technical/README.md,
SOL,crypto,tecnico,precio,64.22,,EUR,2026-07-29,2026-09-04T15:50:41Z,Coinbase,2,,,engine/technical/README.md,
SOL,crypto,tecnico,precio,64.63,,EUR,2026-07-30,2026-09-04T15:50:41Z,Coinbase,2,,,engine/technical/README.md,
SOL,crypto,tecnico,precio,63.17,,EUR,2026-07-31,2026-09-04T15:50:41Z,Coinbase,2,,,engine/technical/README.md,
SOL,crypto,tecnico,precio,62.39,,EUR,2026-08-01,2026-09-04T15:50:41Z,Coinbase,2,,,engine/technical/README.md,
SOL,crypto,tecnico,precio,63.74,,EUR,2026-08-02,2026-09-04T15:50:41Z,Coinbase,2,,,engine/technical/README.md,
SOL,crypto,tecnico,precio,63.87,,EUR,2026-08-03,2026-09-04T15:50:41Z,Coinbase,2,,,engine/technical/README.md,
SOL,crypto,tecnico,precio,63.91,,EUR,2026-08-04,2026-09-04T15:50:41Z,Coinbase,2,,,engine/technical/README.md,
SOL,crypto,tecnico,precio,64.01,,EUR,2026-08-05,2026-09-04T15:50:41Z,Coinbase,2,,,engine/technical/README.md,
SOL,crypto,tecnico,precio,63.04,,EUR,2026-08-06,2026-09-04T15:50:41Z,Coinbase,2,,,engine/technical/README.md,
SOL,crypto,tecnico,precio,63.71,,EUR,2026-08-07,2026-09-04T15:50:41Z,Coinbase,2,,,engine/technical/README.md,
SOL,crypto,tecnico,precio,65.76,,EUR,2026-08-08,2026-09-04T15:50:41Z,Coinbase,2,,,engine/technical/README.md,
SOL,crypto,tecnico,precio,65.92,,EUR,2026-08-09,2026-09-04T15:50:41Z,Coinbase,2,,,engine/technical/README.md,
SOL,crypto,tecnico,precio,65.77,,EUR,2026-08-10,2026-09-04T15:50:41Z,Coinbase,2,,,engine/technical/README.md,
SOL,crypto,tecnico,precio,66.04,,EUR,2026-08-11,2026-09-04T15:50:41Z,Coinbase,2,,,engine/technical/README.md,
SOL,crypto,tecnico,precio,65.55,,EUR,2026-08-12,2026-09-04T15:50:41Z,Coinbase,2,,,engine/technical/README.md,
SOL,crypto,tecnico,precio,66.1,,EUR,2026-08-13,2026-09-04T15:50:41Z,Coinbase,2,,,engine/technical/README.md,
SOL,crypto,tecnico,precio,65.14,,EUR,2026-08-14,2026-09-04T15:50:41Z,Coinbase,2,,,engine/technical/README.md,
SOL,crypto,tecnico,precio,65.11,,EUR,2026-08-15,2026-09-04T15:50:41Z,Coinbase,2,,,engine/technical/README.md,
SOL,crypto,tecnico,precio,64.39,,EUR,2026-08-16,2026-09-04T15:50:41Z,Coinbase,2,,,engine/technical/README.md,
SOL,crypto,tecnico,precio,65.58,,EUR,2026-08-17,2026-09-04T15:50:41Z,Coinbase,2,,,engine/technical/README.md,
SOL,crypto,tecnico,precio,66.55,,EUR,2026-08-18,2026-09-04T15:50:41Z,Coinbase,2,,,engine/technical/README.md,
SOL,crypto,tecnico,precio,73.06,,EUR,2026-08-19,2026-09-04T15:50:41Z,Coinbase,2,,,engine/technical/README.md,
SOL,crypto,tecnico,precio,74.99,,EUR,2026-08-20,2026-09-04T15:50:41Z,Coinbase,2,,,engine/technical/README.md,
SOL,crypto,tecnico,precio,80.14,,EUR,2026-08-21,2026-09-04T15:50:41Z,Coinbase,2,,,engine/technical/README.md,
SOL,crypto,tecnico,precio,80.09,,EUR,2026-08-22,2026-09-04T15:50:41Z,Coinbase,2,,,engine/technical/README.md,
SOL,crypto,tecnico,precio,81.61,,EUR,2026-08-23,2026-09-04T15:50:41Z,Coinbase,2,,,engine/technical/README.md,
SOL,crypto,tecnico,precio,84.85,,EUR,2026-08-24,2026-09-04T15:50:41Z,Coinbase,2,,,engine/technical/README.md,
SOL,crypto,tecnico,precio,82.66,,EUR,2026-08-25,2026-09-04T15:50:41Z,Coinbase,2,,,engine/technical/README.md,
SOL,crypto,tecnico,precio,87.52,,EUR,2026-08-26,2026-09-04T15:50:41Z,Coinbase,2,,,engine/technical/README.md,
SOL,crypto,tecnico,precio,93.71,,EUR,2026-08-27,2026-09-04T15:50:41Z,Coinbase,2,,,engine/technical/README.md,
SOL,crypto,tecnico,precio,89.88,,EUR,2026-08-28,2026-09-04T15:50:41Z,Coinbase,2,,,engine/technical/README.md,
SOL,crypto,tecnico,precio,91.19,,EUR,2026-08-29,2026-09-04T15:50:41Z,Coinbase,2,,,engine/technical/README.md,
SOL,crypto,tecnico,precio,87.82,,EUR,2026-08-30,2026-09-04T15:50:41Z,Coinbase,2,,,engine/technical/README.md,
SOL,crypto,tecnico,precio,88.68,,EUR,2026-08-31,2026-09-04T15:50:41Z,Coinbase,2,,,engine/technical/README.md,
SOL,crypto,tecnico,precio,86.24,,EUR,2026-09-01,2026-09-04T15:50:41Z,Coinbase,2,,,engine/technical/README.md,
SOL,crypto,tecnico,precio,86.62,,EUR,2026-09-02,2026-09-04T15:50:41Z,Coinbase,2,,,engine/technical/README.md,
SOL,crypto,tecnico,precio,85.6,,EUR,2026-09-03,2026-09-03T11:40:58Z,Kraken,2,100,,engine/technical/README.md,
SOL,crypto,tecnico,precio,89.39,,EUR,2026-09-04,2026-09-04T10:11:47Z,Kraken,2,100,,engine/technical/README.md,
SOL,crypto,tecnico,rsi14,47.4,,indice,2026-01-01,2026-09-04T15:50:41Z,Coinbase,2,,,engine/technical/README.md,
SOL,crypto,tecnico,rsi14,55.6,,indice,2026-01-02,2026-09-04T15:50:41Z,Coinbase,2,,,engine/technical/README.md,
SOL,crypto,tecnico,rsi14,57.0,,indice,2026-01-03,2026-09-04T15:50:41Z,Coinbase,2,,,engine/technical/README.md,
SOL,crypto,tecnico,rsi14,58.0,,indice,2026-01-04,2026-09-04T15:50:41Z,Coinbase,2,,,engine/technical/README.md,
SOL,crypto,tecnico,rsi14,62.5,,indice,2026-01-05,2026-09-04T15:50:41Z,Coinbase,2,,,engine/technical/README.md,
SOL,crypto,tecnico,rsi14,66.1,,indice,2026-01-06,2026-09-04T15:50:41Z,Coinbase,2,,,engine/technical/README.md,
SOL,crypto,tecnico,rsi14,58.1,,indice,2026-01-07,2026-09-04T15:50:41Z,Coinbase,2,,,engine/technical/README.md,
SOL,crypto,tecnico,rsi14,60.6,,indice,2026-01-08,2026-09-04T15:50:41Z,Coinbase,2,,,engine/technical/README.md,
SOL,crypto,tecnico,rsi14,56.9,,indice,2026-01-09,2026-09-04T15:50:41Z,Coinbase,2,,,engine/technical/README.md,
SOL,crypto,tecnico,rsi14,56.9,,indice,2026-01-10,2026-09-04T15:50:41Z,Coinbase,2,,,engine/technical/README.md,
SOL,crypto,tecnico,rsi14,61.5,,indice,2026-01-11,2026-09-04T15:50:41Z,Coinbase,2,,,engine/technical/README.md,
SOL,crypto,tecnico,rsi14,59.7,,indice,2026-01-12,2026-09-04T15:50:41Z,Coinbase,2,,,engine/technical/README.md,
SOL,crypto,tecnico,rsi14,66.7,,indice,2026-01-13,2026-09-04T15:50:41Z,Coinbase,2,,,engine/technical/README.md,
SOL,crypto,tecnico,rsi14,67.9,,indice,2026-01-14,2026-09-04T15:50:41Z,Coinbase,2,,,engine/technical/README.md,
SOL,crypto,tecnico,rsi14,61.0,,indice,2026-01-15,2026-09-04T15:50:41Z,Coinbase,2,,,engine/technical/README.md,
SOL,crypto,tecnico,rsi14,63.6,,indice,2026-01-16,2026-09-04T15:50:41Z,Coinbase,2,,,engine/technical/README.md,
SOL,crypto,tecnico,rsi14,61.9,,indice,2026-01-17,2026-09-04T15:50:41Z,Coinbase,2,,,engine/technical/README.md,
SOL,crypto,tecnico,rsi14,52.0,,indice,2026-01-18,2026-09-04T15:50:41Z,Coinbase,2,,,engine/technical/README.md,
SOL,crypto,tecnico,rsi14,46.3,,indice,2026-01-19,2026-09-04T15:50:41Z,Coinbase,2,,,engine/technical/README.md,
SOL,crypto,tecnico,rsi14,37.9,,indice,2026-01-20,2026-09-04T15:50:41Z,Coinbase,2,,,engine/technical/README.md,
SOL,crypto,tecnico,rsi14,43.5,,indice,2026-01-21,2026-09-04T15:50:41Z,Coinbase,2,,,engine/technical/README.md,
SOL,crypto,tecnico,rsi14,41.7,,indice,2026-01-22,2026-09-04T15:50:41Z,Coinbase,2,,,engine/technical/README.md,
SOL,crypto,tecnico,rsi14,40.0,,indice,2026-01-23,2026-09-04T15:50:41Z,Coinbase,2,,,engine/technical/README.md,
SOL,crypto,tecnico,rsi14,39.8,,indice,2026-01-24,2026-09-04T15:50:41Z,Coinbase,2,,,engine/technical/README.md,
SOL,crypto,tecnico,rsi14,32.7,,indice,2026-01-25,2026-09-04T15:50:41Z,Coinbase,2,,,engine/technical/README.md,
SOL,crypto,tecnico,rsi14,39.6,,indice,2026-01-26,2026-09-04T15:50:41Z,Coinbase,2,,,engine/technical/README.md,
SOL,crypto,tecnico,rsi14,41.3,,indice,2026-01-27,2026-09-04T15:50:41Z,Coinbase,2,,,engine/technical/README.md,
SOL,crypto,tecnico,rsi14,40.2,,indice,2026-01-28,2026-09-04T15:50:41Z,Coinbase,2,,,engine/technical/README.md,
SOL,crypto,tecnico,rsi14,34.3,,indice,2026-01-29,2026-09-04T15:50:41Z,Coinbase,2,,,engine/technical/README.md,
SOL,crypto,tecnico,rsi14,35.6,,indice,2026-01-30,2026-09-04T15:50:41Z,Coinbase,2,,,engine/technical/README.md,
SOL,crypto,tecnico,rsi14,28.1,,indice,2026-01-31,2026-09-04T15:50:41Z,Coinbase,2,,,engine/technical/README.md,
SOL,crypto,tecnico,rsi14,25.6,,indice,2026-02-01,2026-09-04T15:50:41Z,Coinbase,2,,,engine/technical/README.md,
SOL,crypto,tecnico,rsi14,31.2,,indice,2026-02-02,2026-09-04T15:50:41Z,Coinbase,2,,,engine/technical/README.md,
SOL,crypto,tecnico,rsi14,27.6,,indice,2026-02-03,2026-09-04T15:50:41Z,Coinbase,2,,,engine/technical/README.md,
SOL,crypto,tecnico,rsi14,25.0,,indice,2026-02-04,2026-09-04T15:50:41Z,Coinbase,2,,,engine/technical/README.md,
SOL,crypto,tecnico,rsi14,20.2,,indice,2026-02-05,2026-09-04T15:50:41Z,Coinbase,2,,,engine/technical/README.md,
SOL,crypto,tecnico,rsi14,29.9,,indice,2026-02-06,2026-09-04T15:50:41Z,Coinbase,2,,,engine/technical/README.md,
SOL,crypto,tecnico,rsi14,30.2,,indice,2026-02-07,2026-09-04T15:50:41Z,Coinbase,2,,,engine/technical/README.md,
SOL,crypto,tecnico,rsi14,29.8,,indice,2026-02-08,2026-09-04T15:50:41Z,Coinbase,2,,,engine/technical/README.md,
SOL,crypto,tecnico,rsi14,29.3,,indice,2026-02-09,2026-09-04T15:50:41Z,Coinbase,2,,,engine/technical/README.md,
SOL,crypto,tecnico,rsi14,27.6,,indice,2026-02-10,2026-09-04T15:50:41Z,Coinbase,2,,,engine/technical/README.md,
SOL,crypto,tecnico,rsi14,26.0,,indice,2026-02-11,2026-09-04T15:50:41Z,Coinbase,2,,,engine/technical/README.md,
SOL,crypto,tecnico,rsi14,25.5,,indice,2026-02-12,2026-09-04T15:50:41Z,Coinbase,2,,,engine/technical/README.md,
SOL,crypto,tecnico,rsi14,33.1,,indice,2026-02-13,2026-09-04T15:50:41Z,Coinbase,2,,,engine/technical/README.md,
SOL,crypto,tecnico,rsi14,37.5,,indice,2026-02-14,2026-09-04T15:50:41Z,Coinbase,2,,,engine/technical/README.md,
SOL,crypto,tecnico,rsi14,36.2,,indice,2026-02-15,2026-09-04T15:50:41Z,Coinbase,2,,,engine/technical/README.md,
SOL,crypto,tecnico,rsi14,36.7,,indice,2026-02-16,2026-09-04T15:50:41Z,Coinbase,2,,,engine/technical/README.md,
SOL,crypto,tecnico,rsi14,35.7,,indice,2026-02-17,2026-09-04T15:50:41Z,Coinbase,2,,,engine/technical/README.md,
SOL,crypto,tecnico,rsi14,33.5,,indice,2026-02-18,2026-09-04T15:50:41Z,Coinbase,2,,,engine/technical/README.md,
SOL,crypto,tecnico,rsi14,34.9,,indice,2026-02-19,2026-09-04T15:50:41Z,Coinbase,2,,,engine/technical/README.md,
SOL,crypto,tecnico,rsi14,37.9,,indice,2026-02-20,2026-09-04T15:50:41Z,Coinbase,2,,,engine/technical/README.md,
SOL,crypto,tecnico,rsi14,38.7,,indice,2026-02-21,2026-09-04T15:50:41Z,Coinbase,2,,,engine/technical/README.md,
SOL,crypto,tecnico,rsi14,36.1,,indice,2026-02-22,2026-09-04T15:50:41Z,Coinbase,2,,,engine/technical/README.md,
SOL,crypto,tecnico,rsi14,32.5,,indice,2026-02-23,2026-09-04T15:50:41Z,Coinbase,2,,,engine/technical/README.md,
SOL,crypto,tecnico,rsi14,34.4,,indice,2026-02-24,2026-09-04T15:50:41Z,Coinbase,2,,,engine/technical/README.md,
SOL,crypto,tecnico,rsi14,46.4,,indice,2026-02-25,2026-09-04T15:50:41Z,Coinbase,2,,,engine/technical/README.md,
SOL,crypto,tecnico,rsi14,44.3,,indice,2026-02-26,2026-09-04T15:50:41Z,Coinbase,2,,,engine/technical/README.md,
SOL,crypto,tecnico,rsi14,40.5,,indice,2026-02-27,2026-09-04T15:50:41Z,Coinbase,2,,,engine/technical/README.md,
SOL,crypto,tecnico,rsi14,43.8,,indice,2026-02-28,2026-09-04T15:50:41Z,Coinbase,2,,,engine/technical/README.md,
SOL,crypto,tecnico,rsi14,43.3,,indice,2026-03-01,2026-09-04T15:50:41Z,Coinbase,2,,,engine/technical/README.md,
SOL,crypto,tecnico,rsi14,47.8,,indice,2026-03-02,2026-09-04T15:50:41Z,Coinbase,2,,,engine/technical/README.md,
SOL,crypto,tecnico,rsi14,49.0,,indice,2026-03-03,2026-09-04T15:50:41Z,Coinbase,2,,,engine/technical/README.md,
SOL,crypto,tecnico,rsi14,53.6,,indice,2026-03-04,2026-09-04T15:50:41Z,Coinbase,2,,,engine/technical/README.md,
SOL,crypto,tecnico,rsi14,51.1,,indice,2026-03-05,2026-09-04T15:50:41Z,Coinbase,2,,,engine/technical/README.md,
SOL,crypto,tecnico,rsi14,46.1,,indice,2026-03-06,2026-09-04T15:50:41Z,Coinbase,2,,,engine/technical/README.md,
SOL,crypto,tecnico,rsi14,44.5,,indice,2026-03-07,2026-09-04T15:50:41Z,Coinbase,2,,,engine/technical/README.md,
SOL,crypto,tecnico,rsi14,43.3,,indice,2026-03-08,2026-09-04T15:50:41Z,Coinbase,2,,,engine/technical/README.md,
SOL,crypto,tecnico,rsi14,47.2,,indice,2026-03-09,2026-09-04T15:50:41Z,Coinbase,2,,,engine/technical/README.md,
SOL,crypto,tecnico,rsi14,48.6,,indice,2026-03-10,2026-09-04T15:50:41Z,Coinbase,2,,,engine/technical/README.md,
SOL,crypto,tecnico,rsi14,50.3,,indice,2026-03-11,2026-09-04T15:50:41Z,Coinbase,2,,,engine/technical/README.md,
SOL,crypto,tecnico,rsi14,50.9,,indice,2026-03-12,2026-09-04T15:50:41Z,Coinbase,2,,,engine/technical/README.md,
SOL,crypto,tecnico,rsi14,54.1,,indice,2026-03-13,2026-09-04T15:50:41Z,Coinbase,2,,,engine/technical/README.md,
SOL,crypto,tecnico,rsi14,54.1,,indice,2026-03-14,2026-09-04T15:50:41Z,Coinbase,2,,,engine/technical/README.md,
SOL,crypto,tecnico,rsi14,59.9,,indice,2026-03-15,2026-09-04T15:50:41Z,Coinbase,2,,,engine/technical/README.md,
SOL,crypto,tecnico,rsi14,63.8,,indice,2026-03-16,2026-09-04T15:50:41Z,Coinbase,2,,,engine/technical/README.md,
SOL,crypto,tecnico,rsi14,60.4,,indice,2026-03-17,2026-09-04T15:50:41Z,Coinbase,2,,,engine/technical/README.md,
SOL,crypto,tecnico,rsi14,53.4,,indice,2026-03-18,2026-09-04T15:50:41Z,Coinbase,2,,,engine/technical/README.md,
SOL,crypto,tecnico,rsi14,50.1,,indice,2026-03-19,2026-09-04T15:50:41Z,Coinbase,2,,,engine/technical/README.md,
SOL,crypto,tecnico,rsi14,51.7,,indice,2026-03-20,2026-09-04T15:50:41Z,Coinbase,2,,,engine/technical/README.md,
SOL,crypto,tecnico,rsi14,48.1,,indice,2026-03-21,2026-09-04T15:50:41Z,Coinbase,2,,,engine/technical/README.md,
SOL,crypto,tecnico,rsi14,46.0,,indice,2026-03-22,2026-09-04T15:50:41Z,Coinbase,2,,,engine/technical/README.md,
SOL,crypto,tecnico,rsi14,53.8,,indice,2026-03-23,2026-09-04T15:50:41Z,Coinbase,2,,,engine/technical/README.md,
SOL,crypto,tecnico,rsi14,52.6,,indice,2026-03-24,2026-09-04T15:50:41Z,Coinbase,2,,,engine/technical/README.md,
SOL,crypto,tecnico,rsi14,54.6,,indice,2026-03-25,2026-09-04T15:50:41Z,Coinbase,2,,,engine/technical/README.md,
SOL,crypto,tecnico,rsi14,46.6,,indice,2026-03-26,2026-09-04T15:50:41Z,Coinbase,2,,,engine/technical/README.md,
SOL,crypto,tecnico,rsi14,42.3,,indice,2026-03-27,2026-09-04T15:50:41Z,Coinbase,2,,,engine/technical/README.md,
SOL,crypto,tecnico,rsi14,41.1,,indice,2026-03-28,2026-09-04T15:50:41Z,Coinbase,2,,,engine/technical/README.md,
SOL,crypto,tecnico,rsi14,40.4,,indice,2026-03-29,2026-09-04T15:50:41Z,Coinbase,2,,,engine/technical/README.md,
SOL,crypto,tecnico,rsi14,42.9,,indice,2026-03-30,2026-09-04T15:50:41Z,Coinbase,2,,,engine/technical/README.md,
SOL,crypto,tecnico,rsi14,42.6,,indice,2026-03-31,2026-09-04T15:50:41Z,Coinbase,2,,,engine/technical/README.md,
SOL,crypto,tecnico,rsi14,39.4,,indice,2026-04-01,2026-09-04T15:50:41Z,Coinbase,2,,,engine/technical/README.md,
SOL,crypto,tecnico,rsi14,36.9,,indice,2026-04-02,2026-09-04T15:50:41Z,Coinbase,2,,,engine/technical/README.md,
SOL,crypto,tecnico,rsi14,40.5,,indice,2026-04-03,2026-09-04T15:50:41Z,Coinbase,2,,,engine/technical/README.md,
SOL,crypto,tecnico,rsi14,41.5,,indice,2026-04-04,2026-09-04T15:50:41Z,Coinbase,2,,,engine/technical/README.md,
SOL,crypto,tecnico,rsi14,44.0,,indice,2026-04-05,2026-09-04T15:50:41Z,Coinbase,2,,,engine/technical/README.md,
SOL,crypto,tecnico,rsi14,40.3,,indice,2026-04-06,2026-09-04T15:50:41Z,Coinbase,2,,,engine/technical/README.md,
SOL,crypto,tecnico,rsi14,49.8,,indice,2026-04-07,2026-09-04T15:50:41Z,Coinbase,2,,,engine/technical/README.md,
SOL,crypto,tecnico,rsi14,45.2,,indice,2026-04-08,2026-09-04T15:50:41Z,Coinbase,2,,,engine/technical/README.md,
SOL,crypto,tecnico,rsi14,46.2,,indice,2026-04-09,2026-09-04T15:50:41Z,Coinbase,2,,,engine/technical/README.md,
SOL,crypto,tecnico,rsi14,48.7,,indice,2026-04-10,2026-09-04T15:50:41Z,Coinbase,2,,,engine/technical/README.md,
SOL,crypto,tecnico,rsi14,49.0,,indice,2026-04-11,2026-09-04T15:50:41Z,Coinbase,2,,,engine/technical/README.md,
SOL,crypto,tecnico,rsi14,43.3,,indice,2026-04-12,2026-09-04T15:50:41Z,Coinbase,2,,,engine/technical/README.md,
SOL,crypto,tecnico,rsi14,51.8,,indice,2026-04-13,2026-09-04T15:50:41Z,Coinbase,2,,,engine/technical/README.md,
SOL,crypto,tecnico,rsi14,46.5,,indice,2026-04-14,2026-09-04T15:50:41Z,Coinbase,2,,,engine/technical/README.md,
SOL,crypto,tecnico,rsi14,48.6,,indice,2026-04-15,2026-09-04T15:50:41Z,Coinbase,2,,,engine/technical/README.md,
SOL,crypto,tecnico,rsi14,55.6,,indice,2026-04-16,2026-09-04T15:50:41Z,Coinbase,2,,,engine/technical/README.md,
SOL,crypto,tecnico,rsi14,55.4,,indice,2026-04-17,2026-09-04T15:50:41Z,Coinbase,2,,,engine/technical/README.md,
SOL,crypto,tecnico,rsi14,50.5,,indice,2026-04-18,2026-09-04T15:50:41Z,Coinbase,2,,,engine/technical/README.md,
SOL,crypto,tecnico,rsi14,46.4,,indice,2026-04-19,2026-09-04T15:50:41Z,Coinbase,2,,,engine/technical/README.md,
SOL,crypto,tecnico,rsi14,49.1,,indice,2026-04-20,2026-09-04T15:50:41Z,Coinbase,2,,,engine/technical/README.md,
SOL,crypto,tecnico,rsi14,50.9,,indice,2026-04-21,2026-09-04T15:50:41Z,Coinbase,2,,,engine/technical/README.md,
SOL,crypto,tecnico,rsi14,52.8,,indice,2026-04-22,2026-09-04T15:50:41Z,Coinbase,2,,,engine/technical/README.md,
SOL,crypto,tecnico,rsi14,51.8,,indice,2026-04-23,2026-09-04T15:50:41Z,Coinbase,2,,,engine/technical/README.md,
SOL,crypto,tecnico,rsi14,51.3,,indice,2026-04-24,2026-09-04T15:50:41Z,Coinbase,2,,,engine/technical/README.md,
SOL,crypto,tecnico,rsi14,51.4,,indice,2026-04-25,2026-09-04T15:50:41Z,Coinbase,2,,,engine/technical/README.md,
SOL,crypto,tecnico,rsi14,53.1,,indice,2026-04-26,2026-09-04T15:50:41Z,Coinbase,2,,,engine/technical/README.md,
SOL,crypto,tecnico,rsi14,47.7,,indice,2026-04-27,2026-09-04T15:50:41Z,Coinbase,2,,,engine/technical/README.md,
SOL,crypto,tecnico,rsi14,46.3,,indice,2026-04-28,2026-09-04T15:50:41Z,Coinbase,2,,,engine/technical/README.md,
SOL,crypto,tecnico,rsi14,44.6,,indice,2026-04-29,2026-09-04T15:50:41Z,Coinbase,2,,,engine/technical/README.md,
SOL,crypto,tecnico,rsi14,43.9,,indice,2026-04-30,2026-09-04T15:50:41Z,Coinbase,2,,,engine/technical/README.md,
SOL,crypto,tecnico,rsi14,46.0,,indice,2026-05-01,2026-09-04T15:50:41Z,Coinbase,2,,,engine/technical/README.md,
SOL,crypto,tecnico,rsi14,47.5,,indice,2026-05-02,2026-09-04T15:50:41Z,Coinbase,2,,,engine/technical/README.md,
SOL,crypto,tecnico,rsi14,46.3,,indice,2026-05-03,2026-09-04T15:50:41Z,Coinbase,2,,,engine/technical/README.md,
SOL,crypto,tecnico,rsi14,47.9,,indice,2026-05-04,2026-09-04T15:50:41Z,Coinbase,2,,,engine/technical/README.md,
SOL,crypto,tecnico,rsi14,54.1,,indice,2026-05-05,2026-09-04T15:50:41Z,Coinbase,2,,,engine/technical/README.md,
SOL,crypto,tecnico,rsi14,60.3,,indice,2026-05-06,2026-09-04T15:50:41Z,Coinbase,2,,,engine/technical/README.md,
SOL,crypto,tecnico,rsi14,58.3,,indice,2026-05-07,2026-09-04T15:50:41Z,Coinbase,2,,,engine/technical/README.md,
SOL,crypto,tecnico,rsi14,65.0,,indice,2026-05-08,2026-09-04T15:50:41Z,Coinbase,2,,,engine/technical/README.md,
SOL,crypto,tecnico,rsi14,66.9,,indice,2026-05-09,2026-09-04T15:50:41Z,Coinbase,2,,,engine/technical/README.md,
SOL,crypto,tecnico,rsi14,72.1,,indice,2026-05-10,2026-09-04T15:50:41Z,Coinbase,2,,,engine/technical/README.md,
SOL,crypto,tecnico,rsi14,73.2,,indice,2026-05-11,2026-09-04T15:50:41Z,Coinbase,2,,,engine/technical/README.md,
SOL,crypto,tecnico,rsi14,64.3,,indice,2026-05-12,2026-09-04T15:50:41Z,Coinbase,2,,,engine/technical/README.md,
SOL,crypto,tecnico,rsi14,56.4,,indice,2026-05-13,2026-09-04T15:50:41Z,Coinbase,2,,,engine/technical/README.md,
SOL,crypto,tecnico,rsi14,58.9,,indice,2026-05-14,2026-09-04T15:50:41Z,Coinbase,2,,,engine/technical/README.md,
SOL,crypto,tecnico,rsi14,52.5,,indice,2026-05-15,2026-09-04T15:50:41Z,Coinbase,2,,,engine/technical/README.md,
SOL,crypto,tecnico,rsi14,46.9,,indice,2026-05-16,2026-09-04T15:50:41Z,Coinbase,2,,,engine/technical/README.md,
SOL,crypto,tecnico,rsi14,44.4,,indice,2026-05-17,2026-09-04T15:50:41Z,Coinbase,2,,,engine/technical/README.md,
SOL,crypto,tecnico,rsi14,44.0,,indice,2026-05-18,2026-09-04T15:50:41Z,Coinbase,2,,,engine/technical/README.md,
SOL,crypto,tecnico,rsi14,42.5,,indice,2026-05-19,2026-09-04T15:50:41Z,Coinbase,2,,,engine/technical/README.md,
SOL,crypto,tecnico,rsi14,47.0,,indice,2026-05-20,2026-09-04T15:50:41Z,Coinbase,2,,,engine/technical/README.md,
SOL,crypto,tecnico,rsi14,50.0,,indice,2026-05-21,2026-09-04T15:50:41Z,Coinbase,2,,,engine/technical/README.md,
SOL,crypto,tecnico,rsi14,43.9,,indice,2026-05-22,2026-09-04T15:50:41Z,Coinbase,2,,,engine/technical/README.md,
SOL,crypto,tecnico,rsi14,47.2,,indice,2026-05-23,2026-09-04T15:50:41Z,Coinbase,2,,,engine/technical/README.md,
SOL,crypto,tecnico,rsi14,45.5,,indice,2026-05-24,2026-09-04T15:50:41Z,Coinbase,2,,,engine/technical/README.md,
SOL,crypto,tecnico,rsi14,45.2,,indice,2026-05-25,2026-09-04T15:50:41Z,Coinbase,2,,,engine/technical/README.md,
SOL,crypto,tecnico,rsi14,42.1,,indice,2026-05-26,2026-09-04T15:50:41Z,Coinbase,2,,,engine/technical/README.md,
SOL,crypto,tecnico,rsi14,39.7,,indice,2026-05-27,2026-09-04T15:50:41Z,Coinbase,2,,,engine/technical/README.md,
SOL,crypto,tecnico,rsi14,38.6,,indice,2026-05-28,2026-09-04T15:50:41Z,Coinbase,2,,,engine/technical/README.md,
SOL,crypto,tecnico,rsi14,38.3,,indice,2026-05-29,2026-09-04T15:50:41Z,Coinbase,2,,,engine/technical/README.md,
SOL,crypto,tecnico,rsi14,40.7,,indice,2026-05-30,2026-09-04T15:50:41Z,Coinbase,2,,,engine/technical/README.md,
SOL,crypto,tecnico,rsi14,40.2,,indice,2026-05-31,2026-09-04T15:50:41Z,Coinbase,2,,,engine/technical/README.md,
SOL,crypto,tecnico,rsi14,37.5,,indice,2026-06-01,2026-09-04T15:50:41Z,Coinbase,2,,,engine/technical/README.md,
SOL,crypto,tecnico,rsi14,25.7,,indice,2026-06-02,2026-09-04T15:50:41Z,Coinbase,2,,,engine/technical/README.md,
SOL,crypto,tecnico,rsi14,22.8,,indice,2026-06-03,2026-09-04T15:50:41Z,Coinbase,2,,,engine/technical/README.md,
SOL,crypto,tecnico,rsi14,20.2,,indice,2026-06-04,2026-09-04T15:50:41Z,Coinbase,2,,,engine/technical/README.md,
SOL,crypto,tecnico,rsi14,16.7,,indice,2026-06-05,2026-09-04T15:50:41Z,Coinbase,2,,,engine/technical/README.md,
SOL,crypto,tecnico,rsi14,15.9,,indice,2026-06-06,2026-09-04T15:50:41Z,Coinbase,2,,,engine/technical/README.md,
SOL,crypto,tecnico,rsi14,28.2,,indice,2026-06-07,2026-09-04T15:50:41Z,Coinbase,2,,,engine/technical/README.md,
SOL,crypto,tecnico,rsi14,28.9,,indice,2026-06-08,2026-09-04T15:50:41Z,Coinbase,2,,,engine/technical/README.md,
SOL,crypto,tecnico,rsi14,26.9,,indice,2026-06-09,2026-09-04T15:50:41Z,Coinbase,2,,,engine/technical/README.md,
SOL,crypto,tecnico,rsi14,25.0,,indice,2026-06-10,2026-09-04T15:50:41Z,Coinbase,2,,,engine/technical/README.md,
SOL,crypto,tecnico,rsi14,34.4,,indice,2026-06-11,2026-09-04T15:50:41Z,Coinbase,2,,,engine/technical/README.md,
SOL,crypto,tecnico,rsi14,34.3,,indice,2026-06-12,2026-09-04T15:50:41Z,Coinbase,2,,,engine/technical/README.md,
SOL,crypto,tecnico,rsi14,39.7,,indice,2026-06-13,2026-09-04T15:50:41Z,Coinbase,2,,,engine/technical/README.md,
SOL,crypto,tecnico,rsi14,44.3,,indice,2026-06-14,2026-09-04T15:50:41Z,Coinbase,2,,,engine/technical/README.md,
SOL,crypto,tecnico,rsi14,49.8,,indice,2026-06-15,2026-09-04T15:50:41Z,Coinbase,2,,,engine/technical/README.md,
SOL,crypto,tecnico,rsi14,48.9,,indice,2026-06-16,2026-09-04T15:50:41Z,Coinbase,2,,,engine/technical/README.md,
SOL,crypto,tecnico,rsi14,47.1,,indice,2026-06-17,2026-09-04T15:50:41Z,Coinbase,2,,,engine/technical/README.md,
SOL,crypto,tecnico,rsi14,43.3,,indice,2026-06-18,2026-09-04T15:50:41Z,Coinbase,2,,,engine/technical/README.md,
SOL,crypto,tecnico,rsi14,43.3,,indice,2026-06-19,2026-09-04T15:50:41Z,Coinbase,2,,,engine/technical/README.md,
SOL,crypto,tecnico,rsi14,51.1,,indice,2026-06-20,2026-09-04T15:50:41Z,Coinbase,2,,,engine/technical/README.md,
SOL,crypto,tecnico,rsi14,49.5,,indice,2026-06-21,2026-09-04T15:50:41Z,Coinbase,2,,,engine/technical/README.md,
SOL,crypto,tecnico,rsi14,48.9,,indice,2026-06-22,2026-09-04T15:50:41Z,Coinbase,2,,,engine/technical/README.md,
SOL,crypto,tecnico,rsi14,44.7,,indice,2026-06-23,2026-09-04T15:50:41Z,Coinbase,2,,,engine/technical/README.md,
SOL,crypto,tecnico,rsi14,41.8,,indice,2026-06-24,2026-09-04T15:50:41Z,Coinbase,2,,,engine/technical/README.md,
SOL,crypto,tecnico,rsi14,41.0,,indice,2026-06-25,2026-09-04T15:50:41Z,Coinbase,2,,,engine/technical/README.md,
SOL,crypto,tecnico,rsi14,51.0,,indice,2026-06-26,2026-09-04T15:50:41Z,Coinbase,2,,,engine/technical/README.md,
SOL,crypto,tecnico,rsi14,47.9,,indice,2026-06-27,2026-09-04T15:50:41Z,Coinbase,2,,,engine/technical/README.md,
SOL,crypto,tecnico,rsi14,49.8,,indice,2026-06-28,2026-09-04T15:50:41Z,Coinbase,2,,,engine/technical/README.md,
SOL,crypto,tecnico,rsi14,57.1,,indice,2026-06-29,2026-09-04T15:50:41Z,Coinbase,2,,,engine/technical/README.md,
SOL,crypto,tecnico,rsi14,53.7,,indice,2026-06-30,2026-09-04T15:50:41Z,Coinbase,2,,,engine/technical/README.md,
SOL,crypto,tecnico,rsi14,60.6,,indice,2026-07-01,2026-09-04T15:50:41Z,Coinbase,2,,,engine/technical/README.md,
SOL,crypto,tecnico,rsi14,64.8,,indice,2026-07-02,2026-09-04T15:50:41Z,Coinbase,2,,,engine/technical/README.md,
SOL,crypto,tecnico,rsi14,66.8,,indice,2026-07-03,2026-09-04T15:50:41Z,Coinbase,2,,,engine/technical/README.md,
SOL,crypto,tecnico,rsi14,65.4,,indice,2026-07-04,2026-09-04T15:50:41Z,Coinbase,2,,,engine/technical/README.md,
SOL,crypto,tecnico,rsi14,64.7,,indice,2026-07-05,2026-09-04T15:50:41Z,Coinbase,2,,,engine/technical/README.md,
SOL,crypto,tecnico,rsi14,65.3,,indice,2026-07-06,2026-09-04T15:50:41Z,Coinbase,2,,,engine/technical/README.md,
SOL,crypto,tecnico,rsi14,62.1,,indice,2026-07-07,2026-09-04T15:50:41Z,Coinbase,2,,,engine/technical/README.md,
SOL,crypto,tecnico,rsi14,54.6,,indice,2026-07-08,2026-09-04T15:50:41Z,Coinbase,2,,,engine/technical/README.md,
SOL,crypto,tecnico,rsi14,54.9,,indice,2026-07-09,2026-09-04T15:50:41Z,Coinbase,2,,,engine/technical/README.md,
SOL,crypto,tecnico,rsi14,55.3,,indice,2026-07-10,2026-09-04T15:50:41Z,Coinbase,2,,,engine/technical/README.md,
SOL,crypto,tecnico,rsi14,51.7,,indice,2026-07-11,2026-09-04T15:50:41Z,Coinbase,2,,,engine/technical/README.md,
SOL,crypto,tecnico,rsi14,52.4,,indice,2026-07-12,2026-09-04T15:50:41Z,Coinbase,2,,,engine/technical/README.md,
SOL,crypto,tecnico,rsi14,47.5,,indice,2026-07-13,2026-09-04T15:50:41Z,Coinbase,2,,,engine/technical/README.md,
SOL,crypto,tecnico,rsi14,54.0,,indice,2026-07-14,2026-09-04T15:50:41Z,Coinbase,2,,,engine/technical/README.md,
SOL,crypto,tecnico,rsi14,51.7,,indice,2026-07-15,2026-09-04T15:50:41Z,Coinbase,2,,,engine/technical/README.md,
SOL,crypto,tecnico,rsi14,47.2,,indice,2026-07-16,2026-09-04T15:50:41Z,Coinbase,2,,,engine/technical/README.md,
SOL,crypto,tecnico,rsi14,46.7,,indice,2026-07-17,2026-09-04T15:50:41Z,Coinbase,2,,,engine/technical/README.md,
SOL,crypto,tecnico,rsi14,48.2,,indice,2026-07-18,2026-09-04T15:50:41Z,Coinbase,2,,,engine/technical/README.md,
SOL,crypto,tecnico,rsi14,50.5,,indice,2026-07-19,2026-09-04T15:50:41Z,Coinbase,2,,,engine/technical/README.md,
SOL,crypto,tecnico,rsi14,54.7,,indice,2026-07-20,2026-09-04T15:50:41Z,Coinbase,2,,,engine/technical/README.md,
SOL,crypto,tecnico,rsi14,55.9,,indice,2026-07-21,2026-09-04T15:50:41Z,Coinbase,2,,,engine/technical/README.md,
SOL,crypto,tecnico,rsi14,55.1,,indice,2026-07-22,2026-09-04T15:50:41Z,Coinbase,2,,,engine/technical/README.md,
SOL,crypto,tecnico,rsi14,49.1,,indice,2026-07-23,2026-09-04T15:50:41Z,Coinbase,2,,,engine/technical/README.md,
SOL,crypto,tecnico,rsi14,44.0,,indice,2026-07-24,2026-09-04T15:50:41Z,Coinbase,2,,,engine/technical/README.md,
SOL,crypto,tecnico,rsi14,45.8,,indice,2026-07-25,2026-09-04T15:50:41Z,Coinbase,2,,,engine/technical/README.md,
SOL,crypto,tecnico,rsi14,52.0,,indice,2026-07-26,2026-09-04T15:50:41Z,Coinbase,2,,,engine/technical/README.md,
SOL,crypto,tecnico,rsi14,45.5,,indice,2026-07-27,2026-09-04T15:50:41Z,Coinbase,2,,,engine/technical/README.md,
SOL,crypto,tecnico,rsi14,44.2,,indice,2026-07-28,2026-09-04T15:50:41Z,Coinbase,2,,,engine/technical/README.md,
SOL,crypto,tecnico,rsi14,42.6,,indice,2026-07-29,2026-09-04T15:50:41Z,Coinbase,2,,,engine/technical/README.md,
SOL,crypto,tecnico,rsi14,44.2,,indice,2026-07-30,2026-09-04T15:50:41Z,Coinbase,2,,,engine/technical/README.md,
SOL,crypto,tecnico,rsi14,40.0,,indice,2026-07-31,2026-09-04T15:50:41Z,Coinbase,2,,,engine/technical/README.md,
SOL,crypto,tecnico,rsi14,37.9,,indice,2026-08-01,2026-09-04T15:50:41Z,Coinbase,2,,,engine/technical/README.md,
SOL,crypto,tecnico,rsi14,43.4,,indice,2026-08-02,2026-09-04T15:50:41Z,Coinbase,2,,,engine/technical/README.md,
SOL,crypto,tecnico,rsi14,43.9,,indice,2026-08-03,2026-09-04T15:50:41Z,Coinbase,2,,,engine/technical/README.md,
SOL,crypto,tecnico,rsi14,44.1,,indice,2026-08-04,2026-09-04T15:50:41Z,Coinbase,2,,,engine/technical/README.md,
SOL,crypto,tecnico,rsi14,44.5,,indice,2026-08-05,2026-09-04T15:50:41Z,Coinbase,2,,,engine/technical/README.md,
SOL,crypto,tecnico,rsi14,41.1,,indice,2026-08-06,2026-09-04T15:50:41Z,Coinbase,2,,,engine/technical/README.md,
SOL,crypto,tecnico,rsi14,44.3,,indice,2026-08-07,2026-09-04T15:50:41Z,Coinbase,2,,,engine/technical/README.md,
SOL,crypto,tecnico,rsi14,52.8,,indice,2026-08-08,2026-09-04T15:50:41Z,Coinbase,2,,,engine/technical/README.md,
SOL,crypto,tecnico,rsi14,53.4,,indice,2026-08-09,2026-09-04T15:50:41Z,Coinbase,2,,,engine/technical/README.md,
SOL,crypto,tecnico,rsi14,52.7,,indice,2026-08-10,2026-09-04T15:50:41Z,Coinbase,2,,,engine/technical/README.md,
SOL,crypto,tecnico,rsi14,53.9,,indice,2026-08-11,2026-09-04T15:50:41Z,Coinbase,2,,,engine/technical/README.md,
SOL,crypto,tecnico,rsi14,51.5,,indice,2026-08-12,2026-09-04T15:50:41Z,Coinbase,2,,,engine/technical/README.md,
SOL,crypto,tecnico,rsi14,54.0,,indice,2026-08-13,2026-09-04T15:50:41Z,Coinbase,2,,,engine/technical/README.md,
SOL,crypto,tecnico,rsi14,49.2,,indice,2026-08-14,2026-09-04T15:50:41Z,Coinbase,2,,,engine/technical/README.md,
SOL,crypto,tecnico,rsi14,49.1,,indice,2026-08-15,2026-09-04T15:50:41Z,Coinbase,2,,,engine/technical/README.md,
SOL,crypto,tecnico,rsi14,45.6,,indice,2026-08-16,2026-09-04T15:50:41Z,Coinbase,2,,,engine/technical/README.md,
SOL,crypto,tecnico,rsi14,51.7,,indice,2026-08-17,2026-09-04T15:50:41Z,Coinbase,2,,,engine/technical/README.md,
SOL,crypto,tecnico,rsi14,56.0,,indice,2026-08-18,2026-09-04T15:50:41Z,Coinbase,2,,,engine/technical/README.md,
SOL,crypto,tecnico,rsi14,73.3,,indice,2026-08-19,2026-09-04T15:50:41Z,Coinbase,2,,,engine/technical/README.md,
SOL,crypto,tecnico,rsi14,76.3,,indice,2026-08-20,2026-09-04T15:50:41Z,Coinbase,2,,,engine/technical/README.md,
SOL,crypto,tecnico,rsi14,82.0,,indice,2026-08-21,2026-09-04T15:50:41Z,Coinbase,2,,,engine/technical/README.md,
SOL,crypto,tecnico,rsi14,81.8,,indice,2026-08-22,2026-09-04T15:50:41Z,Coinbase,2,,,engine/technical/README.md,
SOL,crypto,tecnico,rsi14,83.2,,indice,2026-08-23,2026-09-04T15:50:41Z,Coinbase,2,,,engine/technical/README.md,
SOL,crypto,tecnico,rsi14,85.7,,indice,2026-08-24,2026-09-04T15:50:41Z,Coinbase,2,,,engine/technical/README.md,
SOL,crypto,tecnico,rsi14,77.3,,indice,2026-08-25,2026-09-04T15:50:41Z,Coinbase,2,,,engine/technical/README.md,
SOL,crypto,tecnico,rsi14,81.6,,indice,2026-08-26,2026-09-04T15:50:41Z,Coinbase,2,,,engine/technical/README.md,
SOL,crypto,tecnico,rsi14,85.4,,indice,2026-08-27,2026-09-04T15:50:41Z,Coinbase,2,,,engine/technical/README.md,
SOL,crypto,tecnico,rsi14,75.1,,indice,2026-08-28,2026-09-04T15:50:41Z,Coinbase,2,,,engine/technical/README.md,
SOL,crypto,tecnico,rsi14,76.1,,indice,2026-08-29,2026-09-04T15:50:41Z,Coinbase,2,,,engine/technical/README.md,
SOL,crypto,tecnico,rsi14,68.1,,indice,2026-08-30,2026-09-04T15:50:41Z,Coinbase,2,,,engine/technical/README.md,
SOL,crypto,tecnico,rsi14,69.0,,indice,2026-08-31,2026-09-04T15:50:41Z,Coinbase,2,,,engine/technical/README.md,
SOL,crypto,tecnico,rsi14,63.5,,indice,2026-09-01,2026-09-04T15:50:41Z,Coinbase,2,,,engine/technical/README.md,
SOL,crypto,tecnico,rsi14,64.0,,indice,2026-09-02,2026-09-04T15:50:41Z,Coinbase,2,,,engine/technical/README.md,
SOL,crypto,tecnico,rsi14,62.2,,indice,2026-09-03,2026-09-03T11:40:58Z,Kraken,2,100,,engine/technical/README.md,
SOL,crypto,tecnico,rsi14,67.5,,indice,2026-09-04,2026-09-04T10:11:47Z,Kraken,2,100,,engine/technical/README.md,
SOL,crypto,tecnico,sma100,139.6238,,EUR,2026-01-01,2026-09-04T15:50:41Z,Coinbase,2,,,engine/technical/README.md,
SOL,crypto,tecnico,sma100,138.949,,EUR,2026-01-02,2026-09-04T15:50:41Z,Coinbase,2,,,engine/technical/README.md,
SOL,crypto,tecnico,sma100,138.4347,,EUR,2026-01-03,2026-09-04T15:50:41Z,Coinbase,2,,,engine/technical/README.md,
SOL,crypto,tecnico,sma100,137.8259,,EUR,2026-01-04,2026-09-04T15:50:41Z,Coinbase,2,,,engine/technical/README.md,
SOL,crypto,tecnico,sma100,137.2617,,EUR,2026-01-05,2026-09-04T15:50:41Z,Coinbase,2,,,engine/technical/README.md,
SOL,crypto,tecnico,sma100,136.6656,,EUR,2026-01-06,2026-09-04T15:50:41Z,Coinbase,2,,,engine/technical/README.md,
SOL,crypto,tecnico,sma100,136.0185,,EUR,2026-01-07,2026-09-04T15:50:41Z,Coinbase,2,,,engine/technical/README.md,
SOL,crypto,tecnico,sma100,135.4235,,EUR,2026-01-08,2026-09-04T15:50:41Z,Coinbase,2,,,engine/technical/README.md,
SOL,crypto,tecnico,sma100,134.6988,,EUR,2026-01-09,2026-09-04T15:50:41Z,Coinbase,2,,,engine/technical/README.md,
SOL,crypto,tecnico,sma100,133.864,,EUR,2026-01-10,2026-09-04T15:50:41Z,Coinbase,2,,,engine/technical/README.md,
SOL,crypto,tecnico,sma100,133.0831,,EUR,2026-01-11,2026-09-04T15:50:41Z,Coinbase,2,,,engine/technical/README.md,
SOL,crypto,tecnico,sma100,132.337,,EUR,2026-01-12,2026-09-04T15:50:41Z,Coinbase,2,,,engine/technical/README.md,
SOL,crypto,tecnico,sma100,131.6415,,EUR,2026-01-13,2026-09-04T15:50:41Z,Coinbase,2,,,engine/technical/README.md,
SOL,crypto,tecnico,sma100,130.9209,,EUR,2026-01-14,2026-09-04T15:50:41Z,Coinbase,2,,,engine/technical/README.md,
SOL,crypto,tecnico,sma100,130.259,,EUR,2026-01-15,2026-09-04T15:50:41Z,Coinbase,2,,,engine/technical/README.md,
SOL,crypto,tecnico,sma100,129.5361,,EUR,2026-01-16,2026-09-04T15:50:41Z,Coinbase,2,,,engine/technical/README.md,
SOL,crypto,tecnico,sma100,128.8659,,EUR,2026-01-17,2026-09-04T15:50:41Z,Coinbase,2,,,engine/technical/README.md,
SOL,crypto,tecnico,sma100,128.4095,,EUR,2026-01-18,2026-09-04T15:50:41Z,Coinbase,2,,,engine/technical/README.md,
SOL,crypto,tecnico,sma100,128.0048,,EUR,2026-01-19,2026-09-04T15:50:41Z,Coinbase,2,,,engine/technical/README.md,
SOL,crypto,tecnico,sma100,127.374,,EUR,2026-01-20,2026-09-04T15:50:41Z,Coinbase,2,,,engine/technical/README.md,
SOL,crypto,tecnico,sma100,126.6752,,EUR,2026-01-21,2026-09-04T15:50:41Z,Coinbase,2,,,engine/technical/README.md,
SOL,crypto,tecnico,sma100,126.0202,,EUR,2026-01-22,2026-09-04T15:50:41Z,Coinbase,2,,,engine/technical/README.md,
SOL,crypto,tecnico,sma100,125.4308,,EUR,2026-01-23,2026-09-04T15:50:41Z,Coinbase,2,,,engine/technical/README.md,
SOL,crypto,tecnico,sma100,124.9247,,EUR,2026-01-24,2026-09-04T15:50:41Z,Coinbase,2,,,engine/technical/README.md,
SOL,crypto,tecnico,sma100,124.3623,,EUR,2026-01-25,2026-09-04T15:50:41Z,Coinbase,2,,,engine/technical/README.md,
SOL,crypto,tecnico,sma100,123.7953,,EUR,2026-01-26,2026-09-04T15:50:41Z,Coinbase,2,,,engine/technical/README.md,
SOL,crypto,tecnico,sma100,123.2385,,EUR,2026-01-27,2026-09-04T15:50:41Z,Coinbase,2,,,engine/technical/README.md,
SOL,crypto,tecnico,sma100,122.6548,,EUR,2026-01-28,2026-09-04T15:50:41Z,Coinbase,2,,,engine/technical/README.md,
SOL,crypto,tecnico,sma100,122.0378,,EUR,2026-01-29,2026-09-04T15:50:41Z,Coinbase,2,,,engine/technical/README.md,
SOL,crypto,tecnico,sma100,121.4777,,EUR,2026-01-30,2026-09-04T15:50:41Z,Coinbase,2,,,engine/technical/README.md,
SOL,crypto,tecnico,sma100,120.7224,,EUR,2026-01-31,2026-09-04T15:50:41Z,Coinbase,2,,,engine/technical/README.md,
SOL,crypto,tecnico,sma100,119.9068,,EUR,2026-02-01,2026-09-04T15:50:41Z,Coinbase,2,,,engine/technical/README.md,
SOL,crypto,tecnico,sma100,119.1263,,EUR,2026-02-02,2026-09-04T15:50:41Z,Coinbase,2,,,engine/technical/README.md,
SOL,crypto,tecnico,sma100,118.2345,,EUR,2026-02-03,2026-09-04T15:50:41Z,Coinbase,2,,,engine/technical/README.md,
SOL,crypto,tecnico,sma100,117.3088,,EUR,2026-02-04,2026-09-04T15:50:41Z,Coinbase,2,,,engine/technical/README.md,
SOL,crypto,tecnico,sma100,116.3066,,EUR,2026-02-05,2026-09-04T15:50:41Z,Coinbase,2,,,engine/technical/README.md,
SOL,crypto,tecnico,sma100,115.3769,,EUR,2026-02-06,2026-09-04T15:50:41Z,Coinbase,2,,,engine/technical/README.md,
SOL,crypto,tecnico,sma100,114.5255,,EUR,2026-02-07,2026-09-04T15:50:41Z,Coinbase,2,,,engine/technical/README.md,
SOL,crypto,tecnico,sma100,113.6414,,EUR,2026-02-08,2026-09-04T15:50:41Z,Coinbase,2,,,engine/technical/README.md,
SOL,crypto,tecnico,sma100,112.757,,EUR,2026-02-09,2026-09-04T15:50:41Z,Coinbase,2,,,engine/technical/README.md,
SOL,crypto,tecnico,sma100,111.8274,,EUR,2026-02-10,2026-09-04T15:50:41Z,Coinbase,2,,,engine/technical/README.md,
SOL,crypto,tecnico,sma100,111.0539,,EUR,2026-02-11,2026-09-04T15:50:41Z,Coinbase,2,,,engine/technical/README.md,
SOL,crypto,tecnico,sma100,110.3637,,EUR,2026-02-12,2026-09-04T15:50:41Z,Coinbase,2,,,engine/technical/README.md,
SOL,crypto,tecnico,sma100,109.6612,,EUR,2026-02-13,2026-09-04T15:50:41Z,Coinbase,2,,,engine/technical/README.md,
SOL,crypto,tecnico,sma100,109.0603,,EUR,2026-02-14,2026-09-04T15:50:41Z,Coinbase,2,,,engine/technical/README.md,
SOL,crypto,tecnico,sma100,108.3877,,EUR,2026-02-15,2026-09-04T15:50:41Z,Coinbase,2,,,engine/technical/README.md,
SOL,crypto,tecnico,sma100,107.7521,,EUR,2026-02-16,2026-09-04T15:50:41Z,Coinbase,2,,,engine/technical/README.md,
SOL,crypto,tecnico,sma100,107.0447,,EUR,2026-02-17,2026-09-04T15:50:41Z,Coinbase,2,,,engine/technical/README.md,
SOL,crypto,tecnico,sma100,106.2898,,EUR,2026-02-18,2026-09-04T15:50:41Z,Coinbase,2,,,engine/technical/README.md,
SOL,crypto,tecnico,sma100,105.6559,,EUR,2026-02-19,2026-09-04T15:50:41Z,Coinbase,2,,,engine/technical/README.md,
SOL,crypto,tecnico,sma100,105.0515,,EUR,2026-02-20,2026-09-04T15:50:41Z,Coinbase,2,,,engine/technical/README.md,
SOL,crypto,tecnico,sma100,104.5295,,EUR,2026-02-21,2026-09-04T15:50:41Z,Coinbase,2,,,engine/technical/README.md,
SOL,crypto,tecnico,sma100,104.0351,,EUR,2026-02-22,2026-09-04T15:50:41Z,Coinbase,2,,,engine/technical/README.md,
SOL,crypto,tecnico,sma100,103.495,,EUR,2026-02-23,2026-09-04T15:50:41Z,Coinbase,2,,,engine/technical/README.md,
SOL,crypto,tecnico,sma100,102.987,,EUR,2026-02-24,2026-09-04T15:50:41Z,Coinbase,2,,,engine/technical/README.md,
SOL,crypto,tecnico,sma100,102.6055,,EUR,2026-02-25,2026-09-04T15:50:41Z,Coinbase,2,,,engine/technical/README.md,
SOL,crypto,tecnico,sma100,102.1194,,EUR,2026-02-26,2026-09-04T15:50:41Z,Coinbase,2,,,engine/technical/README.md,
SOL,crypto,tecnico,sma100,101.6265,,EUR,2026-02-27,2026-09-04T15:50:41Z,Coinbase,2,,,engine/technical/README.md,
SOL,crypto,tecnico,sma100,101.184,,EUR,2026-02-28,2026-09-04T15:50:41Z,Coinbase,2,,,engine/technical/README.md,
SOL,crypto,tecnico,sma100,100.7776,,EUR,2026-03-01,2026-09-04T15:50:41Z,Coinbase,2,,,engine/technical/README.md,
SOL,crypto,tecnico,sma100,100.41,,EUR,2026-03-02,2026-09-04T15:50:41Z,Coinbase,2,,,engine/technical/README.md,
SOL,crypto,tecnico,sma100,100.0255,,EUR,2026-03-03,2026-09-04T15:50:41Z,Coinbase,2,,,engine/technical/README.md,
SOL,crypto,tecnico,sma100,99.6062,,EUR,2026-03-04,2026-09-04T15:50:41Z,Coinbase,2,,,engine/technical/README.md,
SOL,crypto,tecnico,sma100,99.1694,,EUR,2026-03-05,2026-09-04T15:50:41Z,Coinbase,2,,,engine/technical/README.md,
SOL,crypto,tecnico,sma100,98.666,,EUR,2026-03-06,2026-09-04T15:50:41Z,Coinbase,2,,,engine/technical/README.md,
SOL,crypto,tecnico,sma100,98.1692,,EUR,2026-03-07,2026-09-04T15:50:41Z,Coinbase,2,,,engine/technical/README.md,
SOL,crypto,tecnico,sma100,97.6927,,EUR,2026-03-08,2026-09-04T15:50:41Z,Coinbase,2,,,engine/technical/README.md,
SOL,crypto,tecnico,sma100,97.2506,,EUR,2026-03-09,2026-09-04T15:50:41Z,Coinbase,2,,,engine/technical/README.md,
SOL,crypto,tecnico,sma100,96.8393,,EUR,2026-03-10,2026-09-04T15:50:41Z,Coinbase,2,,,engine/technical/README.md,
SOL,crypto,tecnico,sma100,96.4974,,EUR,2026-03-11,2026-09-04T15:50:41Z,Coinbase,2,,,engine/technical/README.md,
SOL,crypto,tecnico,sma100,96.058,,EUR,2026-03-12,2026-09-04T15:50:41Z,Coinbase,2,,,engine/technical/README.md,
SOL,crypto,tecnico,sma100,95.5896,,EUR,2026-03-13,2026-09-04T15:50:41Z,Coinbase,2,,,engine/technical/README.md,
SOL,crypto,tecnico,sma100,95.168,,EUR,2026-03-14,2026-09-04T15:50:41Z,Coinbase,2,,,engine/technical/README.md,
SOL,crypto,tecnico,sma100,94.8292,,EUR,2026-03-15,2026-09-04T15:50:41Z,Coinbase,2,,,engine/technical/README.md,
SOL,crypto,tecnico,sma100,94.5278,,EUR,2026-03-16,2026-09-04T15:50:41Z,Coinbase,2,,,engine/technical/README.md,
SOL,crypto,tecnico,sma100,94.2118,,EUR,2026-03-17,2026-09-04T15:50:41Z,Coinbase,2,,,engine/technical/README.md,
SOL,crypto,tecnico,sma100,93.8524,,EUR,2026-03-18,2026-09-04T15:50:41Z,Coinbase,2,,,engine/technical/README.md,
SOL,crypto,tecnico,sma100,93.4349,,EUR,2026-03-19,2026-09-04T15:50:41Z,Coinbase,2,,,engine/technical/README.md,
SOL,crypto,tecnico,sma100,93.0472,,EUR,2026-03-20,2026-09-04T15:50:41Z,Coinbase,2,,,engine/technical/README.md,
SOL,crypto,tecnico,sma100,92.6414,,EUR,2026-03-21,2026-09-04T15:50:41Z,Coinbase,2,,,engine/technical/README.md,
SOL,crypto,tecnico,sma100,92.2588,,EUR,2026-03-22,2026-09-04T15:50:41Z,Coinbase,2,,,engine/technical/README.md,
SOL,crypto,tecnico,sma100,91.9126,,EUR,2026-03-23,2026-09-04T15:50:41Z,Coinbase,2,,,engine/technical/README.md,
SOL,crypto,tecnico,sma100,91.5913,,EUR,2026-03-24,2026-09-04T15:50:41Z,Coinbase,2,,,engine/technical/README.md,
SOL,crypto,tecnico,sma100,91.2972,,EUR,2026-03-25,2026-09-04T15:50:41Z,Coinbase,2,,,engine/technical/README.md,
SOL,crypto,tecnico,sma100,90.9489,,EUR,2026-03-26,2026-09-04T15:50:41Z,Coinbase,2,,,engine/technical/README.md,
SOL,crypto,tecnico,sma100,90.6217,,EUR,2026-03-27,2026-09-04T15:50:41Z,Coinbase,2,,,engine/technical/README.md,
SOL,crypto,tecnico,sma100,90.3159,,EUR,2026-03-28,2026-09-04T15:50:41Z,Coinbase,2,,,engine/technical/README.md,
SOL,crypto,tecnico,sma100,89.9472,,EUR,2026-03-29,2026-09-04T15:50:41Z,Coinbase,2,,,engine/technical/README.md,
SOL,crypto,tecnico,sma100,89.5929,,EUR,2026-03-30,2026-09-04T15:50:41Z,Coinbase,2,,,engine/technical/README.md,
SOL,crypto,tecnico,sma100,89.2357,,EUR,2026-03-31,2026-09-04T15:50:41Z,Coinbase,2,,,engine/technical/README.md,
SOL,crypto,tecnico,sma100,88.8655,,EUR,2026-04-01,2026-09-04T15:50:41Z,Coinbase,2,,,engine/technical/README.md,
SOL,crypto,tecnico,sma100,88.4991,,EUR,2026-04-02,2026-09-04T15:50:41Z,Coinbase,2,,,engine/technical/README.md,
SOL,crypto,tecnico,sma100,88.1575,,EUR,2026-04-03,2026-09-04T15:50:41Z,Coinbase,2,,,engine/technical/README.md,
SOL,crypto,tecnico,sma100,87.8409,,EUR,2026-04-04,2026-09-04T15:50:41Z,Coinbase,2,,,engine/technical/README.md,
SOL,crypto,tecnico,sma100,87.5141,,EUR,2026-04-05,2026-09-04T15:50:41Z,Coinbase,2,,,engine/technical/README.md,
SOL,crypto,tecnico,sma100,87.1481,,EUR,2026-04-06,2026-09-04T15:50:41Z,Coinbase,2,,,engine/technical/README.md,
SOL,crypto,tecnico,sma100,86.8176,,EUR,2026-04-07,2026-09-04T15:50:41Z,Coinbase,2,,,engine/technical/README.md,
SOL,crypto,tecnico,sma100,86.4807,,EUR,2026-04-08,2026-09-04T15:50:41Z,Coinbase,2,,,engine/technical/README.md,
SOL,crypto,tecnico,sma100,86.1306,,EUR,2026-04-09,2026-09-04T15:50:41Z,Coinbase,2,,,engine/technical/README.md,
SOL,crypto,tecnico,sma100,85.7953,,EUR,2026-04-10,2026-09-04T15:50:41Z,Coinbase,2,,,engine/technical/README.md,
SOL,crypto,tecnico,sma100,85.4409,,EUR,2026-04-11,2026-09-04T15:50:41Z,Coinbase,2,,,engine/technical/README.md,
SOL,crypto,tecnico,sma100,85.0106,,EUR,2026-04-12,2026-09-04T15:50:41Z,Coinbase,2,,,engine/technical/README.md,
SOL,crypto,tecnico,sma100,84.6082,,EUR,2026-04-13,2026-09-04T15:50:41Z,Coinbase,2,,,engine/technical/README.md,
SOL,crypto,tecnico,sma100,84.1724,,EUR,2026-04-14,2026-09-04T15:50:41Z,Coinbase,2,,,engine/technical/README.md,
SOL,crypto,tecnico,sma100,83.7141,,EUR,2026-04-15,2026-09-04T15:50:41Z,Coinbase,2,,,engine/technical/README.md,
SOL,crypto,tecnico,sma100,83.2637,,EUR,2026-04-16,2026-09-04T15:50:41Z,Coinbase,2,,,engine/technical/README.md,
SOL,crypto,tecnico,sma100,82.8516,,EUR,2026-04-17,2026-09-04T15:50:41Z,Coinbase,2,,,engine/technical/README.md,
SOL,crypto,tecnico,sma100,82.3978,,EUR,2026-04-18,2026-09-04T15:50:41Z,Coinbase,2,,,engine/technical/README.md,
SOL,crypto,tecnico,sma100,81.9421,,EUR,2026-04-19,2026-09-04T15:50:41Z,Coinbase,2,,,engine/technical/README.md,
SOL,crypto,tecnico,sma100,81.4991,,EUR,2026-04-20,2026-09-04T15:50:41Z,Coinbase,2,,,engine/technical/README.md,
SOL,crypto,tecnico,sma100,81.0323,,EUR,2026-04-21,2026-09-04T15:50:41Z,Coinbase,2,,,engine/technical/README.md,
SOL,crypto,tecnico,sma100,80.5831,,EUR,2026-04-22,2026-09-04T15:50:41Z,Coinbase,2,,,engine/technical/README.md,
SOL,crypto,tecnico,sma100,80.0722,,EUR,2026-04-23,2026-09-04T15:50:41Z,Coinbase,2,,,engine/technical/README.md,
SOL,crypto,tecnico,sma100,79.5481,,EUR,2026-04-24,2026-09-04T15:50:41Z,Coinbase,2,,,engine/technical/README.md,
SOL,crypto,tecnico,sma100,79.0579,,EUR,2026-04-25,2026-09-04T15:50:41Z,Coinbase,2,,,engine/technical/README.md,
SOL,crypto,tecnico,sma100,78.5521,,EUR,2026-04-26,2026-09-04T15:50:41Z,Coinbase,2,,,engine/technical/README.md,
SOL,crypto,tecnico,sma100,78.035,,EUR,2026-04-27,2026-09-04T15:50:41Z,Coinbase,2,,,engine/technical/README.md,
SOL,crypto,tecnico,sma100,77.5671,,EUR,2026-04-28,2026-09-04T15:50:41Z,Coinbase,2,,,engine/technical/README.md,
SOL,crypto,tecnico,sma100,77.132,,EUR,2026-04-29,2026-09-04T15:50:41Z,Coinbase,2,,,engine/technical/README.md,
SOL,crypto,tecnico,sma100,76.7685,,EUR,2026-04-30,2026-09-04T15:50:41Z,Coinbase,2,,,engine/technical/README.md,
SOL,crypto,tecnico,sma100,76.3738,,EUR,2026-05-01,2026-09-04T15:50:41Z,Coinbase,2,,,engine/technical/README.md,
SOL,crypto,tecnico,sma100,76.0002,,EUR,2026-05-02,2026-09-04T15:50:41Z,Coinbase,2,,,engine/technical/README.md,
SOL,crypto,tecnico,sma100,75.6386,,EUR,2026-05-03,2026-09-04T15:50:41Z,Coinbase,2,,,engine/technical/README.md,
SOL,crypto,tecnico,sma100,75.2831,,EUR,2026-05-04,2026-09-04T15:50:41Z,Coinbase,2,,,engine/technical/README.md,
SOL,crypto,tecnico,sma100,75.019,,EUR,2026-05-05,2026-09-04T15:50:41Z,Coinbase,2,,,engine/technical/README.md,
SOL,crypto,tecnico,sma100,74.7331,,EUR,2026-05-06,2026-09-04T15:50:41Z,Coinbase,2,,,engine/technical/README.md,
SOL,crypto,tecnico,sma100,74.4303,,EUR,2026-05-07,2026-09-04T15:50:41Z,Coinbase,2,,,engine/technical/README.md,
SOL,crypto,tecnico,sma100,74.1654,,EUR,2026-05-08,2026-09-04T15:50:41Z,Coinbase,2,,,engine/technical/README.md,
SOL,crypto,tecnico,sma100,73.9722,,EUR,2026-05-09,2026-09-04T15:50:41Z,Coinbase,2,,,engine/technical/README.md,
SOL,crypto,tecnico,sma100,73.8001,,EUR,2026-05-10,2026-09-04T15:50:41Z,Coinbase,2,,,engine/technical/README.md,
SOL,crypto,tecnico,sma100,73.7339,,EUR,2026-05-11,2026-09-04T15:50:41Z,Coinbase,2,,,engine/technical/README.md,
SOL,crypto,tecnico,sma100,73.6874,,EUR,2026-05-12,2026-09-04T15:50:41Z,Coinbase,2,,,engine/technical/README.md,
SOL,crypto,tecnico,sma100,73.5798,,EUR,2026-05-13,2026-09-04T15:50:41Z,Coinbase,2,,,engine/technical/README.md,
SOL,crypto,tecnico,sma100,73.5418,,EUR,2026-05-14,2026-09-04T15:50:41Z,Coinbase,2,,,engine/technical/README.md,
SOL,crypto,tecnico,sma100,73.5304,,EUR,2026-05-15,2026-09-04T15:50:41Z,Coinbase,2,,,engine/technical/README.md,
SOL,crypto,tecnico,sma100,73.6107,,EUR,2026-05-16,2026-09-04T15:50:41Z,Coinbase,2,,,engine/technical/README.md,
SOL,crypto,tecnico,sma100,73.6031,,EUR,2026-05-17,2026-09-04T15:50:41Z,Coinbase,2,,,engine/technical/README.md,
SOL,crypto,tecnico,sma100,73.5916,,EUR,2026-05-18,2026-09-04T15:50:41Z,Coinbase,2,,,engine/technical/README.md,
SOL,crypto,tecnico,sma100,73.5806,,EUR,2026-05-19,2026-09-04T15:50:41Z,Coinbase,2,,,engine/technical/README.md,
SOL,crypto,tecnico,sma100,73.5928,,EUR,2026-05-20,2026-09-04T15:50:41Z,Coinbase,2,,,engine/technical/README.md,
SOL,crypto,tecnico,sma100,73.6455,,EUR,2026-05-21,2026-09-04T15:50:41Z,Coinbase,2,,,engine/technical/README.md,
SOL,crypto,tecnico,sma100,73.7046,,EUR,2026-05-22,2026-09-04T15:50:41Z,Coinbase,2,,,engine/technical/README.md,
SOL,crypto,tecnico,sma100,73.7827,,EUR,2026-05-23,2026-09-04T15:50:41Z,Coinbase,2,,,engine/technical/README.md,
SOL,crypto,tecnico,sma100,73.8036,,EUR,2026-05-24,2026-09-04T15:50:41Z,Coinbase,2,,,engine/technical/README.md,
SOL,crypto,tecnico,sma100,73.7909,,EUR,2026-05-25,2026-09-04T15:50:41Z,Coinbase,2,,,engine/technical/README.md,
SOL,crypto,tecnico,sma100,73.7834,,EUR,2026-05-26,2026-09-04T15:50:41Z,Coinbase,2,,,engine/technical/README.md,
SOL,crypto,tecnico,sma100,73.7622,,EUR,2026-05-27,2026-09-04T15:50:41Z,Coinbase,2,,,engine/technical/README.md,
SOL,crypto,tecnico,sma100,73.7486,,EUR,2026-05-28,2026-09-04T15:50:41Z,Coinbase,2,,,engine/technical/README.md,
SOL,crypto,tecnico,sma100,73.7592,,EUR,2026-05-29,2026-09-04T15:50:41Z,Coinbase,2,,,engine/technical/README.md,
SOL,crypto,tecnico,sma100,73.7674,,EUR,2026-05-30,2026-09-04T15:50:41Z,Coinbase,2,,,engine/technical/README.md,
SOL,crypto,tecnico,sma100,73.7559,,EUR,2026-05-31,2026-09-04T15:50:41Z,Coinbase,2,,,engine/technical/README.md,
SOL,crypto,tecnico,sma100,73.7305,,EUR,2026-06-01,2026-09-04T15:50:41Z,Coinbase,2,,,engine/technical/README.md,
SOL,crypto,tecnico,sma100,73.6694,,EUR,2026-06-02,2026-09-04T15:50:41Z,Coinbase,2,,,engine/technical/README.md,
SOL,crypto,tecnico,sma100,73.6245,,EUR,2026-06-03,2026-09-04T15:50:41Z,Coinbase,2,,,engine/technical/README.md,
SOL,crypto,tecnico,sma100,73.546,,EUR,2026-06-04,2026-09-04T15:50:41Z,Coinbase,2,,,engine/technical/README.md,
SOL,crypto,tecnico,sma100,73.3531,,EUR,2026-06-05,2026-09-04T15:50:41Z,Coinbase,2,,,engine/technical/README.md,
SOL,crypto,tecnico,sma100,73.1661,,EUR,2026-06-06,2026-09-04T15:50:41Z,Coinbase,2,,,engine/technical/README.md,
SOL,crypto,tecnico,sma100,73.0498,,EUR,2026-06-07,2026-09-04T15:50:41Z,Coinbase,2,,,engine/technical/README.md,
SOL,crypto,tecnico,sma100,72.9141,,EUR,2026-06-08,2026-09-04T15:50:41Z,Coinbase,2,,,engine/technical/README.md,
SOL,crypto,tecnico,sma100,72.7662,,EUR,2026-06-09,2026-09-04T15:50:41Z,Coinbase,2,,,engine/technical/README.md,
SOL,crypto,tecnico,sma100,72.5729,,EUR,2026-06-10,2026-09-04T15:50:41Z,Coinbase,2,,,engine/technical/README.md,
SOL,crypto,tecnico,sma100,72.4017,,EUR,2026-06-11,2026-09-04T15:50:41Z,Coinbase,2,,,engine/technical/README.md,
SOL,crypto,tecnico,sma100,72.1975,,EUR,2026-06-12,2026-09-04T15:50:41Z,Coinbase,2,,,engine/technical/README.md,
SOL,crypto,tecnico,sma100,72.0283,,EUR,2026-06-13,2026-09-04T15:50:41Z,Coinbase,2,,,engine/technical/README.md,
SOL,crypto,tecnico,sma100,71.9129,,EUR,2026-06-14,2026-09-04T15:50:41Z,Coinbase,2,,,engine/technical/README.md,
SOL,crypto,tecnico,sma100,71.8328,,EUR,2026-06-15,2026-09-04T15:50:41Z,Coinbase,2,,,engine/technical/README.md,
SOL,crypto,tecnico,sma100,71.7578,,EUR,2026-06-16,2026-09-04T15:50:41Z,Coinbase,2,,,engine/technical/README.md,
SOL,crypto,tecnico,sma100,71.6518,,EUR,2026-06-17,2026-09-04T15:50:41Z,Coinbase,2,,,engine/technical/README.md,
SOL,crypto,tecnico,sma100,71.5196,,EUR,2026-06-18,2026-09-04T15:50:41Z,Coinbase,2,,,engine/technical/README.md,
SOL,crypto,tecnico,sma100,71.3773,,EUR,2026-06-19,2026-09-04T15:50:41Z,Coinbase,2,,,engine/technical/README.md,
SOL,crypto,tecnico,sma100,71.262,,EUR,2026-06-20,2026-09-04T15:50:41Z,Coinbase,2,,,engine/technical/README.md,
SOL,crypto,tecnico,sma100,71.1214,,EUR,2026-06-21,2026-09-04T15:50:41Z,Coinbase,2,,,engine/technical/README.md,
SOL,crypto,tecnico,sma100,70.9786,,EUR,2026-06-22,2026-09-04T15:50:41Z,Coinbase,2,,,engine/technical/README.md,
SOL,crypto,tecnico,sma100,70.7829,,EUR,2026-06-23,2026-09-04T15:50:41Z,Coinbase,2,,,engine/technical/README.md,
SOL,crypto,tecnico,sma100,70.5459,,EUR,2026-06-24,2026-09-04T15:50:41Z,Coinbase,2,,,engine/technical/README.md,
SOL,crypto,tecnico,sma100,70.3207,,EUR,2026-06-25,2026-09-04T15:50:41Z,Coinbase,2,,,engine/technical/README.md,
SOL,crypto,tecnico,sma100,70.1656,,EUR,2026-06-26,2026-09-04T15:50:41Z,Coinbase,2,,,engine/technical/README.md,
SOL,crypto,tecnico,sma100,70.016,,EUR,2026-06-27,2026-09-04T15:50:41Z,Coinbase,2,,,engine/technical/README.md,
SOL,crypto,tecnico,sma100,69.8647,,EUR,2026-06-28,2026-09-04T15:50:41Z,Coinbase,2,,,engine/technical/README.md,
SOL,crypto,tecnico,sma100,69.7648,,EUR,2026-06-29,2026-09-04T15:50:41Z,Coinbase,2,,,engine/technical/README.md,
SOL,crypto,tecnico,sma100,69.6639,,EUR,2026-06-30,2026-09-04T15:50:41Z,Coinbase,2,,,engine/technical/README.md,
SOL,crypto,tecnico,sma100,69.5557,,EUR,2026-07-01,2026-09-04T15:50:41Z,Coinbase,2,,,engine/technical/README.md,
SOL,crypto,tecnico,sma100,69.4798,,EUR,2026-07-02,2026-09-04T15:50:41Z,Coinbase,2,,,engine/technical/README.md,
SOL,crypto,tecnico,sma100,69.4064,,EUR,2026-07-03,2026-09-04T15:50:41Z,Coinbase,2,,,engine/technical/README.md,
SOL,crypto,tecnico,sma100,69.3714,,EUR,2026-07-04,2026-09-04T15:50:41Z,Coinbase,2,,,engine/technical/README.md,
SOL,crypto,tecnico,sma100,69.362,,EUR,2026-07-05,2026-09-04T15:50:41Z,Coinbase,2,,,engine/technical/README.md,
SOL,crypto,tecnico,sma100,69.3641,,EUR,2026-07-06,2026-09-04T15:50:41Z,Coinbase,2,,,engine/technical/README.md,
SOL,crypto,tecnico,sma100,69.3612,,EUR,2026-07-07,2026-09-04T15:50:41Z,Coinbase,2,,,engine/technical/README.md,
SOL,crypto,tecnico,sma100,69.3221,,EUR,2026-07-08,2026-09-04T15:50:41Z,Coinbase,2,,,engine/technical/README.md,
SOL,crypto,tecnico,sma100,69.2859,,EUR,2026-07-09,2026-09-04T15:50:41Z,Coinbase,2,,,engine/technical/README.md,
SOL,crypto,tecnico,sma100,69.2701,,EUR,2026-07-10,2026-09-04T15:50:41Z,Coinbase,2,,,engine/technical/README.md,
SOL,crypto,tecnico,sma100,69.2578,,EUR,2026-07-11,2026-09-04T15:50:41Z,Coinbase,2,,,engine/technical/README.md,
SOL,crypto,tecnico,sma100,69.2341,,EUR,2026-07-12,2026-09-04T15:50:41Z,Coinbase,2,,,engine/technical/README.md,
SOL,crypto,tecnico,sma100,69.1904,,EUR,2026-07-13,2026-09-04T15:50:41Z,Coinbase,2,,,engine/technical/README.md,
SOL,crypto,tecnico,sma100,69.1603,,EUR,2026-07-14,2026-09-04T15:50:41Z,Coinbase,2,,,engine/technical/README.md,
SOL,crypto,tecnico,sma100,69.1414,,EUR,2026-07-15,2026-09-04T15:50:41Z,Coinbase,2,,,engine/technical/README.md,
SOL,crypto,tecnico,sma100,69.0669,,EUR,2026-07-16,2026-09-04T15:50:41Z,Coinbase,2,,,engine/technical/README.md,
SOL,crypto,tecnico,sma100,69.0141,,EUR,2026-07-17,2026-09-04T15:50:41Z,Coinbase,2,,,engine/technical/README.md,
SOL,crypto,tecnico,sma100,68.9617,,EUR,2026-07-18,2026-09-04T15:50:41Z,Coinbase,2,,,engine/technical/README.md,
SOL,crypto,tecnico,sma100,68.9051,,EUR,2026-07-19,2026-09-04T15:50:41Z,Coinbase,2,,,engine/technical/README.md,
SOL,crypto,tecnico,sma100,68.8609,,EUR,2026-07-20,2026-09-04T15:50:41Z,Coinbase,2,,,engine/technical/README.md,
SOL,crypto,tecnico,sma100,68.8476,,EUR,2026-07-21,2026-09-04T15:50:41Z,Coinbase,2,,,engine/technical/README.md,
SOL,crypto,tecnico,sma100,68.7945,,EUR,2026-07-22,2026-09-04T15:50:41Z,Coinbase,2,,,engine/technical/README.md,
SOL,crypto,tecnico,sma100,68.7514,,EUR,2026-07-23,2026-09-04T15:50:41Z,Coinbase,2,,,engine/technical/README.md,
SOL,crypto,tecnico,sma100,68.6823,,EUR,2026-07-24,2026-09-04T15:50:41Z,Coinbase,2,,,engine/technical/README.md,
SOL,crypto,tecnico,sma100,68.5813,,EUR,2026-07-25,2026-09-04T15:50:41Z,Coinbase,2,,,engine/technical/README.md,
SOL,crypto,tecnico,sma100,68.4992,,EUR,2026-07-26,2026-09-04T15:50:41Z,Coinbase,2,,,engine/technical/README.md,
SOL,crypto,tecnico,sma100,68.4187,,EUR,2026-07-27,2026-09-04T15:50:41Z,Coinbase,2,,,engine/technical/README.md,
SOL,crypto,tecnico,sma100,68.3547,,EUR,2026-07-28,2026-09-04T15:50:41Z,Coinbase,2,,,engine/technical/README.md,
SOL,crypto,tecnico,sma100,68.2726,,EUR,2026-07-29,2026-09-04T15:50:41Z,Coinbase,2,,,engine/technical/README.md,
SOL,crypto,tecnico,sma100,68.1859,,EUR,2026-07-30,2026-09-04T15:50:41Z,Coinbase,2,,,engine/technical/README.md,
SOL,crypto,tecnico,sma100,68.0753,,EUR,2026-07-31,2026-09-04T15:50:41Z,Coinbase,2,,,engine/technical/README.md,
SOL,crypto,tecnico,sma100,67.9614,,EUR,2026-08-01,2026-09-04T15:50:41Z,Coinbase,2,,,engine/technical/README.md,
SOL,crypto,tecnico,sma100,67.8631,,EUR,2026-08-02,2026-09-04T15:50:41Z,Coinbase,2,,,engine/technical/README.md,
SOL,crypto,tecnico,sma100,67.7657,,EUR,2026-08-03,2026-09-04T15:50:41Z,Coinbase,2,,,engine/technical/README.md,
SOL,crypto,tecnico,sma100,67.6618,,EUR,2026-08-04,2026-09-04T15:50:41Z,Coinbase,2,,,engine/technical/README.md,
SOL,crypto,tecnico,sma100,67.5787,,EUR,2026-08-05,2026-09-04T15:50:41Z,Coinbase,2,,,engine/technical/README.md,
SOL,crypto,tecnico,sma100,67.4917,,EUR,2026-08-06,2026-09-04T15:50:41Z,Coinbase,2,,,engine/technical/README.md,
SOL,crypto,tecnico,sma100,67.4179,,EUR,2026-08-07,2026-09-04T15:50:41Z,Coinbase,2,,,engine/technical/README.md,
SOL,crypto,tecnico,sma100,67.3672,,EUR,2026-08-08,2026-09-04T15:50:41Z,Coinbase,2,,,engine/technical/README.md,
SOL,crypto,tecnico,sma100,67.3119,,EUR,2026-08-09,2026-09-04T15:50:41Z,Coinbase,2,,,engine/technical/README.md,
SOL,crypto,tecnico,sma100,67.2508,,EUR,2026-08-10,2026-09-04T15:50:41Z,Coinbase,2,,,engine/technical/README.md,
SOL,crypto,tecnico,sma100,67.1961,,EUR,2026-08-11,2026-09-04T15:50:41Z,Coinbase,2,,,engine/technical/README.md,
SOL,crypto,tecnico,sma100,67.1324,,EUR,2026-08-12,2026-09-04T15:50:41Z,Coinbase,2,,,engine/technical/README.md,
SOL,crypto,tecnico,sma100,67.0563,,EUR,2026-08-13,2026-09-04T15:50:41Z,Coinbase,2,,,engine/technical/README.md,
SOL,crypto,tecnico,sma100,66.9488,,EUR,2026-08-14,2026-09-04T15:50:41Z,Coinbase,2,,,engine/technical/README.md,
SOL,crypto,tecnico,sma100,66.8462,,EUR,2026-08-15,2026-09-04T15:50:41Z,Coinbase,2,,,engine/technical/README.md,
SOL,crypto,tecnico,sma100,66.709,,EUR,2026-08-16,2026-09-04T15:50:41Z,Coinbase,2,,,engine/technical/README.md,
SOL,crypto,tecnico,sma100,66.5744,,EUR,2026-08-17,2026-09-04T15:50:41Z,Coinbase,2,,,engine/technical/README.md,
SOL,crypto,tecnico,sma100,66.4205,,EUR,2026-08-18,2026-09-04T15:50:41Z,Coinbase,2,,,engine/technical/README.md,
SOL,crypto,tecnico,sma100,66.3248,,EUR,2026-08-19,2026-09-04T15:50:41Z,Coinbase,2,,,engine/technical/README.md,
SOL,crypto,tecnico,sma100,66.2713,,EUR,2026-08-20,2026-09-04T15:50:41Z,Coinbase,2,,,engine/technical/README.md,
SOL,crypto,tecnico,sma100,66.2939,,EUR,2026-08-21,2026-09-04T15:50:41Z,Coinbase,2,,,engine/technical/README.md,
SOL,crypto,tecnico,sma100,66.3047,,EUR,2026-08-22,2026-09-04T15:50:41Z,Coinbase,2,,,engine/technical/README.md,
SOL,crypto,tecnico,sma100,66.3531,,EUR,2026-08-23,2026-09-04T15:50:41Z,Coinbase,2,,,engine/technical/README.md,
SOL,crypto,tecnico,sma100,66.4567,,EUR,2026-08-24,2026-09-04T15:50:41Z,Coinbase,2,,,engine/technical/README.md,
SOL,crypto,tecnico,sma100,66.5496,,EUR,2026-08-25,2026-09-04T15:50:41Z,Coinbase,2,,,engine/technical/README.md,
SOL,crypto,tecnico,sma100,66.6928,,EUR,2026-08-26,2026-09-04T15:50:41Z,Coinbase,2,,,engine/technical/README.md,
SOL,crypto,tecnico,sma100,66.9043,,EUR,2026-08-27,2026-09-04T15:50:41Z,Coinbase,2,,,engine/technical/README.md,
SOL,crypto,tecnico,sma100,67.0624,,EUR,2026-08-28,2026-09-04T15:50:41Z,Coinbase,2,,,engine/technical/README.md,
SOL,crypto,tecnico,sma100,67.2232,,EUR,2026-08-29,2026-09-04T15:50:41Z,Coinbase,2,,,engine/technical/README.md,
SOL,crypto,tecnico,sma100,67.3746,,EUR,2026-08-30,2026-09-04T15:50:41Z,Coinbase,2,,,engine/technical/README.md,
SOL,crypto,tecnico,sma100,67.5231,,EUR,2026-08-31,2026-09-04T15:50:41Z,Coinbase,2,,,engine/technical/README.md,
SOL,crypto,tecnico,sma100,67.654,,EUR,2026-09-01,2026-09-04T15:50:41Z,Coinbase,2,,,engine/technical/README.md,
SOL,crypto,tecnico,sma100,67.7898,,EUR,2026-09-02,2026-09-04T15:50:41Z,Coinbase,2,,,engine/technical/README.md,
SOL,crypto,tecnico,sma100,67.782,,EUR,2026-09-03,2026-09-03T12:15:39Z,Kraken,2,100,,engine/technical/README.md,
SOL,crypto,tecnico,sma100,68.1537,,EUR,2026-09-04,2026-09-04T10:11:47Z,Kraken,2,100,,engine/technical/README.md,
SOL,crypto,tecnico,sma20,106.527,,EUR,2026-01-01,2026-09-04T15:50:41Z,Coinbase,2,,,engine/technical/README.md,
SOL,crypto,tecnico,sma20,106.499,,EUR,2026-01-02,2026-09-04T15:50:41Z,Coinbase,2,,,engine/technical/README.md,
SOL,crypto,tecnico,sma20,106.677,,EUR,2026-01-03,2026-09-04T15:50:41Z,Coinbase,2,,,engine/technical/README.md,
SOL,crypto,tecnico,sma20,106.968,,EUR,2026-01-04,2026-09-04T15:50:41Z,Coinbase,2,,,engine/technical/README.md,
SOL,crypto,tecnico,sma20,107.3645,,EUR,2026-01-05,2026-09-04T15:50:41Z,Coinbase,2,,,engine/technical/README.md,
SOL,crypto,tecnico,sma20,108.1515,,EUR,2026-01-06,2026-09-04T15:50:41Z,Coinbase,2,,,engine/technical/README.md,
SOL,crypto,tecnico,sma20,108.8905,,EUR,2026-01-07,2026-09-04T15:50:41Z,Coinbase,2,,,engine/technical/README.md,
SOL,crypto,tecnico,sma20,109.434,,EUR,2026-01-08,2026-09-04T15:50:41Z,Coinbase,2,,,engine/technical/README.md,
SOL,crypto,tecnico,sma20,109.898,,EUR,2026-01-09,2026-09-04T15:50:41Z,Coinbase,2,,,engine/technical/README.md,
SOL,crypto,tecnico,sma20,110.356,,EUR,2026-01-10,2026-09-04T15:50:41Z,Coinbase,2,,,engine/technical/README.md,
SOL,crypto,tecnico,sma20,111.005,,EUR,2026-01-11,2026-09-04T15:50:41Z,Coinbase,2,,,engine/technical/README.md,
SOL,crypto,tecnico,sma20,111.709,,EUR,2026-01-12,2026-09-04T15:50:41Z,Coinbase,2,,,engine/technical/README.md,
SOL,crypto,tecnico,sma20,112.754,,EUR,2026-01-13,2026-09-04T15:50:41Z,Coinbase,2,,,engine/technical/README.md,
SOL,crypto,tecnico,sma20,113.96,,EUR,2026-01-14,2026-09-04T15:50:41Z,Coinbase,2,,,engine/technical/README.md,
SOL,crypto,tecnico,sma20,114.901,,EUR,2026-01-15,2026-09-04T15:50:41Z,Coinbase,2,,,engine/technical/README.md,
SOL,crypto,tecnico,sma20,115.8525,,EUR,2026-01-16,2026-09-04T15:50:41Z,Coinbase,2,,,engine/technical/README.md,
SOL,crypto,tecnico,sma20,116.7405,,EUR,2026-01-17,2026-09-04T15:50:41Z,Coinbase,2,,,engine/technical/README.md,
SOL,crypto,tecnico,sma20,117.4395,,EUR,2026-01-18,2026-09-04T15:50:41Z,Coinbase,2,,,engine/technical/README.md,
SOL,crypto,tecnico,sma20,117.855,,EUR,2026-01-19,2026-09-04T15:50:41Z,Coinbase,2,,,engine/technical/README.md,
SOL,crypto,tecnico,sma20,117.918,,EUR,2026-01-20,2026-09-04T15:50:41Z,Coinbase,2,,,engine/technical/README.md,
SOL,crypto,tecnico,sma20,118.066,,EUR,2026-01-21,2026-09-04T15:50:41Z,Coinbase,2,,,engine/technical/README.md,
SOL,crypto,tecnico,sma20,117.8845,,EUR,2026-01-22,2026-09-04T15:50:41Z,Coinbase,2,,,engine/technical/README.md,
SOL,crypto,tecnico,sma20,117.575,,EUR,2026-01-23,2026-09-04T15:50:41Z,Coinbase,2,,,engine/technical/README.md,
SOL,crypto,tecnico,sma20,117.221,,EUR,2026-01-24,2026-09-04T15:50:41Z,Coinbase,2,,,engine/technical/README.md,
SOL,crypto,tecnico,sma20,116.339,,EUR,2026-01-25,2026-09-04T15:50:41Z,Coinbase,2,,,engine/technical/README.md,
SOL,crypto,tecnico,sma20,115.5295,,EUR,2026-01-26,2026-09-04T15:50:41Z,Coinbase,2,,,engine/technical/README.md,
SOL,crypto,tecnico,sma20,114.975,,EUR,2026-01-27,2026-09-04T15:50:41Z,Coinbase,2,,,engine/technical/README.md,
SOL,crypto,tecnico,sma20,114.272,,EUR,2026-01-28,2026-09-04T15:50:41Z,Coinbase,2,,,engine/technical/README.md,
SOL,crypto,tecnico,sma20,113.3535,,EUR,2026-01-29,2026-09-04T15:50:41Z,Coinbase,2,,,engine/technical/README.md,
SOL,crypto,tecnico,sma20,112.4745,,EUR,2026-01-30,2026-09-04T15:50:41Z,Coinbase,2,,,engine/technical/README.md,
SOL,crypto,tecnico,sma20,110.938,,EUR,2026-01-31,2026-09-04T15:50:41Z,Coinbase,2,,,engine/technical/README.md,
SOL,crypto,tecnico,sma20,109.23,,EUR,2026-02-01,2026-09-04T15:50:41Z,Coinbase,2,,,engine/technical/README.md,
SOL,crypto,tecnico,sma20,107.4185,,EUR,2026-02-02,2026-09-04T15:50:41Z,Coinbase,2,,,engine/technical/README.md,
SOL,crypto,tecnico,sma20,105.26,,EUR,2026-02-03,2026-09-04T15:50:41Z,Coinbase,2,,,engine/technical/README.md,
SOL,crypto,tecnico,sma20,103.024,,EUR,2026-02-04,2026-09-04T15:50:41Z,Coinbase,2,,,engine/technical/README.md,
SOL,crypto,tecnico,sma20,100.103,,EUR,2026-02-05,2026-09-04T15:50:41Z,Coinbase,2,,,engine/technical/README.md,
SOL,crypto,tecnico,sma20,97.608,,EUR,2026-02-06,2026-09-04T15:50:41Z,Coinbase,2,,,engine/technical/README.md,
SOL,crypto,tecnico,sma20,95.399,,EUR,2026-02-07,2026-09-04T15:50:41Z,Coinbase,2,,,engine/technical/README.md,
SOL,crypto,tecnico,sma20,93.352,,EUR,2026-02-08,2026-09-04T15:50:41Z,Coinbase,2,,,engine/technical/README.md,
SOL,crypto,tecnico,sma20,91.6355,,EUR,2026-02-09,2026-09-04T15:50:41Z,Coinbase,2,,,engine/technical/README.md,
SOL,crypto,tecnico,sma20,89.5815,,EUR,2026-02-10,2026-09-04T15:50:41Z,Coinbase,2,,,engine/technical/README.md,
SOL,crypto,tecnico,sma20,87.458,,EUR,2026-02-11,2026-09-04T15:50:41Z,Coinbase,2,,,engine/technical/README.md,
SOL,crypto,tecnico,sma20,85.3755,,EUR,2026-02-12,2026-09-04T15:50:41Z,Coinbase,2,,,engine/technical/README.md,
SOL,crypto,tecnico,sma20,83.555,,EUR,2026-02-13,2026-09-04T15:50:41Z,Coinbase,2,,,engine/technical/README.md,
SOL,crypto,tecnico,sma20,82.2645,,EUR,2026-02-14,2026-09-04T15:50:41Z,Coinbase,2,,,engine/technical/README.md,
SOL,crypto,tecnico,sma20,80.671,,EUR,2026-02-15,2026-09-04T15:50:41Z,Coinbase,2,,,engine/technical/README.md,
SOL,crypto,tecnico,sma20,79.038,,EUR,2026-02-16,2026-09-04T15:50:41Z,Coinbase,2,,,engine/technical/README.md,
SOL,crypto,tecnico,sma20,77.397,,EUR,2026-02-17,2026-09-04T15:50:41Z,Coinbase,2,,,engine/technical/README.md,
SOL,crypto,tecnico,sma20,75.9405,,EUR,2026-02-18,2026-09-04T15:50:41Z,Coinbase,2,,,engine/technical/README.md,
SOL,crypto,tecnico,sma20,74.485,,EUR,2026-02-19,2026-09-04T15:50:41Z,Coinbase,2,,,engine/technical/README.md,
SOL,crypto,tecnico,sma20,73.6145,,EUR,2026-02-20,2026-09-04T15:50:41Z,Coinbase,2,,,engine/technical/README.md,
SOL,crypto,tecnico,sma20,72.9795,,EUR,2026-02-21,2026-09-04T15:50:41Z,Coinbase,2,,,engine/technical/README.md,
SOL,crypto,tecnico,sma20,72.0435,,EUR,2026-02-22,2026-09-04T15:50:41Z,Coinbase,2,,,engine/technical/README.md,
SOL,crypto,tecnico,sma20,71.209,,EUR,2026-02-23,2026-09-04T15:50:41Z,Coinbase,2,,,engine/technical/README.md,
SOL,crypto,tecnico,sma20,70.6705,,EUR,2026-02-24,2026-09-04T15:50:41Z,Coinbase,2,,,engine/technical/README.md,
SOL,crypto,tecnico,sma20,71.075,,EUR,2026-02-25,2026-09-04T15:50:41Z,Coinbase,2,,,engine/technical/README.md,
SOL,crypto,tecnico,sma20,71.0085,,EUR,2026-02-26,2026-09-04T15:50:41Z,Coinbase,2,,,engine/technical/README.md,
SOL,crypto,tecnico,sma20,70.7585,,EUR,2026-02-27,2026-09-04T15:50:41Z,Coinbase,2,,,engine/technical/README.md,
SOL,crypto,tecnico,sma20,70.651,,EUR,2026-02-28,2026-09-04T15:50:41Z,Coinbase,2,,,engine/technical/README.md,
SOL,crypto,tecnico,sma20,70.5645,,EUR,2026-03-01,2026-09-04T15:50:41Z,Coinbase,2,,,engine/technical/README.md,
SOL,crypto,tecnico,sma20,70.776,,EUR,2026-03-02,2026-09-04T15:50:41Z,Coinbase,2,,,engine/technical/README.md,
SOL,crypto,tecnico,sma20,71.183,,EUR,2026-03-03,2026-09-04T15:50:41Z,Coinbase,2,,,engine/technical/README.md,
SOL,crypto,tecnico,sma20,71.791,,EUR,2026-03-04,2026-09-04T15:50:41Z,Coinbase,2,,,engine/technical/README.md,
SOL,crypto,tecnico,sma20,72.0655,,EUR,2026-03-05,2026-09-04T15:50:41Z,Coinbase,2,,,engine/technical/README.md,
SOL,crypto,tecnico,sma20,71.998,,EUR,2026-03-06,2026-09-04T15:50:41Z,Coinbase,2,,,engine/technical/README.md,
SOL,crypto,tecnico,sma20,71.957,,EUR,2026-03-07,2026-09-04T15:50:41Z,Coinbase,2,,,engine/technical/README.md,
SOL,crypto,tecnico,sma20,71.85,,EUR,2026-03-08,2026-09-04T15:50:41Z,Coinbase,2,,,engine/technical/README.md,
SOL,crypto,tecnico,sma20,71.919,,EUR,2026-03-09,2026-09-04T15:50:41Z,Coinbase,2,,,engine/technical/README.md,
SOL,crypto,tecnico,sma20,72.157,,EUR,2026-03-10,2026-09-04T15:50:41Z,Coinbase,2,,,engine/technical/README.md,
SOL,crypto,tecnico,sma20,72.4055,,EUR,2026-03-11,2026-09-04T15:50:41Z,Coinbase,2,,,engine/technical/README.md,
SOL,crypto,tecnico,sma20,72.5805,,EUR,2026-03-12,2026-09-04T15:50:41Z,Coinbase,2,,,engine/technical/README.md,
SOL,crypto,tecnico,sma20,72.8265,,EUR,2026-03-13,2026-09-04T15:50:41Z,Coinbase,2,,,engine/technical/README.md,
SOL,crypto,tecnico,sma20,73.1905,,EUR,2026-03-14,2026-09-04T15:50:41Z,Coinbase,2,,,engine/technical/README.md,
SOL,crypto,tecnico,sma20,73.9215,,EUR,2026-03-15,2026-09-04T15:50:41Z,Coinbase,2,,,engine/technical/README.md,
SOL,crypto,tecnico,sma20,74.743,,EUR,2026-03-16,2026-09-04T15:50:41Z,Coinbase,2,,,engine/technical/README.md,
SOL,crypto,tecnico,sma20,75.117,,EUR,2026-03-17,2026-09-04T15:50:41Z,Coinbase,2,,,engine/technical/README.md,
SOL,crypto,tecnico,sma20,75.407,,EUR,2026-03-18,2026-09-04T15:50:41Z,Coinbase,2,,,engine/technical/README.md,
SOL,crypto,tecnico,sma20,75.7795,,EUR,2026-03-19,2026-09-04T15:50:41Z,Coinbase,2,,,engine/technical/README.md,
SOL,crypto,tecnico,sma20,76.089,,EUR,2026-03-20,2026-09-04T15:50:41Z,Coinbase,2,,,engine/technical/README.md,
SOL,crypto,tecnico,sma20,76.3195,,EUR,2026-03-21,2026-09-04T15:50:41Z,Coinbase,2,,,engine/technical/README.md,
SOL,crypto,tecnico,sma20,76.3435,,EUR,2026-03-22,2026-09-04T15:50:41Z,Coinbase,2,,,engine/technical/README.md,
SOL,crypto,tecnico,sma20,76.5385,,EUR,2026-03-23,2026-09-04T15:50:41Z,Coinbase,2,,,engine/technical/README.md,
SOL,crypto,tecnico,sma20,76.538,,EUR,2026-03-24,2026-09-04T15:50:41Z,Coinbase,2,,,engine/technical/README.md,
SOL,crypto,tecnico,sma20,76.6765,,EUR,2026-03-25,2026-09-04T15:50:41Z,Coinbase,2,,,engine/technical/README.md,
SOL,crypto,tecnico,sma20,76.7785,,EUR,2026-03-26,2026-09-04T15:50:41Z,Coinbase,2,,,engine/technical/README.md,
SOL,crypto,tecnico,sma20,76.7995,,EUR,2026-03-27,2026-09-04T15:50:41Z,Coinbase,2,,,engine/technical/README.md,
SOL,crypto,tecnico,sma20,76.826,,EUR,2026-03-28,2026-09-04T15:50:41Z,Coinbase,2,,,engine/technical/README.md,
SOL,crypto,tecnico,sma20,76.714,,EUR,2026-03-29,2026-09-04T15:50:41Z,Coinbase,2,,,engine/technical/README.md,
SOL,crypto,tecnico,sma20,76.6155,,EUR,2026-03-30,2026-09-04T15:50:41Z,Coinbase,2,,,engine/technical/README.md,
SOL,crypto,tecnico,sma20,76.4575,,EUR,2026-03-31,2026-09-04T15:50:41Z,Coinbase,2,,,engine/technical/README.md,
SOL,crypto,tecnico,sma20,76.1895,,EUR,2026-04-01,2026-09-04T15:50:41Z,Coinbase,2,,,engine/technical/README.md,
SOL,crypto,tecnico,sma20,75.7505,,EUR,2026-04-02,2026-09-04T15:50:41Z,Coinbase,2,,,engine/technical/README.md,
SOL,crypto,tecnico,sma20,75.381,,EUR,2026-04-03,2026-09-04T15:50:41Z,Coinbase,2,,,engine/technical/README.md,
SOL,crypto,tecnico,sma20,74.854,,EUR,2026-04-04,2026-09-04T15:50:41Z,Coinbase,2,,,engine/technical/README.md,
SOL,crypto,tecnico,sma20,74.232,,EUR,2026-04-05,2026-09-04T15:50:41Z,Coinbase,2,,,engine/technical/README.md,
SOL,crypto,tecnico,sma20,73.593,,EUR,2026-04-06,2026-09-04T15:50:41Z,Coinbase,2,,,engine/technical/README.md,
SOL,crypto,tecnico,sma20,73.324,,EUR,2026-04-07,2026-09-04T15:50:41Z,Coinbase,2,,,engine/technical/README.md,
SOL,crypto,tecnico,sma20,73.027,,EUR,2026-04-08,2026-09-04T15:50:41Z,Coinbase,2,,,engine/technical/README.md,
SOL,crypto,tecnico,sma20,72.706,,EUR,2026-04-09,2026-09-04T15:50:41Z,Coinbase,2,,,engine/technical/README.md,
SOL,crypto,tecnico,sma20,72.539,,EUR,2026-04-10,2026-09-04T15:50:41Z,Coinbase,2,,,engine/technical/README.md,
SOL,crypto,tecnico,sma20,72.4375,,EUR,2026-04-11,2026-09-04T15:50:41Z,Coinbase,2,,,engine/technical/README.md,
SOL,crypto,tecnico,sma20,71.989,,EUR,2026-04-12,2026-09-04T15:50:41Z,Coinbase,2,,,engine/technical/README.md,
SOL,crypto,tecnico,sma20,71.7615,,EUR,2026-04-13,2026-09-04T15:50:41Z,Coinbase,2,,,engine/technical/README.md,
SOL,crypto,tecnico,sma20,71.344,,EUR,2026-04-14,2026-09-04T15:50:41Z,Coinbase,2,,,engine/technical/README.md,
SOL,crypto,tecnico,sma20,71.1905,,EUR,2026-04-15,2026-09-04T15:50:41Z,Coinbase,2,,,engine/technical/README.md,
SOL,crypto,tecnico,sma20,71.3615,,EUR,2026-04-16,2026-09-04T15:50:41Z,Coinbase,2,,,engine/technical/README.md,
SOL,crypto,tecnico,sma20,71.569,,EUR,2026-04-17,2026-09-04T15:50:41Z,Coinbase,2,,,engine/technical/README.md,
SOL,crypto,tecnico,sma20,71.687,,EUR,2026-04-18,2026-09-04T15:50:41Z,Coinbase,2,,,engine/technical/README.md,
SOL,crypto,tecnico,sma20,71.644,,EUR,2026-04-19,2026-09-04T15:50:41Z,Coinbase,2,,,engine/technical/README.md,
SOL,crypto,tecnico,sma20,71.673,,EUR,2026-04-20,2026-09-04T15:50:41Z,Coinbase,2,,,engine/technical/README.md,
SOL,crypto,tecnico,sma20,71.839,,EUR,2026-04-21,2026-09-04T15:50:41Z,Coinbase,2,,,engine/technical/README.md,
SOL,crypto,tecnico,sma20,72.129,,EUR,2026-04-22,2026-09-04T15:50:41Z,Coinbase,2,,,engine/technical/README.md,
SOL,crypto,tecnico,sma20,72.3275,,EUR,2026-04-23,2026-09-04T15:50:41Z,Coinbase,2,,,engine/technical/README.md,
SOL,crypto,tecnico,sma20,72.496,,EUR,2026-04-24,2026-09-04T15:50:41Z,Coinbase,2,,,engine/technical/README.md,
SOL,crypto,tecnico,sma20,72.62,,EUR,2026-04-25,2026-09-04T15:50:41Z,Coinbase,2,,,engine/technical/README.md,
SOL,crypto,tecnico,sma20,72.8725,,EUR,2026-04-26,2026-09-04T15:50:41Z,Coinbase,2,,,engine/technical/README.md,
SOL,crypto,tecnico,sma20,72.8275,,EUR,2026-04-27,2026-09-04T15:50:41Z,Coinbase,2,,,engine/technical/README.md,
SOL,crypto,tecnico,sma20,72.8715,,EUR,2026-04-28,2026-09-04T15:50:41Z,Coinbase,2,,,engine/technical/README.md,
SOL,crypto,tecnico,sma20,72.862,,EUR,2026-04-29,2026-09-04T15:50:41Z,Coinbase,2,,,engine/technical/README.md,
SOL,crypto,tecnico,sma20,72.784,,EUR,2026-04-30,2026-09-04T15:50:41Z,Coinbase,2,,,engine/technical/README.md,
SOL,crypto,tecnico,sma20,72.7305,,EUR,2026-05-01,2026-09-04T15:50:41Z,Coinbase,2,,,engine/technical/README.md,
SOL,crypto,tecnico,sma20,72.8325,,EUR,2026-05-02,2026-09-04T15:50:41Z,Coinbase,2,,,engine/technical/README.md,
SOL,crypto,tecnico,sma20,72.727,,EUR,2026-05-03,2026-09-04T15:50:41Z,Coinbase,2,,,engine/technical/README.md,
SOL,crypto,tecnico,sma20,72.7745,,EUR,2026-05-04,2026-09-04T15:50:41Z,Coinbase,2,,,engine/technical/README.md,
SOL,crypto,tecnico,sma20,72.8635,,EUR,2026-05-05,2026-09-04T15:50:41Z,Coinbase,2,,,engine/technical/README.md,
SOL,crypto,tecnico,sma20,72.8765,,EUR,2026-05-06,2026-09-04T15:50:41Z,Coinbase,2,,,engine/technical/README.md,
SOL,crypto,tecnico,sma20,72.8685,,EUR,2026-05-07,2026-09-04T15:50:41Z,Coinbase,2,,,engine/technical/README.md,
SOL,crypto,tecnico,sma20,73.11,,EUR,2026-05-08,2026-09-04T15:50:41Z,Coinbase,2,,,engine/technical/README.md,
SOL,crypto,tecnico,sma20,73.504,,EUR,2026-05-09,2026-09-04T15:50:41Z,Coinbase,2,,,engine/technical/README.md,
SOL,crypto,tecnico,sma20,73.9795,,EUR,2026-05-10,2026-09-04T15:50:41Z,Coinbase,2,,,engine/technical/README.md,
SOL,crypto,tecnico,sma20,74.446,,EUR,2026-05-11,2026-09-04T15:50:41Z,Coinbase,2,,,engine/technical/README.md,
SOL,crypto,tecnico,sma20,74.7515,,EUR,2026-05-12,2026-09-04T15:50:41Z,Coinbase,2,,,engine/technical/README.md,
SOL,crypto,tecnico,sma20,74.9565,,EUR,2026-05-13,2026-09-04T15:50:41Z,Coinbase,2,,,engine/technical/README.md,
SOL,crypto,tecnico,sma20,75.2285,,EUR,2026-05-14,2026-09-04T15:50:41Z,Coinbase,2,,,engine/technical/README.md,
SOL,crypto,tecnico,sma20,75.3865,,EUR,2026-05-15,2026-09-04T15:50:41Z,Coinbase,2,,,engine/technical/README.md,
SOL,crypto,tecnico,sma20,75.396,,EUR,2026-05-16,2026-09-04T15:50:41Z,Coinbase,2,,,engine/technical/README.md,
SOL,crypto,tecnico,sma20,75.4485,,EUR,2026-05-17,2026-09-04T15:50:41Z,Coinbase,2,,,engine/technical/README.md,
SOL,crypto,tecnico,sma20,75.5215,,EUR,2026-05-18,2026-09-04T15:50:41Z,Coinbase,2,,,engine/technical/README.md,
SOL,crypto,tecnico,sma20,75.595,,EUR,2026-05-19,2026-09-04T15:50:41Z,Coinbase,2,,,engine/technical/README.md,
SOL,crypto,tecnico,sma20,75.757,,EUR,2026-05-20,2026-09-04T15:50:41Z,Coinbase,2,,,engine/technical/README.md,
SOL,crypto,tecnico,sma20,75.94,,EUR,2026-05-21,2026-09-04T15:50:41Z,Coinbase,2,,,engine/technical/README.md,
SOL,crypto,tecnico,sma20,75.98,,EUR,2026-05-22,2026-09-04T15:50:41Z,Coinbase,2,,,engine/technical/README.md,
SOL,crypto,tecnico,sma20,76.096,,EUR,2026-05-23,2026-09-04T15:50:41Z,Coinbase,2,,,engine/technical/README.md,
SOL,crypto,tecnico,sma20,76.1575,,EUR,2026-05-24,2026-09-04T15:50:41Z,Coinbase,2,,,engine/technical/README.md,
SOL,crypto,tecnico,sma20,76.124,,EUR,2026-05-25,2026-09-04T15:50:41Z,Coinbase,2,,,engine/technical/README.md,
SOL,crypto,tecnico,sma20,75.9225,,EUR,2026-05-26,2026-09-04T15:50:41Z,Coinbase,2,,,engine/technical/README.md,
SOL,crypto,tecnico,sma20,75.6975,,EUR,2026-05-27,2026-09-04T15:50:41Z,Coinbase,2,,,engine/technical/README.md,
SOL,crypto,tecnico,sma20,75.313,,EUR,2026-05-28,2026-09-04T15:50:41Z,Coinbase,2,,,engine/technical/README.md,
SOL,crypto,tecnico,sma20,74.8755,,EUR,2026-05-29,2026-09-04T15:50:41Z,Coinbase,2,,,engine/technical/README.md,
SOL,crypto,tecnico,sma20,74.3215,,EUR,2026-05-30,2026-09-04T15:50:41Z,Coinbase,2,,,engine/technical/README.md,
SOL,crypto,tecnico,sma20,73.7245,,EUR,2026-05-31,2026-09-04T15:50:41Z,Coinbase,2,,,engine/technical/README.md,
SOL,crypto,tecnico,sma20,73.195,,EUR,2026-06-01,2026-09-04T15:50:41Z,Coinbase,2,,,engine/technical/README.md,
SOL,crypto,tecnico,sma20,72.4915,,EUR,2026-06-02,2026-09-04T15:50:41Z,Coinbase,2,,,engine/technical/README.md,
SOL,crypto,tecnico,sma20,71.6225,,EUR,2026-06-03,2026-09-04T15:50:41Z,Coinbase,2,,,engine/technical/README.md,
SOL,crypto,tecnico,sma20,70.7485,,EUR,2026-06-04,2026-09-04T15:50:41Z,Coinbase,2,,,engine/technical/README.md,
SOL,crypto,tecnico,sma20,69.787,,EUR,2026-06-05,2026-09-04T15:50:41Z,Coinbase,2,,,engine/technical/README.md,
SOL,crypto,tecnico,sma20,68.8235,,EUR,2026-06-06,2026-09-04T15:50:41Z,Coinbase,2,,,engine/technical/README.md,
SOL,crypto,tecnico,sma20,68.0495,,EUR,2026-06-07,2026-09-04T15:50:41Z,Coinbase,2,,,engine/technical/README.md,
SOL,crypto,tecnico,sma20,67.3185,,EUR,2026-06-08,2026-09-04T15:50:41Z,Coinbase,2,,,engine/technical/README.md,
SOL,crypto,tecnico,sma20,66.4315,,EUR,2026-06-09,2026-09-04T15:50:41Z,Coinbase,2,,,engine/technical/README.md,
SOL,crypto,tecnico,sma20,65.413,,EUR,2026-06-10,2026-09-04T15:50:41Z,Coinbase,2,,,engine/technical/README.md,
SOL,crypto,tecnico,sma20,64.6685,,EUR,2026-06-11,2026-09-04T15:50:41Z,Coinbase,2,,,engine/technical/README.md,
SOL,crypto,tecnico,sma20,63.865,,EUR,2026-06-12,2026-09-04T15:50:41Z,Coinbase,2,,,engine/technical/README.md,
SOL,crypto,tecnico,sma20,63.189,,EUR,2026-06-13,2026-09-04T15:50:41Z,Coinbase,2,,,engine/technical/README.md,
SOL,crypto,tecnico,sma20,62.608,,EUR,2026-06-14,2026-09-04T15:50:41Z,Coinbase,2,,,engine/technical/README.md,
SOL,crypto,tecnico,sma20,62.204,,EUR,2026-06-15,2026-09-04T15:50:41Z,Coinbase,2,,,engine/technical/README.md,
SOL,crypto,tecnico,sma20,61.828,,EUR,2026-06-16,2026-09-04T15:50:41Z,Coinbase,2,,,engine/technical/README.md,
SOL,crypto,tecnico,sma20,61.435,,EUR,2026-06-17,2026-09-04T15:50:41Z,Coinbase,2,,,engine/technical/README.md,
SOL,crypto,tecnico,sma20,60.959,,EUR,2026-06-18,2026-09-04T15:50:41Z,Coinbase,2,,,engine/technical/README.md,
SOL,crypto,tecnico,sma20,60.455,,EUR,2026-06-19,2026-09-04T15:50:41Z,Coinbase,2,,,engine/technical/README.md,
SOL,crypto,tecnico,sma20,60.111,,EUR,2026-06-20,2026-09-04T15:50:41Z,Coinbase,2,,,engine/technical/README.md,
SOL,crypto,tecnico,sma20,59.781,,EUR,2026-06-21,2026-09-04T15:50:41Z,Coinbase,2,,,engine/technical/README.md,
SOL,crypto,tecnico,sma20,59.7365,,EUR,2026-06-22,2026-09-04T15:50:41Z,Coinbase,2,,,engine/technical/README.md,
SOL,crypto,tecnico,sma20,59.7135,,EUR,2026-06-23,2026-09-04T15:50:41Z,Coinbase,2,,,engine/technical/README.md,
SOL,crypto,tecnico,sma20,59.7425,,EUR,2026-06-24,2026-09-04T15:50:41Z,Coinbase,2,,,engine/technical/README.md,
SOL,crypto,tecnico,sma20,59.955,,EUR,2026-06-25,2026-09-04T15:50:41Z,Coinbase,2,,,engine/technical/README.md,
SOL,crypto,tecnico,sma20,60.4045,,EUR,2026-06-26,2026-09-04T15:50:41Z,Coinbase,2,,,engine/technical/README.md,
SOL,crypto,tecnico,sma20,60.6105,,EUR,2026-06-27,2026-09-04T15:50:41Z,Coinbase,2,,,engine/technical/README.md,
SOL,crypto,tecnico,sma20,60.842,,EUR,2026-06-28,2026-09-04T15:50:41Z,Coinbase,2,,,engine/technical/README.md,
SOL,crypto,tecnico,sma20,61.3125,,EUR,2026-06-29,2026-09-04T15:50:41Z,Coinbase,2,,,engine/technical/README.md,
SOL,crypto,tecnico,sma20,61.7985,,EUR,2026-06-30,2026-09-04T15:50:41Z,Coinbase,2,,,engine/technical/README.md,
SOL,crypto,tecnico,sma20,62.3085,,EUR,2026-07-01,2026-09-04T15:50:41Z,Coinbase,2,,,engine/technical/README.md,
SOL,crypto,tecnico,sma20,62.9495,,EUR,2026-07-02,2026-09-04T15:50:41Z,Coinbase,2,,,engine/technical/README.md,
SOL,crypto,tecnico,sma20,63.567,,EUR,2026-07-03,2026-09-04T15:50:41Z,Coinbase,2,,,engine/technical/README.md,
SOL,crypto,tecnico,sma20,64.071,,EUR,2026-07-04,2026-09-04T15:50:41Z,Coinbase,2,,,engine/technical/README.md,
SOL,crypto,tecnico,sma20,64.4455,,EUR,2026-07-05,2026-09-04T15:50:41Z,Coinbase,2,,,engine/technical/README.md,
SOL,crypto,tecnico,sma20,64.8575,,EUR,2026-07-06,2026-09-04T15:50:41Z,Coinbase,2,,,engine/technical/README.md,
SOL,crypto,tecnico,sma20,65.261,,EUR,2026-07-07,2026-09-04T15:50:41Z,Coinbase,2,,,engine/technical/README.md,
SOL,crypto,tecnico,sma20,65.628,,EUR,2026-07-08,2026-09-04T15:50:41Z,Coinbase,2,,,engine/technical/README.md,
SOL,crypto,tecnico,sma20,66.0005,,EUR,2026-07-09,2026-09-04T15:50:41Z,Coinbase,2,,,engine/technical/README.md,
SOL,crypto,tecnico,sma20,66.23,,EUR,2026-07-10,2026-09-04T15:50:41Z,Coinbase,2,,,engine/technical/README.md,
SOL,crypto,tecnico,sma20,66.4325,,EUR,2026-07-11,2026-09-04T15:50:41Z,Coinbase,2,,,engine/technical/README.md,
SOL,crypto,tecnico,sma20,66.6585,,EUR,2026-07-12,2026-09-04T15:50:41Z,Coinbase,2,,,engine/technical/README.md,
SOL,crypto,tecnico,sma20,66.8915,,EUR,2026-07-13,2026-09-04T15:50:41Z,Coinbase,2,,,engine/technical/README.md,
SOL,crypto,tecnico,sma20,67.304,,EUR,2026-07-14,2026-09-04T15:50:41Z,Coinbase,2,,,engine/technical/README.md,
SOL,crypto,tecnico,sma20,67.6965,,EUR,2026-07-15,2026-09-04T15:50:41Z,Coinbase,2,,,engine/technical/README.md,
SOL,crypto,tecnico,sma20,67.8305,,EUR,2026-07-16,2026-09-04T15:50:41Z,Coinbase,2,,,engine/technical/README.md,
SOL,crypto,tecnico,sma20,68.0175,,EUR,2026-07-17,2026-09-04T15:50:41Z,Coinbase,2,,,engine/technical/README.md,
SOL,crypto,tecnico,sma20,68.191,,EUR,2026-07-18,2026-09-04T15:50:41Z,Coinbase,2,,,engine/technical/README.md,
SOL,crypto,tecnico,sma20,68.2405,,EUR,2026-07-19,2026-09-04T15:50:41Z,Coinbase,2,,,engine/technical/README.md,
SOL,crypto,tecnico,sma20,68.4225,,EUR,2026-07-20,2026-09-04T15:50:41Z,Coinbase,2,,,engine/technical/README.md,
SOL,crypto,tecnico,sma20,68.4485,,EUR,2026-07-21,2026-09-04T15:50:41Z,Coinbase,2,,,engine/technical/README.md,
SOL,crypto,tecnico,sma20,68.335,,EUR,2026-07-22,2026-09-04T15:50:41Z,Coinbase,2,,,engine/technical/README.md,
SOL,crypto,tecnico,sma20,68.069,,EUR,2026-07-23,2026-09-04T15:50:41Z,Coinbase,2,,,engine/technical/README.md,
SOL,crypto,tecnico,sma20,67.745,,EUR,2026-07-24,2026-09-04T15:50:41Z,Coinbase,2,,,engine/technical/README.md,
SOL,crypto,tecnico,sma20,67.458,,EUR,2026-07-25,2026-09-04T15:50:41Z,Coinbase,2,,,engine/technical/README.md,
SOL,crypto,tecnico,sma20,67.2445,,EUR,2026-07-26,2026-09-04T15:50:41Z,Coinbase,2,,,engine/technical/README.md,
SOL,crypto,tecnico,sma20,66.9745,,EUR,2026-07-27,2026-09-04T15:50:41Z,Coinbase,2,,,engine/technical/README.md,
SOL,crypto,tecnico,sma20,66.807,,EUR,2026-07-28,2026-09-04T15:50:41Z,Coinbase,2,,,engine/technical/README.md,
SOL,crypto,tecnico,sma20,66.6065,,EUR,2026-07-29,2026-09-04T15:50:41Z,Coinbase,2,,,engine/technical/README.md,
SOL,crypto,tecnico,sma20,66.418,,EUR,2026-07-30,2026-09-04T15:50:41Z,Coinbase,2,,,engine/technical/README.md,
SOL,crypto,tecnico,sma20,66.2165,,EUR,2026-07-31,2026-09-04T15:50:41Z,Coinbase,2,,,engine/technical/README.md,
SOL,crypto,tecnico,sma20,65.964,,EUR,2026-08-01,2026-09-04T15:50:41Z,Coinbase,2,,,engine/technical/README.md,
SOL,crypto,tecnico,sma20,65.8595,,EUR,2026-08-02,2026-09-04T15:50:41Z,Coinbase,2,,,engine/technical/README.md,
SOL,crypto,tecnico,sma20,65.647,,EUR,2026-08-03,2026-09-04T15:50:41Z,Coinbase,2,,,engine/technical/README.md,
SOL,crypto,tecnico,sma20,65.4745,,EUR,2026-08-04,2026-09-04T15:50:41Z,Coinbase,2,,,engine/technical/README.md,
SOL,crypto,tecnico,sma20,65.3865,,EUR,2026-08-05,2026-09-04T15:50:41Z,Coinbase,2,,,engine/technical/README.md,
SOL,crypto,tecnico,sma20,65.2595,,EUR,2026-08-06,2026-09-04T15:50:41Z,Coinbase,2,,,engine/technical/README.md,
SOL,crypto,tecnico,sma20,65.143,,EUR,2026-08-07,2026-09-04T15:50:41Z,Coinbase,2,,,engine/technical/README.md,
SOL,crypto,tecnico,sma20,65.0945,,EUR,2026-08-08,2026-09-04T15:50:41Z,Coinbase,2,,,engine/technical/README.md,
SOL,crypto,tecnico,sma20,64.9855,,EUR,2026-08-09,2026-09-04T15:50:41Z,Coinbase,2,,,engine/technical/README.md,
SOL,crypto,tecnico,sma20,64.8485,,EUR,2026-08-10,2026-09-04T15:50:41Z,Coinbase,2,,,engine/technical/README.md,
SOL,crypto,tecnico,sma20,64.735,,EUR,2026-08-11,2026-09-04T15:50:41Z,Coinbase,2,,,engine/technical/README.md,
SOL,crypto,tecnico,sma20,64.6795,,EUR,2026-08-12,2026-09-04T15:50:41Z,Coinbase,2,,,engine/technical/README.md,
SOL,crypto,tecnico,sma20,64.7335,,EUR,2026-08-13,2026-09-04T15:50:41Z,Coinbase,2,,,engine/technical/README.md,
SOL,crypto,tecnico,sma20,64.714,,EUR,2026-08-14,2026-09-04T15:50:41Z,Coinbase,2,,,engine/technical/README.md,
SOL,crypto,tecnico,sma20,64.6035,,EUR,2026-08-15,2026-09-04T15:50:41Z,Coinbase,2,,,engine/technical/README.md,
SOL,crypto,tecnico,sma20,64.5615,,EUR,2026-08-16,2026-09-04T15:50:41Z,Coinbase,2,,,engine/technical/README.md,
SOL,crypto,tecnico,sma20,64.6025,,EUR,2026-08-17,2026-09-04T15:50:41Z,Coinbase,2,,,engine/technical/README.md,
SOL,crypto,tecnico,sma20,64.719,,EUR,2026-08-18,2026-09-04T15:50:41Z,Coinbase,2,,,engine/technical/README.md,
SOL,crypto,tecnico,sma20,65.1405,,EUR,2026-08-19,2026-09-04T15:50:41Z,Coinbase,2,,,engine/technical/README.md,
SOL,crypto,tecnico,sma20,65.7315,,EUR,2026-08-20,2026-09-04T15:50:41Z,Coinbase,2,,,engine/technical/README.md,
SOL,crypto,tecnico,sma20,66.619,,EUR,2026-08-21,2026-09-04T15:50:41Z,Coinbase,2,,,engine/technical/README.md,
SOL,crypto,tecnico,sma20,67.4365,,EUR,2026-08-22,2026-09-04T15:50:41Z,Coinbase,2,,,engine/technical/README.md,
SOL,crypto,tecnico,sma20,68.3235,,EUR,2026-08-23,2026-09-04T15:50:41Z,Coinbase,2,,,engine/technical/README.md,
SOL,crypto,tecnico,sma20,69.3705,,EUR,2026-08-24,2026-09-04T15:50:41Z,Coinbase,2,,,engine/technical/README.md,
SOL,crypto,tecnico,sma20,70.303,,EUR,2026-08-25,2026-09-04T15:50:41Z,Coinbase,2,,,engine/technical/README.md,
SOL,crypto,tecnico,sma20,71.527,,EUR,2026-08-26,2026-09-04T15:50:41Z,Coinbase,2,,,engine/technical/README.md,
SOL,crypto,tecnico,sma20,73.027,,EUR,2026-08-27,2026-09-04T15:50:41Z,Coinbase,2,,,engine/technical/README.md,
SOL,crypto,tecnico,sma20,74.233,,EUR,2026-08-28,2026-09-04T15:50:41Z,Coinbase,2,,,engine/technical/README.md,
SOL,crypto,tecnico,sma20,75.4965,,EUR,2026-08-29,2026-09-04T15:50:41Z,Coinbase,2,,,engine/technical/README.md,
SOL,crypto,tecnico,sma20,76.599,,EUR,2026-08-30,2026-09-04T15:50:41Z,Coinbase,2,,,engine/technical/README.md,
SOL,crypto,tecnico,sma20,77.731,,EUR,2026-08-31,2026-09-04T15:50:41Z,Coinbase,2,,,engine/technical/README.md,
SOL,crypto,tecnico,sma20,78.7655,,EUR,2026-09-01,2026-09-04T15:50:41Z,Coinbase,2,,,engine/technical/README.md,
SOL,crypto,tecnico,sma20,79.7915,,EUR,2026-09-02,2026-09-04T15:50:41Z,Coinbase,2,,,engine/technical/README.md,
SOL,crypto,tecnico,sma20,79.761,,EUR,2026-09-03,2026-09-03T12:15:39Z,Kraken,2,100,,engine/technical/README.md,
SOL,crypto,tecnico,sma20,82.242,,EUR,2026-09-04,2026-09-04T10:11:47Z,Kraken,2,100,,engine/technical/README.md,
SOL,crypto,tecnico,sma200,148.38775,,EUR,2026-01-01,2026-09-04T15:50:41Z,Coinbase,2,,,engine/technical/README.md,
SOL,crypto,tecnico,sma200,148.3005,,EUR,2026-01-02,2026-09-04T15:50:41Z,Coinbase,2,,,engine/technical/README.md,
SOL,crypto,tecnico,sma200,148.22765,,EUR,2026-01-03,2026-09-04T15:50:41Z,Coinbase,2,,,engine/technical/README.md,
SOL,crypto,tecnico,sma200,148.1625,,EUR,2026-01-04,2026-09-04T15:50:41Z,Coinbase,2,,,engine/technical/README.md,
SOL,crypto,tecnico,sma200,148.1126,,EUR,2026-01-05,2026-09-04T15:50:41Z,Coinbase,2,,,engine/technical/README.md,
SOL,crypto,tecnico,sma200,148.1083,,EUR,2026-01-06,2026-09-04T15:50:41Z,Coinbase,2,,,engine/technical/README.md,
SOL,crypto,tecnico,sma200,148.10405,,EUR,2026-01-07,2026-09-04T15:50:41Z,Coinbase,2,,,engine/technical/README.md,
SOL,crypto,tecnico,sma200,148.12435,,EUR,2026-01-08,2026-09-04T15:50:41Z,Coinbase,2,,,engine/technical/README.md,
SOL,crypto,tecnico,sma200,148.08485,,EUR,2026-01-09,2026-09-04T15:50:41Z,Coinbase,2,,,engine/technical/README.md,
SOL,crypto,tecnico,sma200,148.0401,,EUR,2026-01-10,2026-09-04T15:50:41Z,Coinbase,2,,,engine/technical/README.md,
SOL,crypto,tecnico,sma200,148.0252,,EUR,2026-01-11,2026-09-04T15:50:41Z,Coinbase,2,,,engine/technical/README.md,
SOL,crypto,tecnico,sma200,148.0262,,EUR,2026-01-12,2026-09-04T15:50:41Z,Coinbase,2,,,engine/technical/README.md,
SOL,crypto,tecnico,sma200,148.0438,,EUR,2026-01-13,2026-09-04T15:50:41Z,Coinbase,2,,,engine/technical/README.md,
SOL,crypto,tecnico,sma200,148.0301,,EUR,2026-01-14,2026-09-04T15:50:41Z,Coinbase,2,,,engine/technical/README.md,
SOL,crypto,tecnico,sma200,147.9896,,EUR,2026-01-15,2026-09-04T15:50:41Z,Coinbase,2,,,engine/technical/README.md,
SOL,crypto,tecnico,sma200,147.95705,,EUR,2026-01-16,2026-09-04T15:50:41Z,Coinbase,2,,,engine/technical/README.md,
SOL,crypto,tecnico,sma200,147.95475,,EUR,2026-01-17,2026-09-04T15:50:41Z,Coinbase,2,,,engine/technical/README.md,
SOL,crypto,tecnico,sma200,147.90195,,EUR,2026-01-18,2026-09-04T15:50:41Z,Coinbase,2,,,engine/technical/README.md,
SOL,crypto,tecnico,sma200,147.8274,,EUR,2026-01-19,2026-09-04T15:50:41Z,Coinbase,2,,,engine/technical/README.md,
SOL,crypto,tecnico,sma200,147.7358,,EUR,2026-01-20,2026-09-04T15:50:41Z,Coinbase,2,,,engine/technical/README.md,
SOL,crypto,tecnico,sma200,147.66315,,EUR,2026-01-21,2026-09-04T15:50:41Z,Coinbase,2,,,engine/technical/README.md,
SOL,crypto,tecnico,sma200,147.5642,,EUR,2026-01-22,2026-09-04T15:50:41Z,Coinbase,2,,,engine/technical/README.md,
SOL,crypto,tecnico,sma200,147.46855,,EUR,2026-01-23,2026-09-04T15:50:41Z,Coinbase,2,,,engine/technical/README.md,
SOL,crypto,tecnico,sma200,147.3588,,EUR,2026-01-24,2026-09-04T15:50:41Z,Coinbase,2,,,engine/technical/README.md,
SOL,crypto,tecnico,sma200,147.18975,,EUR,2026-01-25,2026-09-04T15:50:41Z,Coinbase,2,,,engine/technical/README.md,
SOL,crypto,tecnico,sma200,147.0119,,EUR,2026-01-26,2026-09-04T15:50:41Z,Coinbase,2,,,engine/technical/README.md,
SOL,crypto,tecnico,sma200,146.84645,,EUR,2026-01-27,2026-09-04T15:50:41Z,Coinbase,2,,,engine/technical/README.md,
SOL,crypto,tecnico,sma200,146.6856,,EUR,2026-01-28,2026-09-04T15:50:41Z,Coinbase,2,,,engine/technical/README.md,
SOL,crypto,tecnico,sma200,146.49,,EUR,2026-01-29,2026-09-04T15:50:41Z,Coinbase,2,,,engine/technical/README.md,
SOL,crypto,tecnico,sma200,146.2911,,EUR,2026-01-30,2026-09-04T15:50:41Z,Coinbase,2,,,engine/technical/README.md,
SOL,crypto,tecnico,sma200,146.03115,,EUR,2026-01-31,2026-09-04T15:50:41Z,Coinbase,2,,,engine/technical/README.md,
SOL,crypto,tecnico,sma200,145.70965,,EUR,2026-02-01,2026-09-04T15:50:41Z,Coinbase,2,,,engine/technical/README.md,
SOL,crypto,tecnico,sma200,145.39585,,EUR,2026-02-02,2026-09-04T15:50:41Z,Coinbase,2,,,engine/technical/README.md,
SOL,crypto,tecnico,sma200,145.04745,,EUR,2026-02-03,2026-09-04T15:50:41Z,Coinbase,2,,,engine/technical/README.md,
SOL,crypto,tecnico,sma200,144.67555,,EUR,2026-02-04,2026-09-04T15:50:41Z,Coinbase,2,,,engine/technical/README.md,
SOL,crypto,tecnico,sma200,144.2278,,EUR,2026-02-05,2026-09-04T15:50:41Z,Coinbase,2,,,engine/technical/README.md,
SOL,crypto,tecnico,sma200,143.7618,,EUR,2026-02-06,2026-09-04T15:50:41Z,Coinbase,2,,,engine/technical/README.md,
SOL,crypto,tecnico,sma200,143.25725,,EUR,2026-02-07,2026-09-04T15:50:41Z,Coinbase,2,,,engine/technical/README.md,
SOL,crypto,tecnico,sma200,142.82155,,EUR,2026-02-08,2026-09-04T15:50:41Z,Coinbase,2,,,engine/technical/README.md,
SOL,crypto,tecnico,sma200,142.4075,,EUR,2026-02-09,2026-09-04T15:50:41Z,Coinbase,2,,,engine/technical/README.md,
SOL,crypto,tecnico,sma200,141.9619,,EUR,2026-02-10,2026-09-04T15:50:41Z,Coinbase,2,,,engine/technical/README.md,
SOL,crypto,tecnico,sma200,141.50865,,EUR,2026-02-11,2026-09-04T15:50:41Z,Coinbase,2,,,engine/technical/README.md,
SOL,crypto,tecnico,sma200,141.0366,,EUR,2026-02-12,2026-09-04T15:50:41Z,Coinbase,2,,,engine/technical/README.md,
SOL,crypto,tecnico,sma200,140.6024,,EUR,2026-02-13,2026-09-04T15:50:41Z,Coinbase,2,,,engine/technical/README.md,
SOL,crypto,tecnico,sma200,140.18835,,EUR,2026-02-14,2026-09-04T15:50:41Z,Coinbase,2,,,engine/technical/README.md,
SOL,crypto,tecnico,sma200,139.77385,,EUR,2026-02-15,2026-09-04T15:50:41Z,Coinbase,2,,,engine/technical/README.md,
SOL,crypto,tecnico,sma200,139.38465,,EUR,2026-02-16,2026-09-04T15:50:41Z,Coinbase,2,,,engine/technical/README.md,
SOL,crypto,tecnico,sma200,139.04085,,EUR,2026-02-17,2026-09-04T15:50:41Z,Coinbase,2,,,engine/technical/README.md,
SOL,crypto,tecnico,sma200,138.70255,,EUR,2026-02-18,2026-09-04T15:50:41Z,Coinbase,2,,,engine/technical/README.md,
SOL,crypto,tecnico,sma200,138.3526,,EUR,2026-02-19,2026-09-04T15:50:41Z,Coinbase,2,,,engine/technical/README.md,
SOL,crypto,tecnico,sma200,137.9802,,EUR,2026-02-20,2026-09-04T15:50:41Z,Coinbase,2,,,engine/technical/README.md,
SOL,crypto,tecnico,sma200,137.63305,,EUR,2026-02-21,2026-09-04T15:50:41Z,Coinbase,2,,,engine/technical/README.md,
SOL,crypto,tecnico,sma200,137.2618,,EUR,2026-02-22,2026-09-04T15:50:41Z,Coinbase,2,,,engine/technical/README.md,
SOL,crypto,tecnico,sma200,136.8416,,EUR,2026-02-23,2026-09-04T15:50:41Z,Coinbase,2,,,engine/technical/README.md,
SOL,crypto,tecnico,sma200,136.4186,,EUR,2026-02-24,2026-09-04T15:50:41Z,Coinbase,2,,,engine/technical/README.md,
SOL,crypto,tecnico,sma200,136.02155,,EUR,2026-02-25,2026-09-04T15:50:41Z,Coinbase,2,,,engine/technical/README.md,
SOL,crypto,tecnico,sma200,135.60205,,EUR,2026-02-26,2026-09-04T15:50:41Z,Coinbase,2,,,engine/technical/README.md,
SOL,crypto,tecnico,sma200,135.196,,EUR,2026-02-27,2026-09-04T15:50:41Z,Coinbase,2,,,engine/technical/README.md,
SOL,crypto,tecnico,sma200,134.7334,,EUR,2026-02-28,2026-09-04T15:50:41Z,Coinbase,2,,,engine/technical/README.md,
SOL,crypto,tecnico,sma200,134.23235,,EUR,2026-03-01,2026-09-04T15:50:41Z,Coinbase,2,,,engine/technical/README.md,
SOL,crypto,tecnico,sma200,133.776,,EUR,2026-03-02,2026-09-04T15:50:41Z,Coinbase,2,,,engine/technical/README.md,
SOL,crypto,tecnico,sma200,133.35615,,EUR,2026-03-03,2026-09-04T15:50:41Z,Coinbase,2,,,engine/technical/README.md,
SOL,crypto,tecnico,sma200,132.9355,,EUR,2026-03-04,2026-09-04T15:50:41Z,Coinbase,2,,,engine/technical/README.md,
SOL,crypto,tecnico,sma200,132.50205,,EUR,2026-03-05,2026-09-04T15:50:41Z,Coinbase,2,,,engine/technical/README.md,
SOL,crypto,tecnico,sma200,132.0826,,EUR,2026-03-06,2026-09-04T15:50:41Z,Coinbase,2,,,engine/technical/README.md,
SOL,crypto,tecnico,sma200,131.684,,EUR,2026-03-07,2026-09-04T15:50:41Z,Coinbase,2,,,engine/technical/README.md,
SOL,crypto,tecnico,sma200,131.23195,,EUR,2026-03-08,2026-09-04T15:50:41Z,Coinbase,2,,,engine/technical/README.md,
SOL,crypto,tecnico,sma200,130.8216,,EUR,2026-03-09,2026-09-04T15:50:41Z,Coinbase,2,,,engine/technical/README.md,
SOL,crypto,tecnico,sma200,130.3399,,EUR,2026-03-10,2026-09-04T15:50:41Z,Coinbase,2,,,engine/technical/README.md,
SOL,crypto,tecnico,sma200,129.8488,,EUR,2026-03-11,2026-09-04T15:50:41Z,Coinbase,2,,,engine/technical/README.md,
SOL,crypto,tecnico,sma200,129.3465,,EUR,2026-03-12,2026-09-04T15:50:41Z,Coinbase,2,,,engine/technical/README.md,
SOL,crypto,tecnico,sma200,128.9273,,EUR,2026-03-13,2026-09-04T15:50:41Z,Coinbase,2,,,engine/technical/README.md,
SOL,crypto,tecnico,sma200,128.4715,,EUR,2026-03-14,2026-09-04T15:50:41Z,Coinbase,2,,,engine/technical/README.md,
SOL,crypto,tecnico,sma200,128.00375,,EUR,2026-03-15,2026-09-04T15:50:41Z,Coinbase,2,,,engine/technical/README.md,
SOL,crypto,tecnico,sma200,127.50475,,EUR,2026-03-16,2026-09-04T15:50:41Z,Coinbase,2,,,engine/technical/README.md,
SOL,crypto,tecnico,sma200,127.0364,,EUR,2026-03-17,2026-09-04T15:50:41Z,Coinbase,2,,,engine/technical/README.md,
SOL,crypto,tecnico,sma200,126.5611,,EUR,2026-03-18,2026-09-04T15:50:41Z,Coinbase,2,,,engine/technical/README.md,
SOL,crypto,tecnico,sma200,126.0866,,EUR,2026-03-19,2026-09-04T15:50:41Z,Coinbase,2,,,engine/technical/README.md,
SOL,crypto,tecnico,sma200,125.63225,,EUR,2026-03-20,2026-09-04T15:50:41Z,Coinbase,2,,,engine/technical/README.md,
SOL,crypto,tecnico,sma200,125.11035,,EUR,2026-03-21,2026-09-04T15:50:41Z,Coinbase,2,,,engine/technical/README.md,
SOL,crypto,tecnico,sma200,124.5792,,EUR,2026-03-22,2026-09-04T15:50:41Z,Coinbase,2,,,engine/technical/README.md,
SOL,crypto,tecnico,sma200,124.1043,,EUR,2026-03-23,2026-09-04T15:50:41Z,Coinbase,2,,,engine/technical/README.md,
SOL,crypto,tecnico,sma200,123.62675,,EUR,2026-03-24,2026-09-04T15:50:41Z,Coinbase,2,,,engine/technical/README.md,
SOL,crypto,tecnico,sma200,123.16795,,EUR,2026-03-25,2026-09-04T15:50:41Z,Coinbase,2,,,engine/technical/README.md,
SOL,crypto,tecnico,sma200,122.66155,,EUR,2026-03-26,2026-09-04T15:50:41Z,Coinbase,2,,,engine/technical/README.md,
SOL,crypto,tecnico,sma200,122.11245,,EUR,2026-03-27,2026-09-04T15:50:41Z,Coinbase,2,,,engine/technical/README.md,
SOL,crypto,tecnico,sma200,121.5415,,EUR,2026-03-28,2026-09-04T15:50:41Z,Coinbase,2,,,engine/technical/README.md,
SOL,crypto,tecnico,sma200,120.93855,,EUR,2026-03-29,2026-09-04T15:50:41Z,Coinbase,2,,,engine/technical/README.md,
SOL,crypto,tecnico,sma200,120.3235,,EUR,2026-03-30,2026-09-04T15:50:41Z,Coinbase,2,,,engine/technical/README.md,
SOL,crypto,tecnico,sma200,119.65115,,EUR,2026-03-31,2026-09-04T15:50:41Z,Coinbase,2,,,engine/technical/README.md,
SOL,crypto,tecnico,sma200,118.97085,,EUR,2026-04-01,2026-09-04T15:50:41Z,Coinbase,2,,,engine/technical/README.md,
SOL,crypto,tecnico,sma200,118.29005,,EUR,2026-04-02,2026-09-04T15:50:41Z,Coinbase,2,,,engine/technical/README.md,
SOL,crypto,tecnico,sma200,117.64285,,EUR,2026-04-03,2026-09-04T15:50:41Z,Coinbase,2,,,engine/technical/README.md,
SOL,crypto,tecnico,sma200,116.99555,,EUR,2026-04-04,2026-09-04T15:50:41Z,Coinbase,2,,,engine/technical/README.md,
SOL,crypto,tecnico,sma200,116.31585,,EUR,2026-04-05,2026-09-04T15:50:41Z,Coinbase,2,,,engine/technical/README.md,
SOL,crypto,tecnico,sma200,115.6118,,EUR,2026-04-06,2026-09-04T15:50:41Z,Coinbase,2,,,engine/technical/README.md,
SOL,crypto,tecnico,sma200,114.96185,,EUR,2026-04-07,2026-09-04T15:50:41Z,Coinbase,2,,,engine/technical/README.md,
SOL,crypto,tecnico,sma200,114.29545,,EUR,2026-04-08,2026-09-04T15:50:41Z,Coinbase,2,,,engine/technical/README.md,
SOL,crypto,tecnico,sma200,113.64475,,EUR,2026-04-09,2026-09-04T15:50:41Z,Coinbase,2,,,engine/technical/README.md,
SOL,crypto,tecnico,sma200,113.07265,,EUR,2026-04-10,2026-09-04T15:50:41Z,Coinbase,2,,,engine/technical/README.md,
SOL,crypto,tecnico,sma200,112.53235,,EUR,2026-04-11,2026-09-04T15:50:41Z,Coinbase,2,,,engine/technical/README.md,
SOL,crypto,tecnico,sma200,111.9798,,EUR,2026-04-12,2026-09-04T15:50:41Z,Coinbase,2,,,engine/technical/README.md,
SOL,crypto,tecnico,sma200,111.52145,,EUR,2026-04-13,2026-09-04T15:50:41Z,Coinbase,2,,,engine/technical/README.md,
SOL,crypto,tecnico,sma200,110.99915,,EUR,2026-04-14,2026-09-04T15:50:41Z,Coinbase,2,,,engine/technical/README.md,
SOL,crypto,tecnico,sma200,110.4879,,EUR,2026-04-15,2026-09-04T15:50:41Z,Coinbase,2,,,engine/technical/README.md,
SOL,crypto,tecnico,sma200,109.96465,,EUR,2026-04-16,2026-09-04T15:50:41Z,Coinbase,2,,,engine/technical/README.md,
SOL,crypto,tecnico,sma200,109.43505,,EUR,2026-04-17,2026-09-04T15:50:41Z,Coinbase,2,,,engine/technical/README.md,
SOL,crypto,tecnico,sma200,108.91065,,EUR,2026-04-18,2026-09-04T15:50:41Z,Coinbase,2,,,engine/technical/README.md,
SOL,crypto,tecnico,sma200,108.32045,,EUR,2026-04-19,2026-09-04T15:50:41Z,Coinbase,2,,,engine/technical/README.md,
SOL,crypto,tecnico,sma200,107.68155,,EUR,2026-04-20,2026-09-04T15:50:41Z,Coinbase,2,,,engine/technical/README.md,
SOL,crypto,tecnico,sma200,107.0577,,EUR,2026-04-21,2026-09-04T15:50:41Z,Coinbase,2,,,engine/technical/README.md,
SOL,crypto,tecnico,sma200,106.46005,,EUR,2026-04-22,2026-09-04T15:50:41Z,Coinbase,2,,,engine/technical/README.md,
SOL,crypto,tecnico,sma200,105.85685,,EUR,2026-04-23,2026-09-04T15:50:41Z,Coinbase,2,,,engine/technical/README.md,
SOL,crypto,tecnico,sma200,105.2345,,EUR,2026-04-24,2026-09-04T15:50:41Z,Coinbase,2,,,engine/technical/README.md,
SOL,crypto,tecnico,sma200,104.65845,,EUR,2026-04-25,2026-09-04T15:50:41Z,Coinbase,2,,,engine/technical/README.md,
SOL,crypto,tecnico,sma200,104.0441,,EUR,2026-04-26,2026-09-04T15:50:41Z,Coinbase,2,,,engine/technical/README.md,
SOL,crypto,tecnico,sma200,103.45045,,EUR,2026-04-27,2026-09-04T15:50:41Z,Coinbase,2,,,engine/technical/README.md,
SOL,crypto,tecnico,sma200,102.9883,,EUR,2026-04-28,2026-09-04T15:50:41Z,Coinbase,2,,,engine/technical/README.md,
SOL,crypto,tecnico,sma200,102.5684,,EUR,2026-04-29,2026-09-04T15:50:41Z,Coinbase,2,,,engine/technical/README.md,
SOL,crypto,tecnico,sma200,102.07125,,EUR,2026-04-30,2026-09-04T15:50:41Z,Coinbase,2,,,engine/technical/README.md,
SOL,crypto,tecnico,sma200,101.5245,,EUR,2026-05-01,2026-09-04T15:50:41Z,Coinbase,2,,,engine/technical/README.md,
SOL,crypto,tecnico,sma200,101.0102,,EUR,2026-05-02,2026-09-04T15:50:41Z,Coinbase,2,,,engine/technical/README.md,
SOL,crypto,tecnico,sma200,100.5347,,EUR,2026-05-03,2026-09-04T15:50:41Z,Coinbase,2,,,engine/technical/README.md,
SOL,crypto,tecnico,sma200,100.1039,,EUR,2026-05-04,2026-09-04T15:50:41Z,Coinbase,2,,,engine/technical/README.md,
SOL,crypto,tecnico,sma200,99.69065,,EUR,2026-05-05,2026-09-04T15:50:41Z,Coinbase,2,,,engine/technical/README.md,
SOL,crypto,tecnico,sma200,99.2642,,EUR,2026-05-06,2026-09-04T15:50:41Z,Coinbase,2,,,engine/technical/README.md,
SOL,crypto,tecnico,sma200,98.8344,,EUR,2026-05-07,2026-09-04T15:50:41Z,Coinbase,2,,,engine/technical/README.md,
SOL,crypto,tecnico,sma200,98.4101,,EUR,2026-05-08,2026-09-04T15:50:41Z,Coinbase,2,,,engine/technical/README.md,
SOL,crypto,tecnico,sma200,98.005,,EUR,2026-05-09,2026-09-04T15:50:41Z,Coinbase,2,,,engine/technical/README.md,
SOL,crypto,tecnico,sma200,97.6389,,EUR,2026-05-10,2026-09-04T15:50:41Z,Coinbase,2,,,engine/technical/README.md,
SOL,crypto,tecnico,sma200,97.22815,,EUR,2026-05-11,2026-09-04T15:50:41Z,Coinbase,2,,,engine/technical/README.md,
SOL,crypto,tecnico,sma200,96.7971,,EUR,2026-05-12,2026-09-04T15:50:41Z,Coinbase,2,,,engine/technical/README.md,
SOL,crypto,tecnico,sma200,96.35305,,EUR,2026-05-13,2026-09-04T15:50:41Z,Coinbase,2,,,engine/technical/README.md,
SOL,crypto,tecnico,sma200,95.88815,,EUR,2026-05-14,2026-09-04T15:50:41Z,Coinbase,2,,,engine/technical/README.md,
SOL,crypto,tecnico,sma200,95.4196,,EUR,2026-05-15,2026-09-04T15:50:41Z,Coinbase,2,,,engine/technical/README.md,
SOL,crypto,tecnico,sma200,94.95865,,EUR,2026-05-16,2026-09-04T15:50:41Z,Coinbase,2,,,engine/technical/README.md,
SOL,crypto,tecnico,sma200,94.49,,EUR,2026-05-17,2026-09-04T15:50:41Z,Coinbase,2,,,engine/technical/README.md,
SOL,crypto,tecnico,sma200,94.05855,,EUR,2026-05-18,2026-09-04T15:50:41Z,Coinbase,2,,,engine/technical/README.md,
SOL,crypto,tecnico,sma200,93.611,,EUR,2026-05-19,2026-09-04T15:50:41Z,Coinbase,2,,,engine/technical/README.md,
SOL,crypto,tecnico,sma200,93.1749,,EUR,2026-05-20,2026-09-04T15:50:41Z,Coinbase,2,,,engine/technical/README.md,
SOL,crypto,tecnico,sma200,92.73645,,EUR,2026-05-21,2026-09-04T15:50:41Z,Coinbase,2,,,engine/technical/README.md,
SOL,crypto,tecnico,sma200,92.37925,,EUR,2026-05-22,2026-09-04T15:50:41Z,Coinbase,2,,,engine/technical/README.md,
SOL,crypto,tecnico,sma200,92.0732,,EUR,2026-05-23,2026-09-04T15:50:41Z,Coinbase,2,,,engine/technical/README.md,
SOL,crypto,tecnico,sma200,91.7324,,EUR,2026-05-24,2026-09-04T15:50:41Z,Coinbase,2,,,engine/technical/README.md,
SOL,crypto,tecnico,sma200,91.4256,,EUR,2026-05-25,2026-09-04T15:50:41Z,Coinbase,2,,,engine/technical/README.md,
SOL,crypto,tecnico,sma200,91.08555,,EUR,2026-05-26,2026-09-04T15:50:41Z,Coinbase,2,,,engine/technical/README.md,
SOL,crypto,tecnico,sma200,90.75715,,EUR,2026-05-27,2026-09-04T15:50:41Z,Coinbase,2,,,engine/technical/README.md,
SOL,crypto,tecnico,sma200,90.39665,,EUR,2026-05-28,2026-09-04T15:50:41Z,Coinbase,2,,,engine/technical/README.md,
SOL,crypto,tecnico,sma200,90.0245,,EUR,2026-05-29,2026-09-04T15:50:41Z,Coinbase,2,,,engine/technical/README.md,
SOL,crypto,tecnico,sma200,89.71165,,EUR,2026-05-30,2026-09-04T15:50:41Z,Coinbase,2,,,engine/technical/README.md,
SOL,crypto,tecnico,sma200,89.4037,,EUR,2026-05-31,2026-09-04T15:50:41Z,Coinbase,2,,,engine/technical/README.md,
SOL,crypto,tecnico,sma200,89.13,,EUR,2026-06-01,2026-09-04T15:50:41Z,Coinbase,2,,,engine/technical/README.md,
SOL,crypto,tecnico,sma200,88.85225,,EUR,2026-06-02,2026-09-04T15:50:41Z,Coinbase,2,,,engine/technical/README.md,
SOL,crypto,tecnico,sma200,88.55975,,EUR,2026-06-03,2026-09-04T15:50:41Z,Coinbase,2,,,engine/technical/README.md,
SOL,crypto,tecnico,sma200,88.2665,,EUR,2026-06-04,2026-09-04T15:50:41Z,Coinbase,2,,,engine/technical/README.md,
SOL,crypto,tecnico,sma200,87.9793,,EUR,2026-06-05,2026-09-04T15:50:41Z,Coinbase,2,,,engine/technical/README.md,
SOL,crypto,tecnico,sma200,87.64275,,EUR,2026-06-06,2026-09-04T15:50:41Z,Coinbase,2,,,engine/technical/README.md,
SOL,crypto,tecnico,sma200,87.33815,,EUR,2026-06-07,2026-09-04T15:50:41Z,Coinbase,2,,,engine/technical/README.md,
SOL,crypto,tecnico,sma200,87.04905,,EUR,2026-06-08,2026-09-04T15:50:41Z,Coinbase,2,,,engine/technical/README.md,
SOL,crypto,tecnico,sma200,86.7719,,EUR,2026-06-09,2026-09-04T15:50:41Z,Coinbase,2,,,engine/technical/README.md,
SOL,crypto,tecnico,sma200,86.49145,,EUR,2026-06-10,2026-09-04T15:50:41Z,Coinbase,2,,,engine/technical/README.md,
SOL,crypto,tecnico,sma200,86.2136,,EUR,2026-06-11,2026-09-04T15:50:41Z,Coinbase,2,,,engine/technical/README.md,
SOL,crypto,tecnico,sma200,85.90185,,EUR,2026-06-12,2026-09-04T15:50:41Z,Coinbase,2,,,engine/technical/README.md,
SOL,crypto,tecnico,sma200,85.59885,,EUR,2026-06-13,2026-09-04T15:50:41Z,Coinbase,2,,,engine/technical/README.md,
SOL,crypto,tecnico,sma200,85.28945,,EUR,2026-06-14,2026-09-04T15:50:41Z,Coinbase,2,,,engine/technical/README.md,
SOL,crypto,tecnico,sma200,85.001,,EUR,2026-06-15,2026-09-04T15:50:41Z,Coinbase,2,,,engine/technical/README.md,
SOL,crypto,tecnico,sma200,84.72525,,EUR,2026-06-16,2026-09-04T15:50:41Z,Coinbase,2,,,engine/technical/README.md,
SOL,crypto,tecnico,sma200,84.4512,,EUR,2026-06-17,2026-09-04T15:50:41Z,Coinbase,2,,,engine/technical/README.md,
SOL,crypto,tecnico,sma200,84.17945,,EUR,2026-06-18,2026-09-04T15:50:41Z,Coinbase,2,,,engine/technical/README.md,
SOL,crypto,tecnico,sma200,83.93735,,EUR,2026-06-19,2026-09-04T15:50:41Z,Coinbase,2,,,engine/technical/README.md,
SOL,crypto,tecnico,sma200,83.66,,EUR,2026-06-20,2026-09-04T15:50:41Z,Coinbase,2,,,engine/technical/README.md,
SOL,crypto,tecnico,sma200,83.3555,,EUR,2026-06-21,2026-09-04T15:50:41Z,Coinbase,2,,,engine/technical/README.md,
SOL,crypto,tecnico,sma200,83.0733,,EUR,2026-06-22,2026-09-04T15:50:41Z,Coinbase,2,,,engine/technical/README.md,
SOL,crypto,tecnico,sma200,82.80605,,EUR,2026-06-23,2026-09-04T15:50:41Z,Coinbase,2,,,engine/technical/README.md,
SOL,crypto,tecnico,sma200,82.53685,,EUR,2026-06-24,2026-09-04T15:50:41Z,Coinbase,2,,,engine/technical/README.md,
SOL,crypto,tecnico,sma200,82.26625,,EUR,2026-06-25,2026-09-04T15:50:41Z,Coinbase,2,,,engine/technical/README.md,
SOL,crypto,tecnico,sma200,82.009,,EUR,2026-06-26,2026-09-04T15:50:41Z,Coinbase,2,,,engine/technical/README.md,
SOL,crypto,tecnico,sma200,81.72545,,EUR,2026-06-27,2026-09-04T15:50:41Z,Coinbase,2,,,engine/technical/README.md,
SOL,crypto,tecnico,sma200,81.45595,,EUR,2026-06-28,2026-09-04T15:50:41Z,Coinbase,2,,,engine/technical/README.md,
SOL,crypto,tecnico,sma200,81.2031,,EUR,2026-06-29,2026-09-04T15:50:41Z,Coinbase,2,,,engine/technical/README.md,
SOL,crypto,tecnico,sma200,80.96135,,EUR,2026-06-30,2026-09-04T15:50:41Z,Coinbase,2,,,engine/technical/README.md,
SOL,crypto,tecnico,sma200,80.73415,,EUR,2026-07-01,2026-09-04T15:50:41Z,Coinbase,2,,,engine/technical/README.md,
SOL,crypto,tecnico,sma200,80.53555,,EUR,2026-07-02,2026-09-04T15:50:41Z,Coinbase,2,,,engine/technical/README.md,
SOL,crypto,tecnico,sma200,80.3518,,EUR,2026-07-03,2026-09-04T15:50:41Z,Coinbase,2,,,engine/technical/README.md,
SOL,crypto,tecnico,sma200,80.16015,,EUR,2026-07-04,2026-09-04T15:50:41Z,Coinbase,2,,,engine/technical/README.md,
SOL,crypto,tecnico,sma200,79.99185,,EUR,2026-07-05,2026-09-04T15:50:41Z,Coinbase,2,,,engine/technical/README.md,
SOL,crypto,tecnico,sma200,79.84,,EUR,2026-07-06,2026-09-04T15:50:41Z,Coinbase,2,,,engine/technical/README.md,
SOL,crypto,tecnico,sma200,79.6542,,EUR,2026-07-07,2026-09-04T15:50:41Z,Coinbase,2,,,engine/technical/README.md,
SOL,crypto,tecnico,sma200,79.4575,,EUR,2026-07-08,2026-09-04T15:50:41Z,Coinbase,2,,,engine/technical/README.md,
SOL,crypto,tecnico,sma200,79.2608,,EUR,2026-07-09,2026-09-04T15:50:41Z,Coinbase,2,,,engine/technical/README.md,
SOL,crypto,tecnico,sma200,79.0678,,EUR,2026-07-10,2026-09-04T15:50:41Z,Coinbase,2,,,engine/technical/README.md,
SOL,crypto,tecnico,sma200,78.87845,,EUR,2026-07-11,2026-09-04T15:50:41Z,Coinbase,2,,,engine/technical/README.md,
SOL,crypto,tecnico,sma200,78.6958,,EUR,2026-07-12,2026-09-04T15:50:41Z,Coinbase,2,,,engine/technical/README.md,
SOL,crypto,tecnico,sma200,78.51565,,EUR,2026-07-13,2026-09-04T15:50:41Z,Coinbase,2,,,engine/technical/README.md,
SOL,crypto,tecnico,sma200,78.3372,,EUR,2026-07-14,2026-09-04T15:50:41Z,Coinbase,2,,,engine/technical/README.md,
SOL,crypto,tecnico,sma200,78.14475,,EUR,2026-07-15,2026-09-04T15:50:41Z,Coinbase,2,,,engine/technical/README.md,
SOL,crypto,tecnico,sma200,77.94225,,EUR,2026-07-16,2026-09-04T15:50:41Z,Coinbase,2,,,engine/technical/README.md,
SOL,crypto,tecnico,sma200,77.7474,,EUR,2026-07-17,2026-09-04T15:50:41Z,Coinbase,2,,,engine/technical/README.md,
SOL,crypto,tecnico,sma200,77.54615,,EUR,2026-07-18,2026-09-04T15:50:41Z,Coinbase,2,,,engine/technical/README.md,
SOL,crypto,tecnico,sma200,77.3502,,EUR,2026-07-19,2026-09-04T15:50:41Z,Coinbase,2,,,engine/technical/README.md,
SOL,crypto,tecnico,sma200,77.1509,,EUR,2026-07-20,2026-09-04T15:50:41Z,Coinbase,2,,,engine/technical/README.md,
SOL,crypto,tecnico,sma200,76.9291,,EUR,2026-07-21,2026-09-04T15:50:41Z,Coinbase,2,,,engine/technical/README.md,
SOL,crypto,tecnico,sma200,76.70135,,EUR,2026-07-22,2026-09-04T15:50:41Z,Coinbase,2,,,engine/technical/README.md,
SOL,crypto,tecnico,sma200,76.4619,,EUR,2026-07-23,2026-09-04T15:50:41Z,Coinbase,2,,,engine/technical/README.md,
SOL,crypto,tecnico,sma200,76.1982,,EUR,2026-07-24,2026-09-04T15:50:41Z,Coinbase,2,,,engine/technical/README.md,
SOL,crypto,tecnico,sma200,75.9225,,EUR,2026-07-25,2026-09-04T15:50:41Z,Coinbase,2,,,engine/technical/README.md,
SOL,crypto,tecnico,sma200,75.6754,,EUR,2026-07-26,2026-09-04T15:50:41Z,Coinbase,2,,,engine/technical/README.md,
SOL,crypto,tecnico,sma200,75.40825,,EUR,2026-07-27,2026-09-04T15:50:41Z,Coinbase,2,,,engine/technical/README.md,
SOL,crypto,tecnico,sma200,75.1484,,EUR,2026-07-28,2026-09-04T15:50:41Z,Coinbase,2,,,engine/technical/README.md,
SOL,crypto,tecnico,sma200,74.88585,,EUR,2026-07-29,2026-09-04T15:50:41Z,Coinbase,2,,,engine/technical/README.md,
SOL,crypto,tecnico,sma200,74.6091,,EUR,2026-07-30,2026-09-04T15:50:41Z,Coinbase,2,,,engine/technical/README.md,
SOL,crypto,tecnico,sma200,74.3292,,EUR,2026-07-31,2026-09-04T15:50:41Z,Coinbase,2,,,engine/technical/README.md,
SOL,crypto,tecnico,sma200,74.0168,,EUR,2026-08-01,2026-09-04T15:50:41Z,Coinbase,2,,,engine/technical/README.md,
SOL,crypto,tecnico,sma200,73.7056,,EUR,2026-08-02,2026-09-04T15:50:41Z,Coinbase,2,,,engine/technical/README.md,
SOL,crypto,tecnico,sma200,73.4118,,EUR,2026-08-03,2026-09-04T15:50:41Z,Coinbase,2,,,engine/technical/README.md,
SOL,crypto,tecnico,sma200,73.10695,,EUR,2026-08-04,2026-09-04T15:50:41Z,Coinbase,2,,,engine/technical/README.md,
SOL,crypto,tecnico,sma200,72.80685,,EUR,2026-08-05,2026-09-04T15:50:41Z,Coinbase,2,,,engine/technical/README.md,
SOL,crypto,tecnico,sma200,72.5294,,EUR,2026-08-06,2026-09-04T15:50:41Z,Coinbase,2,,,engine/technical/README.md,
SOL,crypto,tecnico,sma200,72.27495,,EUR,2026-08-07,2026-09-04T15:50:41Z,Coinbase,2,,,engine/technical/README.md,
SOL,crypto,tecnico,sma200,72.06785,,EUR,2026-08-08,2026-09-04T15:50:41Z,Coinbase,2,,,engine/technical/README.md,
SOL,crypto,tecnico,sma200,71.84285,,EUR,2026-08-09,2026-09-04T15:50:41Z,Coinbase,2,,,engine/technical/README.md,
SOL,crypto,tecnico,sma200,71.6255,,EUR,2026-08-10,2026-09-04T15:50:41Z,Coinbase,2,,,engine/technical/README.md,
SOL,crypto,tecnico,sma200,71.41735,,EUR,2026-08-11,2026-09-04T15:50:41Z,Coinbase,2,,,engine/technical/README.md,
SOL,crypto,tecnico,sma200,71.20775,,EUR,2026-08-12,2026-09-04T15:50:41Z,Coinbase,2,,,engine/technical/README.md,
SOL,crypto,tecnico,sma200,71.03765,,EUR,2026-08-13,2026-09-04T15:50:41Z,Coinbase,2,,,engine/technical/README.md,
SOL,crypto,tecnico,sma200,70.84095,,EUR,2026-08-14,2026-09-04T15:50:41Z,Coinbase,2,,,engine/technical/README.md,
SOL,crypto,tecnico,sma200,70.63825,,EUR,2026-08-15,2026-09-04T15:50:41Z,Coinbase,2,,,engine/technical/README.md,
SOL,crypto,tecnico,sma200,70.4372,,EUR,2026-08-16,2026-09-04T15:50:41Z,Coinbase,2,,,engine/technical/README.md,
SOL,crypto,tecnico,sma200,70.2733,,EUR,2026-08-17,2026-09-04T15:50:41Z,Coinbase,2,,,engine/technical/README.md,
SOL,crypto,tecnico,sma200,70.1103,,EUR,2026-08-18,2026-09-04T15:50:41Z,Coinbase,2,,,engine/technical/README.md,
SOL,crypto,tecnico,sma200,70.02935,,EUR,2026-08-19,2026-09-04T15:50:41Z,Coinbase,2,,,engine/technical/README.md,
SOL,crypto,tecnico,sma200,69.97935,,EUR,2026-08-20,2026-09-04T15:50:41Z,Coinbase,2,,,engine/technical/README.md,
SOL,crypto,tecnico,sma200,69.93685,,EUR,2026-08-21,2026-09-04T15:50:41Z,Coinbase,2,,,engine/technical/README.md,
SOL,crypto,tecnico,sma200,69.92325,,EUR,2026-08-22,2026-09-04T15:50:41Z,Coinbase,2,,,engine/technical/README.md,
SOL,crypto,tecnico,sma200,69.94175,,EUR,2026-08-23,2026-09-04T15:50:41Z,Coinbase,2,,,engine/technical/README.md,
SOL,crypto,tecnico,sma200,70.0337,,EUR,2026-08-24,2026-09-04T15:50:41Z,Coinbase,2,,,engine/technical/README.md,
SOL,crypto,tecnico,sma200,70.07635,,EUR,2026-08-25,2026-09-04T15:50:41Z,Coinbase,2,,,engine/technical/README.md,
SOL,crypto,tecnico,sma200,70.1422,,EUR,2026-08-26,2026-09-04T15:50:41Z,Coinbase,2,,,engine/technical/README.md,
SOL,crypto,tecnico,sma200,70.24245,,EUR,2026-08-27,2026-09-04T15:50:41Z,Coinbase,2,,,engine/technical/README.md,
SOL,crypto,tecnico,sma200,70.3276,,EUR,2026-08-28,2026-09-04T15:50:41Z,Coinbase,2,,,engine/technical/README.md,
SOL,crypto,tecnico,sma200,70.43435,,EUR,2026-08-29,2026-09-04T15:50:41Z,Coinbase,2,,,engine/technical/README.md,
SOL,crypto,tecnico,sma200,70.5396,,EUR,2026-08-30,2026-09-04T15:50:41Z,Coinbase,2,,,engine/technical/README.md,
SOL,crypto,tecnico,sma200,70.6529,,EUR,2026-08-31,2026-09-04T15:50:41Z,Coinbase,2,,,engine/technical/README.md,
SOL,crypto,tecnico,sma200,70.7288,,EUR,2026-09-01,2026-09-04T15:50:41Z,Coinbase,2,,,engine/technical/README.md,
SOL,crypto,tecnico,sma200,70.79035,,EUR,2026-09-02,2026-09-04T15:50:41Z,Coinbase,2,,,engine/technical/README.md,
SOL,crypto,tecnico,sma200,70.78545,,EUR,2026-09-03,2026-09-03T12:15:39Z,Kraken,2,100,,engine/technical/README.md,
SOL,crypto,tecnico,sma200,70.95735,,EUR,2026-09-04,2026-09-04T10:11:47Z,Kraken,2,100,,engine/technical/README.md,
SOL,crypto,tecnico,sma50,112.911,,EUR,2026-01-01,2026-09-04T15:50:41Z,Coinbase,2,,,engine/technical/README.md,
SOL,crypto,tecnico,sma50,112.6786,,EUR,2026-01-02,2026-09-04T15:50:41Z,Coinbase,2,,,engine/technical/README.md,
SOL,crypto,tecnico,sma50,112.5686,,EUR,2026-01-03,2026-09-04T15:50:41Z,Coinbase,2,,,engine/technical/README.md,
SOL,crypto,tecnico,sma50,112.457,,EUR,2026-01-04,2026-09-04T15:50:41Z,Coinbase,2,,,engine/technical/README.md,
SOL,crypto,tecnico,sma50,112.4534,,EUR,2026-01-05,2026-09-04T15:50:41Z,Coinbase,2,,,engine/technical/README.md,
SOL,crypto,tecnico,sma50,112.6128,,EUR,2026-01-06,2026-09-04T15:50:41Z,Coinbase,2,,,engine/technical/README.md,
SOL,crypto,tecnico,sma50,112.5194,,EUR,2026-01-07,2026-09-04T15:50:41Z,Coinbase,2,,,engine/technical/README.md,
SOL,crypto,tecnico,sma50,112.5198,,EUR,2026-01-08,2026-09-04T15:50:41Z,Coinbase,2,,,engine/technical/README.md,
SOL,crypto,tecnico,sma50,112.5392,,EUR,2026-01-09,2026-09-04T15:50:41Z,Coinbase,2,,,engine/technical/README.md,
SOL,crypto,tecnico,sma50,112.6386,,EUR,2026-01-10,2026-09-04T15:50:41Z,Coinbase,2,,,engine/technical/README.md,
SOL,crypto,tecnico,sma50,112.8216,,EUR,2026-01-11,2026-09-04T15:50:41Z,Coinbase,2,,,engine/technical/README.md,
SOL,crypto,tecnico,sma50,112.9374,,EUR,2026-01-12,2026-09-04T15:50:41Z,Coinbase,2,,,engine/technical/README.md,
SOL,crypto,tecnico,sma50,113.0326,,EUR,2026-01-13,2026-09-04T15:50:41Z,Coinbase,2,,,engine/technical/README.md,
SOL,crypto,tecnico,sma50,113.1476,,EUR,2026-01-14,2026-09-04T15:50:41Z,Coinbase,2,,,engine/technical/README.md,
SOL,crypto,tecnico,sma50,113.1342,,EUR,2026-01-15,2026-09-04T15:50:41Z,Coinbase,2,,,engine/technical/README.md,
SOL,crypto,tecnico,sma50,113.2024,,EUR,2026-01-16,2026-09-04T15:50:41Z,Coinbase,2,,,engine/technical/README.md,
SOL,crypto,tecnico,sma50,113.313,,EUR,2026-01-17,2026-09-04T15:50:41Z,Coinbase,2,,,engine/technical/README.md,
SOL,crypto,tecnico,sma50,113.3362,,EUR,2026-01-18,2026-09-04T15:50:41Z,Coinbase,2,,,engine/technical/README.md,
SOL,crypto,tecnico,sma50,113.3258,,EUR,2026-01-19,2026-09-04T15:50:41Z,Coinbase,2,,,engine/technical/README.md,
SOL,crypto,tecnico,sma50,113.2854,,EUR,2026-01-20,2026-09-04T15:50:41Z,Coinbase,2,,,engine/technical/README.md,
SOL,crypto,tecnico,sma50,113.1182,,EUR,2026-01-21,2026-09-04T15:50:41Z,Coinbase,2,,,engine/technical/README.md,
SOL,crypto,tecnico,sma50,112.822,,EUR,2026-01-22,2026-09-04T15:50:41Z,Coinbase,2,,,engine/technical/README.md,
SOL,crypto,tecnico,sma50,112.5882,,EUR,2026-01-23,2026-09-04T15:50:41Z,Coinbase,2,,,engine/technical/README.md,
SOL,crypto,tecnico,sma50,112.4452,,EUR,2026-01-24,2026-09-04T15:50:41Z,Coinbase,2,,,engine/technical/README.md,
SOL,crypto,tecnico,sma50,112.1734,,EUR,2026-01-25,2026-09-04T15:50:41Z,Coinbase,2,,,engine/technical/README.md,
SOL,crypto,tecnico,sma50,111.9904,,EUR,2026-01-26,2026-09-04T15:50:41Z,Coinbase,2,,,engine/technical/README.md,
SOL,crypto,tecnico,sma50,111.8126,,EUR,2026-01-27,2026-09-04T15:50:41Z,Coinbase,2,,,engine/technical/README.md,
SOL,crypto,tecnico,sma50,111.5336,,EUR,2026-01-28,2026-09-04T15:50:41Z,Coinbase,2,,,engine/technical/README.md,
SOL,crypto,tecnico,sma50,111.1714,,EUR,2026-01-29,2026-09-04T15:50:41Z,Coinbase,2,,,engine/technical/README.md,
SOL,crypto,tecnico,sma50,110.8282,,EUR,2026-01-30,2026-09-04T15:50:41Z,Coinbase,2,,,engine/technical/README.md,
SOL,crypto,tecnico,sma50,110.357,,EUR,2026-01-31,2026-09-04T15:50:41Z,Coinbase,2,,,engine/technical/README.md,
SOL,crypto,tecnico,sma50,109.7882,,EUR,2026-02-01,2026-09-04T15:50:41Z,Coinbase,2,,,engine/technical/README.md,
SOL,crypto,tecnico,sma50,109.355,,EUR,2026-02-02,2026-09-04T15:50:41Z,Coinbase,2,,,engine/technical/README.md,
SOL,crypto,tecnico,sma50,108.8366,,EUR,2026-02-03,2026-09-04T15:50:41Z,Coinbase,2,,,engine/technical/README.md,
SOL,crypto,tecnico,sma50,108.1982,,EUR,2026-02-04,2026-09-04T15:50:41Z,Coinbase,2,,,engine/technical/README.md,
SOL,crypto,tecnico,sma50,107.4288,,EUR,2026-02-05,2026-09-04T15:50:41Z,Coinbase,2,,,engine/technical/README.md,
SOL,crypto,tecnico,sma50,106.8722,,EUR,2026-02-06,2026-09-04T15:50:41Z,Coinbase,2,,,engine/technical/README.md,
SOL,crypto,tecnico,sma50,106.2034,,EUR,2026-02-07,2026-09-04T15:50:41Z,Coinbase,2,,,engine/technical/README.md,
SOL,crypto,tecnico,sma50,105.5276,,EUR,2026-02-08,2026-09-04T15:50:41Z,Coinbase,2,,,engine/technical/README.md,
SOL,crypto,tecnico,sma50,104.8332,,EUR,2026-02-09,2026-09-04T15:50:41Z,Coinbase,2,,,engine/technical/README.md,
SOL,crypto,tecnico,sma50,104.09,,EUR,2026-02-10,2026-09-04T15:50:41Z,Coinbase,2,,,engine/technical/README.md,
SOL,crypto,tecnico,sma50,103.324,,EUR,2026-02-11,2026-09-04T15:50:41Z,Coinbase,2,,,engine/technical/README.md,
SOL,crypto,tecnico,sma50,102.565,,EUR,2026-02-12,2026-09-04T15:50:41Z,Coinbase,2,,,engine/technical/README.md,
SOL,crypto,tecnico,sma50,101.949,,EUR,2026-02-13,2026-09-04T15:50:41Z,Coinbase,2,,,engine/technical/README.md,
SOL,crypto,tecnico,sma50,101.359,,EUR,2026-02-14,2026-09-04T15:50:41Z,Coinbase,2,,,engine/technical/README.md,
SOL,crypto,tecnico,sma50,100.6942,,EUR,2026-02-15,2026-09-04T15:50:41Z,Coinbase,2,,,engine/technical/README.md,
SOL,crypto,tecnico,sma50,100.0286,,EUR,2026-02-16,2026-09-04T15:50:41Z,Coinbase,2,,,engine/technical/README.md,
SOL,crypto,tecnico,sma50,99.3732,,EUR,2026-02-17,2026-09-04T15:50:41Z,Coinbase,2,,,engine/technical/README.md,
SOL,crypto,tecnico,sma50,98.632,,EUR,2026-02-18,2026-09-04T15:50:41Z,Coinbase,2,,,engine/technical/README.md,
SOL,crypto,tecnico,sma50,97.9144,,EUR,2026-02-19,2026-09-04T15:50:41Z,Coinbase,2,,,engine/technical/README.md,
SOL,crypto,tecnico,sma50,97.192,,EUR,2026-02-20,2026-09-04T15:50:41Z,Coinbase,2,,,engine/technical/README.md,
SOL,crypto,tecnico,sma50,96.3804,,EUR,2026-02-21,2026-09-04T15:50:41Z,Coinbase,2,,,engine/technical/README.md,
SOL,crypto,tecnico,sma50,95.5016,,EUR,2026-02-22,2026-09-04T15:50:41Z,Coinbase,2,,,engine/technical/README.md,
SOL,crypto,tecnico,sma50,94.533,,EUR,2026-02-23,2026-09-04T15:50:41Z,Coinbase,2,,,engine/technical/README.md,
SOL,crypto,tecnico,sma50,93.5206,,EUR,2026-02-24,2026-09-04T15:50:41Z,Coinbase,2,,,engine/technical/README.md,
SOL,crypto,tecnico,sma50,92.5982,,EUR,2026-02-25,2026-09-04T15:50:41Z,Coinbase,2,,,engine/technical/README.md,
SOL,crypto,tecnico,sma50,91.7194,,EUR,2026-02-26,2026-09-04T15:50:41Z,Coinbase,2,,,engine/technical/README.md,
SOL,crypto,tecnico,sma50,90.7332,,EUR,2026-02-27,2026-09-04T15:50:41Z,Coinbase,2,,,engine/technical/README.md,
SOL,crypto,tecnico,sma50,89.8288,,EUR,2026-02-28,2026-09-04T15:50:41Z,Coinbase,2,,,engine/technical/README.md,
SOL,crypto,tecnico,sma50,88.9166,,EUR,2026-03-01,2026-09-04T15:50:41Z,Coinbase,2,,,engine/technical/README.md,
SOL,crypto,tecnico,sma50,87.9984,,EUR,2026-03-02,2026-09-04T15:50:41Z,Coinbase,2,,,engine/technical/README.md,
SOL,crypto,tecnico,sma50,87.1136,,EUR,2026-03-03,2026-09-04T15:50:41Z,Coinbase,2,,,engine/technical/README.md,
SOL,crypto,tecnico,sma50,86.1798,,EUR,2026-03-04,2026-09-04T15:50:41Z,Coinbase,2,,,engine/technical/README.md,
SOL,crypto,tecnico,sma50,85.1912,,EUR,2026-03-05,2026-09-04T15:50:41Z,Coinbase,2,,,engine/technical/README.md,
SOL,crypto,tecnico,sma50,84.1978,,EUR,2026-03-06,2026-09-04T15:50:41Z,Coinbase,2,,,engine/technical/README.md,
SOL,crypto,tecnico,sma50,83.136,,EUR,2026-03-07,2026-09-04T15:50:41Z,Coinbase,2,,,engine/technical/README.md,
SOL,crypto,tecnico,sma50,82.0724,,EUR,2026-03-08,2026-09-04T15:50:41Z,Coinbase,2,,,engine/technical/README.md,
SOL,crypto,tecnico,sma50,81.165,,EUR,2026-03-09,2026-09-04T15:50:41Z,Coinbase,2,,,engine/technical/README.md,
SOL,crypto,tecnico,sma50,80.3528,,EUR,2026-03-10,2026-09-04T15:50:41Z,Coinbase,2,,,engine/technical/README.md,
SOL,crypto,tecnico,sma50,79.7094,,EUR,2026-03-11,2026-09-04T15:50:41Z,Coinbase,2,,,engine/technical/README.md,
SOL,crypto,tecnico,sma50,78.9978,,EUR,2026-03-12,2026-09-04T15:50:41Z,Coinbase,2,,,engine/technical/README.md,
SOL,crypto,tecnico,sma50,78.3572,,EUR,2026-03-13,2026-09-04T15:50:41Z,Coinbase,2,,,engine/technical/README.md,
SOL,crypto,tecnico,sma50,77.7478,,EUR,2026-03-14,2026-09-04T15:50:41Z,Coinbase,2,,,engine/technical/README.md,
SOL,crypto,tecnico,sma50,77.2132,,EUR,2026-03-15,2026-09-04T15:50:41Z,Coinbase,2,,,engine/technical/README.md,
SOL,crypto,tecnico,sma50,76.8822,,EUR,2026-03-16,2026-09-04T15:50:41Z,Coinbase,2,,,engine/technical/README.md,
SOL,crypto,tecnico,sma50,76.4332,,EUR,2026-03-17,2026-09-04T15:50:41Z,Coinbase,2,,,engine/technical/README.md,
SOL,crypto,tecnico,sma50,75.8922,,EUR,2026-03-18,2026-09-04T15:50:41Z,Coinbase,2,,,engine/technical/README.md,
SOL,crypto,tecnico,sma50,75.3362,,EUR,2026-03-19,2026-09-04T15:50:41Z,Coinbase,2,,,engine/technical/README.md,
SOL,crypto,tecnico,sma50,74.923,,EUR,2026-03-20,2026-09-04T15:50:41Z,Coinbase,2,,,engine/technical/README.md,
SOL,crypto,tecnico,sma50,74.4546,,EUR,2026-03-21,2026-09-04T15:50:41Z,Coinbase,2,,,engine/technical/README.md,
SOL,crypto,tecnico,sma50,74.1606,,EUR,2026-03-22,2026-09-04T15:50:41Z,Coinbase,2,,,engine/technical/README.md,
SOL,crypto,tecnico,sma50,74.037,,EUR,2026-03-23,2026-09-04T15:50:41Z,Coinbase,2,,,engine/technical/README.md,
SOL,crypto,tecnico,sma50,73.8276,,EUR,2026-03-24,2026-09-04T15:50:41Z,Coinbase,2,,,engine/technical/README.md,
SOL,crypto,tecnico,sma50,73.7578,,EUR,2026-03-25,2026-09-04T15:50:41Z,Coinbase,2,,,engine/technical/README.md,
SOL,crypto,tecnico,sma50,73.6996,,EUR,2026-03-26,2026-09-04T15:50:41Z,Coinbase,2,,,engine/technical/README.md,
SOL,crypto,tecnico,sma50,73.8146,,EUR,2026-03-27,2026-09-04T15:50:41Z,Coinbase,2,,,engine/technical/README.md,
SOL,crypto,tecnico,sma50,73.7596,,EUR,2026-03-28,2026-09-04T15:50:41Z,Coinbase,2,,,engine/technical/README.md,
SOL,crypto,tecnico,sma50,73.691,,EUR,2026-03-29,2026-09-04T15:50:41Z,Coinbase,2,,,engine/technical/README.md,
SOL,crypto,tecnico,sma50,73.6582,,EUR,2026-03-30,2026-09-04T15:50:41Z,Coinbase,2,,,engine/technical/README.md,
SOL,crypto,tecnico,sma50,73.6382,,EUR,2026-03-31,2026-09-04T15:50:41Z,Coinbase,2,,,engine/technical/README.md,
SOL,crypto,tecnico,sma50,73.641,,EUR,2026-04-01,2026-09-04T15:50:41Z,Coinbase,2,,,engine/technical/README.md,
SOL,crypto,tecnico,sma50,73.6742,,EUR,2026-04-02,2026-09-04T15:50:41Z,Coinbase,2,,,engine/technical/README.md,
SOL,crypto,tecnico,sma50,73.75,,EUR,2026-04-03,2026-09-04T15:50:41Z,Coinbase,2,,,engine/technical/README.md,
SOL,crypto,tecnico,sma50,73.7328,,EUR,2026-04-04,2026-09-04T15:50:41Z,Coinbase,2,,,engine/technical/README.md,
SOL,crypto,tecnico,sma50,73.6692,,EUR,2026-04-05,2026-09-04T15:50:41Z,Coinbase,2,,,engine/technical/README.md,
SOL,crypto,tecnico,sma50,73.602,,EUR,2026-04-06,2026-09-04T15:50:41Z,Coinbase,2,,,engine/technical/README.md,
SOL,crypto,tecnico,sma50,73.6066,,EUR,2026-04-07,2026-09-04T15:50:41Z,Coinbase,2,,,engine/technical/README.md,
SOL,crypto,tecnico,sma50,73.5882,,EUR,2026-04-08,2026-09-04T15:50:41Z,Coinbase,2,,,engine/technical/README.md,
SOL,crypto,tecnico,sma50,73.6292,,EUR,2026-04-09,2026-09-04T15:50:41Z,Coinbase,2,,,engine/technical/README.md,
SOL,crypto,tecnico,sma50,73.6762,,EUR,2026-04-10,2026-09-04T15:50:41Z,Coinbase,2,,,engine/technical/README.md,
SOL,crypto,tecnico,sma50,73.6898,,EUR,2026-04-11,2026-09-04T15:50:41Z,Coinbase,2,,,engine/technical/README.md,
SOL,crypto,tecnico,sma50,73.6408,,EUR,2026-04-12,2026-09-04T15:50:41Z,Coinbase,2,,,engine/technical/README.md,
SOL,crypto,tecnico,sma50,73.7148,,EUR,2026-04-13,2026-09-04T15:50:41Z,Coinbase,2,,,engine/technical/README.md,
SOL,crypto,tecnico,sma50,73.8118,,EUR,2026-04-14,2026-09-04T15:50:41Z,Coinbase,2,,,engine/technical/README.md,
SOL,crypto,tecnico,sma50,73.9076,,EUR,2026-04-15,2026-09-04T15:50:41Z,Coinbase,2,,,engine/technical/README.md,
SOL,crypto,tecnico,sma50,73.9292,,EUR,2026-04-16,2026-09-04T15:50:41Z,Coinbase,2,,,engine/technical/README.md,
SOL,crypto,tecnico,sma50,73.9838,,EUR,2026-04-17,2026-09-04T15:50:41Z,Coinbase,2,,,engine/technical/README.md,
SOL,crypto,tecnico,sma50,74.0624,,EUR,2026-04-18,2026-09-04T15:50:41Z,Coinbase,2,,,engine/technical/README.md,
SOL,crypto,tecnico,sma50,74.0554,,EUR,2026-04-19,2026-09-04T15:50:41Z,Coinbase,2,,,engine/technical/README.md,
SOL,crypto,tecnico,sma50,74.0816,,EUR,2026-04-20,2026-09-04T15:50:41Z,Coinbase,2,,,engine/technical/README.md,
SOL,crypto,tecnico,sma50,74.0662,,EUR,2026-04-21,2026-09-04T15:50:41Z,Coinbase,2,,,engine/technical/README.md,
SOL,crypto,tecnico,sma50,74.0526,,EUR,2026-04-22,2026-09-04T15:50:41Z,Coinbase,2,,,engine/technical/README.md,
SOL,crypto,tecnico,sma50,73.9646,,EUR,2026-04-23,2026-09-04T15:50:41Z,Coinbase,2,,,engine/technical/README.md,
SOL,crypto,tecnico,sma50,73.905,,EUR,2026-04-24,2026-09-04T15:50:41Z,Coinbase,2,,,engine/technical/README.md,
SOL,crypto,tecnico,sma50,73.918,,EUR,2026-04-25,2026-09-04T15:50:41Z,Coinbase,2,,,engine/technical/README.md,
SOL,crypto,tecnico,sma50,73.9682,,EUR,2026-04-26,2026-09-04T15:50:41Z,Coinbase,2,,,engine/technical/README.md,
SOL,crypto,tecnico,sma50,73.9976,,EUR,2026-04-27,2026-09-04T15:50:41Z,Coinbase,2,,,engine/technical/README.md,
SOL,crypto,tecnico,sma50,73.9692,,EUR,2026-04-28,2026-09-04T15:50:41Z,Coinbase,2,,,engine/technical/README.md,
SOL,crypto,tecnico,sma50,73.9112,,EUR,2026-04-29,2026-09-04T15:50:41Z,Coinbase,2,,,engine/technical/README.md,
SOL,crypto,tecnico,sma50,73.8276,,EUR,2026-04-30,2026-09-04T15:50:41Z,Coinbase,2,,,engine/technical/README.md,
SOL,crypto,tecnico,sma50,73.7498,,EUR,2026-05-01,2026-09-04T15:50:41Z,Coinbase,2,,,engine/technical/README.md,
SOL,crypto,tecnico,sma50,73.6432,,EUR,2026-05-02,2026-09-04T15:50:41Z,Coinbase,2,,,engine/technical/README.md,
SOL,crypto,tecnico,sma50,73.5294,,EUR,2026-05-03,2026-09-04T15:50:41Z,Coinbase,2,,,engine/technical/README.md,
SOL,crypto,tecnico,sma50,73.353,,EUR,2026-05-04,2026-09-04T15:50:41Z,Coinbase,2,,,engine/technical/README.md,
SOL,crypto,tecnico,sma50,73.1558,,EUR,2026-05-05,2026-09-04T15:50:41Z,Coinbase,2,,,engine/technical/README.md,
SOL,crypto,tecnico,sma50,73.033,,EUR,2026-05-06,2026-09-04T15:50:41Z,Coinbase,2,,,engine/technical/README.md,
SOL,crypto,tecnico,sma50,72.9684,,EUR,2026-05-07,2026-09-04T15:50:41Z,Coinbase,2,,,engine/technical/README.md,
SOL,crypto,tecnico,sma50,72.9946,,EUR,2026-05-08,2026-09-04T15:50:41Z,Coinbase,2,,,engine/technical/README.md,
SOL,crypto,tecnico,sma50,73.0214,,EUR,2026-05-09,2026-09-04T15:50:41Z,Coinbase,2,,,engine/technical/README.md,
SOL,crypto,tecnico,sma50,73.1456,,EUR,2026-05-10,2026-09-04T15:50:41Z,Coinbase,2,,,engine/technical/README.md,
SOL,crypto,tecnico,sma50,73.3072,,EUR,2026-05-11,2026-09-04T15:50:41Z,Coinbase,2,,,engine/technical/README.md,
SOL,crypto,tecnico,sma50,73.3378,,EUR,2026-05-12,2026-09-04T15:50:41Z,Coinbase,2,,,engine/technical/README.md,
SOL,crypto,tecnico,sma50,73.332,,EUR,2026-05-13,2026-09-04T15:50:41Z,Coinbase,2,,,engine/technical/README.md,
SOL,crypto,tecnico,sma50,73.3258,,EUR,2026-05-14,2026-09-04T15:50:41Z,Coinbase,2,,,engine/technical/README.md,
SOL,crypto,tecnico,sma50,73.3612,,EUR,2026-05-15,2026-09-04T15:50:41Z,Coinbase,2,,,engine/technical/README.md,
SOL,crypto,tecnico,sma50,73.4068,,EUR,2026-05-16,2026-09-04T15:50:41Z,Coinbase,2,,,engine/technical/README.md,
SOL,crypto,tecnico,sma50,73.4466,,EUR,2026-05-17,2026-09-04T15:50:41Z,Coinbase,2,,,engine/technical/README.md,
SOL,crypto,tecnico,sma50,73.4922,,EUR,2026-05-18,2026-09-04T15:50:41Z,Coinbase,2,,,engine/technical/README.md,
SOL,crypto,tecnico,sma50,73.503,,EUR,2026-05-19,2026-09-04T15:50:41Z,Coinbase,2,,,engine/technical/README.md,
SOL,crypto,tecnico,sma50,73.5474,,EUR,2026-05-20,2026-09-04T15:50:41Z,Coinbase,2,,,engine/technical/README.md,
SOL,crypto,tecnico,sma50,73.65,,EUR,2026-05-21,2026-09-04T15:50:41Z,Coinbase,2,,,engine/technical/README.md,
SOL,crypto,tecnico,sma50,73.735,,EUR,2026-05-22,2026-09-04T15:50:41Z,Coinbase,2,,,engine/technical/README.md,
SOL,crypto,tecnico,sma50,73.8154,,EUR,2026-05-23,2026-09-04T15:50:41Z,Coinbase,2,,,engine/technical/README.md,
SOL,crypto,tecnico,sma50,73.8744,,EUR,2026-05-24,2026-09-04T15:50:41Z,Coinbase,2,,,engine/technical/README.md,
SOL,crypto,tecnico,sma50,73.9126,,EUR,2026-05-25,2026-09-04T15:50:41Z,Coinbase,2,,,engine/technical/README.md,
SOL,crypto,tecnico,sma50,73.9648,,EUR,2026-05-26,2026-09-04T15:50:41Z,Coinbase,2,,,engine/technical/README.md,
SOL,crypto,tecnico,sma50,73.9178,,EUR,2026-05-27,2026-09-04T15:50:41Z,Coinbase,2,,,engine/technical/README.md,
SOL,crypto,tecnico,sma50,73.909,,EUR,2026-05-28,2026-09-04T15:50:41Z,Coinbase,2,,,engine/technical/README.md,
SOL,crypto,tecnico,sma50,73.8892,,EUR,2026-05-29,2026-09-04T15:50:41Z,Coinbase,2,,,engine/technical/README.md,
SOL,crypto,tecnico,sma50,73.8586,,EUR,2026-05-30,2026-09-04T15:50:41Z,Coinbase,2,,,engine/technical/README.md,
SOL,crypto,tecnico,sma50,73.822,,EUR,2026-05-31,2026-09-04T15:50:41Z,Coinbase,2,,,engine/technical/README.md,
SOL,crypto,tecnico,sma50,73.8202,,EUR,2026-06-01,2026-09-04T15:50:41Z,Coinbase,2,,,engine/technical/README.md,
SOL,crypto,tecnico,sma50,73.624,,EUR,2026-06-02,2026-09-04T15:50:41Z,Coinbase,2,,,engine/technical/README.md,
SOL,crypto,tecnico,sma50,73.4372,,EUR,2026-06-03,2026-09-04T15:50:41Z,Coinbase,2,,,engine/technical/README.md,
SOL,crypto,tecnico,sma50,73.1844,,EUR,2026-06-04,2026-09-04T15:50:41Z,Coinbase,2,,,engine/technical/README.md,
SOL,crypto,tecnico,sma50,72.777,,EUR,2026-06-05,2026-09-04T15:50:41Z,Coinbase,2,,,engine/technical/README.md,
SOL,crypto,tecnico,sma50,72.3484,,EUR,2026-06-06,2026-09-04T15:50:41Z,Coinbase,2,,,engine/technical/README.md,
SOL,crypto,tecnico,sma50,72.0372,,EUR,2026-06-07,2026-09-04T15:50:41Z,Coinbase,2,,,engine/technical/README.md,
SOL,crypto,tecnico,sma50,71.7728,,EUR,2026-06-08,2026-09-04T15:50:41Z,Coinbase,2,,,engine/technical/README.md,
SOL,crypto,tecnico,sma50,71.4508,,EUR,2026-06-09,2026-09-04T15:50:41Z,Coinbase,2,,,engine/technical/README.md,
SOL,crypto,tecnico,sma50,71.0796,,EUR,2026-06-10,2026-09-04T15:50:41Z,Coinbase,2,,,engine/technical/README.md,
SOL,crypto,tecnico,sma50,70.7508,,EUR,2026-06-11,2026-09-04T15:50:41Z,Coinbase,2,,,engine/technical/README.md,
SOL,crypto,tecnico,sma50,70.4304,,EUR,2026-06-12,2026-09-04T15:50:41Z,Coinbase,2,,,engine/technical/README.md,
SOL,crypto,tecnico,sma50,70.1516,,EUR,2026-06-13,2026-09-04T15:50:41Z,Coinbase,2,,,engine/technical/README.md,
SOL,crypto,tecnico,sma50,69.9078,,EUR,2026-06-14,2026-09-04T15:50:41Z,Coinbase,2,,,engine/technical/README.md,
SOL,crypto,tecnico,sma50,69.6974,,EUR,2026-06-15,2026-09-04T15:50:41Z,Coinbase,2,,,engine/technical/README.md,
SOL,crypto,tecnico,sma50,69.518,,EUR,2026-06-16,2026-09-04T15:50:41Z,Coinbase,2,,,engine/technical/README.md,
SOL,crypto,tecnico,sma50,69.3344,,EUR,2026-06-17,2026-09-04T15:50:41Z,Coinbase,2,,,engine/technical/README.md,
SOL,crypto,tecnico,sma50,69.128,,EUR,2026-06-18,2026-09-04T15:50:41Z,Coinbase,2,,,engine/technical/README.md,
SOL,crypto,tecnico,sma50,68.927,,EUR,2026-06-19,2026-09-04T15:50:41Z,Coinbase,2,,,engine/technical/README.md,
SOL,crypto,tecnico,sma50,68.7742,,EUR,2026-06-20,2026-09-04T15:50:41Z,Coinbase,2,,,engine/technical/README.md,
SOL,crypto,tecnico,sma50,68.5996,,EUR,2026-06-21,2026-09-04T15:50:41Z,Coinbase,2,,,engine/technical/README.md,
SOL,crypto,tecnico,sma50,68.4278,,EUR,2026-06-22,2026-09-04T15:50:41Z,Coinbase,2,,,engine/technical/README.md,
SOL,crypto,tecnico,sma50,68.2128,,EUR,2026-06-23,2026-09-04T15:50:41Z,Coinbase,2,,,engine/technical/README.md,
SOL,crypto,tecnico,sma50,67.936,,EUR,2026-06-24,2026-09-04T15:50:41Z,Coinbase,2,,,engine/technical/README.md,
SOL,crypto,tecnico,sma50,67.6084,,EUR,2026-06-25,2026-09-04T15:50:41Z,Coinbase,2,,,engine/technical/README.md,
SOL,crypto,tecnico,sma50,67.3628,,EUR,2026-06-26,2026-09-04T15:50:41Z,Coinbase,2,,,engine/technical/README.md,
SOL,crypto,tecnico,sma50,67.0374,,EUR,2026-06-27,2026-09-04T15:50:41Z,Coinbase,2,,,engine/technical/README.md,
SOL,crypto,tecnico,sma50,66.708,,EUR,2026-06-28,2026-09-04T15:50:41Z,Coinbase,2,,,engine/technical/README.md,
SOL,crypto,tecnico,sma50,66.384,,EUR,2026-06-29,2026-09-04T15:50:41Z,Coinbase,2,,,engine/technical/README.md,
SOL,crypto,tecnico,sma50,66.0206,,EUR,2026-06-30,2026-09-04T15:50:41Z,Coinbase,2,,,engine/technical/README.md,
SOL,crypto,tecnico,sma50,65.7736,,EUR,2026-07-01,2026-09-04T15:50:41Z,Coinbase,2,,,engine/technical/README.md,
SOL,crypto,tecnico,sma50,65.6276,,EUR,2026-07-02,2026-09-04T15:50:41Z,Coinbase,2,,,engine/technical/README.md,
SOL,crypto,tecnico,sma50,65.487,,EUR,2026-07-03,2026-09-04T15:50:41Z,Coinbase,2,,,engine/technical/README.md,
SOL,crypto,tecnico,sma50,65.3816,,EUR,2026-07-04,2026-09-04T15:50:41Z,Coinbase,2,,,engine/technical/README.md,
SOL,crypto,tecnico,sma50,65.3172,,EUR,2026-07-05,2026-09-04T15:50:41Z,Coinbase,2,,,engine/technical/README.md,
SOL,crypto,tecnico,sma50,65.2816,,EUR,2026-07-06,2026-09-04T15:50:41Z,Coinbase,2,,,engine/technical/README.md,
SOL,crypto,tecnico,sma50,65.2302,,EUR,2026-07-07,2026-09-04T15:50:41Z,Coinbase,2,,,engine/technical/README.md,
SOL,crypto,tecnico,sma50,65.1412,,EUR,2026-07-08,2026-09-04T15:50:41Z,Coinbase,2,,,engine/technical/README.md,
SOL,crypto,tecnico,sma50,65.0244,,EUR,2026-07-09,2026-09-04T15:50:41Z,Coinbase,2,,,engine/technical/README.md,
SOL,crypto,tecnico,sma50,64.8902,,EUR,2026-07-10,2026-09-04T15:50:41Z,Coinbase,2,,,engine/technical/README.md,
SOL,crypto,tecnico,sma50,64.7806,,EUR,2026-07-11,2026-09-04T15:50:41Z,Coinbase,2,,,engine/technical/README.md,
SOL,crypto,tecnico,sma50,64.6528,,EUR,2026-07-12,2026-09-04T15:50:41Z,Coinbase,2,,,engine/technical/README.md,
SOL,crypto,tecnico,sma50,64.5064,,EUR,2026-07-13,2026-09-04T15:50:41Z,Coinbase,2,,,engine/technical/README.md,
SOL,crypto,tecnico,sma50,64.408,,EUR,2026-07-14,2026-09-04T15:50:41Z,Coinbase,2,,,engine/technical/README.md,
SOL,crypto,tecnico,sma50,64.318,,EUR,2026-07-15,2026-09-04T15:50:41Z,Coinbase,2,,,engine/technical/README.md,
SOL,crypto,tecnico,sma50,64.216,,EUR,2026-07-16,2026-09-04T15:50:41Z,Coinbase,2,,,engine/technical/README.md,
SOL,crypto,tecnico,sma50,64.1192,,EUR,2026-07-17,2026-09-04T15:50:41Z,Coinbase,2,,,engine/technical/README.md,
SOL,crypto,tecnico,sma50,64.0342,,EUR,2026-07-18,2026-09-04T15:50:41Z,Coinbase,2,,,engine/technical/README.md,
SOL,crypto,tecnico,sma50,63.9516,,EUR,2026-07-19,2026-09-04T15:50:41Z,Coinbase,2,,,engine/technical/README.md,
SOL,crypto,tecnico,sma50,63.8998,,EUR,2026-07-20,2026-09-04T15:50:41Z,Coinbase,2,,,engine/technical/README.md,
SOL,crypto,tecnico,sma50,63.875,,EUR,2026-07-21,2026-09-04T15:50:41Z,Coinbase,2,,,engine/technical/README.md,
SOL,crypto,tecnico,sma50,63.965,,EUR,2026-07-22,2026-09-04T15:50:41Z,Coinbase,2,,,engine/technical/README.md,
SOL,crypto,tecnico,sma50,64.0656,,EUR,2026-07-23,2026-09-04T15:50:41Z,Coinbase,2,,,engine/technical/README.md,
SOL,crypto,tecnico,sma50,64.1802,,EUR,2026-07-24,2026-09-04T15:50:41Z,Coinbase,2,,,engine/technical/README.md,
SOL,crypto,tecnico,sma50,64.3856,,EUR,2026-07-25,2026-09-04T15:50:41Z,Coinbase,2,,,engine/technical/README.md,
SOL,crypto,tecnico,sma50,64.65,,EUR,2026-07-26,2026-09-04T15:50:41Z,Coinbase,2,,,engine/technical/README.md,
SOL,crypto,tecnico,sma50,64.8002,,EUR,2026-07-27,2026-09-04T15:50:41Z,Coinbase,2,,,engine/technical/README.md,
SOL,crypto,tecnico,sma50,64.9366,,EUR,2026-07-28,2026-09-04T15:50:41Z,Coinbase,2,,,engine/technical/README.md,
SOL,crypto,tecnico,sma50,65.0944,,EUR,2026-07-29,2026-09-04T15:50:41Z,Coinbase,2,,,engine/technical/README.md,
SOL,crypto,tecnico,sma50,65.2922,,EUR,2026-07-30,2026-09-04T15:50:41Z,Coinbase,2,,,engine/technical/README.md,
SOL,crypto,tecnico,sma50,65.3998,,EUR,2026-07-31,2026-09-04T15:50:41Z,Coinbase,2,,,engine/technical/README.md,
SOL,crypto,tecnico,sma50,65.4924,,EUR,2026-08-01,2026-09-04T15:50:41Z,Coinbase,2,,,engine/technical/README.md,
SOL,crypto,tecnico,sma50,65.5746,,EUR,2026-08-02,2026-09-04T15:50:41Z,Coinbase,2,,,engine/technical/README.md,
SOL,crypto,tecnico,sma50,65.6236,,EUR,2026-08-03,2026-09-04T15:50:41Z,Coinbase,2,,,engine/technical/README.md,
SOL,crypto,tecnico,sma50,65.6262,,EUR,2026-08-04,2026-09-04T15:50:41Z,Coinbase,2,,,engine/technical/README.md,
SOL,crypto,tecnico,sma50,65.6394,,EUR,2026-08-05,2026-09-04T15:50:41Z,Coinbase,2,,,engine/technical/README.md,
SOL,crypto,tecnico,sma50,65.649,,EUR,2026-08-06,2026-09-04T15:50:41Z,Coinbase,2,,,engine/technical/README.md,
SOL,crypto,tecnico,sma50,65.7078,,EUR,2026-08-07,2026-09-04T15:50:41Z,Coinbase,2,,,engine/technical/README.md,
SOL,crypto,tecnico,sma50,65.8074,,EUR,2026-08-08,2026-09-04T15:50:41Z,Coinbase,2,,,engine/technical/README.md,
SOL,crypto,tecnico,sma50,65.8496,,EUR,2026-08-09,2026-09-04T15:50:41Z,Coinbase,2,,,engine/technical/README.md,
SOL,crypto,tecnico,sma50,65.902,,EUR,2026-08-10,2026-09-04T15:50:41Z,Coinbase,2,,,engine/technical/README.md,
SOL,crypto,tecnico,sma50,65.9644,,EUR,2026-08-11,2026-09-04T15:50:41Z,Coinbase,2,,,engine/technical/README.md,
SOL,crypto,tecnico,sma50,66.052,,EUR,2026-08-12,2026-09-04T15:50:41Z,Coinbase,2,,,engine/technical/README.md,
SOL,crypto,tecnico,sma50,66.1766,,EUR,2026-08-13,2026-09-04T15:50:41Z,Coinbase,2,,,engine/technical/README.md,
SOL,crypto,tecnico,sma50,66.2892,,EUR,2026-08-14,2026-09-04T15:50:41Z,Coinbase,2,,,engine/technical/README.md,
SOL,crypto,tecnico,sma50,66.3296,,EUR,2026-08-15,2026-09-04T15:50:41Z,Coinbase,2,,,engine/technical/README.md,
SOL,crypto,tecnico,sma50,66.3806,,EUR,2026-08-16,2026-09-04T15:50:41Z,Coinbase,2,,,engine/technical/README.md,
SOL,crypto,tecnico,sma50,66.4408,,EUR,2026-08-17,2026-09-04T15:50:41Z,Coinbase,2,,,engine/technical/README.md,
SOL,crypto,tecnico,sma50,66.457,,EUR,2026-08-18,2026-09-04T15:50:41Z,Coinbase,2,,,engine/technical/README.md,
SOL,crypto,tecnico,sma50,66.629,,EUR,2026-08-19,2026-09-04T15:50:41Z,Coinbase,2,,,engine/technical/README.md,
SOL,crypto,tecnico,sma50,66.769,,EUR,2026-08-20,2026-09-04T15:50:41Z,Coinbase,2,,,engine/technical/README.md,
SOL,crypto,tecnico,sma50,66.9602,,EUR,2026-08-21,2026-09-04T15:50:41Z,Coinbase,2,,,engine/technical/README.md,
SOL,crypto,tecnico,sma50,67.1224,,EUR,2026-08-22,2026-09-04T15:50:41Z,Coinbase,2,,,engine/technical/README.md,
SOL,crypto,tecnico,sma50,67.3246,,EUR,2026-08-23,2026-09-04T15:50:41Z,Coinbase,2,,,engine/technical/README.md,
SOL,crypto,tecnico,sma50,67.5962,,EUR,2026-08-24,2026-09-04T15:50:41Z,Coinbase,2,,,engine/technical/README.md,
SOL,crypto,tecnico,sma50,67.8176,,EUR,2026-08-25,2026-09-04T15:50:41Z,Coinbase,2,,,engine/technical/README.md,
SOL,crypto,tecnico,sma50,68.1554,,EUR,2026-08-26,2026-09-04T15:50:41Z,Coinbase,2,,,engine/technical/README.md,
SOL,crypto,tecnico,sma50,68.6674,,EUR,2026-08-27,2026-09-04T15:50:41Z,Coinbase,2,,,engine/technical/README.md,
SOL,crypto,tecnico,sma50,69.1004,,EUR,2026-08-28,2026-09-04T15:50:41Z,Coinbase,2,,,engine/technical/README.md,
SOL,crypto,tecnico,sma50,69.5562,,EUR,2026-08-29,2026-09-04T15:50:41Z,Coinbase,2,,,engine/technical/README.md,
SOL,crypto,tecnico,sma50,69.9686,,EUR,2026-08-30,2026-09-04T15:50:41Z,Coinbase,2,,,engine/technical/README.md,
SOL,crypto,tecnico,sma50,70.3934,,EUR,2026-08-31,2026-09-04T15:50:41Z,Coinbase,2,,,engine/technical/README.md,
SOL,crypto,tecnico,sma50,70.8016,,EUR,2026-09-01,2026-09-04T15:50:41Z,Coinbase,2,,,engine/technical/README.md,
SOL,crypto,tecnico,sma50,71.1716,,EUR,2026-09-02,2026-09-04T15:50:41Z,Coinbase,2,,,engine/technical/README.md,
SOL,crypto,tecnico,sma50,71.1614,,EUR,2026-09-03,2026-09-03T12:15:39Z,Kraken,2,100,,engine/technical/README.md,
SOL,crypto,tecnico,sma50,72.0962,,EUR,2026-09-04,2026-09-04T10:11:47Z,Kraken,2,100,,engine/technical/README.md,
SOL,crypto,tecnico,volatilidad_hist_30d_anualizada_pct,45.7,,%,2026-01-01,2026-09-04T15:50:41Z,Coinbase,2,,,engine/technical/README.md,
SOL,crypto,tecnico,volatilidad_hist_30d_anualizada_pct,46.3,,%,2026-01-02,2026-09-04T15:50:41Z,Coinbase,2,,,engine/technical/README.md,
SOL,crypto,tecnico,volatilidad_hist_30d_anualizada_pct,44.7,,%,2026-01-03,2026-09-04T15:50:41Z,Coinbase,2,,,engine/technical/README.md,
SOL,crypto,tecnico,volatilidad_hist_30d_anualizada_pct,42.5,,%,2026-01-04,2026-09-04T15:50:41Z,Coinbase,2,,,engine/technical/README.md,
SOL,crypto,tecnico,volatilidad_hist_30d_anualizada_pct,43.5,,%,2026-01-05,2026-09-04T15:50:41Z,Coinbase,2,,,engine/technical/README.md,
SOL,crypto,tecnico,volatilidad_hist_30d_anualizada_pct,44.2,,%,2026-01-06,2026-09-04T15:50:41Z,Coinbase,2,,,engine/technical/README.md,
SOL,crypto,tecnico,volatilidad_hist_30d_anualizada_pct,45.8,,%,2026-01-07,2026-09-04T15:50:41Z,Coinbase,2,,,engine/technical/README.md,
SOL,crypto,tecnico,volatilidad_hist_30d_anualizada_pct,44.5,,%,2026-01-08,2026-09-04T15:50:41Z,Coinbase,2,,,engine/technical/README.md,
SOL,crypto,tecnico,volatilidad_hist_30d_anualizada_pct,44.5,,%,2026-01-09,2026-09-04T15:50:41Z,Coinbase,2,,,engine/technical/README.md,
SOL,crypto,tecnico,volatilidad_hist_30d_anualizada_pct,44.5,,%,2026-01-10,2026-09-04T15:50:41Z,Coinbase,2,,,engine/technical/README.md,
SOL,crypto,tecnico,volatilidad_hist_30d_anualizada_pct,44.0,,%,2026-01-11,2026-09-04T15:50:41Z,Coinbase,2,,,engine/technical/README.md,
SOL,crypto,tecnico,volatilidad_hist_30d_anualizada_pct,44.1,,%,2026-01-12,2026-09-04T15:50:41Z,Coinbase,2,,,engine/technical/README.md,
SOL,crypto,tecnico,volatilidad_hist_30d_anualizada_pct,45.5,,%,2026-01-13,2026-09-04T15:50:41Z,Coinbase,2,,,engine/technical/README.md,
SOL,crypto,tecnico,volatilidad_hist_30d_anualizada_pct,45.0,,%,2026-01-14,2026-09-04T15:50:41Z,Coinbase,2,,,engine/technical/README.md,
SOL,crypto,tecnico,volatilidad_hist_30d_anualizada_pct,46.3,,%,2026-01-15,2026-09-04T15:50:41Z,Coinbase,2,,,engine/technical/README.md,
SOL,crypto,tecnico,volatilidad_hist_30d_anualizada_pct,43.0,,%,2026-01-16,2026-09-04T15:50:41Z,Coinbase,2,,,engine/technical/README.md,
SOL,crypto,tecnico,volatilidad_hist_30d_anualizada_pct,41.4,,%,2026-01-17,2026-09-04T15:50:41Z,Coinbase,2,,,engine/technical/README.md,
SOL,crypto,tecnico,volatilidad_hist_30d_anualizada_pct,41.4,,%,2026-01-18,2026-09-04T15:50:41Z,Coinbase,2,,,engine/technical/README.md,
SOL,crypto,tecnico,volatilidad_hist_30d_anualizada_pct,43.3,,%,2026-01-19,2026-09-04T15:50:41Z,Coinbase,2,,,engine/technical/README.md,
SOL,crypto,tecnico,volatilidad_hist_30d_anualizada_pct,49.5,,%,2026-01-20,2026-09-04T15:50:41Z,Coinbase,2,,,engine/technical/README.md,
SOL,crypto,tecnico,volatilidad_hist_30d_anualizada_pct,50.9,,%,2026-01-21,2026-09-04T15:50:41Z,Coinbase,2,,,engine/technical/README.md,
SOL,crypto,tecnico,volatilidad_hist_30d_anualizada_pct,50.8,,%,2026-01-22,2026-09-04T15:50:41Z,Coinbase,2,,,engine/technical/README.md,
SOL,crypto,tecnico,volatilidad_hist_30d_anualizada_pct,50.9,,%,2026-01-23,2026-09-04T15:50:41Z,Coinbase,2,,,engine/technical/README.md,
SOL,crypto,tecnico,volatilidad_hist_30d_anualizada_pct,50.3,,%,2026-01-24,2026-09-04T15:50:41Z,Coinbase,2,,,engine/technical/README.md,
SOL,crypto,tecnico,volatilidad_hist_30d_anualizada_pct,55.9,,%,2026-01-25,2026-09-04T15:50:41Z,Coinbase,2,,,engine/technical/README.md,
SOL,crypto,tecnico,volatilidad_hist_30d_anualizada_pct,57.6,,%,2026-01-26,2026-09-04T15:50:41Z,Coinbase,2,,,engine/technical/README.md,
SOL,crypto,tecnico,volatilidad_hist_30d_anualizada_pct,57.7,,%,2026-01-27,2026-09-04T15:50:41Z,Coinbase,2,,,engine/technical/README.md,
SOL,crypto,tecnico,volatilidad_hist_30d_anualizada_pct,57.5,,%,2026-01-28,2026-09-04T15:50:41Z,Coinbase,2,,,engine/technical/README.md,
SOL,crypto,tecnico,volatilidad_hist_30d_anualizada_pct,61.0,,%,2026-01-29,2026-09-04T15:50:41Z,Coinbase,2,,,engine/technical/README.md,
SOL,crypto,tecnico,volatilidad_hist_30d_anualizada_pct,61.1,,%,2026-01-30,2026-09-04T15:50:41Z,Coinbase,2,,,engine/technical/README.md,
SOL,crypto,tecnico,volatilidad_hist_30d_anualizada_pct,70.4,,%,2026-01-31,2026-09-04T15:50:41Z,Coinbase,2,,,engine/technical/README.md,
SOL,crypto,tecnico,volatilidad_hist_30d_anualizada_pct,69.4,,%,2026-02-01,2026-09-04T15:50:41Z,Coinbase,2,,,engine/technical/README.md,
SOL,crypto,tecnico,volatilidad_hist_30d_anualizada_pct,71.4,,%,2026-02-02,2026-09-04T15:50:41Z,Coinbase,2,,,engine/technical/README.md,
SOL,crypto,tecnico,volatilidad_hist_30d_anualizada_pct,74.2,,%,2026-02-03,2026-09-04T15:50:41Z,Coinbase,2,,,engine/technical/README.md,
SOL,crypto,tecnico,volatilidad_hist_30d_anualizada_pct,74.8,,%,2026-02-04,2026-09-04T15:50:41Z,Coinbase,2,,,engine/technical/README.md,
SOL,crypto,tecnico,volatilidad_hist_30d_anualizada_pct,89.0,,%,2026-02-05,2026-09-04T15:50:41Z,Coinbase,2,,,engine/technical/README.md,
SOL,crypto,tecnico,volatilidad_hist_30d_anualizada_pct,99.6,,%,2026-02-06,2026-09-04T15:50:41Z,Coinbase,2,,,engine/technical/README.md,
SOL,crypto,tecnico,volatilidad_hist_30d_anualizada_pct,99.2,,%,2026-02-07,2026-09-04T15:50:41Z,Coinbase,2,,,engine/technical/README.md,
SOL,crypto,tecnico,volatilidad_hist_30d_anualizada_pct,99.2,,%,2026-02-08,2026-09-04T15:50:41Z,Coinbase,2,,,engine/technical/README.md,
SOL,crypto,tecnico,volatilidad_hist_30d_anualizada_pct,99.1,,%,2026-02-09,2026-09-04T15:50:41Z,Coinbase,2,,,engine/technical/README.md,
SOL,crypto,tecnico,volatilidad_hist_30d_anualizada_pct,98.2,,%,2026-02-10,2026-09-04T15:50:41Z,Coinbase,2,,,engine/technical/README.md,
SOL,crypto,tecnico,volatilidad_hist_30d_anualizada_pct,98.6,,%,2026-02-11,2026-09-04T15:50:41Z,Coinbase,2,,,engine/technical/README.md,
SOL,crypto,tecnico,volatilidad_hist_30d_anualizada_pct,95.7,,%,2026-02-12,2026-09-04T15:50:41Z,Coinbase,2,,,engine/technical/README.md,
SOL,crypto,tecnico,volatilidad_hist_30d_anualizada_pct,100.8,,%,2026-02-13,2026-09-04T15:50:41Z,Coinbase,2,,,engine/technical/README.md,
SOL,crypto,tecnico,volatilidad_hist_30d_anualizada_pct,103.2,,%,2026-02-14,2026-09-04T15:50:41Z,Coinbase,2,,,engine/technical/README.md,
SOL,crypto,tecnico,volatilidad_hist_30d_anualizada_pct,102.4,,%,2026-02-15,2026-09-04T15:50:41Z,Coinbase,2,,,engine/technical/README.md,
SOL,crypto,tecnico,volatilidad_hist_30d_anualizada_pct,102.7,,%,2026-02-16,2026-09-04T15:50:41Z,Coinbase,2,,,engine/technical/README.md,
SOL,crypto,tecnico,volatilidad_hist_30d_anualizada_pct,102.2,,%,2026-02-17,2026-09-04T15:50:41Z,Coinbase,2,,,engine/technical/README.md,
SOL,crypto,tecnico,volatilidad_hist_30d_anualizada_pct,102.2,,%,2026-02-18,2026-09-04T15:50:41Z,Coinbase,2,,,engine/technical/README.md,
SOL,crypto,tecnico,volatilidad_hist_30d_anualizada_pct,101.0,,%,2026-02-19,2026-09-04T15:50:41Z,Coinbase,2,,,engine/technical/README.md,
SOL,crypto,tecnico,volatilidad_hist_30d_anualizada_pct,100.5,,%,2026-02-20,2026-09-04T15:50:41Z,Coinbase,2,,,engine/technical/README.md,
SOL,crypto,tecnico,volatilidad_hist_30d_anualizada_pct,100.8,,%,2026-02-21,2026-09-04T15:50:41Z,Coinbase,2,,,engine/technical/README.md,
SOL,crypto,tecnico,volatilidad_hist_30d_anualizada_pct,101.0,,%,2026-02-22,2026-09-04T15:50:41Z,Coinbase,2,,,engine/technical/README.md,
SOL,crypto,tecnico,volatilidad_hist_30d_anualizada_pct,101.9,,%,2026-02-23,2026-09-04T15:50:41Z,Coinbase,2,,,engine/technical/README.md,
SOL,crypto,tecnico,volatilidad_hist_30d_anualizada_pct,100.6,,%,2026-02-24,2026-09-04T15:50:41Z,Coinbase,2,,,engine/technical/README.md,
SOL,crypto,tecnico,volatilidad_hist_30d_anualizada_pct,107.0,,%,2026-02-25,2026-09-04T15:50:41Z,Coinbase,2,,,engine/technical/README.md,
SOL,crypto,tecnico,volatilidad_hist_30d_anualizada_pct,106.8,,%,2026-02-26,2026-09-04T15:50:41Z,Coinbase,2,,,engine/technical/README.md,
SOL,crypto,tecnico,volatilidad_hist_30d_anualizada_pct,107.5,,%,2026-02-27,2026-09-04T15:50:41Z,Coinbase,2,,,engine/technical/README.md,
SOL,crypto,tecnico,volatilidad_hist_30d_anualizada_pct,107.2,,%,2026-02-28,2026-09-04T15:50:41Z,Coinbase,2,,,engine/technical/README.md,
SOL,crypto,tecnico,volatilidad_hist_30d_anualizada_pct,107.0,,%,2026-03-01,2026-09-04T15:50:41Z,Coinbase,2,,,engine/technical/README.md,
SOL,crypto,tecnico,volatilidad_hist_30d_anualizada_pct,102.9,,%,2026-03-02,2026-09-04T15:50:41Z,Coinbase,2,,,engine/technical/README.md,
SOL,crypto,tecnico,volatilidad_hist_30d_anualizada_pct,101.8,,%,2026-03-03,2026-09-04T15:50:41Z,Coinbase,2,,,engine/technical/README.md,
SOL,crypto,tecnico,volatilidad_hist_30d_anualizada_pct,101.9,,%,2026-03-04,2026-09-04T15:50:41Z,Coinbase,2,,,engine/technical/README.md,
SOL,crypto,tecnico,volatilidad_hist_30d_anualizada_pct,99.5,,%,2026-03-05,2026-09-04T15:50:41Z,Coinbase,2,,,engine/technical/README.md,
SOL,crypto,tecnico,volatilidad_hist_30d_anualizada_pct,98.6,,%,2026-03-06,2026-09-04T15:50:41Z,Coinbase,2,,,engine/technical/README.md,
SOL,crypto,tecnico,volatilidad_hist_30d_anualizada_pct,81.1,,%,2026-03-07,2026-09-04T15:50:41Z,Coinbase,2,,,engine/technical/README.md,
SOL,crypto,tecnico,volatilidad_hist_30d_anualizada_pct,71.5,,%,2026-03-08,2026-09-04T15:50:41Z,Coinbase,2,,,engine/technical/README.md,
SOL,crypto,tecnico,volatilidad_hist_30d_anualizada_pct,72.4,,%,2026-03-09,2026-09-04T15:50:41Z,Coinbase,2,,,engine/technical/README.md,
SOL,crypto,tecnico,volatilidad_hist_30d_anualizada_pct,72.4,,%,2026-03-10,2026-09-04T15:50:41Z,Coinbase,2,,,engine/technical/README.md,
SOL,crypto,tecnico,volatilidad_hist_30d_anualizada_pct,72.5,,%,2026-03-11,2026-09-04T15:50:41Z,Coinbase,2,,,engine/technical/README.md,
SOL,crypto,tecnico,volatilidad_hist_30d_anualizada_pct,70.8,,%,2026-03-12,2026-09-04T15:50:41Z,Coinbase,2,,,engine/technical/README.md,
SOL,crypto,tecnico,volatilidad_hist_30d_anualizada_pct,69.0,,%,2026-03-13,2026-09-04T15:50:41Z,Coinbase,2,,,engine/technical/README.md,
SOL,crypto,tecnico,volatilidad_hist_30d_anualizada_pct,68.8,,%,2026-03-14,2026-09-04T15:50:41Z,Coinbase,2,,,engine/technical/README.md,
SOL,crypto,tecnico,volatilidad_hist_30d_anualizada_pct,65.9,,%,2026-03-15,2026-09-04T15:50:41Z,Coinbase,2,,,engine/technical/README.md,
SOL,crypto,tecnico,volatilidad_hist_30d_anualizada_pct,65.2,,%,2026-03-16,2026-09-04T15:50:41Z,Coinbase,2,,,engine/technical/README.md,
SOL,crypto,tecnico,volatilidad_hist_30d_anualizada_pct,65.0,,%,2026-03-17,2026-09-04T15:50:41Z,Coinbase,2,,,engine/technical/README.md,
SOL,crypto,tecnico,volatilidad_hist_30d_anualizada_pct,67.0,,%,2026-03-18,2026-09-04T15:50:41Z,Coinbase,2,,,engine/technical/README.md,
SOL,crypto,tecnico,volatilidad_hist_30d_anualizada_pct,67.3,,%,2026-03-19,2026-09-04T15:50:41Z,Coinbase,2,,,engine/technical/README.md,
SOL,crypto,tecnico,volatilidad_hist_30d_anualizada_pct,65.9,,%,2026-03-20,2026-09-04T15:50:41Z,Coinbase,2,,,engine/technical/README.md,
SOL,crypto,tecnico,volatilidad_hist_30d_anualizada_pct,66.6,,%,2026-03-21,2026-09-04T15:50:41Z,Coinbase,2,,,engine/technical/README.md,
SOL,crypto,tecnico,volatilidad_hist_30d_anualizada_pct,66.4,,%,2026-03-22,2026-09-04T15:50:41Z,Coinbase,2,,,engine/technical/README.md,
SOL,crypto,tecnico,volatilidad_hist_30d_anualizada_pct,69.0,,%,2026-03-23,2026-09-04T15:50:41Z,Coinbase,2,,,engine/technical/README.md,
SOL,crypto,tecnico,volatilidad_hist_30d_anualizada_pct,67.9,,%,2026-03-24,2026-09-04T15:50:41Z,Coinbase,2,,,engine/technical/README.md,
SOL,crypto,tecnico,volatilidad_hist_30d_anualizada_pct,64.5,,%,2026-03-25,2026-09-04T15:50:41Z,Coinbase,2,,,engine/technical/README.md,
SOL,crypto,tecnico,volatilidad_hist_30d_anualizada_pct,67.9,,%,2026-03-26,2026-09-04T15:50:41Z,Coinbase,2,,,engine/technical/README.md,
SOL,crypto,tecnico,volatilidad_hist_30d_anualizada_pct,58.8,,%,2026-03-27,2026-09-04T15:50:41Z,Coinbase,2,,,engine/technical/README.md,
SOL,crypto,tecnico,volatilidad_hist_30d_anualizada_pct,58.4,,%,2026-03-28,2026-09-04T15:50:41Z,Coinbase,2,,,engine/technical/README.md,
SOL,crypto,tecnico,volatilidad_hist_30d_anualizada_pct,55.8,,%,2026-03-29,2026-09-04T15:50:41Z,Coinbase,2,,,engine/technical/README.md,
SOL,crypto,tecnico,volatilidad_hist_30d_anualizada_pct,55.1,,%,2026-03-30,2026-09-04T15:50:41Z,Coinbase,2,,,engine/technical/README.md,
SOL,crypto,tecnico,volatilidad_hist_30d_anualizada_pct,55.0,,%,2026-03-31,2026-09-04T15:50:41Z,Coinbase,2,,,engine/technical/README.md,
SOL,crypto,tecnico,volatilidad_hist_30d_anualizada_pct,53.8,,%,2026-04-01,2026-09-04T15:50:41Z,Coinbase,2,,,engine/technical/README.md,
SOL,crypto,tecnico,volatilidad_hist_30d_anualizada_pct,54.0,,%,2026-04-02,2026-09-04T15:50:41Z,Coinbase,2,,,engine/technical/README.md,
SOL,crypto,tecnico,volatilidad_hist_30d_anualizada_pct,52.2,,%,2026-04-03,2026-09-04T15:50:41Z,Coinbase,2,,,engine/technical/README.md,
SOL,crypto,tecnico,volatilidad_hist_30d_anualizada_pct,51.9,,%,2026-04-04,2026-09-04T15:50:41Z,Coinbase,2,,,engine/technical/README.md,
SOL,crypto,tecnico,volatilidad_hist_30d_anualizada_pct,49.5,,%,2026-04-05,2026-09-04T15:50:41Z,Coinbase,2,,,engine/technical/README.md,
SOL,crypto,tecnico,volatilidad_hist_30d_anualizada_pct,50.1,,%,2026-04-06,2026-09-04T15:50:41Z,Coinbase,2,,,engine/technical/README.md,
SOL,crypto,tecnico,volatilidad_hist_30d_anualizada_pct,53.6,,%,2026-04-07,2026-09-04T15:50:41Z,Coinbase,2,,,engine/technical/README.md,
SOL,crypto,tecnico,volatilidad_hist_30d_anualizada_pct,53.7,,%,2026-04-08,2026-09-04T15:50:41Z,Coinbase,2,,,engine/technical/README.md,
SOL,crypto,tecnico,volatilidad_hist_30d_anualizada_pct,53.6,,%,2026-04-09,2026-09-04T15:50:41Z,Coinbase,2,,,engine/technical/README.md,
SOL,crypto,tecnico,volatilidad_hist_30d_anualizada_pct,53.6,,%,2026-04-10,2026-09-04T15:50:41Z,Coinbase,2,,,engine/technical/README.md,
SOL,crypto,tecnico,volatilidad_hist_30d_anualizada_pct,53.6,,%,2026-04-11,2026-09-04T15:50:41Z,Coinbase,2,,,engine/technical/README.md,
SOL,crypto,tecnico,volatilidad_hist_30d_anualizada_pct,54.2,,%,2026-04-12,2026-09-04T15:50:41Z,Coinbase,2,,,engine/technical/README.md,
SOL,crypto,tecnico,volatilidad_hist_30d_anualizada_pct,57.6,,%,2026-04-13,2026-09-04T15:50:41Z,Coinbase,2,,,engine/technical/README.md,
SOL,crypto,tecnico,volatilidad_hist_30d_anualizada_pct,56.4,,%,2026-04-14,2026-09-04T15:50:41Z,Coinbase,2,,,engine/technical/README.md,
SOL,crypto,tecnico,volatilidad_hist_30d_anualizada_pct,55.0,,%,2026-04-15,2026-09-04T15:50:41Z,Coinbase,2,,,engine/technical/README.md,
SOL,crypto,tecnico,volatilidad_hist_30d_anualizada_pct,58.0,,%,2026-04-16,2026-09-04T15:50:41Z,Coinbase,2,,,engine/technical/README.md,
SOL,crypto,tecnico,volatilidad_hist_30d_anualizada_pct,56.2,,%,2026-04-17,2026-09-04T15:50:41Z,Coinbase,2,,,engine/technical/README.md,
SOL,crypto,tecnico,volatilidad_hist_30d_anualizada_pct,56.6,,%,2026-04-18,2026-09-04T15:50:41Z,Coinbase,2,,,engine/technical/README.md,
SOL,crypto,tecnico,volatilidad_hist_30d_anualizada_pct,57.2,,%,2026-04-19,2026-09-04T15:50:41Z,Coinbase,2,,,engine/technical/README.md,
SOL,crypto,tecnico,volatilidad_hist_30d_anualizada_pct,57.0,,%,2026-04-20,2026-09-04T15:50:41Z,Coinbase,2,,,engine/technical/README.md,
SOL,crypto,tecnico,volatilidad_hist_30d_anualizada_pct,57.0,,%,2026-04-21,2026-09-04T15:50:41Z,Coinbase,2,,,engine/technical/README.md,
SOL,crypto,tecnico,volatilidad_hist_30d_anualizada_pct,53.5,,%,2026-04-22,2026-09-04T15:50:41Z,Coinbase,2,,,engine/technical/README.md,
SOL,crypto,tecnico,volatilidad_hist_30d_anualizada_pct,53.5,,%,2026-04-23,2026-09-04T15:50:41Z,Coinbase,2,,,engine/technical/README.md,
SOL,crypto,tecnico,volatilidad_hist_30d_anualizada_pct,53.2,,%,2026-04-24,2026-09-04T15:50:41Z,Coinbase,2,,,engine/technical/README.md,
SOL,crypto,tecnico,volatilidad_hist_30d_anualizada_pct,49.5,,%,2026-04-25,2026-09-04T15:50:41Z,Coinbase,2,,,engine/technical/README.md,
SOL,crypto,tecnico,volatilidad_hist_30d_anualizada_pct,47.8,,%,2026-04-26,2026-09-04T15:50:41Z,Coinbase,2,,,engine/technical/README.md,
SOL,crypto,tecnico,volatilidad_hist_30d_anualizada_pct,48.6,,%,2026-04-27,2026-09-04T15:50:41Z,Coinbase,2,,,engine/technical/README.md,
SOL,crypto,tecnico,volatilidad_hist_30d_anualizada_pct,48.6,,%,2026-04-28,2026-09-04T15:50:41Z,Coinbase,2,,,engine/technical/README.md,
SOL,crypto,tecnico,volatilidad_hist_30d_anualizada_pct,48.4,,%,2026-04-29,2026-09-04T15:50:41Z,Coinbase,2,,,engine/technical/README.md,
SOL,crypto,tecnico,volatilidad_hist_30d_anualizada_pct,48.4,,%,2026-04-30,2026-09-04T15:50:41Z,Coinbase,2,,,engine/technical/README.md,
SOL,crypto,tecnico,volatilidad_hist_30d_anualizada_pct,47.6,,%,2026-05-01,2026-09-04T15:50:41Z,Coinbase,2,,,engine/technical/README.md,
SOL,crypto,tecnico,volatilidad_hist_30d_anualizada_pct,46.9,,%,2026-05-02,2026-09-04T15:50:41Z,Coinbase,2,,,engine/technical/README.md,
SOL,crypto,tecnico,volatilidad_hist_30d_anualizada_pct,46.5,,%,2026-05-03,2026-09-04T15:50:41Z,Coinbase,2,,,engine/technical/README.md,
SOL,crypto,tecnico,volatilidad_hist_30d_anualizada_pct,46.5,,%,2026-05-04,2026-09-04T15:50:41Z,Coinbase,2,,,engine/technical/README.md,
SOL,crypto,tecnico,volatilidad_hist_30d_anualizada_pct,47.0,,%,2026-05-05,2026-09-04T15:50:41Z,Coinbase,2,,,engine/technical/README.md,
SOL,crypto,tecnico,volatilidad_hist_30d_anualizada_pct,46.9,,%,2026-05-06,2026-09-04T15:50:41Z,Coinbase,2,,,engine/technical/README.md,
SOL,crypto,tecnico,volatilidad_hist_30d_anualizada_pct,42.9,,%,2026-05-07,2026-09-04T15:50:41Z,Coinbase,2,,,engine/technical/README.md,
SOL,crypto,tecnico,volatilidad_hist_30d_anualizada_pct,42.8,,%,2026-05-08,2026-09-04T15:50:41Z,Coinbase,2,,,engine/technical/README.md,
SOL,crypto,tecnico,volatilidad_hist_30d_anualizada_pct,42.9,,%,2026-05-09,2026-09-04T15:50:41Z,Coinbase,2,,,engine/technical/README.md,
SOL,crypto,tecnico,volatilidad_hist_30d_anualizada_pct,44.2,,%,2026-05-10,2026-09-04T15:50:41Z,Coinbase,2,,,engine/technical/README.md,
SOL,crypto,tecnico,volatilidad_hist_30d_anualizada_pct,44.2,,%,2026-05-11,2026-09-04T15:50:41Z,Coinbase,2,,,engine/technical/README.md,
SOL,crypto,tecnico,volatilidad_hist_30d_anualizada_pct,43.2,,%,2026-05-12,2026-09-04T15:50:41Z,Coinbase,2,,,engine/technical/README.md,
SOL,crypto,tecnico,volatilidad_hist_30d_anualizada_pct,41.3,,%,2026-05-13,2026-09-04T15:50:41Z,Coinbase,2,,,engine/technical/README.md,
SOL,crypto,tecnico,volatilidad_hist_30d_anualizada_pct,39.1,,%,2026-05-14,2026-09-04T15:50:41Z,Coinbase,2,,,engine/technical/README.md,
SOL,crypto,tecnico,volatilidad_hist_30d_anualizada_pct,40.5,,%,2026-05-15,2026-09-04T15:50:41Z,Coinbase,2,,,engine/technical/README.md,
SOL,crypto,tecnico,volatilidad_hist_30d_anualizada_pct,38.2,,%,2026-05-16,2026-09-04T15:50:41Z,Coinbase,2,,,engine/technical/README.md,
SOL,crypto,tecnico,volatilidad_hist_30d_anualizada_pct,38.5,,%,2026-05-17,2026-09-04T15:50:41Z,Coinbase,2,,,engine/technical/README.md,
SOL,crypto,tecnico,volatilidad_hist_30d_anualizada_pct,37.0,,%,2026-05-18,2026-09-04T15:50:41Z,Coinbase,2,,,engine/technical/README.md,
SOL,crypto,tecnico,volatilidad_hist_30d_anualizada_pct,35.6,,%,2026-05-19,2026-09-04T15:50:41Z,Coinbase,2,,,engine/technical/README.md,
SOL,crypto,tecnico,volatilidad_hist_30d_anualizada_pct,35.8,,%,2026-05-20,2026-09-04T15:50:41Z,Coinbase,2,,,engine/technical/README.md,
SOL,crypto,tecnico,volatilidad_hist_30d_anualizada_pct,35.9,,%,2026-05-21,2026-09-04T15:50:41Z,Coinbase,2,,,engine/technical/README.md,
SOL,crypto,tecnico,volatilidad_hist_30d_anualizada_pct,37.5,,%,2026-05-22,2026-09-04T15:50:41Z,Coinbase,2,,,engine/technical/README.md,
SOL,crypto,tecnico,volatilidad_hist_30d_anualizada_pct,37.9,,%,2026-05-23,2026-09-04T15:50:41Z,Coinbase,2,,,engine/technical/README.md,
SOL,crypto,tecnico,volatilidad_hist_30d_anualizada_pct,38.0,,%,2026-05-24,2026-09-04T15:50:41Z,Coinbase,2,,,engine/technical/README.md,
SOL,crypto,tecnico,volatilidad_hist_30d_anualizada_pct,38.0,,%,2026-05-25,2026-09-04T15:50:41Z,Coinbase,2,,,engine/technical/README.md,
SOL,crypto,tecnico,volatilidad_hist_30d_anualizada_pct,38.2,,%,2026-05-26,2026-09-04T15:50:41Z,Coinbase,2,,,engine/technical/README.md,
SOL,crypto,tecnico,volatilidad_hist_30d_anualizada_pct,37.4,,%,2026-05-27,2026-09-04T15:50:41Z,Coinbase,2,,,engine/technical/README.md,
SOL,crypto,tecnico,volatilidad_hist_30d_anualizada_pct,37.4,,%,2026-05-28,2026-09-04T15:50:41Z,Coinbase,2,,,engine/technical/README.md,
SOL,crypto,tecnico,volatilidad_hist_30d_anualizada_pct,37.2,,%,2026-05-29,2026-09-04T15:50:41Z,Coinbase,2,,,engine/technical/README.md,
SOL,crypto,tecnico,volatilidad_hist_30d_anualizada_pct,37.3,,%,2026-05-30,2026-09-04T15:50:41Z,Coinbase,2,,,engine/technical/README.md,
SOL,crypto,tecnico,volatilidad_hist_30d_anualizada_pct,37.2,,%,2026-05-31,2026-09-04T15:50:41Z,Coinbase,2,,,engine/technical/README.md,
SOL,crypto,tecnico,volatilidad_hist_30d_anualizada_pct,37.4,,%,2026-06-01,2026-09-04T15:50:41Z,Coinbase,2,,,engine/technical/README.md,
SOL,crypto,tecnico,volatilidad_hist_30d_anualizada_pct,48.4,,%,2026-06-02,2026-09-04T15:50:41Z,Coinbase,2,,,engine/technical/README.md,
SOL,crypto,tecnico,volatilidad_hist_30d_anualizada_pct,49.4,,%,2026-06-03,2026-09-04T15:50:41Z,Coinbase,2,,,engine/technical/README.md,
SOL,crypto,tecnico,volatilidad_hist_30d_anualizada_pct,49.6,,%,2026-06-04,2026-09-04T15:50:41Z,Coinbase,2,,,engine/technical/README.md,
SOL,crypto,tecnico,volatilidad_hist_30d_anualizada_pct,52.5,,%,2026-06-05,2026-09-04T15:50:41Z,Coinbase,2,,,engine/technical/README.md,
SOL,crypto,tecnico,volatilidad_hist_30d_anualizada_pct,52.6,,%,2026-06-06,2026-09-04T15:50:41Z,Coinbase,2,,,engine/technical/README.md,
SOL,crypto,tecnico,volatilidad_hist_30d_anualizada_pct,56.6,,%,2026-06-07,2026-09-04T15:50:41Z,Coinbase,2,,,engine/technical/README.md,
SOL,crypto,tecnico,volatilidad_hist_30d_anualizada_pct,56.3,,%,2026-06-08,2026-09-04T15:50:41Z,Coinbase,2,,,engine/technical/README.md,
SOL,crypto,tecnico,volatilidad_hist_30d_anualizada_pct,54.1,,%,2026-06-09,2026-09-04T15:50:41Z,Coinbase,2,,,engine/technical/README.md,
SOL,crypto,tecnico,volatilidad_hist_30d_anualizada_pct,53.8,,%,2026-06-10,2026-09-04T15:50:41Z,Coinbase,2,,,engine/technical/README.md,
SOL,crypto,tecnico,volatilidad_hist_30d_anualizada_pct,58.5,,%,2026-06-11,2026-09-04T15:50:41Z,Coinbase,2,,,engine/technical/README.md,
SOL,crypto,tecnico,volatilidad_hist_30d_anualizada_pct,58.1,,%,2026-06-12,2026-09-04T15:50:41Z,Coinbase,2,,,engine/technical/README.md,
SOL,crypto,tecnico,volatilidad_hist_30d_anualizada_pct,59.4,,%,2026-06-13,2026-09-04T15:50:41Z,Coinbase,2,,,engine/technical/README.md,
SOL,crypto,tecnico,volatilidad_hist_30d_anualizada_pct,60.5,,%,2026-06-14,2026-09-04T15:50:41Z,Coinbase,2,,,engine/technical/README.md,
SOL,crypto,tecnico,volatilidad_hist_30d_anualizada_pct,61.9,,%,2026-06-15,2026-09-04T15:50:41Z,Coinbase,2,,,engine/technical/README.md,
SOL,crypto,tecnico,volatilidad_hist_30d_anualizada_pct,61.8,,%,2026-06-16,2026-09-04T15:50:41Z,Coinbase,2,,,engine/technical/README.md,
SOL,crypto,tecnico,volatilidad_hist_30d_anualizada_pct,61.8,,%,2026-06-17,2026-09-04T15:50:41Z,Coinbase,2,,,engine/technical/README.md,
SOL,crypto,tecnico,volatilidad_hist_30d_anualizada_pct,62.4,,%,2026-06-18,2026-09-04T15:50:41Z,Coinbase,2,,,engine/technical/README.md,
SOL,crypto,tecnico,volatilidad_hist_30d_anualizada_pct,61.7,,%,2026-06-19,2026-09-04T15:50:41Z,Coinbase,2,,,engine/technical/README.md,
SOL,crypto,tecnico,volatilidad_hist_30d_anualizada_pct,64.3,,%,2026-06-20,2026-09-04T15:50:41Z,Coinbase,2,,,engine/technical/README.md,
SOL,crypto,tecnico,volatilidad_hist_30d_anualizada_pct,63.5,,%,2026-06-21,2026-09-04T15:50:41Z,Coinbase,2,,,engine/technical/README.md,
SOL,crypto,tecnico,volatilidad_hist_30d_anualizada_pct,63.1,,%,2026-06-22,2026-09-04T15:50:41Z,Coinbase,2,,,engine/technical/README.md,
SOL,crypto,tecnico,volatilidad_hist_30d_anualizada_pct,63.6,,%,2026-06-23,2026-09-04T15:50:41Z,Coinbase,2,,,engine/technical/README.md,
SOL,crypto,tecnico,volatilidad_hist_30d_anualizada_pct,63.8,,%,2026-06-24,2026-09-04T15:50:41Z,Coinbase,2,,,engine/technical/README.md,
SOL,crypto,tecnico,volatilidad_hist_30d_anualizada_pct,63.7,,%,2026-06-25,2026-09-04T15:50:41Z,Coinbase,2,,,engine/technical/README.md,
SOL,crypto,tecnico,volatilidad_hist_30d_anualizada_pct,67.5,,%,2026-06-26,2026-09-04T15:50:41Z,Coinbase,2,,,engine/technical/README.md,
SOL,crypto,tecnico,volatilidad_hist_30d_anualizada_pct,67.7,,%,2026-06-27,2026-09-04T15:50:41Z,Coinbase,2,,,engine/technical/README.md,
SOL,crypto,tecnico,volatilidad_hist_30d_anualizada_pct,68.0,,%,2026-06-28,2026-09-04T15:50:41Z,Coinbase,2,,,engine/technical/README.md,
SOL,crypto,tecnico,volatilidad_hist_30d_anualizada_pct,70.4,,%,2026-06-29,2026-09-04T15:50:41Z,Coinbase,2,,,engine/technical/README.md,
SOL,crypto,tecnico,volatilidad_hist_30d_anualizada_pct,70.6,,%,2026-06-30,2026-09-04T15:50:41Z,Coinbase,2,,,engine/technical/README.md,
SOL,crypto,tecnico,volatilidad_hist_30d_anualizada_pct,73.2,,%,2026-07-01,2026-09-04T15:50:41Z,Coinbase,2,,,engine/technical/README.md,
SOL,crypto,tecnico,volatilidad_hist_30d_anualizada_pct,67.0,,%,2026-07-02,2026-09-04T15:50:41Z,Coinbase,2,,,engine/technical/README.md,
SOL,crypto,tecnico,volatilidad_hist_30d_anualizada_pct,65.8,,%,2026-07-03,2026-09-04T15:50:41Z,Coinbase,2,,,engine/technical/README.md,
SOL,crypto,tecnico,volatilidad_hist_30d_anualizada_pct,64.0,,%,2026-07-04,2026-09-04T15:50:41Z,Coinbase,2,,,engine/technical/README.md,
SOL,crypto,tecnico,volatilidad_hist_30d_anualizada_pct,57.9,,%,2026-07-05,2026-09-04T15:50:41Z,Coinbase,2,,,engine/technical/README.md,
SOL,crypto,tecnico,volatilidad_hist_30d_anualizada_pct,56.9,,%,2026-07-06,2026-09-04T15:50:41Z,Coinbase,2,,,engine/technical/README.md,
SOL,crypto,tecnico,volatilidad_hist_30d_anualizada_pct,53.8,,%,2026-07-07,2026-09-04T15:50:41Z,Coinbase,2,,,engine/technical/README.md,
SOL,crypto,tecnico,volatilidad_hist_30d_anualizada_pct,55.9,,%,2026-07-08,2026-09-04T15:50:41Z,Coinbase,2,,,engine/technical/README.md,
SOL,crypto,tecnico,volatilidad_hist_30d_anualizada_pct,54.6,,%,2026-07-09,2026-09-04T15:50:41Z,Coinbase,2,,,engine/technical/README.md,
SOL,crypto,tecnico,volatilidad_hist_30d_anualizada_pct,53.1,,%,2026-07-10,2026-09-04T15:50:41Z,Coinbase,2,,,engine/technical/README.md,
SOL,crypto,tecnico,volatilidad_hist_30d_anualizada_pct,51.0,,%,2026-07-11,2026-09-04T15:50:41Z,Coinbase,2,,,engine/technical/README.md,
SOL,crypto,tecnico,volatilidad_hist_30d_anualizada_pct,51.0,,%,2026-07-12,2026-09-04T15:50:41Z,Coinbase,2,,,engine/technical/README.md,
SOL,crypto,tecnico,volatilidad_hist_30d_anualizada_pct,51.0,,%,2026-07-13,2026-09-04T15:50:41Z,Coinbase,2,,,engine/technical/README.md,
SOL,crypto,tecnico,volatilidad_hist_30d_anualizada_pct,51.4,,%,2026-07-14,2026-09-04T15:50:41Z,Coinbase,2,,,engine/technical/README.md,
SOL,crypto,tecnico,volatilidad_hist_30d_anualizada_pct,50.1,,%,2026-07-15,2026-09-04T15:50:41Z,Coinbase,2,,,engine/technical/README.md,
SOL,crypto,tecnico,volatilidad_hist_30d_anualizada_pct,50.8,,%,2026-07-16,2026-09-04T15:50:41Z,Coinbase,2,,,engine/technical/README.md,
SOL,crypto,tecnico,volatilidad_hist_30d_anualizada_pct,50.6,,%,2026-07-17,2026-09-04T15:50:41Z,Coinbase,2,,,engine/technical/README.md,
SOL,crypto,tecnico,volatilidad_hist_30d_anualizada_pct,49.4,,%,2026-07-18,2026-09-04T15:50:41Z,Coinbase,2,,,engine/technical/README.md,
SOL,crypto,tecnico,volatilidad_hist_30d_anualizada_pct,49.4,,%,2026-07-19,2026-09-04T15:50:41Z,Coinbase,2,,,engine/technical/README.md,
SOL,crypto,tecnico,volatilidad_hist_30d_anualizada_pct,47.1,,%,2026-07-20,2026-09-04T15:50:41Z,Coinbase,2,,,engine/technical/README.md,
SOL,crypto,tecnico,volatilidad_hist_30d_anualizada_pct,46.9,,%,2026-07-21,2026-09-04T15:50:41Z,Coinbase,2,,,engine/technical/README.md,
SOL,crypto,tecnico,volatilidad_hist_30d_anualizada_pct,46.9,,%,2026-07-22,2026-09-04T15:50:41Z,Coinbase,2,,,engine/technical/README.md,
SOL,crypto,tecnico,volatilidad_hist_30d_anualizada_pct,46.6,,%,2026-07-23,2026-09-04T15:50:41Z,Coinbase,2,,,engine/technical/README.md,
SOL,crypto,tecnico,volatilidad_hist_30d_anualizada_pct,46.8,,%,2026-07-24,2026-09-04T15:50:41Z,Coinbase,2,,,engine/technical/README.md,
SOL,crypto,tecnico,volatilidad_hist_30d_anualizada_pct,46.7,,%,2026-07-25,2026-09-04T15:50:41Z,Coinbase,2,,,engine/technical/README.md,
SOL,crypto,tecnico,volatilidad_hist_30d_anualizada_pct,43.2,,%,2026-07-26,2026-09-04T15:50:41Z,Coinbase,2,,,engine/technical/README.md,
SOL,crypto,tecnico,volatilidad_hist_30d_anualizada_pct,44.1,,%,2026-07-27,2026-09-04T15:50:41Z,Coinbase,2,,,engine/technical/README.md,
SOL,crypto,tecnico,volatilidad_hist_30d_anualizada_pct,44.1,,%,2026-07-28,2026-09-04T15:50:41Z,Coinbase,2,,,engine/technical/README.md,
SOL,crypto,tecnico,volatilidad_hist_30d_anualizada_pct,40.6,,%,2026-07-29,2026-09-04T15:50:41Z,Coinbase,2,,,engine/technical/README.md,
SOL,crypto,tecnico,volatilidad_hist_30d_anualizada_pct,40.1,,%,2026-07-30,2026-09-04T15:50:41Z,Coinbase,2,,,engine/technical/README.md,
SOL,crypto,tecnico,volatilidad_hist_30d_anualizada_pct,36.0,,%,2026-07-31,2026-09-04T15:50:41Z,Coinbase,2,,,engine/technical/README.md,
SOL,crypto,tecnico,volatilidad_hist_30d_anualizada_pct,33.1,,%,2026-08-01,2026-09-04T15:50:41Z,Coinbase,2,,,engine/technical/README.md,
SOL,crypto,tecnico,volatilidad_hist_30d_anualizada_pct,33.3,,%,2026-08-02,2026-09-04T15:50:41Z,Coinbase,2,,,engine/technical/README.md,
SOL,crypto,tecnico,volatilidad_hist_30d_anualizada_pct,33.3,,%,2026-08-03,2026-09-04T15:50:41Z,Coinbase,2,,,engine/technical/README.md,
SOL,crypto,tecnico,volatilidad_hist_30d_anualizada_pct,33.3,,%,2026-08-04,2026-09-04T15:50:41Z,Coinbase,2,,,engine/technical/README.md,
SOL,crypto,tecnico,volatilidad_hist_30d_anualizada_pct,33.3,,%,2026-08-05,2026-09-04T15:50:41Z,Coinbase,2,,,engine/technical/README.md,
SOL,crypto,tecnico,volatilidad_hist_30d_anualizada_pct,33.3,,%,2026-08-06,2026-09-04T15:50:41Z,Coinbase,2,,,engine/technical/README.md,
SOL,crypto,tecnico,volatilidad_hist_30d_anualizada_pct,31.6,,%,2026-08-07,2026-09-04T15:50:41Z,Coinbase,2,,,engine/technical/README.md,
SOL,crypto,tecnico,volatilidad_hist_30d_anualizada_pct,33.7,,%,2026-08-08,2026-09-04T15:50:41Z,Coinbase,2,,,engine/technical/README.md,
SOL,crypto,tecnico,volatilidad_hist_30d_anualizada_pct,33.7,,%,2026-08-09,2026-09-04T15:50:41Z,Coinbase,2,,,engine/technical/README.md,
SOL,crypto,tecnico,volatilidad_hist_30d_anualizada_pct,33.2,,%,2026-08-10,2026-09-04T15:50:41Z,Coinbase,2,,,engine/technical/README.md,
SOL,crypto,tecnico,volatilidad_hist_30d_anualizada_pct,33.2,,%,2026-08-11,2026-09-04T15:50:41Z,Coinbase,2,,,engine/technical/README.md,
SOL,crypto,tecnico,volatilidad_hist_30d_anualizada_pct,32.2,,%,2026-08-12,2026-09-04T15:50:41Z,Coinbase,2,,,engine/technical/README.md,
SOL,crypto,tecnico,volatilidad_hist_30d_anualizada_pct,29.9,,%,2026-08-13,2026-09-04T15:50:41Z,Coinbase,2,,,engine/technical/README.md,
SOL,crypto,tecnico,volatilidad_hist_30d_anualizada_pct,30.1,,%,2026-08-14,2026-09-04T15:50:41Z,Coinbase,2,,,engine/technical/README.md,
SOL,crypto,tecnico,volatilidad_hist_30d_anualizada_pct,28.9,,%,2026-08-15,2026-09-04T15:50:41Z,Coinbase,2,,,engine/technical/README.md,
SOL,crypto,tecnico,volatilidad_hist_30d_anualizada_pct,29.1,,%,2026-08-16,2026-09-04T15:50:41Z,Coinbase,2,,,engine/technical/README.md,
SOL,crypto,tecnico,volatilidad_hist_30d_anualizada_pct,29.8,,%,2026-08-17,2026-09-04T15:50:41Z,Coinbase,2,,,engine/technical/README.md,
SOL,crypto,tecnico,volatilidad_hist_30d_anualizada_pct,30.0,,%,2026-08-18,2026-09-04T15:50:41Z,Coinbase,2,,,engine/technical/README.md,
SOL,crypto,tecnico,volatilidad_hist_30d_anualizada_pct,43.9,,%,2026-08-19,2026-09-04T15:50:41Z,Coinbase,2,,,engine/technical/README.md,
SOL,crypto,tecnico,volatilidad_hist_30d_anualizada_pct,44.6,,%,2026-08-20,2026-09-04T15:50:41Z,Coinbase,2,,,engine/technical/README.md,
SOL,crypto,tecnico,volatilidad_hist_30d_anualizada_pct,49.7,,%,2026-08-21,2026-09-04T15:50:41Z,Coinbase,2,,,engine/technical/README.md,
SOL,crypto,tecnico,volatilidad_hist_30d_anualizada_pct,48.6,,%,2026-08-22,2026-09-04T15:50:41Z,Coinbase,2,,,engine/technical/README.md,
SOL,crypto,tecnico,volatilidad_hist_30d_anualizada_pct,47.5,,%,2026-08-23,2026-09-04T15:50:41Z,Coinbase,2,,,engine/technical/README.md,
SOL,crypto,tecnico,volatilidad_hist_30d_anualizada_pct,48.7,,%,2026-08-24,2026-09-04T15:50:41Z,Coinbase,2,,,engine/technical/README.md,
SOL,crypto,tecnico,volatilidad_hist_30d_anualizada_pct,49.7,,%,2026-08-25,2026-09-04T15:50:41Z,Coinbase,2,,,engine/technical/README.md,
SOL,crypto,tecnico,volatilidad_hist_30d_anualizada_pct,50.7,,%,2026-08-26,2026-09-04T15:50:41Z,Coinbase,2,,,engine/technical/README.md,
SOL,crypto,tecnico,volatilidad_hist_30d_anualizada_pct,54.2,,%,2026-08-27,2026-09-04T15:50:41Z,Coinbase,2,,,engine/technical/README.md,
SOL,crypto,tecnico,volatilidad_hist_30d_anualizada_pct,57.0,,%,2026-08-28,2026-09-04T15:50:41Z,Coinbase,2,,,engine/technical/README.md,
SOL,crypto,tecnico,volatilidad_hist_30d_anualizada_pct,57.0,,%,2026-08-29,2026-09-04T15:50:41Z,Coinbase,2,,,engine/technical/README.md,
SOL,crypto,tecnico,volatilidad_hist_30d_anualizada_pct,58.3,,%,2026-08-30,2026-09-04T15:50:41Z,Coinbase,2,,,engine/technical/README.md,
SOL,crypto,tecnico,volatilidad_hist_30d_anualizada_pct,57.7,,%,2026-08-31,2026-09-04T15:50:41Z,Coinbase,2,,,engine/technical/README.md,
SOL,crypto,tecnico,volatilidad_hist_30d_anualizada_pct,59.2,,%,2026-09-01,2026-09-04T15:50:41Z,Coinbase,2,,,engine/technical/README.md,
SOL,crypto,tecnico,volatilidad_hist_30d_anualizada_pct,59.2,,%,2026-09-02,2026-09-04T15:50:41Z,Coinbase,2,,,engine/technical/README.md,
SOL,crypto,tecnico,volatilidad_hist_30d_anualizada_pct,59.1,,%,2026-09-03,2026-09-03T12:15:39Z,Kraken,2,100,,engine/technical/README.md,
SOL,crypto,tecnico,volatilidad_hist_30d_anualizada_pct,59.1,,%,2026-09-04,2026-09-04T10:11:47Z,Kraken,2,100,,engine/technical/README.md,
SOL,crypto,tecnico,volumen,14154.042,,unidades,2026-01-01,2026-09-04T15:50:41Z,Coinbase,2,,,engine/technical/README.md,
SOL,crypto,tecnico,volumen,24917.854,,unidades,2026-01-02,2026-09-04T15:50:41Z,Coinbase,2,,,engine/technical/README.md,
SOL,crypto,tecnico,volumen,16654.549,,unidades,2026-01-03,2026-09-04T15:50:41Z,Coinbase,2,,,engine/technical/README.md,
SOL,crypto,tecnico,volumen,16130.903,,unidades,2026-01-04,2026-09-04T15:50:41Z,Coinbase,2,,,engine/technical/README.md,
SOL,crypto,tecnico,volumen,49260.381,,unidades,2026-01-05,2026-09-04T15:50:41Z,Coinbase,2,,,engine/technical/README.md,
SOL,crypto,tecnico,volumen,40876.834,,unidades,2026-01-06,2026-09-04T15:50:41Z,Coinbase,2,,,engine/technical/README.md,
SOL,crypto,tecnico,volumen,30986.878,,unidades,2026-01-07,2026-09-04T15:50:41Z,Coinbase,2,,,engine/technical/README.md,
SOL,crypto,tecnico,volumen,27512.138,,unidades,2026-01-08,2026-09-04T15:50:41Z,Coinbase,2,,,engine/technical/README.md,
SOL,crypto,tecnico,volumen,40501.166,,unidades,2026-01-09,2026-09-04T15:50:41Z,Coinbase,2,,,engine/technical/README.md,
SOL,crypto,tecnico,volumen,15228.297,,unidades,2026-01-10,2026-09-04T15:50:41Z,Coinbase,2,,,engine/technical/README.md,
SOL,crypto,tecnico,volumen,26599.462,,unidades,2026-01-11,2026-09-04T15:50:41Z,Coinbase,2,,,engine/technical/README.md,
SOL,crypto,tecnico,volumen,38738.369,,unidades,2026-01-12,2026-09-04T15:50:41Z,Coinbase,2,,,engine/technical/README.md,
SOL,crypto,tecnico,volumen,34541.198,,unidades,2026-01-13,2026-09-04T15:50:41Z,Coinbase,2,,,engine/technical/README.md,
SOL,crypto,tecnico,volumen,30979.936,,unidades,2026-01-14,2026-09-04T15:50:41Z,Coinbase,2,,,engine/technical/README.md,
SOL,crypto,tecnico,volumen,23926.854,,unidades,2026-01-15,2026-09-04T15:50:41Z,Coinbase,2,,,engine/technical/README.md,
SOL,crypto,tecnico,volumen,16325.31,,unidades,2026-01-16,2026-09-04T15:50:41Z,Coinbase,2,,,engine/technical/README.md,
SOL,crypto,tecnico,volumen,9634.874,,unidades,2026-01-17,2026-09-04T15:50:41Z,Coinbase,2,,,engine/technical/README.md,
SOL,crypto,tecnico,volumen,16354.094,,unidades,2026-01-18,2026-09-04T15:50:41Z,Coinbase,2,,,engine/technical/README.md,
SOL,crypto,tecnico,volumen,25845.881,,unidades,2026-01-19,2026-09-04T15:50:41Z,Coinbase,2,,,engine/technical/README.md,
SOL,crypto,tecnico,volumen,36128.18,,unidades,2026-01-20,2026-09-04T15:50:41Z,Coinbase,2,,,engine/technical/README.md,
SOL,crypto,tecnico,volumen,29450.607,,unidades,2026-01-21,2026-09-04T15:50:41Z,Coinbase,2,,,engine/technical/README.md,
SOL,crypto,tecnico,volumen,17845.833,,unidades,2026-01-22,2026-09-04T15:50:41Z,Coinbase,2,,,engine/technical/README.md,
SOL,crypto,tecnico,volumen,19597.266,,unidades,2026-01-23,2026-09-04T15:50:41Z,Coinbase,2,,,engine/technical/README.md,
SOL,crypto,tecnico,volumen,11602.868,,unidades,2026-01-24,2026-09-04T15:50:41Z,Coinbase,2,,,engine/technical/README.md,
SOL,crypto,tecnico,volumen,46286.774,,unidades,2026-01-25,2026-09-04T15:50:41Z,Coinbase,2,,,engine/technical/README.md,
SOL,crypto,tecnico,volumen,41548.524,,unidades,2026-01-26,2026-09-04T15:50:41Z,Coinbase,2,,,engine/technical/README.md,
SOL,crypto,tecnico,volumen,25742.692,,unidades,2026-01-27,2026-09-04T15:50:41Z,Coinbase,2,,,engine/technical/README.md,
SOL,crypto,tecnico,volumen,22239.346,,unidades,2026-01-28,2026-09-04T15:50:41Z,Coinbase,2,,,engine/technical/README.md,
SOL,crypto,tecnico,volumen,44815.46,,unidades,2026-01-29,2026-09-04T15:50:41Z,Coinbase,2,,,engine/technical/README.md,
SOL,crypto,tecnico,volumen,46238.358,,unidades,2026-01-30,2026-09-04T15:50:41Z,Coinbase,2,,,engine/technical/README.md,
SOL,crypto,tecnico,volumen,72241.221,,unidades,2026-01-31,2026-09-04T15:50:41Z,Coinbase,2,,,engine/technical/README.md,
SOL,crypto,tecnico,volumen,68903.832,,unidades,2026-02-01,2026-09-04T15:50:41Z,Coinbase,2,,,engine/technical/README.md,
SOL,crypto,tecnico,volumen,62316.151,,unidades,2026-02-02,2026-09-04T15:50:41Z,Coinbase,2,,,engine/technical/README.md,
SOL,crypto,tecnico,volumen,51342.148,,unidades,2026-02-03,2026-09-04T15:50:41Z,Coinbase,2,,,engine/technical/README.md,
SOL,crypto,tecnico,volumen,95097.756,,unidades,2026-02-04,2026-09-04T15:50:41Z,Coinbase,2,,,engine/technical/README.md,
SOL,crypto,tecnico,volumen,133207.649,,unidades,2026-02-05,2026-09-04T15:50:41Z,Coinbase,2,,,engine/technical/README.md,
SOL,crypto,tecnico,volumen,143730.562,,unidades,2026-02-06,2026-09-04T15:50:41Z,Coinbase,2,,,engine/technical/README.md,
SOL,crypto,tecnico,volumen,54832.27,,unidades,2026-02-07,2026-09-04T15:50:41Z,Coinbase,2,,,engine/technical/README.md,
SOL,crypto,tecnico,volumen,37280.242,,unidades,2026-02-08,2026-09-04T15:50:41Z,Coinbase,2,,,engine/technical/README.md,
SOL,crypto,tecnico,volumen,47733.846,,unidades,2026-02-09,2026-09-04T15:50:41Z,Coinbase,2,,,engine/technical/README.md,
SOL,crypto,tecnico,volumen,49715.58,,unidades,2026-02-10,2026-09-04T15:50:41Z,Coinbase,2,,,engine/technical/README.md,
SOL,crypto,tecnico,volumen,64639.899,,unidades,2026-02-11,2026-09-04T15:50:41Z,Coinbase,2,,,engine/technical/README.md,
SOL,crypto,tecnico,volumen,55085.893,,unidades,2026-02-12,2026-09-04T15:50:41Z,Coinbase,2,,,engine/technical/README.md,
SOL,crypto,tecnico,volumen,43585.018,,unidades,2026-02-13,2026-09-04T15:50:41Z,Coinbase,2,,,engine/technical/README.md,
SOL,crypto,tecnico,volumen,40868.274,,unidades,2026-02-14,2026-09-04T15:50:41Z,Coinbase,2,,,engine/technical/README.md,
SOL,crypto,tecnico,volumen,46492.459,,unidades,2026-02-15,2026-09-04T15:50:41Z,Coinbase,2,,,engine/technical/README.md,
SOL,crypto,tecnico,volumen,50304.249,,unidades,2026-02-16,2026-09-04T15:50:41Z,Coinbase,2,,,engine/technical/README.md,
SOL,crypto,tecnico,volumen,32465.624,,unidades,2026-02-17,2026-09-04T15:50:41Z,Coinbase,2,,,engine/technical/README.md,
SOL,crypto,tecnico,volumen,41232.704,,unidades,2026-02-18,2026-09-04T15:50:41Z,Coinbase,2,,,engine/technical/README.md,
SOL,crypto,tecnico,volumen,32459.121,,unidades,2026-02-19,2026-09-04T15:50:41Z,Coinbase,2,,,engine/technical/README.md,
SOL,crypto,tecnico,volumen,50443.778,,unidades,2026-02-20,2026-09-04T15:50:41Z,Coinbase,2,,,engine/technical/README.md,
SOL,crypto,tecnico,volumen,20498.896,,unidades,2026-02-21,2026-09-04T15:50:41Z,Coinbase,2,,,engine/technical/README.md,
SOL,crypto,tecnico,volumen,17576.747,,unidades,2026-02-22,2026-09-04T15:50:41Z,Coinbase,2,,,engine/technical/README.md,
SOL,crypto,tecnico,volumen,63251.351,,unidades,2026-02-23,2026-09-04T15:50:41Z,Coinbase,2,,,engine/technical/README.md,
SOL,crypto,tecnico,volumen,47595.881,,unidades,2026-02-24,2026-09-04T15:50:41Z,Coinbase,2,,,engine/technical/README.md,
SOL,crypto,tecnico,volumen,90549.87,,unidades,2026-02-25,2026-09-04T15:50:41Z,Coinbase,2,,,engine/technical/README.md,
SOL,crypto,tecnico,volumen,65741.444,,unidades,2026-02-26,2026-09-04T15:50:41Z,Coinbase,2,,,engine/technical/README.md,
SOL,crypto,tecnico,volumen,61197.617,,unidades,2026-02-27,2026-09-04T15:50:41Z,Coinbase,2,,,engine/technical/README.md,
SOL,crypto,tecnico,volumen,74030.235,,unidades,2026-02-28,2026-09-04T15:50:41Z,Coinbase,2,,,engine/technical/README.md,
SOL,crypto,tecnico,volumen,63375.817,,unidades,2026-03-01,2026-09-04T15:50:41Z,Coinbase,2,,,engine/technical/README.md,
SOL,crypto,tecnico,volumen,83125.077,,unidades,2026-03-02,2026-09-04T15:50:41Z,Coinbase,2,,,engine/technical/README.md,
SOL,crypto,tecnico,volumen,68862.651,,unidades,2026-03-03,2026-09-04T15:50:41Z,Coinbase,2,,,engine/technical/README.md,
SOL,crypto,tecnico,volumen,107935.478,,unidades,2026-03-04,2026-09-04T15:50:41Z,Coinbase,2,,,engine/technical/README.md,
SOL,crypto,tecnico,volumen,55152.287,,unidades,2026-03-05,2026-09-04T15:50:41Z,Coinbase,2,,,engine/technical/README.md,
SOL,crypto,tecnico,volumen,50154.326,,unidades,2026-03-06,2026-09-04T15:50:41Z,Coinbase,2,,,engine/technical/README.md,
SOL,crypto,tecnico,volumen,29125.709,,unidades,2026-03-07,2026-09-04T15:50:41Z,Coinbase,2,,,engine/technical/README.md,
SOL,crypto,tecnico,volumen,32596.255,,unidades,2026-03-08,2026-09-04T15:50:41Z,Coinbase,2,,,engine/technical/README.md,
SOL,crypto,tecnico,volumen,47440.92,,unidades,2026-03-09,2026-09-04T15:50:41Z,Coinbase,2,,,engine/technical/README.md,
SOL,crypto,tecnico,volumen,42728.029,,unidades,2026-03-10,2026-09-04T15:50:41Z,Coinbase,2,,,engine/technical/README.md,
SOL,crypto,tecnico,volumen,38440.129,,unidades,2026-03-11,2026-09-04T15:50:41Z,Coinbase,2,,,engine/technical/README.md,
SOL,crypto,tecnico,volumen,45187.519,,unidades,2026-03-12,2026-09-04T15:50:41Z,Coinbase,2,,,engine/technical/README.md,
SOL,crypto,tecnico,volumen,64966.623,,unidades,2026-03-13,2026-09-04T15:50:41Z,Coinbase,2,,,engine/technical/README.md,
SOL,crypto,tecnico,volumen,20965.241,,unidades,2026-03-14,2026-09-04T15:50:41Z,Coinbase,2,,,engine/technical/README.md,
SOL,crypto,tecnico,volumen,32301.293,,unidades,2026-03-15,2026-09-04T15:50:41Z,Coinbase,2,,,engine/technical/README.md,
SOL,crypto,tecnico,volumen,61289.93,,unidades,2026-03-16,2026-09-04T15:50:41Z,Coinbase,2,,,engine/technical/README.md,
SOL,crypto,tecnico,volumen,40626.231,,unidades,2026-03-17,2026-09-04T15:50:41Z,Coinbase,2,,,engine/technical/README.md,
SOL,crypto,tecnico,volumen,45053.59,,unidades,2026-03-18,2026-09-04T15:50:41Z,Coinbase,2,,,engine/technical/README.md,
SOL,crypto,tecnico,volumen,33053.035,,unidades,2026-03-19,2026-09-04T15:50:41Z,Coinbase,2,,,engine/technical/README.md,
SOL,crypto,tecnico,volumen,30840.711,,unidades,2026-03-20,2026-09-04T15:50:41Z,Coinbase,2,,,engine/technical/README.md,
SOL,crypto,tecnico,volumen,15738.368,,unidades,2026-03-21,2026-09-04T15:50:41Z,Coinbase,2,,,engine/technical/README.md,
SOL,crypto,tecnico,volumen,34379.108,,unidades,2026-03-22,2026-09-04T15:50:41Z,Coinbase,2,,,engine/technical/README.md,
SOL,crypto,tecnico,volumen,57132.336,,unidades,2026-03-23,2026-09-04T15:50:41Z,Coinbase,2,,,engine/technical/README.md,
SOL,crypto,tecnico,volumen,47612.553,,unidades,2026-03-24,2026-09-04T15:50:41Z,Coinbase,2,,,engine/technical/README.md,
SOL,crypto,tecnico,volumen,47679.09,,unidades,2026-03-25,2026-09-04T15:50:41Z,Coinbase,2,,,engine/technical/README.md,
SOL,crypto,tecnico,volumen,47055.588,,unidades,2026-03-26,2026-09-04T15:50:41Z,Coinbase,2,,,engine/technical/README.md,
SOL,crypto,tecnico,volumen,37519.329,,unidades,2026-03-27,2026-09-04T15:50:41Z,Coinbase,2,,,engine/technical/README.md,
SOL,crypto,tecnico,volumen,21251.808,,unidades,2026-03-28,2026-09-04T15:50:41Z,Coinbase,2,,,engine/technical/README.md,
SOL,crypto,tecnico,volumen,24340.921,,unidades,2026-03-29,2026-09-04T15:50:41Z,Coinbase,2,,,engine/technical/README.md,
SOL,crypto,tecnico,volumen,34374.83,,unidades,2026-03-30,2026-09-04T15:50:41Z,Coinbase,2,,,engine/technical/README.md,
SOL,crypto,tecnico,volumen,40058.614,,unidades,2026-03-31,2026-09-04T15:50:41Z,Coinbase,2,,,engine/technical/README.md,
SOL,crypto,tecnico,volumen,42848.585,,unidades,2026-04-01,2026-09-04T15:50:41Z,Coinbase,2,,,engine/technical/README.md,
SOL,crypto,tecnico,volumen,49254.257,,unidades,2026-04-02,2026-09-04T15:50:41Z,Coinbase,2,,,engine/technical/README.md,
SOL,crypto,tecnico,volumen,26873.937,,unidades,2026-04-03,2026-09-04T15:50:41Z,Coinbase,2,,,engine/technical/README.md,
SOL,crypto,tecnico,volumen,21030.405,,unidades,2026-04-04,2026-09-04T15:50:41Z,Coinbase,2,,,engine/technical/README.md,
SOL,crypto,tecnico,volumen,24449.943,,unidades,2026-04-05,2026-09-04T15:50:41Z,Coinbase,2,,,engine/technical/README.md,
SOL,crypto,tecnico,volumen,38913.603,,unidades,2026-04-06,2026-09-04T15:50:41Z,Coinbase,2,,,engine/technical/README.md,
SOL,crypto,tecnico,volumen,49963.225,,unidades,2026-04-07,2026-09-04T15:50:41Z,Coinbase,2,,,engine/technical/README.md,
SOL,crypto,tecnico,volumen,39891.099,,unidades,2026-04-08,2026-09-04T15:50:41Z,Coinbase,2,,,engine/technical/README.md,
SOL,crypto,tecnico,volumen,37095.079,,unidades,2026-04-09,2026-09-04T15:50:41Z,Coinbase,2,,,engine/technical/README.md,
SOL,crypto,tecnico,volumen,29790.4,,unidades,2026-04-10,2026-09-04T15:50:41Z,Coinbase,2,,,engine/technical/README.md,
SOL,crypto,tecnico,volumen,22712.616,,unidades,2026-04-11,2026-09-04T15:50:41Z,Coinbase,2,,,engine/technical/README.md,
SOL,crypto,tecnico,volumen,29759.12,,unidades,2026-04-12,2026-09-04T15:50:41Z,Coinbase,2,,,engine/technical/README.md,
SOL,crypto,tecnico,volumen,39722.794,,unidades,2026-04-13,2026-09-04T15:50:41Z,Coinbase,2,,,engine/technical/README.md,
SOL,crypto,tecnico,volumen,49881.69,,unidades,2026-04-14,2026-09-04T15:50:41Z,Coinbase,2,,,engine/technical/README.md,
SOL,crypto,tecnico,volumen,44499.704,,unidades,2026-04-15,2026-09-04T15:50:41Z,Coinbase,2,,,engine/technical/README.md,
SOL,crypto,tecnico,volumen,55326.552,,unidades,2026-04-16,2026-09-04T15:50:41Z,Coinbase,2,,,engine/technical/README.md,
SOL,crypto,tecnico,volumen,47641.892,,unidades,2026-04-17,2026-09-04T15:50:41Z,Coinbase,2,,,engine/technical/README.md,
SOL,crypto,tecnico,volumen,25233.791,,unidades,2026-04-18,2026-09-04T15:50:41Z,Coinbase,2,,,engine/technical/README.md,
SOL,crypto,tecnico,volumen,32427.869,,unidades,2026-04-19,2026-09-04T15:50:41Z,Coinbase,2,,,engine/technical/README.md,
SOL,crypto,tecnico,volumen,35560.595,,unidades,2026-04-20,2026-09-04T15:50:41Z,Coinbase,2,,,engine/technical/README.md,
SOL,crypto,tecnico,volumen,33575.881,,unidades,2026-04-21,2026-09-04T15:50:41Z,Coinbase,2,,,engine/technical/README.md,
SOL,crypto,tecnico,volumen,39887.421,,unidades,2026-04-22,2026-09-04T15:50:41Z,Coinbase,2,,,engine/technical/README.md,
SOL,crypto,tecnico,volumen,36472.543,,unidades,2026-04-23,2026-09-04T15:50:41Z,Coinbase,2,,,engine/technical/README.md,
SOL,crypto,tecnico,volumen,35451.874,,unidades,2026-04-24,2026-09-04T15:50:41Z,Coinbase,2,,,engine/technical/README.md,
SOL,crypto,tecnico,volumen,17750.198,,unidades,2026-04-25,2026-09-04T15:50:41Z,Coinbase,2,,,engine/technical/README.md,
SOL,crypto,tecnico,volumen,21036.013,,unidades,2026-04-26,2026-09-04T15:50:41Z,Coinbase,2,,,engine/technical/README.md,
SOL,crypto,tecnico,volumen,39050.626,,unidades,2026-04-27,2026-09-04T15:50:41Z,Coinbase,2,,,engine/technical/README.md,
SOL,crypto,tecnico,volumen,32052.428,,unidades,2026-04-28,2026-09-04T15:50:41Z,Coinbase,2,,,engine/technical/README.md,
SOL,crypto,tecnico,volumen,46585.765,,unidades,2026-04-29,2026-09-04T15:50:41Z,Coinbase,2,,,engine/technical/README.md,
SOL,crypto,tecnico,volumen,30028.435,,unidades,2026-04-30,2026-09-04T15:50:41Z,Coinbase,2,,,engine/technical/README.md,
SOL,crypto,tecnico,volumen,31223.379,,unidades,2026-05-01,2026-09-04T15:50:41Z,Coinbase,2,,,engine/technical/README.md,
SOL,crypto,tecnico,volumen,19845.052,,unidades,2026-05-02,2026-09-04T15:50:41Z,Coinbase,2,,,engine/technical/README.md,
SOL,crypto,tecnico,volumen,23340.86,,unidades,2026-05-03,2026-09-04T15:50:41Z,Coinbase,2,,,engine/technical/README.md,
SOL,crypto,tecnico,volumen,55678.739,,unidades,2026-05-04,2026-09-04T15:50:41Z,Coinbase,2,,,engine/technical/README.md,
SOL,crypto,tecnico,volumen,46414.551,,unidades,2026-05-05,2026-09-04T15:50:41Z,Coinbase,2,,,engine/technical/README.md,
SOL,crypto,tecnico,volumen,54257.511,,unidades,2026-05-06,2026-09-04T15:50:41Z,Coinbase,2,,,engine/technical/README.md,
SOL,crypto,tecnico,volumen,45102.691,,unidades,2026-05-07,2026-09-04T15:50:41Z,Coinbase,2,,,engine/technical/README.md,
SOL,crypto,tecnico,volumen,38976.59,,unidades,2026-05-08,2026-09-04T15:50:41Z,Coinbase,2,,,engine/technical/README.md,
SOL,crypto,tecnico,volumen,31255.802,,unidades,2026-05-09,2026-09-04T15:50:41Z,Coinbase,2,,,engine/technical/README.md,
SOL,crypto,tecnico,volumen,40199.877,,unidades,2026-05-10,2026-09-04T15:50:41Z,Coinbase,2,,,engine/technical/README.md,
SOL,crypto,tecnico,volumen,48543.835,,unidades,2026-05-11,2026-09-04T15:50:41Z,Coinbase,2,,,engine/technical/README.md,
SOL,crypto,tecnico,volumen,37051.428,,unidades,2026-05-12,2026-09-04T15:50:41Z,Coinbase,2,,,engine/technical/README.md,
SOL,crypto,tecnico,volumen,50928.861,,unidades,2026-05-13,2026-09-04T15:50:41Z,Coinbase,2,,,engine/technical/README.md,
SOL,crypto,tecnico,volumen,49286.728,,unidades,2026-05-14,2026-09-04T15:50:41Z,Coinbase,2,,,engine/technical/README.md,
SOL,crypto,tecnico,volumen,39574.514,,unidades,2026-05-15,2026-09-04T15:50:41Z,Coinbase,2,,,engine/technical/README.md,
SOL,crypto,tecnico,volumen,28024.081,,unidades,2026-05-16,2026-09-04T15:50:41Z,Coinbase,2,,,engine/technical/README.md,
SOL,crypto,tecnico,volumen,23155.671,,unidades,2026-05-17,2026-09-04T15:50:41Z,Coinbase,2,,,engine/technical/README.md,
SOL,crypto,tecnico,volumen,33298.699,,unidades,2026-05-18,2026-09-04T15:50:41Z,Coinbase,2,,,engine/technical/README.md,
SOL,crypto,tecnico,volumen,32821.848,,unidades,2026-05-19,2026-09-04T15:50:41Z,Coinbase,2,,,engine/technical/README.md,
SOL,crypto,tecnico,volumen,32194.988,,unidades,2026-05-20,2026-09-04T15:50:41Z,Coinbase,2,,,engine/technical/README.md,
SOL,crypto,tecnico,volumen,32940.111,,unidades,2026-05-21,2026-09-04T15:50:41Z,Coinbase,2,,,engine/technical/README.md,
SOL,crypto,tecnico,volumen,33102.724,,unidades,2026-05-22,2026-09-04T15:50:41Z,Coinbase,2,,,engine/technical/README.md,
SOL,crypto,tecnico,volumen,34552.24,,unidades,2026-05-23,2026-09-04T15:50:41Z,Coinbase,2,,,engine/technical/README.md,
SOL,crypto,tecnico,volumen,33102.798,,unidades,2026-05-24,2026-09-04T15:50:41Z,Coinbase,2,,,engine/technical/README.md,
SOL,crypto,tecnico,volumen,18476.31,,unidades,2026-05-25,2026-09-04T15:50:41Z,Coinbase,2,,,engine/technical/README.md,
SOL,crypto,tecnico,volumen,26485.314,,unidades,2026-05-26,2026-09-04T15:50:41Z,Coinbase,2,,,engine/technical/README.md,
SOL,crypto,tecnico,volumen,24088.481,,unidades,2026-05-27,2026-09-04T15:50:41Z,Coinbase,2,,,engine/technical/README.md,
SOL,crypto,tecnico,volumen,34233.245,,unidades,2026-05-28,2026-09-04T15:50:41Z,Coinbase,2,,,engine/technical/README.md,
SOL,crypto,tecnico,volumen,30685.24,,unidades,2026-05-29,2026-09-04T15:50:41Z,Coinbase,2,,,engine/technical/README.md,
SOL,crypto,tecnico,volumen,15274.4,,unidades,2026-05-30,2026-09-04T15:50:41Z,Coinbase,2,,,engine/technical/README.md,
SOL,crypto,tecnico,volumen,13539.297,,unidades,2026-05-31,2026-09-04T15:50:41Z,Coinbase,2,,,engine/technical/README.md,
SOL,crypto,tecnico,volumen,23938.179,,unidades,2026-06-01,2026-09-04T15:50:41Z,Coinbase,2,,,engine/technical/README.md,
SOL,crypto,tecnico,volumen,51613.701,,unidades,2026-06-02,2026-09-04T15:50:41Z,Coinbase,2,,,engine/technical/README.md,
SOL,crypto,tecnico,volumen,39758.576,,unidades,2026-06-03,2026-09-04T15:50:41Z,Coinbase,2,,,engine/technical/README.md,
SOL,crypto,tecnico,volumen,63617.686,,unidades,2026-06-04,2026-09-04T15:50:41Z,Coinbase,2,,,engine/technical/README.md,
SOL,crypto,tecnico,volumen,108444.805,,unidades,2026-06-05,2026-09-04T15:50:41Z,Coinbase,2,,,engine/technical/README.md,
SOL,crypto,tecnico,volumen,52328.472,,unidades,2026-06-06,2026-09-04T15:50:41Z,Coinbase,2,,,engine/technical/README.md,
SOL,crypto,tecnico,volumen,66026.34,,unidades,2026-06-07,2026-09-04T15:50:41Z,Coinbase,2,,,engine/technical/README.md,
SOL,crypto,tecnico,volumen,44985.958,,unidades,2026-06-08,2026-09-04T15:50:41Z,Coinbase,2,,,engine/technical/README.md,
SOL,crypto,tecnico,volumen,53176.951,,unidades,2026-06-09,2026-09-04T15:50:41Z,Coinbase,2,,,engine/technical/README.md,
SOL,crypto,tecnico,volumen,39319.221,,unidades,2026-06-10,2026-09-04T15:50:41Z,Coinbase,2,,,engine/technical/README.md,
SOL,crypto,tecnico,volumen,43387.579,,unidades,2026-06-11,2026-09-04T15:50:41Z,Coinbase,2,,,engine/technical/README.md,
SOL,crypto,tecnico,volumen,50471.755,,unidades,2026-06-12,2026-09-04T15:50:41Z,Coinbase,2,,,engine/technical/README.md,
SOL,crypto,tecnico,volumen,41374.363,,unidades,2026-06-13,2026-09-04T15:50:41Z,Coinbase,2,,,engine/technical/README.md,
SOL,crypto,tecnico,volumen,30747.416,,unidades,2026-06-14,2026-09-04T15:50:41Z,Coinbase,2,,,engine/technical/README.md,
SOL,crypto,tecnico,volumen,63589.074,,unidades,2026-06-15,2026-09-04T15:50:41Z,Coinbase,2,,,engine/technical/README.md,
SOL,crypto,tecnico,volumen,39639.299,,unidades,2026-06-16,2026-09-04T15:50:41Z,Coinbase,2,,,engine/technical/README.md,
SOL,crypto,tecnico,volumen,27599.2,,unidades,2026-06-17,2026-09-04T15:50:41Z,Coinbase,2,,,engine/technical/README.md,
SOL,crypto,tecnico,volumen,34048.027,,unidades,2026-06-18,2026-09-04T15:50:41Z,Coinbase,2,,,engine/technical/README.md,
SOL,crypto,tecnico,volumen,25428.936,,unidades,2026-06-19,2026-09-04T15:50:41Z,Coinbase,2,,,engine/technical/README.md,
SOL,crypto,tecnico,volumen,27848.358,,unidades,2026-06-20,2026-09-04T15:50:41Z,Coinbase,2,,,engine/technical/README.md,
SOL,crypto,tecnico,volumen,20060.591,,unidades,2026-06-21,2026-09-04T15:50:41Z,Coinbase,2,,,engine/technical/README.md,
SOL,crypto,tecnico,volumen,34320.713,,unidades,2026-06-22,2026-09-04T15:50:41Z,Coinbase,2,,,engine/technical/README.md,
SOL,crypto,tecnico,volumen,29059.194,,unidades,2026-06-23,2026-09-04T15:50:41Z,Coinbase,2,,,engine/technical/README.md,
SOL,crypto,tecnico,volumen,55572.484,,unidades,2026-06-24,2026-09-04T15:50:41Z,Coinbase,2,,,engine/technical/README.md,
SOL,crypto,tecnico,volumen,56187.592,,unidades,2026-06-25,2026-09-04T15:50:41Z,Coinbase,2,,,engine/technical/README.md,
SOL,crypto,tecnico,volumen,77488.611,,unidades,2026-06-26,2026-09-04T15:50:41Z,Coinbase,2,,,engine/technical/README.md,
SOL,crypto,tecnico,volumen,36553.864,,unidades,2026-06-27,2026-09-04T15:50:41Z,Coinbase,2,,,engine/technical/README.md,
SOL,crypto,tecnico,volumen,26658.435,,unidades,2026-06-28,2026-09-04T15:50:41Z,Coinbase,2,,,engine/technical/README.md,
SOL,crypto,tecnico,volumen,76689.388,,unidades,2026-06-29,2026-09-04T15:50:41Z,Coinbase,2,,,engine/technical/README.md,
SOL,crypto,tecnico,volumen,49132.299,,unidades,2026-06-30,2026-09-04T15:50:41Z,Coinbase,2,,,engine/technical/README.md,
SOL,crypto,tecnico,volumen,60626.139,,unidades,2026-07-01,2026-09-04T15:50:41Z,Coinbase,2,,,engine/technical/README.md,
SOL,crypto,tecnico,volumen,59942.379,,unidades,2026-07-02,2026-09-04T15:50:41Z,Coinbase,2,,,engine/technical/README.md,
SOL,crypto,tecnico,volumen,43649.261,,unidades,2026-07-03,2026-09-04T15:50:41Z,Coinbase,2,,,engine/technical/README.md,
SOL,crypto,tecnico,volumen,34602.181,,unidades,2026-07-04,2026-09-04T15:50:41Z,Coinbase,2,,,engine/technical/README.md,
SOL,crypto,tecnico,volumen,28330.787,,unidades,2026-07-05,2026-09-04T15:50:41Z,Coinbase,2,,,engine/technical/README.md,
SOL,crypto,tecnico,volumen,48934.473,,unidades,2026-07-06,2026-09-04T15:50:41Z,Coinbase,2,,,engine/technical/README.md,
SOL,crypto,tecnico,volumen,40312.06,,unidades,2026-07-07,2026-09-04T15:50:41Z,Coinbase,2,,,engine/technical/README.md,
SOL,crypto,tecnico,volumen,42112.872,,unidades,2026-07-08,2026-09-04T15:50:41Z,Coinbase,2,,,engine/technical/README.md,
SOL,crypto,tecnico,volumen,27301.1,,unidades,2026-07-09,2026-09-04T15:50:41Z,Coinbase,2,,,engine/technical/README.md,
SOL,crypto,tecnico,volumen,132719.369,,unidades,2026-07-10,2026-09-04T15:50:41Z,Coinbase,2,,,engine/technical/README.md,
SOL,crypto,tecnico,volumen,19049.061,,unidades,2026-07-11,2026-09-04T15:50:41Z,Coinbase,2,,,engine/technical/README.md,
SOL,crypto,tecnico,volumen,20111.425,,unidades,2026-07-12,2026-09-04T15:50:41Z,Coinbase,2,,,engine/technical/README.md,
SOL,crypto,tecnico,volumen,45415.555,,unidades,2026-07-13,2026-09-04T15:50:41Z,Coinbase,2,,,engine/technical/README.md,
SOL,crypto,tecnico,volumen,23766.731,,unidades,2026-07-14,2026-09-04T15:50:41Z,Coinbase,2,,,engine/technical/README.md,
SOL,crypto,tecnico,volumen,37642.693,,unidades,2026-07-15,2026-09-04T15:50:41Z,Coinbase,2,,,engine/technical/README.md,
SOL,crypto,tecnico,volumen,24965.021,,unidades,2026-07-16,2026-09-04T15:50:41Z,Coinbase,2,,,engine/technical/README.md,
SOL,crypto,tecnico,volumen,28596.534,,unidades,2026-07-17,2026-09-04T15:50:41Z,Coinbase,2,,,engine/technical/README.md,
SOL,crypto,tecnico,volumen,13702.867,,unidades,2026-07-18,2026-09-04T15:50:41Z,Coinbase,2,,,engine/technical/README.md,
SOL,crypto,tecnico,volumen,18146.932,,unidades,2026-07-19,2026-09-04T15:50:41Z,Coinbase,2,,,engine/technical/README.md,
SOL,crypto,tecnico,volumen,28305.888,,unidades,2026-07-20,2026-09-04T15:50:41Z,Coinbase,2,,,engine/technical/README.md,
SOL,crypto,tecnico,volumen,22234.508,,unidades,2026-07-21,2026-09-04T15:50:41Z,Coinbase,2,,,engine/technical/README.md,
SOL,crypto,tecnico,volumen,24809.648,,unidades,2026-07-22,2026-09-04T15:50:41Z,Coinbase,2,,,engine/technical/README.md,
SOL,crypto,tecnico,volumen,24888.949,,unidades,2026-07-23,2026-09-04T15:50:41Z,Coinbase,2,,,engine/technical/README.md,
SOL,crypto,tecnico,volumen,26646.775,,unidades,2026-07-24,2026-09-04T15:50:41Z,Coinbase,2,,,engine/technical/README.md,
SOL,crypto,tecnico,volumen,14418.867,,unidades,2026-07-25,2026-09-04T15:50:41Z,Coinbase,2,,,engine/technical/README.md,
SOL,crypto,tecnico,volumen,14456.613,,unidades,2026-07-26,2026-09-04T15:50:41Z,Coinbase,2,,,engine/technical/README.md,
SOL,crypto,tecnico,volumen,20249.292,,unidades,2026-07-27,2026-09-04T15:50:41Z,Coinbase,2,,,engine/technical/README.md,
SOL,crypto,tecnico,volumen,25920.679,,unidades,2026-07-28,2026-09-04T15:50:41Z,Coinbase,2,,,engine/technical/README.md,
SOL,crypto,tecnico,volumen,28477.536,,unidades,2026-07-29,2026-09-04T15:50:41Z,Coinbase,2,,,engine/technical/README.md,
SOL,crypto,tecnico,volumen,25983.209,,unidades,2026-07-30,2026-09-04T15:50:41Z,Coinbase,2,,,engine/technical/README.md,
SOL,crypto,tecnico,volumen,32280.428,,unidades,2026-07-31,2026-09-04T15:50:41Z,Coinbase,2,,,engine/technical/README.md,
SOL,crypto,tecnico,volumen,18696.298,,unidades,2026-08-01,2026-09-04T15:50:41Z,Coinbase,2,,,engine/technical/README.md,
SOL,crypto,tecnico,volumen,19073.936,,unidades,2026-08-02,2026-09-04T15:50:41Z,Coinbase,2,,,engine/technical/README.md,
SOL,crypto,tecnico,volumen,69894.586,,unidades,2026-08-03,2026-09-04T15:50:41Z,Coinbase,2,,,engine/technical/README.md,
SOL,crypto,tecnico,volumen,67158.401,,unidades,2026-08-04,2026-09-04T15:50:41Z,Coinbase,2,,,engine/technical/README.md,
SOL,crypto,tecnico,volumen,72241.691,,unidades,2026-08-05,2026-09-04T15:50:41Z,Coinbase,2,,,engine/technical/README.md,
SOL,crypto,tecnico,volumen,78285.627,,unidades,2026-08-06,2026-09-04T15:50:41Z,Coinbase,2,,,engine/technical/README.md,
SOL,crypto,tecnico,volumen,52095.051,,unidades,2026-08-07,2026-09-04T15:50:41Z,Coinbase,2,,,engine/technical/README.md,
SOL,crypto,tecnico,volumen,54101.975,,unidades,2026-08-08,2026-09-04T15:50:41Z,Coinbase,2,,,engine/technical/README.md,
SOL,crypto,tecnico,volumen,56342.79,,unidades,2026-08-09,2026-09-04T15:50:41Z,Coinbase,2,,,engine/technical/README.md,
SOL,crypto,tecnico,volumen,94884.129,,unidades,2026-08-10,2026-09-04T15:50:41Z,Coinbase,2,,,engine/technical/README.md,
SOL,crypto,tecnico,volumen,84235.844,,unidades,2026-08-11,2026-09-04T15:50:41Z,Coinbase,2,,,engine/technical/README.md,
SOL,crypto,tecnico,volumen,72243.892,,unidades,2026-08-12,2026-09-04T15:50:41Z,Coinbase,2,,,engine/technical/README.md,
SOL,crypto,tecnico,volumen,70730.73,,unidades,2026-08-13,2026-09-04T15:50:41Z,Coinbase,2,,,engine/technical/README.md,
SOL,crypto,tecnico,volumen,44521.177,,unidades,2026-08-14,2026-09-04T15:50:41Z,Coinbase,2,,,engine/technical/README.md,
SOL,crypto,tecnico,volumen,14643.774,,unidades,2026-08-15,2026-09-04T15:50:41Z,Coinbase,2,,,engine/technical/README.md,
SOL,crypto,tecnico,volumen,18022.465,,unidades,2026-08-16,2026-09-04T15:50:41Z,Coinbase,2,,,engine/technical/README.md,
SOL,crypto,tecnico,volumen,30418.234,,unidades,2026-08-17,2026-09-04T15:50:41Z,Coinbase,2,,,engine/technical/README.md,
SOL,crypto,tecnico,volumen,22388.299,,unidades,2026-08-18,2026-09-04T15:50:41Z,Coinbase,2,,,engine/technical/README.md,
SOL,crypto,tecnico,volumen,73605.613,,unidades,2026-08-19,2026-09-04T15:50:41Z,Coinbase,2,,,engine/technical/README.md,
SOL,crypto,tecnico,volumen,52010.96,,unidades,2026-08-20,2026-09-04T15:50:41Z,Coinbase,2,,,engine/technical/README.md,
SOL,crypto,tecnico,volumen,93548.162,,unidades,2026-08-21,2026-09-04T15:50:41Z,Coinbase,2,,,engine/technical/README.md,
SOL,crypto,tecnico,volumen,61468.149,,unidades,2026-08-22,2026-09-04T15:50:41Z,Coinbase,2,,,engine/technical/README.md,
SOL,crypto,tecnico,volumen,24441.368,,unidades,2026-08-23,2026-09-04T15:50:41Z,Coinbase,2,,,engine/technical/README.md,
SOL,crypto,tecnico,volumen,49188.974,,unidades,2026-08-24,2026-09-04T15:50:41Z,Coinbase,2,,,engine/technical/README.md,
SOL,crypto,tecnico,volumen,62074.808,,unidades,2026-08-25,2026-09-04T15:50:41Z,Coinbase,2,,,engine/technical/README.md,
SOL,crypto,tecnico,volumen,43109.012,,unidades,2026-08-26,2026-09-04T15:50:41Z,Coinbase,2,,,engine/technical/README.md,
SOL,crypto,tecnico,volumen,74574.443,,unidades,2026-08-27,2026-09-04T15:50:41Z,Coinbase,2,,,engine/technical/README.md,
SOL,crypto,tecnico,volumen,69620.909,,unidades,2026-08-28,2026-09-04T15:50:41Z,Coinbase,2,,,engine/technical/README.md,
SOL,crypto,tecnico,volumen,26665.505,,unidades,2026-08-29,2026-09-04T15:50:41Z,Coinbase,2,,,engine/technical/README.md,
SOL,crypto,tecnico,volumen,26848.048,,unidades,2026-08-30,2026-09-04T15:50:41Z,Coinbase,2,,,engine/technical/README.md,
SOL,crypto,tecnico,volumen,32510.366,,unidades,2026-08-31,2026-09-04T15:50:41Z,Coinbase,2,,,engine/technical/README.md,
SOL,crypto,tecnico,volumen,32497.365,,unidades,2026-09-01,2026-09-04T15:50:41Z,Coinbase,2,,,engine/technical/README.md,
SOL,crypto,tecnico,volumen,28873.612,,unidades,2026-09-02,2026-09-04T15:50:41Z,Coinbase,2,,,engine/technical/README.md,
SOL,crypto,fundamental,fdv_mcap_ratio,1.082,,ratio,2026-09-05,2026-09-05T09:41:30Z,CoinGecko,2,,80,engine/crypto/README.md,
SOL,crypto,fundamental,fdv_mcap_ratio,1.082,,ratio,2026-09-06,2026-09-06T09:56:30Z,CoinGecko,2,,80,engine/crypto/README.md,
SOL,crypto,fundamental,fdv_mcap_ratio,1.081,,ratio,2026-09-07,2026-09-07T11:02:53Z,CoinGecko,2,,80,engine/crypto/README.md,
SOL,crypto,fundamental,fdv_mcap_ratio,1.081,,ratio,2026-09-08,2026-09-08T10:18:57Z,CoinGecko,2,,80,engine/crypto/README.md,
SOL,crypto,fundamental,fdv_mcap_ratio,1.081,,ratio,2026-09-09,2026-09-09T10:24:07Z,CoinGecko,2,,80,engine/crypto/README.md,
SOL,crypto,fundamental,fdv_mcap_ratio,1.081,,ratio,2026-09-10,2026-09-10T10:17:13Z,CoinGecko,2,,80,engine/crypto/README.md,
SOL,crypto,fundamental,fdv_mcap_ratio,1.081,,ratio,2026-09-11,2026-09-11T10:14:17Z,CoinGecko,2,,80,engine/crypto/README.md,
SOL,crypto,fundamental,fdv_mcap_ratio,1.081,,ratio,2026-09-12,2026-09-12T09:48:36Z,CoinGecko,2,,80,engine/crypto/README.md,
SOL,crypto,fundamental,market_cap_percentile_365d,24.6,,%,2026-09-05,2026-09-05T09:41:30Z,CoinGecko,2,,80,engine/crypto/README.md,
SOL,crypto,fundamental,market_cap_percentile_365d,27.0,,%,2026-09-06,2026-09-06T09:56:30Z,CoinGecko,2,,80,engine/crypto/README.md,
SOL,crypto,fundamental,market_cap_percentile_365d,26.2,,%,2026-09-07,2026-09-07T11:02:53Z,CoinGecko,2,,80,engine/crypto/README.md,
SOL,crypto,fundamental,market_cap_percentile_365d,25.3,,%,2026-09-08,2026-09-08T10:18:57Z,CoinGecko,2,,80,engine/crypto/README.md,
SOL,crypto,fundamental,market_cap_percentile_365d,25.4,,%,2026-09-09,2026-09-09T10:24:07Z,CoinGecko,2,,80,engine/crypto/README.md,
SOL,crypto,fundamental,market_cap_percentile_365d,23.7,,%,2026-09-10,2026-09-10T10:17:13Z,CoinGecko,2,,80,engine/crypto/README.md,
SOL,crypto,fundamental,market_cap_percentile_365d,22.9,,%,2026-09-11,2026-09-11T10:14:17Z,CoinGecko,2,,80,engine/crypto/README.md,
SOL,crypto,fundamental,market_cap_percentile_365d,24.4,,%,2026-09-12,2026-09-12T09:48:36Z,CoinGecko,2,,80,engine/crypto/README.md,
SOL,crypto,fundamental,supply_pct_of_max,92.4,,%,2026-09-05,2026-09-05T09:41:30Z,CoinGecko,2,,80,engine/crypto/README.md,
SOL,crypto,fundamental,supply_pct_of_max,92.4,,%,2026-09-06,2026-09-06T09:56:30Z,CoinGecko,2,,80,engine/crypto/README.md,
SOL,crypto,fundamental,supply_pct_of_max,92.5,,%,2026-09-07,2026-09-07T11:02:53Z,CoinGecko,2,,80,engine/crypto/README.md,
SOL,crypto,fundamental,supply_pct_of_max,92.5,,%,2026-09-08,2026-09-08T10:18:57Z,CoinGecko,2,,80,engine/crypto/README.md,
SOL,crypto,fundamental,supply_pct_of_max,92.5,,%,2026-09-09,2026-09-09T10:24:07Z,CoinGecko,2,,80,engine/crypto/README.md,
SOL,crypto,fundamental,supply_pct_of_max,92.5,,%,2026-09-10,2026-09-10T10:17:13Z,CoinGecko,2,,80,engine/crypto/README.md,
SOL,crypto,fundamental,supply_pct_of_max,92.5,,%,2026-09-11,2026-09-11T10:14:17Z,CoinGecko,2,,80,engine/crypto/README.md,
SOL,crypto,fundamental,supply_pct_of_max,92.5,,%,2026-09-12,2026-09-12T09:48:36Z,CoinGecko,2,,80,engine/crypto/README.md,
SOL,crypto,fundamental,tvl_percentile_365d,16.1,,%,2026-09-05,2026-09-05T09:41:30Z,DefiLlama,2,,80,engine/crypto/README.md,
SOL,crypto,fundamental,tvl_percentile_365d,16.8,,%,2026-09-06,2026-09-06T09:56:30Z,DefiLlama,2,,80,engine/crypto/README.md,
SOL,crypto,fundamental,tvl_percentile_365d,16.8,,%,2026-09-07,2026-09-07T11:02:53Z,DefiLlama,2,,80,engine/crypto/README.md,
SOL,crypto,fundamental,tvl_percentile_365d,16.1,,%,2026-09-08,2026-09-08T10:18:57Z,DefiLlama,2,,80,engine/crypto/README.md,
SOL,crypto,fundamental,tvl_percentile_365d,17.5,,%,2026-09-09,2026-09-09T10:24:07Z,DefiLlama,2,,80,engine/crypto/README.md,
SOL,crypto,fundamental,tvl_percentile_365d,15.9,,%,2026-09-10,2026-09-10T10:17:13Z,DefiLlama,2,,80,engine/crypto/README.md,
SOL,crypto,fundamental,tvl_percentile_365d,15.4,,%,2026-09-11,2026-09-11T10:14:17Z,DefiLlama,2,,80,engine/crypto/README.md,
SOL,crypto,fundamental,tvl_percentile_365d,16.4,,%,2026-09-12,2026-09-12T09:48:36Z,DefiLlama,2,,80,engine/crypto/README.md,
SOL,crypto,tecnico,atr14,4.116423,,EUR,2026-09-05,2026-09-05T09:41:30Z,Kraken,2,100,,engine/technical/README.md,
SOL,crypto,tecnico,atr14,4.162546,,EUR,2026-09-06,2026-09-06T09:56:30Z,Kraken,2,100,,engine/technical/README.md,
SOL,crypto,tecnico,atr14,4.074915,,EUR,2026-09-07,2026-09-07T11:02:53Z,Kraken,2,100,,engine/technical/README.md,
SOL,crypto,tecnico,atr14,3.955023,,EUR,2026-09-08,2026-09-08T10:18:57Z,Kraken,2,100,,engine/technical/README.md,
SOL,crypto,tecnico,atr14,3.864052,,EUR,2026-09-09,2026-09-09T10:24:07Z,Kraken,2,100,,engine/technical/README.md,
SOL,crypto,tecnico,atr14,3.850956,,EUR,2026-09-10,2026-09-10T10:17:13Z,Kraken,2,100,,engine/technical/README.md,
SOL,crypto,tecnico,atr14,3.787266,,EUR,2026-09-11,2026-09-11T10:14:17Z,Kraken,2,100,,engine/technical/README.md,
SOL,crypto,tecnico,atr14,3.922206,,EUR,2026-09-12,2026-09-12T09:48:36Z,Kraken,2,100,,engine/technical/README.md,
SOL,crypto,tecnico,atr14_pct_precio,4.66,,%,2026-09-05,2026-09-05T09:41:30Z,Kraken,2,100,,engine/technical/README.md,
SOL,crypto,tecnico,atr14_pct_precio,4.54,,%,2026-09-06,2026-09-06T09:56:30Z,Kraken,2,100,,engine/technical/README.md,
SOL,crypto,tecnico,atr14_pct_precio,4.51,,%,2026-09-07,2026-09-07T11:02:53Z,Kraken,2,100,,engine/technical/README.md,
SOL,crypto,tecnico,atr14_pct_precio,4.43,,%,2026-09-08,2026-09-08T10:18:57Z,Kraken,2,100,,engine/technical/README.md,
SOL,crypto,tecnico,atr14_pct_precio,4.33,,%,2026-09-09,2026-09-09T10:24:07Z,Kraken,2,100,,engine/technical/README.md,
SOL,crypto,tecnico,atr14_pct_precio,4.43,,%,2026-09-10,2026-09-10T10:17:13Z,Kraken,2,100,,engine/technical/README.md,
SOL,crypto,tecnico,atr14_pct_precio,4.41,,%,2026-09-11,2026-09-11T10:14:17Z,Kraken,2,100,,engine/technical/README.md,
SOL,crypto,tecnico,atr14_pct_precio,4.46,,%,2026-09-12,2026-09-12T09:48:36Z,Kraken,2,100,,engine/technical/README.md,
SOL,crypto,tecnico,confluencia_sesgo,,mixto (3/4 señales alcistas — sin confluencia clara),categorico,2026-09-05,2026-09-05T09:41:30Z,Kraken,2,100,,engine/technical/README.md,
SOL,crypto,tecnico,confluencia_sesgo,,mixto (3/4 señales alcistas — sin confluencia clara),categorico,2026-09-06,2026-09-06T09:56:30Z,Kraken,2,100,,engine/technical/README.md,
SOL,crypto,tecnico,confluencia_sesgo,,mixto (3/4 señales alcistas — sin confluencia clara),categorico,2026-09-07,2026-09-07T11:02:53Z,Kraken,2,100,,engine/technical/README.md,
SOL,crypto,tecnico,confluencia_sesgo,,mixto (3/4 señales alcistas — sin confluencia clara),categorico,2026-09-08,2026-09-08T10:18:57Z,Kraken,2,100,,engine/technical/README.md,
SOL,crypto,tecnico,confluencia_sesgo,,mixto (3/4 señales alcistas — sin confluencia clara),categorico,2026-09-09,2026-09-09T10:24:07Z,Kraken,2,100,,engine/technical/README.md,
SOL,crypto,tecnico,confluencia_sesgo,,mixto (3/4 señales alcistas — sin confluencia clara),categorico,2026-09-10,2026-09-10T10:17:13Z,Kraken,2,100,,engine/technical/README.md,
SOL,crypto,tecnico,confluencia_sesgo,,mixto (3/4 señales alcistas — sin confluencia clara),categorico,2026-09-11,2026-09-11T10:14:17Z,Kraken,2,100,,engine/technical/README.md,
SOL,crypto,tecnico,confluencia_sesgo,,mixto (3/4 señales alcistas — sin confluencia clara),categorico,2026-09-12,2026-09-12T09:48:36Z,Kraken,2,100,,engine/technical/README.md,
SOL,crypto,tecnico,posicion_rango_90d_pct,86.4,,%,2026-09-05,2026-09-05T09:41:30Z,Kraken,2,100,,engine/technical/README.md,
SOL,crypto,tecnico,posicion_rango_90d_pct,95.0,,%,2026-09-06,2026-09-06T09:56:30Z,Kraken,2,100,,engine/technical/README.md,
SOL,crypto,tecnico,posicion_rango_90d_pct,91.4,,%,2026-09-07,2026-09-07T11:02:53Z,Kraken,2,100,,engine/technical/README.md,
SOL,crypto,tecnico,posicion_rango_90d_pct,87.6,,%,2026-09-08,2026-09-08T10:18:57Z,Kraken,2,100,,engine/technical/README.md,
SOL,crypto,tecnico,posicion_rango_90d_pct,87.8,,%,2026-09-09,2026-09-09T10:24:07Z,Kraken,2,100,,engine/technical/README.md,
SOL,crypto,tecnico,posicion_rango_90d_pct,80.1,,%,2026-09-10,2026-09-10T10:17:13Z,Kraken,2,100,,engine/technical/README.md,
SOL,crypto,tecnico,posicion_rango_90d_pct,77.3,,%,2026-09-11,2026-09-11T10:14:17Z,Kraken,2,100,,engine/technical/README.md,
SOL,crypto,tecnico,posicion_rango_90d_pct,83.4,,%,2026-09-12,2026-09-12T09:48:36Z,Kraken,2,100,,engine/technical/README.md,
SOL,crypto,tecnico,precio,88.39,,EUR,2026-09-05,2026-09-05T09:41:30Z,Kraken,2,100,,engine/technical/README.md,
SOL,crypto,tecnico,precio,91.73,,EUR,2026-09-06,2026-09-06T09:56:30Z,Kraken,2,100,,engine/technical/README.md,
SOL,crypto,tecnico,precio,90.36,,EUR,2026-09-07,2026-09-07T11:02:53Z,Kraken,2,100,,engine/technical/README.md,
SOL,crypto,tecnico,precio,89.25,,EUR,2026-09-08,2026-09-08T10:18:57Z,Kraken,2,100,,engine/technical/README.md,
SOL,crypto,tecnico,precio,89.32,,EUR,2026-09-09,2026-09-09T10:24:07Z,Kraken,2,100,,engine/technical/README.md,
SOL,crypto,tecnico,precio,86.9,,EUR,2026-09-10,2026-09-10T10:17:13Z,Kraken,2,100,,engine/technical/README.md,
SOL,crypto,tecnico,precio,85.93,,EUR,2026-09-11,2026-09-11T10:14:17Z,Kraken,2,100,,engine/technical/README.md,
SOL,crypto,tecnico,precio,88.03,,EUR,2026-09-12,2026-09-12T09:48:36Z,Kraken,2,100,,engine/technical/README.md,
SOL,crypto,tecnico,rsi14,64.5,,indice,2026-09-05,2026-09-05T09:41:30Z,Kraken,2,100,,engine/technical/README.md,
SOL,crypto,tecnico,rsi14,68.6,,indice,2026-09-06,2026-09-06T09:56:30Z,Kraken,2,100,,engine/technical/README.md,
SOL,crypto,tecnico,rsi14,65.3,,indice,2026-09-07,2026-09-07T11:02:53Z,Kraken,2,100,,engine/technical/README.md,
SOL,crypto,tecnico,rsi14,62.8,,indice,2026-09-08,2026-09-08T10:18:57Z,Kraken,2,100,,engine/technical/README.md,
SOL,crypto,tecnico,rsi14,62.6,,indice,2026-09-09,2026-09-09T10:24:07Z,Kraken,2,100,,engine/technical/README.md,
SOL,crypto,tecnico,rsi14,57.4,,indice,2026-09-10,2026-09-10T10:17:13Z,Kraken,2,100,,engine/technical/README.md,
SOL,crypto,tecnico,rsi14,55.1,,indice,2026-09-11,2026-09-11T10:14:17Z,Kraken,2,100,,engine/technical/README.md,
SOL,crypto,tecnico,rsi14,58.2,,indice,2026-09-12,2026-09-12T09:48:36Z,Kraken,2,100,,engine/technical/README.md,
SOL,crypto,tecnico,sma100,68.3177,,EUR,2026-09-05,2026-09-05T09:41:30Z,Kraken,2,100,,engine/technical/README.md,
SOL,crypto,tecnico,sma100,68.5376,,EUR,2026-09-06,2026-09-06T09:56:30Z,Kraken,2,100,,engine/technical/README.md,
SOL,crypto,tecnico,sma100,68.7323,,EUR,2026-09-07,2026-09-07T11:02:53Z,Kraken,2,100,,engine/technical/README.md,
SOL,crypto,tecnico,sma100,68.9076,,EUR,2026-09-08,2026-09-08T10:18:57Z,Kraken,2,100,,engine/technical/README.md,
SOL,crypto,tecnico,sma100,69.0998,,EUR,2026-09-09,2026-09-09T10:24:07Z,Kraken,2,100,,engine/technical/README.md,
SOL,crypto,tecnico,sma100,69.3112,,EUR,2026-09-10,2026-09-10T10:17:13Z,Kraken,2,100,,engine/technical/README.md,
SOL,crypto,tecnico,sma100,69.5349,,EUR,2026-09-11,2026-09-11T10:14:17Z,Kraken,2,100,,engine/technical/README.md,
SOL,crypto,tecnico,sma100,69.8465,,EUR,2026-09-12,2026-09-12T09:48:36Z,Kraken,2,100,,engine/technical/README.md,
SOL,crypto,tecnico,sma20,83.3595,,EUR,2026-09-05,2026-09-05T09:41:30Z,Kraken,2,100,,engine/technical/README.md,
SOL,crypto,tecnico,sma20,84.6935,,EUR,2026-09-06,2026-09-06T09:56:30Z,Kraken,2,100,,engine/technical/README.md,
SOL,crypto,tecnico,sma20,85.884,,EUR,2026-09-07,2026-09-07T11:02:53Z,Kraken,2,100,,engine/technical/README.md,
SOL,crypto,tecnico,sma20,86.6405,,EUR,2026-09-08,2026-09-08T10:18:57Z,Kraken,2,100,,engine/technical/README.md,
SOL,crypto,tecnico,sma20,87.34,,EUR,2026-09-09,2026-09-09T10:24:07Z,Kraken,2,100,,engine/technical/README.md,
SOL,crypto,tecnico,sma20,87.579,,EUR,2026-09-10,2026-09-10T10:17:13Z,Kraken,2,100,,engine/technical/README.md,
SOL,crypto,tecnico,sma20,87.773,,EUR,2026-09-11,2026-09-11T10:14:17Z,Kraken,2,100,,engine/technical/README.md,
SOL,crypto,tecnico,sma20,88.21,,EUR,2026-09-12,2026-09-12T09:48:36Z,Kraken,2,100,,engine/technical/README.md,
SOL,crypto,tecnico,sma200,71.03245,,EUR,2026-09-05,2026-09-05T09:41:30Z,Kraken,2,100,,engine/technical/README.md,
SOL,crypto,tecnico,sma200,71.1477,,EUR,2026-09-06,2026-09-06T09:56:30Z,Kraken,2,100,,engine/technical/README.md,
SOL,crypto,tecnico,sma200,71.2488,,EUR,2026-09-07,2026-09-07T11:02:53Z,Kraken,2,100,,engine/technical/README.md,
SOL,crypto,tecnico,sma200,71.3306,,EUR,2026-09-08,2026-09-08T10:18:57Z,Kraken,2,100,,engine/technical/README.md,
SOL,crypto,tecnico,sma200,71.41385,,EUR,2026-09-09,2026-09-09T10:24:07Z,Kraken,2,100,,engine/technical/README.md,
SOL,crypto,tecnico,sma200,71.48895,,EUR,2026-09-10,2026-09-10T10:17:13Z,Kraken,2,100,,engine/technical/README.md,
SOL,crypto,tecnico,sma200,71.5786,,EUR,2026-09-11,2026-09-11T10:14:17Z,Kraken,2,100,,engine/technical/README.md,
SOL,crypto,tecnico,sma200,71.69535,,EUR,2026-09-12,2026-09-12T09:48:36Z,Kraken,2,100,,engine/technical/README.md,
SOL,crypto,tecnico,sma50,72.5202,,EUR,2026-09-05,2026-09-05T09:41:30Z,Kraken,2,100,,engine/technical/README.md,
SOL,crypto,tecnico,sma50,73.045,,EUR,2026-09-06,2026-09-06T09:56:30Z,Kraken,2,100,,engine/technical/README.md,
SOL,crypto,tecnico,sma50,73.5158,,EUR,2026-09-07,2026-09-07T11:02:53Z,Kraken,2,100,,engine/technical/README.md,
SOL,crypto,tecnico,sma50,73.916,,EUR,2026-09-08,2026-09-08T10:18:57Z,Kraken,2,100,,engine/technical/README.md,
SOL,crypto,tecnico,sma50,74.3262,,EUR,2026-09-09,2026-09-09T10:24:07Z,Kraken,2,100,,engine/technical/README.md,
SOL,crypto,tecnico,sma50,74.6582,,EUR,2026-09-10,2026-09-10T10:17:13Z,Kraken,2,100,,engine/technical/README.md,
SOL,crypto,tecnico,sma50,75.0048,,EUR,2026-09-11,2026-09-11T10:14:17Z,Kraken,2,100,,engine/technical/README.md,
SOL,crypto,tecnico,sma50,75.5126,,EUR,2026-09-12,2026-09-12T09:48:36Z,Kraken,2,100,,engine/technical/README.md,
SOL,crypto,tecnico,volatilidad_hist_30d_anualizada_pct,59.2,,%,2026-09-05,2026-09-05T09:41:30Z,Kraken,2,100,,engine/technical/README.md,
SOL,crypto,tecnico,volatilidad_hist_30d_anualizada_pct,59.6,,%,2026-09-06,2026-09-06T09:56:30Z,Kraken,2,100,,engine/technical/README.md,
SOL,crypto,tecnico,volatilidad_hist_30d_anualizada_pct,59.9,,%,2026-09-07,2026-09-07T11:02:53Z,Kraken,2,100,,engine/technical/README.md,
SOL,crypto,tecnico,volatilidad_hist_30d_anualizada_pct,60.7,,%,2026-09-08,2026-09-08T10:18:57Z,Kraken,2,100,,engine/technical/README.md,
SOL,crypto,tecnico,volatilidad_hist_30d_anualizada_pct,60.7,,%,2026-09-09,2026-09-09T10:24:07Z,Kraken,2,100,,engine/technical/README.md,
SOL,crypto,tecnico,volatilidad_hist_30d_anualizada_pct,61.6,,%,2026-09-10,2026-09-10T10:17:13Z,Kraken,2,100,,engine/technical/README.md,
SOL,crypto,tecnico,volatilidad_hist_30d_anualizada_pct,62.5,,%,2026-09-11,2026-09-11T10:14:17Z,Kraken,2,100,,engine/technical/README.md,
SOL,crypto,tecnico,volatilidad_hist_30d_anualizada_pct,63.5,,%,2026-09-12,2026-09-12T09:48:36Z,Kraken,2,100,,engine/technical/README.md,
SOL,crypto,tecnico,volumen,13832.390061,,unidades,2026-09-05,2026-09-05T09:41:30Z,Kraken,2,100,,engine/technical/README.md,
SOL,crypto,tecnico,volumen,46942.358469,,unidades,2026-09-06,2026-09-06T09:56:30Z,Kraken,2,100,,engine/technical/README.md,
SOL,crypto,tecnico,volumen,60917.275411,,unidades,2026-09-07,2026-09-07T11:02:53Z,Kraken,2,100,,engine/technical/README.md,
SOL,crypto,tecnico,volumen,29383.959368,,unidades,2026-09-08,2026-09-08T10:18:57Z,Kraken,2,100,,engine/technical/README.md,
SOL,crypto,tecnico,volumen,19138.186072,,unidades,2026-09-09,2026-09-09T10:24:07Z,Kraken,2,100,,engine/technical/README.md,
SOL,crypto,tecnico,volumen,19433.165951,,unidades,2026-09-10,2026-09-10T10:17:13Z,Kraken,2,100,,engine/technical/README.md,
SOL,crypto,tecnico,volumen,24990.513017,,unidades,2026-09-11,2026-09-11T10:14:17Z,Kraken,2,100,,engine/technical/README.md,
SOL,crypto,tecnico,volumen,15331.176793,,unidades,2026-09-12,2026-09-12T09:48:36Z,Kraken,2,100,,engine/technical/README.md,
