asset_id,asset_type,domain,metric,value,value_text,unit,data_as_of,retrieved_at,source,source_priority,confidence_pct,data_quality_pct,calculation_method,source_url
XOM,equity,fundamental,analyst_n_analistas,25.0,,analistas,2026-06-30,2026-09-03T12:15:39Z,Alpha Vantage,2,,75,engine/equity/README.md,
XOM,equity,fundamental,analyst_target_price,169.68,,USD,2026-06-30,2026-09-03T12:15:39Z,Alpha Vantage,2,,75,engine/equity/README.md,
XOM,equity,fundamental,analyst_upside_pct,3.4,,%,2026-06-30,2026-09-03T12:15:39Z,Alpha Vantage,2,,75,engine/equity/README.md,
XOM,equity,fundamental,earnings_beats_8q,7.0,,trimestres,2026-06-30,2026-09-03T12:15:39Z,Alpha Vantage,2,,75,engine/equity/README.md,
XOM,equity,fundamental,earnings_misses_8q,1.0,,trimestres,2026-06-30,2026-09-03T12:15:39Z,Alpha Vantage,2,,75,engine/equity/README.md,
XOM,equity,fundamental,earnings_surprise_avg_pct,3.96,,%,2026-06-30,2026-09-03T12:15:39Z,Alpha Vantage,2,,75,engine/equity/README.md,
XOM,equity,fundamental,earnings_surprise_last_pct,-4.3478,,%,2026-06-30,2026-09-03T12:15:39Z,Alpha Vantage,2,,75,engine/equity/README.md,
XOM,equity,fundamental,eps,7.95,,USD,2026-06-30,2026-09-03T12:15:39Z,Alpha Vantage,2,,75,engine/equity/README.md,
XOM,equity,fundamental,operating_margin_pct,15.9,,%,2026-06-30,2026-09-03T12:15:39Z,Alpha Vantage,2,,75,engine/equity/README.md,
XOM,equity,fundamental,pe_ratio,20.7,,ratio,2026-06-30,2026-09-03T11:40:59Z,Alpha Vantage,2,,75,engine/equity/README.md,
XOM,equity,fundamental,peg_ratio,1.26,,ratio,2026-06-30,2026-09-03T11:40:59Z,Alpha Vantage,2,,75,engine/equity/README.md,
XOM,equity,fundamental,profit_margin_pct,9.1,,%,2026-06-30,2026-09-03T12:15:39Z,Alpha Vantage,2,,75,engine/equity/README.md,
XOM,equity,fundamental,revenue_growth_yoy_pct,44.1,,%,2026-06-30,2026-09-03T11:40:59Z,Alpha Vantage,2,,75,engine/equity/README.md,
XOM,equity,fundamental,roe_pct,12.6,,%,2026-06-30,2026-09-03T11:40:59Z,Alpha Vantage,2,,75,engine/equity/README.md,
XOM,equity,tecnico,atr14,1.997141,,USD,2026-01-02,2026-09-04T20:02:05Z,Yahoo Finance,2,,,engine/technical/README.md,
XOM,equity,tecnico,atr14,2.107346,,USD,2026-01-05,2026-09-04T20:02:05Z,Yahoo Finance,2,,,engine/technical/README.md,
XOM,equity,tecnico,atr14,2.299678,,USD,2026-01-06,2026-09-04T20:02:05Z,Yahoo Finance,2,,,engine/technical/README.md,
XOM,equity,tecnico,atr14,2.333987,,USD,2026-01-07,2026-09-04T20:02:05Z,Yahoo Finance,2,,,engine/technical/README.md,
XOM,equity,tecnico,atr14,2.534417,,USD,2026-01-08,2026-09-04T20:02:05Z,Yahoo Finance,2,,,engine/technical/README.md,
XOM,equity,tecnico,atr14,2.492673,,USD,2026-01-09,2026-09-04T20:02:05Z,Yahoo Finance,2,,,engine/technical/README.md,
XOM,equity,tecnico,atr14,2.461053,,USD,2026-01-12,2026-09-04T20:02:05Z,Yahoo Finance,2,,,engine/technical/README.md,
XOM,equity,tecnico,atr14,2.507407,,USD,2026-01-13,2026-09-04T20:02:05Z,Yahoo Finance,2,,,engine/technical/README.md,
XOM,equity,tecnico,atr14,2.698306,,USD,2026-01-14,2026-09-04T20:02:05Z,Yahoo Finance,2,,,engine/technical/README.md,
XOM,equity,tecnico,atr14,2.641284,,USD,2026-01-15,2026-09-04T20:02:05Z,Yahoo Finance,2,,,engine/technical/README.md,
XOM,equity,tecnico,atr14,2.544764,,USD,2026-01-16,2026-09-04T20:02:05Z,Yahoo Finance,2,,,engine/technical/README.md,
XOM,equity,tecnico,atr14,2.509424,,USD,2026-01-20,2026-09-04T20:02:05Z,Yahoo Finance,2,,,engine/technical/README.md,
XOM,equity,tecnico,atr14,2.56375,,USD,2026-01-21,2026-09-04T20:02:05Z,Yahoo Finance,2,,,engine/technical/README.md,
XOM,equity,tecnico,atr14,2.547053,,USD,2026-01-22,2026-09-04T20:02:05Z,Yahoo Finance,2,,,engine/technical/README.md,
XOM,equity,tecnico,atr14,2.532263,,USD,2026-01-23,2026-09-04T20:02:05Z,Yahoo Finance,2,,,engine/technical/README.md,
XOM,equity,tecnico,atr14,2.549245,,USD,2026-01-26,2026-09-04T20:02:05Z,Yahoo Finance,2,,,engine/technical/README.md,
XOM,equity,tecnico,atr14,2.525726,,USD,2026-01-27,2026-09-04T20:02:05Z,Yahoo Finance,2,,,engine/technical/README.md,
XOM,equity,tecnico,atr14,2.441031,,USD,2026-01-28,2026-09-04T20:02:05Z,Yahoo Finance,2,,,engine/technical/README.md,
XOM,equity,tecnico,atr14,2.606671,,USD,2026-01-29,2026-09-04T20:02:05Z,Yahoo Finance,2,,,engine/technical/README.md,
XOM,equity,tecnico,atr14,2.733338,,USD,2026-01-30,2026-09-04T20:02:05Z,Yahoo Finance,2,,,engine/technical/README.md,
XOM,equity,tecnico,atr14,2.776671,,USD,2026-02-02,2026-09-04T20:02:05Z,Yahoo Finance,2,,,engine/technical/README.md,
XOM,equity,tecnico,atr14,3.056908,,USD,2026-02-03,2026-09-04T20:02:05Z,Yahoo Finance,2,,,engine/technical/README.md,
XOM,equity,tecnico,atr14,3.132129,,USD,2026-02-04,2026-09-04T20:02:05Z,Yahoo Finance,2,,,engine/technical/README.md,
XOM,equity,tecnico,atr14,3.17912,,USD,2026-02-05,2026-09-04T20:02:05Z,Yahoo Finance,2,,,engine/technical/README.md,
XOM,equity,tecnico,atr14,3.201326,,USD,2026-02-06,2026-09-04T20:02:05Z,Yahoo Finance,2,,,engine/technical/README.md,
XOM,equity,tecnico,atr14,3.181231,,USD,2026-02-09,2026-09-04T20:02:05Z,Yahoo Finance,2,,,engine/technical/README.md,
XOM,equity,tecnico,atr14,3.093999,,USD,2026-02-10,2026-09-04T20:02:05Z,Yahoo Finance,2,,,engine/technical/README.md,
XOM,equity,tecnico,atr14,3.254428,,USD,2026-02-11,2026-09-04T20:02:05Z,Yahoo Finance,2,,,engine/technical/README.md,
XOM,equity,tecnico,atr14,3.427682,,USD,2026-02-12,2026-09-04T20:02:05Z,Yahoo Finance,2,,,engine/technical/README.md,
XOM,equity,tecnico,atr14,3.445706,,USD,2026-02-13,2026-09-04T20:02:05Z,Yahoo Finance,2,,,engine/technical/README.md,
XOM,equity,tecnico,atr14,3.48387,,USD,2026-02-17,2026-09-04T20:02:05Z,Yahoo Finance,2,,,engine/technical/README.md,
XOM,equity,tecnico,atr14,3.577165,,USD,2026-02-18,2026-09-04T20:02:05Z,Yahoo Finance,2,,,engine/technical/README.md,
XOM,equity,tecnico,atr14,3.514511,,USD,2026-02-19,2026-09-04T20:02:05Z,Yahoo Finance,2,,,engine/technical/README.md,
XOM,equity,tecnico,atr14,3.585617,,USD,2026-02-20,2026-09-04T20:02:05Z,Yahoo Finance,2,,,engine/technical/README.md,
XOM,equity,tecnico,atr14,3.614502,,USD,2026-02-23,2026-09-04T20:02:05Z,Yahoo Finance,2,,,engine/technical/README.md,
XOM,equity,tecnico,atr14,3.551323,,USD,2026-02-24,2026-09-04T20:02:05Z,Yahoo Finance,2,,,engine/technical/README.md,
XOM,equity,tecnico,atr14,3.501228,,USD,2026-02-25,2026-09-04T20:02:05Z,Yahoo Finance,2,,,engine/technical/README.md,
XOM,equity,tecnico,atr14,3.550426,,USD,2026-02-26,2026-09-04T20:02:05Z,Yahoo Finance,2,,,engine/technical/README.md,
XOM,equity,tecnico,atr14,3.661824,,USD,2026-02-27,2026-09-04T20:02:05Z,Yahoo Finance,2,,,engine/technical/README.md,
XOM,equity,tecnico,atr14,3.908122,,USD,2026-03-02,2026-09-04T20:02:05Z,Yahoo Finance,2,,,engine/technical/README.md,
XOM,equity,tecnico,atr14,4.039685,,USD,2026-03-03,2026-09-04T20:02:05Z,Yahoo Finance,2,,,engine/technical/README.md,
XOM,equity,tecnico,atr14,4.034708,,USD,2026-03-04,2026-09-04T20:02:05Z,Yahoo Finance,2,,,engine/technical/README.md,
XOM,equity,tecnico,atr14,3.9508,,USD,2026-03-05,2026-09-04T20:02:05Z,Yahoo Finance,2,,,engine/technical/README.md,
XOM,equity,tecnico,atr14,3.942886,,USD,2026-03-06,2026-09-04T20:02:05Z,Yahoo Finance,2,,,engine/technical/README.md,
XOM,equity,tecnico,atr14,3.976965,,USD,2026-03-09,2026-09-04T20:02:05Z,Yahoo Finance,2,,,engine/technical/README.md,
XOM,equity,tecnico,atr14,3.888611,,USD,2026-03-10,2026-09-04T20:02:05Z,Yahoo Finance,2,,,engine/technical/README.md,
XOM,equity,tecnico,atr14,3.907281,,USD,2026-03-11,2026-09-04T20:02:05Z,Yahoo Finance,2,,,engine/technical/README.md,
XOM,equity,tecnico,atr14,3.872475,,USD,2026-03-12,2026-09-04T20:02:05Z,Yahoo Finance,2,,,engine/technical/README.md,
XOM,equity,tecnico,atr14,3.875156,,USD,2026-03-13,2026-09-04T20:02:05Z,Yahoo Finance,2,,,engine/technical/README.md,
XOM,equity,tecnico,atr14,3.814073,,USD,2026-03-16,2026-09-04T20:02:05Z,Yahoo Finance,2,,,engine/technical/README.md,
XOM,equity,tecnico,atr14,3.802353,,USD,2026-03-17,2026-09-04T20:02:05Z,Yahoo Finance,2,,,engine/technical/README.md,
XOM,equity,tecnico,atr14,3.720042,,USD,2026-03-18,2026-09-04T20:02:05Z,Yahoo Finance,2,,,engine/technical/README.md,
XOM,equity,tecnico,atr14,3.791468,,USD,2026-03-19,2026-09-04T20:02:05Z,Yahoo Finance,2,,,engine/technical/README.md,
XOM,equity,tecnico,atr14,3.826363,,USD,2026-03-20,2026-09-04T20:02:05Z,Yahoo Finance,2,,,engine/technical/README.md,
XOM,equity,tecnico,atr14,4.010194,,USD,2026-03-23,2026-09-04T20:02:05Z,Yahoo Finance,2,,,engine/technical/README.md,
XOM,equity,tecnico,atr14,4.177322,,USD,2026-03-24,2026-09-04T20:02:05Z,Yahoo Finance,2,,,engine/technical/README.md,
XOM,equity,tecnico,atr14,4.053943,,USD,2026-03-25,2026-09-04T20:02:05Z,Yahoo Finance,2,,,engine/technical/README.md,
XOM,equity,tecnico,atr14,4.022946,,USD,2026-03-26,2026-09-04T20:02:05Z,Yahoo Finance,2,,,engine/technical/README.md,
XOM,equity,tecnico,atr14,4.194878,,USD,2026-03-27,2026-09-04T20:02:05Z,Yahoo Finance,2,,,engine/technical/README.md,
XOM,equity,tecnico,atr14,4.282387,,USD,2026-03-30,2026-09-04T20:02:05Z,Yahoo Finance,2,,,engine/technical/README.md,
XOM,equity,tecnico,atr14,4.577217,,USD,2026-03-31,2026-09-04T20:02:05Z,Yahoo Finance,2,,,engine/technical/README.md,
XOM,equity,tecnico,atr14,4.973844,,USD,2026-04-01,2026-09-04T20:02:05Z,Yahoo Finance,2,,,engine/technical/README.md,
XOM,equity,tecnico,atr14,5.140712,,USD,2026-04-02,2026-09-04T20:02:05Z,Yahoo Finance,2,,,engine/technical/README.md,
XOM,equity,tecnico,atr14,5.074947,,USD,2026-04-06,2026-09-04T20:02:05Z,Yahoo Finance,2,,,engine/technical/README.md,
XOM,equity,tecnico,atr14,5.031737,,USD,2026-04-07,2026-09-04T20:02:05Z,Yahoo Finance,2,,,engine/technical/README.md,
XOM,equity,tecnico,atr14,5.595899,,USD,2026-04-08,2026-09-04T20:02:05Z,Yahoo Finance,2,,,engine/technical/README.md,
XOM,equity,tecnico,atr14,5.547621,,USD,2026-04-09,2026-09-04T20:02:05Z,Yahoo Finance,2,,,engine/technical/README.md,
XOM,equity,tecnico,atr14,5.379933,,USD,2026-04-10,2026-09-04T20:02:05Z,Yahoo Finance,2,,,engine/technical/README.md,
XOM,equity,tecnico,atr14,5.234223,,USD,2026-04-13,2026-09-04T20:02:05Z,Yahoo Finance,2,,,engine/technical/README.md,
XOM,equity,tecnico,atr14,5.283207,,USD,2026-04-14,2026-09-04T20:02:05Z,Yahoo Finance,2,,,engine/technical/README.md,
XOM,equity,tecnico,atr14,5.143693,,USD,2026-04-15,2026-09-04T20:02:05Z,Yahoo Finance,2,,,engine/technical/README.md,
XOM,equity,tecnico,atr14,5.045572,,USD,2026-04-16,2026-09-04T20:02:05Z,Yahoo Finance,2,,,engine/technical/README.md,
XOM,equity,tecnico,atr14,5.400174,,USD,2026-04-17,2026-09-04T20:02:05Z,Yahoo Finance,2,,,engine/technical/README.md,
XOM,equity,tecnico,atr14,5.23016,,USD,2026-04-20,2026-09-04T20:02:05Z,Yahoo Finance,2,,,engine/technical/README.md,
XOM,equity,tecnico,atr14,5.040148,,USD,2026-04-21,2026-09-04T20:02:05Z,Yahoo Finance,2,,,engine/technical/README.md,
XOM,equity,tecnico,atr14,4.858709,,USD,2026-04-22,2026-09-04T20:02:05Z,Yahoo Finance,2,,,engine/technical/README.md,
XOM,equity,tecnico,atr14,4.706658,,USD,2026-04-23,2026-09-04T20:02:05Z,Yahoo Finance,2,,,engine/technical/README.md,
XOM,equity,tecnico,atr14,4.626183,,USD,2026-04-24,2026-09-04T20:02:05Z,Yahoo Finance,2,,,engine/technical/README.md,
XOM,equity,tecnico,atr14,4.525026,,USD,2026-04-27,2026-09-04T20:02:05Z,Yahoo Finance,2,,,engine/technical/README.md,
XOM,equity,tecnico,atr14,4.496095,,USD,2026-04-28,2026-09-04T20:02:05Z,Yahoo Finance,2,,,engine/technical/README.md,
XOM,equity,tecnico,atr14,4.488517,,USD,2026-04-29,2026-09-04T20:02:05Z,Yahoo Finance,2,,,engine/technical/README.md,
XOM,equity,tecnico,atr14,4.478624,,USD,2026-04-30,2026-09-04T20:02:05Z,Yahoo Finance,2,,,engine/technical/README.md,
XOM,equity,tecnico,atr14,4.435864,,USD,2026-05-01,2026-09-04T20:02:05Z,Yahoo Finance,2,,,engine/technical/README.md,
XOM,equity,tecnico,atr14,4.472588,,USD,2026-05-04,2026-09-04T20:02:05Z,Yahoo Finance,2,,,engine/technical/README.md,
XOM,equity,tecnico,atr14,4.358831,,USD,2026-05-05,2026-09-04T20:02:05Z,Yahoo Finance,2,,,engine/technical/README.md,
XOM,equity,tecnico,atr14,4.603915,,USD,2026-05-06,2026-09-04T20:02:05Z,Yahoo Finance,2,,,engine/technical/README.md,
XOM,equity,tecnico,atr14,4.596492,,USD,2026-05-07,2026-09-04T20:02:05Z,Yahoo Finance,2,,,engine/technical/README.md,
XOM,equity,tecnico,atr14,4.458172,,USD,2026-05-08,2026-09-04T20:02:05Z,Yahoo Finance,2,,,engine/technical/README.md,
XOM,equity,tecnico,atr14,4.507588,,USD,2026-05-11,2026-09-04T20:02:05Z,Yahoo Finance,2,,,engine/technical/README.md,
XOM,equity,tecnico,atr14,4.33776,,USD,2026-05-12,2026-09-04T20:02:05Z,Yahoo Finance,2,,,engine/technical/README.md,
XOM,equity,tecnico,atr14,4.178635,,USD,2026-05-13,2026-09-04T20:02:05Z,Yahoo Finance,2,,,engine/technical/README.md,
XOM,equity,tecnico,atr14,4.013018,,USD,2026-05-14,2026-09-04T20:02:05Z,Yahoo Finance,2,,,engine/technical/README.md,
XOM,equity,tecnico,atr14,4.099231,,USD,2026-05-15,2026-09-04T20:02:05Z,Yahoo Finance,2,,,engine/technical/README.md,
XOM,equity,tecnico,atr14,4.270714,,USD,2026-05-18,2026-09-04T20:02:05Z,Yahoo Finance,2,,,engine/technical/README.md,
XOM,equity,tecnico,atr14,4.228521,,USD,2026-05-19,2026-09-04T20:02:05Z,Yahoo Finance,2,,,engine/technical/README.md,
XOM,equity,tecnico,atr14,4.455769,,USD,2026-05-20,2026-09-04T20:02:05Z,Yahoo Finance,2,,,engine/technical/README.md,
XOM,equity,tecnico,atr14,4.561071,,USD,2026-05-21,2026-09-04T20:02:05Z,Yahoo Finance,2,,,engine/technical/README.md,
XOM,equity,tecnico,atr14,4.40528,,USD,2026-05-22,2026-09-04T20:02:05Z,Yahoo Finance,2,,,engine/technical/README.md,
XOM,equity,tecnico,atr14,4.479903,,USD,2026-05-26,2026-09-04T20:02:05Z,Yahoo Finance,2,,,engine/technical/README.md,
XOM,equity,tecnico,atr14,4.44991,,USD,2026-05-27,2026-09-04T20:02:05Z,Yahoo Finance,2,,,engine/technical/README.md,
XOM,equity,tecnico,atr14,4.370631,,USD,2026-05-28,2026-09-04T20:02:05Z,Yahoo Finance,2,,,engine/technical/README.md,
XOM,equity,tecnico,atr14,4.219157,,USD,2026-05-29,2026-09-04T20:02:05Z,Yahoo Finance,2,,,engine/technical/README.md,
XOM,equity,tecnico,atr14,4.23136,,USD,2026-06-01,2026-09-04T20:02:05Z,Yahoo Finance,2,,,engine/technical/README.md,
XOM,equity,tecnico,atr14,4.095549,,USD,2026-06-02,2026-09-04T20:02:05Z,Yahoo Finance,2,,,engine/technical/README.md,
XOM,equity,tecnico,atr14,4.185153,,USD,2026-06-03,2026-09-04T20:02:05Z,Yahoo Finance,2,,,engine/technical/README.md,
XOM,equity,tecnico,atr14,4.06407,,USD,2026-06-04,2026-09-04T20:02:05Z,Yahoo Finance,2,,,engine/technical/README.md,
XOM,equity,tecnico,atr14,3.975922,,USD,2026-06-05,2026-09-04T20:02:05Z,Yahoo Finance,2,,,engine/technical/README.md,
XOM,equity,tecnico,atr14,3.969785,,USD,2026-06-08,2026-09-04T20:02:05Z,Yahoo Finance,2,,,engine/technical/README.md,
XOM,equity,tecnico,atr14,3.9698,,USD,2026-06-09,2026-09-04T20:02:05Z,Yahoo Finance,2,,,engine/technical/README.md,
XOM,equity,tecnico,atr14,3.941958,,USD,2026-06-10,2026-09-04T20:02:05Z,Yahoo Finance,2,,,engine/technical/README.md,
XOM,equity,tecnico,atr14,4.093961,,USD,2026-06-11,2026-09-04T20:02:05Z,Yahoo Finance,2,,,engine/technical/README.md,
XOM,equity,tecnico,atr14,4.070108,,USD,2026-06-12,2026-09-04T20:02:05Z,Yahoo Finance,2,,,engine/technical/README.md,
XOM,equity,tecnico,atr14,4.442957,,USD,2026-06-15,2026-09-04T20:02:05Z,Yahoo Finance,2,,,engine/technical/README.md,
XOM,equity,tecnico,atr14,4.280602,,USD,2026-06-16,2026-09-04T20:02:05Z,Yahoo Finance,2,,,engine/technical/README.md,
XOM,equity,tecnico,atr14,4.11913,,USD,2026-06-17,2026-09-04T20:02:05Z,Yahoo Finance,2,,,engine/technical/README.md,
XOM,equity,tecnico,atr14,4.174192,,USD,2026-06-18,2026-09-04T20:02:05Z,Yahoo Finance,2,,,engine/technical/README.md,
XOM,equity,tecnico,atr14,4.017464,,USD,2026-06-22,2026-09-04T20:02:05Z,Yahoo Finance,2,,,engine/technical/README.md,
XOM,equity,tecnico,atr14,3.867645,,USD,2026-06-23,2026-09-04T20:02:05Z,Yahoo Finance,2,,,engine/technical/README.md,
XOM,equity,tecnico,atr14,3.887099,,USD,2026-06-24,2026-09-04T20:02:05Z,Yahoo Finance,2,,,engine/technical/README.md,
XOM,equity,tecnico,atr14,3.832307,,USD,2026-06-25,2026-09-04T20:02:05Z,Yahoo Finance,2,,,engine/technical/README.md,
XOM,equity,tecnico,atr14,3.677142,,USD,2026-06-26,2026-09-04T20:02:05Z,Yahoo Finance,2,,,engine/technical/README.md,
XOM,equity,tecnico,atr14,3.557346,,USD,2026-06-29,2026-09-04T20:02:05Z,Yahoo Finance,2,,,engine/technical/README.md,
XOM,equity,tecnico,atr14,3.443965,,USD,2026-06-30,2026-09-04T20:02:05Z,Yahoo Finance,2,,,engine/technical/README.md,
XOM,equity,tecnico,atr14,3.330824,,USD,2026-07-01,2026-09-04T20:02:05Z,Yahoo Finance,2,,,engine/technical/README.md,
XOM,equity,tecnico,atr14,3.297194,,USD,2026-07-02,2026-09-04T20:02:05Z,Yahoo Finance,2,,,engine/technical/README.md,
XOM,equity,tecnico,atr14,3.158823,,USD,2026-07-06,2026-09-04T20:02:05Z,Yahoo Finance,2,,,engine/technical/README.md,
XOM,equity,tecnico,atr14,3.311764,,USD,2026-07-07,2026-09-04T20:02:05Z,Yahoo Finance,2,,,engine/technical/README.md,
XOM,equity,tecnico,atr14,3.373782,,USD,2026-07-08,2026-09-04T20:02:05Z,Yahoo Finance,2,,,engine/technical/README.md,
XOM,equity,tecnico,atr14,3.419227,,USD,2026-07-09,2026-09-04T20:02:05Z,Yahoo Finance,2,,,engine/technical/README.md,
XOM,equity,tecnico,atr14,3.305711,,USD,2026-07-10,2026-09-04T20:02:05Z,Yahoo Finance,2,,,engine/technical/README.md,
XOM,equity,tecnico,atr14,3.523159,,USD,2026-07-13,2026-09-04T20:02:05Z,Yahoo Finance,2,,,engine/technical/README.md,
XOM,equity,tecnico,atr14,3.422219,,USD,2026-07-14,2026-09-04T20:02:05Z,Yahoo Finance,2,,,engine/technical/README.md,
XOM,equity,tecnico,atr14,3.396346,,USD,2026-07-15,2026-09-04T20:02:05Z,Yahoo Finance,2,,,engine/technical/README.md,
XOM,equity,tecnico,atr14,3.322322,,USD,2026-07-16,2026-09-04T20:02:05Z,Yahoo Finance,2,,,engine/technical/README.md,
XOM,equity,tecnico,atr14,3.374299,,USD,2026-07-17,2026-09-04T20:02:05Z,Yahoo Finance,2,,,engine/technical/README.md,
XOM,equity,tecnico,atr14,3.337563,,USD,2026-07-20,2026-09-04T20:02:05Z,Yahoo Finance,2,,,engine/technical/README.md,
XOM,equity,tecnico,atr14,3.342023,,USD,2026-07-21,2026-09-04T20:02:05Z,Yahoo Finance,2,,,engine/technical/README.md,
XOM,equity,tecnico,atr14,3.324021,,USD,2026-07-22,2026-09-04T20:02:05Z,Yahoo Finance,2,,,engine/technical/README.md,
XOM,equity,tecnico,atr14,3.380877,,USD,2026-07-23,2026-09-04T20:02:05Z,Yahoo Finance,2,,,engine/technical/README.md,
XOM,equity,tecnico,atr14,3.355815,,USD,2026-07-24,2026-09-04T20:02:05Z,Yahoo Finance,2,,,engine/technical/README.md,
XOM,equity,tecnico,atr14,3.433257,,USD,2026-07-27,2026-09-04T20:02:05Z,Yahoo Finance,2,,,engine/technical/README.md,
XOM,equity,tecnico,atr14,3.495167,,USD,2026-07-28,2026-09-04T20:02:05Z,Yahoo Finance,2,,,engine/technical/README.md,
XOM,equity,tecnico,atr14,3.676227,,USD,2026-07-29,2026-09-04T20:02:05Z,Yahoo Finance,2,,,engine/technical/README.md,
XOM,equity,tecnico,atr14,3.645782,,USD,2026-07-30,2026-09-04T20:02:05Z,Yahoo Finance,2,,,engine/technical/README.md,
XOM,equity,tecnico,atr14,3.73037,,USD,2026-07-31,2026-09-04T20:02:05Z,Yahoo Finance,2,,,engine/technical/README.md,
XOM,equity,tecnico,atr14,3.696772,,USD,2026-08-03,2026-09-04T20:02:05Z,Yahoo Finance,2,,,engine/technical/README.md,
XOM,equity,tecnico,atr14,3.859146,,USD,2026-08-04,2026-09-04T20:02:05Z,Yahoo Finance,2,,,engine/technical/README.md,
XOM,equity,tecnico,atr14,3.86135,,USD,2026-08-05,2026-09-04T20:02:05Z,Yahoo Finance,2,,,engine/technical/README.md,
XOM,equity,tecnico,atr14,3.816967,,USD,2026-08-06,2026-09-04T20:02:05Z,Yahoo Finance,2,,,engine/technical/README.md,
XOM,equity,tecnico,atr14,3.780755,,USD,2026-08-07,2026-09-04T20:02:05Z,Yahoo Finance,2,,,engine/technical/README.md,
XOM,equity,tecnico,atr14,4.034272,,USD,2026-08-10,2026-09-04T20:02:05Z,Yahoo Finance,2,,,engine/technical/README.md,
XOM,equity,tecnico,atr14,3.917538,,USD,2026-08-11,2026-09-04T20:02:05Z,Yahoo Finance,2,,,engine/technical/README.md,
XOM,equity,tecnico,atr14,3.828428,,USD,2026-08-12,2026-09-04T20:02:05Z,Yahoo Finance,2,,,engine/technical/README.md,
XOM,equity,tecnico,atr14,3.721398,,USD,2026-08-13,2026-09-04T20:02:05Z,Yahoo Finance,2,,,engine/technical/README.md,
XOM,equity,tecnico,atr14,3.644869,,USD,2026-08-14,2026-09-04T20:02:05Z,Yahoo Finance,2,,,engine/technical/README.md,
XOM,equity,tecnico,atr14,3.628807,,USD,2026-08-17,2026-09-04T20:02:05Z,Yahoo Finance,2,,,engine/technical/README.md,
XOM,equity,tecnico,atr14,3.67032,,USD,2026-08-18,2026-09-04T20:02:05Z,Yahoo Finance,2,,,engine/technical/README.md,
XOM,equity,tecnico,atr14,3.661726,,USD,2026-08-19,2026-09-04T20:02:05Z,Yahoo Finance,2,,,engine/technical/README.md,
XOM,equity,tecnico,atr14,3.676602,,USD,2026-08-20,2026-09-04T20:02:05Z,Yahoo Finance,2,,,engine/technical/README.md,
XOM,equity,tecnico,atr14,3.656131,,USD,2026-08-21,2026-09-04T20:02:05Z,Yahoo Finance,2,,,engine/technical/README.md,
XOM,equity,tecnico,atr14,3.607121,,USD,2026-08-24,2026-09-04T20:02:05Z,Yahoo Finance,2,,,engine/technical/README.md,
XOM,equity,tecnico,atr14,3.605898,,USD,2026-08-25,2026-09-04T20:02:05Z,Yahoo Finance,2,,,engine/technical/README.md,
XOM,equity,tecnico,atr14,3.589049,,USD,2026-08-26,2026-09-04T20:02:05Z,Yahoo Finance,2,,,engine/technical/README.md,
XOM,equity,tecnico,atr14,3.479117,,USD,2026-08-27,2026-09-04T20:02:05Z,Yahoo Finance,2,,,engine/technical/README.md,
XOM,equity,tecnico,atr14,3.380608,,USD,2026-08-28,2026-09-04T20:02:05Z,Yahoo Finance,2,,,engine/technical/README.md,
XOM,equity,tecnico,atr14,3.487707,,USD,2026-08-31,2026-09-04T20:02:05Z,Yahoo Finance,2,,,engine/technical/README.md,
XOM,equity,tecnico,atr14,3.506442,,USD,2026-09-01,2026-09-04T20:02:05Z,Yahoo Finance,2,,,engine/technical/README.md,
XOM,equity,tecnico,atr14,3.427596,,USD,2026-09-03,2026-09-04T20:02:05Z,Yahoo Finance,2,,,engine/technical/README.md,
XOM,equity,tecnico,atr14,3.399197,,USD,2026-09-04,2026-09-04T20:02:05Z,Yahoo Finance,2,,,engine/technical/README.md,
XOM,equity,tecnico,atr14_pct_precio,1.63,,%,2026-01-02,2026-09-04T20:02:05Z,Yahoo Finance,2,,,engine/technical/README.md,
XOM,equity,tecnico,atr14_pct_precio,1.68,,%,2026-01-05,2026-09-04T20:02:05Z,Yahoo Finance,2,,,engine/technical/README.md,
XOM,equity,tecnico,atr14_pct_precio,1.9,,%,2026-01-06,2026-09-04T20:02:05Z,Yahoo Finance,2,,,engine/technical/README.md,
XOM,equity,tecnico,atr14_pct_precio,1.97,,%,2026-01-07,2026-09-04T20:02:05Z,Yahoo Finance,2,,,engine/technical/README.md,
XOM,equity,tecnico,atr14_pct_precio,2.06,,%,2026-01-08,2026-09-04T20:02:05Z,Yahoo Finance,2,,,engine/technical/README.md,
XOM,equity,tecnico,atr14_pct_precio,2.0,,%,2026-01-09,2026-09-04T20:02:05Z,Yahoo Finance,2,,,engine/technical/README.md,
XOM,equity,tecnico,atr14_pct_precio,1.98,,%,2026-01-12,2026-09-04T20:02:05Z,Yahoo Finance,2,,,engine/technical/README.md,
XOM,equity,tecnico,atr14_pct_precio,1.98,,%,2026-01-13,2026-09-04T20:02:05Z,Yahoo Finance,2,,,engine/technical/README.md,
XOM,equity,tecnico,atr14_pct_precio,2.07,,%,2026-01-14,2026-09-04T20:02:05Z,Yahoo Finance,2,,,engine/technical/README.md,
XOM,equity,tecnico,atr14_pct_precio,2.05,,%,2026-01-15,2026-09-04T20:02:05Z,Yahoo Finance,2,,,engine/technical/README.md,
XOM,equity,tecnico,atr14_pct_precio,1.96,,%,2026-01-16,2026-09-04T20:02:05Z,Yahoo Finance,2,,,engine/technical/README.md,
XOM,equity,tecnico,atr14_pct_precio,1.92,,%,2026-01-20,2026-09-04T20:02:05Z,Yahoo Finance,2,,,engine/technical/README.md,
XOM,equity,tecnico,atr14_pct_precio,1.92,,%,2026-01-21,2026-09-04T20:02:05Z,Yahoo Finance,2,,,engine/technical/README.md,
XOM,equity,tecnico,atr14_pct_precio,1.91,,%,2026-01-22,2026-09-04T20:02:05Z,Yahoo Finance,2,,,engine/technical/README.md,
XOM,equity,tecnico,atr14_pct_precio,1.88,,%,2026-01-23,2026-09-04T20:02:05Z,Yahoo Finance,2,,,engine/technical/README.md,
XOM,equity,tecnico,atr14_pct_precio,1.89,,%,2026-01-26,2026-09-04T20:02:05Z,Yahoo Finance,2,,,engine/technical/README.md,
XOM,equity,tecnico,atr14_pct_precio,1.85,,%,2026-01-27,2026-09-04T20:02:05Z,Yahoo Finance,2,,,engine/technical/README.md,
XOM,equity,tecnico,atr14_pct_precio,1.77,,%,2026-01-28,2026-09-04T20:02:05Z,Yahoo Finance,2,,,engine/technical/README.md,
XOM,equity,tecnico,atr14_pct_precio,1.86,,%,2026-01-29,2026-09-04T20:02:05Z,Yahoo Finance,2,,,engine/technical/README.md,
XOM,equity,tecnico,atr14_pct_precio,1.93,,%,2026-01-30,2026-09-04T20:02:05Z,Yahoo Finance,2,,,engine/technical/README.md,
XOM,equity,tecnico,atr14_pct_precio,2.01,,%,2026-02-02,2026-09-04T20:02:05Z,Yahoo Finance,2,,,engine/technical/README.md,
XOM,equity,tecnico,atr14_pct_precio,2.13,,%,2026-02-03,2026-09-04T20:02:05Z,Yahoo Finance,2,,,engine/technical/README.md,
XOM,equity,tecnico,atr14_pct_precio,2.12,,%,2026-02-04,2026-09-04T20:02:05Z,Yahoo Finance,2,,,engine/technical/README.md,
XOM,equity,tecnico,atr14_pct_precio,2.18,,%,2026-02-05,2026-09-04T20:02:05Z,Yahoo Finance,2,,,engine/technical/README.md,
XOM,equity,tecnico,atr14_pct_precio,2.15,,%,2026-02-06,2026-09-04T20:02:05Z,Yahoo Finance,2,,,engine/technical/README.md,
XOM,equity,tecnico,atr14_pct_precio,2.1,,%,2026-02-09,2026-09-04T20:02:05Z,Yahoo Finance,2,,,engine/technical/README.md,
XOM,equity,tecnico,atr14_pct_precio,2.04,,%,2026-02-10,2026-09-04T20:02:05Z,Yahoo Finance,2,,,engine/technical/README.md,
XOM,equity,tecnico,atr14_pct_precio,2.09,,%,2026-02-11,2026-09-04T20:02:05Z,Yahoo Finance,2,,,engine/technical/README.md,
XOM,equity,tecnico,atr14_pct_precio,2.29,,%,2026-02-12,2026-09-04T20:02:05Z,Yahoo Finance,2,,,engine/technical/README.md,
XOM,equity,tecnico,atr14_pct_precio,2.32,,%,2026-02-13,2026-09-04T20:02:05Z,Yahoo Finance,2,,,engine/technical/README.md,
XOM,equity,tecnico,atr14_pct_precio,2.38,,%,2026-02-17,2026-09-04T20:02:05Z,Yahoo Finance,2,,,engine/technical/README.md,
XOM,equity,tecnico,atr14_pct_precio,2.37,,%,2026-02-18,2026-09-04T20:02:05Z,Yahoo Finance,2,,,engine/technical/README.md,
XOM,equity,tecnico,atr14_pct_precio,2.33,,%,2026-02-19,2026-09-04T20:02:05Z,Yahoo Finance,2,,,engine/technical/README.md,
XOM,equity,tecnico,atr14_pct_precio,2.43,,%,2026-02-20,2026-09-04T20:02:05Z,Yahoo Finance,2,,,engine/technical/README.md,
XOM,equity,tecnico,atr14_pct_precio,2.4,,%,2026-02-23,2026-09-04T20:02:05Z,Yahoo Finance,2,,,engine/technical/README.md,
XOM,equity,tecnico,atr14_pct_precio,2.38,,%,2026-02-24,2026-09-04T20:02:05Z,Yahoo Finance,2,,,engine/technical/README.md,
XOM,equity,tecnico,atr14_pct_precio,2.35,,%,2026-02-25,2026-09-04T20:02:05Z,Yahoo Finance,2,,,engine/technical/README.md,
XOM,equity,tecnico,atr14_pct_precio,2.39,,%,2026-02-26,2026-09-04T20:02:05Z,Yahoo Finance,2,,,engine/technical/README.md,
XOM,equity,tecnico,atr14_pct_precio,2.4,,%,2026-02-27,2026-09-04T20:02:05Z,Yahoo Finance,2,,,engine/technical/README.md,
XOM,equity,tecnico,atr14_pct_precio,2.53,,%,2026-03-02,2026-09-04T20:02:05Z,Yahoo Finance,2,,,engine/technical/README.md,
XOM,equity,tecnico,atr14_pct_precio,2.66,,%,2026-03-03,2026-09-04T20:02:05Z,Yahoo Finance,2,,,engine/technical/README.md,
XOM,equity,tecnico,atr14_pct_precio,2.69,,%,2026-03-04,2026-09-04T20:02:05Z,Yahoo Finance,2,,,engine/technical/README.md,
XOM,equity,tecnico,atr14_pct_precio,2.62,,%,2026-03-05,2026-09-04T20:02:05Z,Yahoo Finance,2,,,engine/technical/README.md,
XOM,equity,tecnico,atr14_pct_precio,2.61,,%,2026-03-06,2026-09-04T20:02:05Z,Yahoo Finance,2,,,engine/technical/README.md,
XOM,equity,tecnico,atr14_pct_precio,2.64,,%,2026-03-09,2026-09-04T20:02:05Z,Yahoo Finance,2,,,engine/technical/README.md,
XOM,equity,tecnico,atr14_pct_precio,2.63,,%,2026-03-10,2026-09-04T20:02:05Z,Yahoo Finance,2,,,engine/technical/README.md,
XOM,equity,tecnico,atr14_pct_precio,2.58,,%,2026-03-11,2026-09-04T20:02:05Z,Yahoo Finance,2,,,engine/technical/README.md,
XOM,equity,tecnico,atr14_pct_precio,2.52,,%,2026-03-12,2026-09-04T20:02:05Z,Yahoo Finance,2,,,engine/technical/README.md,
XOM,equity,tecnico,atr14_pct_precio,2.48,,%,2026-03-13,2026-09-04T20:02:05Z,Yahoo Finance,2,,,engine/technical/README.md,
XOM,equity,tecnico,atr14_pct_precio,2.43,,%,2026-03-16,2026-09-04T20:02:05Z,Yahoo Finance,2,,,engine/technical/README.md,
XOM,equity,tecnico,atr14_pct_precio,2.39,,%,2026-03-17,2026-09-04T20:02:05Z,Yahoo Finance,2,,,engine/technical/README.md,
XOM,equity,tecnico,atr14_pct_precio,2.36,,%,2026-03-18,2026-09-04T20:02:05Z,Yahoo Finance,2,,,engine/technical/README.md,
XOM,equity,tecnico,atr14_pct_precio,2.4,,%,2026-03-19,2026-09-04T20:02:05Z,Yahoo Finance,2,,,engine/technical/README.md,
XOM,equity,tecnico,atr14_pct_precio,2.4,,%,2026-03-20,2026-09-04T20:02:05Z,Yahoo Finance,2,,,engine/technical/README.md,
XOM,equity,tecnico,atr14_pct_precio,2.49,,%,2026-03-23,2026-09-04T20:02:05Z,Yahoo Finance,2,,,engine/technical/README.md,
XOM,equity,tecnico,atr14_pct_precio,2.53,,%,2026-03-24,2026-09-04T20:02:05Z,Yahoo Finance,2,,,engine/technical/README.md,
XOM,equity,tecnico,atr14_pct_precio,2.48,,%,2026-03-25,2026-09-04T20:02:05Z,Yahoo Finance,2,,,engine/technical/README.md,
XOM,equity,tecnico,atr14_pct_precio,2.43,,%,2026-03-26,2026-09-04T20:02:05Z,Yahoo Finance,2,,,engine/technical/README.md,
XOM,equity,tecnico,atr14_pct_precio,2.45,,%,2026-03-27,2026-09-04T20:02:05Z,Yahoo Finance,2,,,engine/technical/README.md,
XOM,equity,tecnico,atr14_pct_precio,2.5,,%,2026-03-30,2026-09-04T20:02:05Z,Yahoo Finance,2,,,engine/technical/README.md,
XOM,equity,tecnico,atr14_pct_precio,2.7,,%,2026-03-31,2026-09-04T20:02:05Z,Yahoo Finance,2,,,engine/technical/README.md,
XOM,equity,tecnico,atr14_pct_precio,3.09,,%,2026-04-01,2026-09-04T20:02:05Z,Yahoo Finance,2,,,engine/technical/README.md,
XOM,equity,tecnico,atr14_pct_precio,3.2,,%,2026-04-02,2026-09-04T20:02:05Z,Yahoo Finance,2,,,engine/technical/README.md,
XOM,equity,tecnico,atr14_pct_precio,3.11,,%,2026-04-06,2026-09-04T20:02:05Z,Yahoo Finance,2,,,engine/technical/README.md,
XOM,equity,tecnico,atr14_pct_precio,3.07,,%,2026-04-07,2026-09-04T20:02:05Z,Yahoo Finance,2,,,engine/technical/README.md,
XOM,equity,tecnico,atr14_pct_precio,3.58,,%,2026-04-08,2026-09-04T20:02:05Z,Yahoo Finance,2,,,engine/technical/README.md,
XOM,equity,tecnico,atr14_pct_precio,3.58,,%,2026-04-09,2026-09-04T20:02:05Z,Yahoo Finance,2,,,engine/technical/README.md,
XOM,equity,tecnico,atr14_pct_precio,3.53,,%,2026-04-10,2026-09-04T20:02:05Z,Yahoo Finance,2,,,engine/technical/README.md,
XOM,equity,tecnico,atr14_pct_precio,3.43,,%,2026-04-13,2026-09-04T20:02:05Z,Yahoo Finance,2,,,engine/technical/README.md,
XOM,equity,tecnico,atr14_pct_precio,3.54,,%,2026-04-14,2026-09-04T20:02:05Z,Yahoo Finance,2,,,engine/technical/README.md,
XOM,equity,tecnico,atr14_pct_precio,3.45,,%,2026-04-15,2026-09-04T20:02:05Z,Yahoo Finance,2,,,engine/technical/README.md,
XOM,equity,tecnico,atr14_pct_precio,3.32,,%,2026-04-16,2026-09-04T20:02:05Z,Yahoo Finance,2,,,engine/technical/README.md,
XOM,equity,tecnico,atr14_pct_precio,3.69,,%,2026-04-17,2026-09-04T20:02:05Z,Yahoo Finance,2,,,engine/technical/README.md,
XOM,equity,tecnico,atr14_pct_precio,3.54,,%,2026-04-20,2026-09-04T20:02:05Z,Yahoo Finance,2,,,engine/technical/README.md,
XOM,equity,tecnico,atr14_pct_precio,3.4,,%,2026-04-21,2026-09-04T20:02:05Z,Yahoo Finance,2,,,engine/technical/README.md,
XOM,equity,tecnico,atr14_pct_precio,3.25,,%,2026-04-22,2026-09-04T20:02:05Z,Yahoo Finance,2,,,engine/technical/README.md,
XOM,equity,tecnico,atr14_pct_precio,3.13,,%,2026-04-23,2026-09-04T20:02:05Z,Yahoo Finance,2,,,engine/technical/README.md,
XOM,equity,tecnico,atr14_pct_precio,3.11,,%,2026-04-24,2026-09-04T20:02:05Z,Yahoo Finance,2,,,engine/technical/README.md,
XOM,equity,tecnico,atr14_pct_precio,3.05,,%,2026-04-27,2026-09-04T20:02:05Z,Yahoo Finance,2,,,engine/technical/README.md,
XOM,equity,tecnico,atr14_pct_precio,2.99,,%,2026-04-28,2026-09-04T20:02:05Z,Yahoo Finance,2,,,engine/technical/README.md,
XOM,equity,tecnico,atr14_pct_precio,2.9,,%,2026-04-29,2026-09-04T20:02:05Z,Yahoo Finance,2,,,engine/technical/README.md,
XOM,equity,tecnico,atr14_pct_precio,2.9,,%,2026-04-30,2026-09-04T20:02:05Z,Yahoo Finance,2,,,engine/technical/README.md,
XOM,equity,tecnico,atr14_pct_precio,2.9,,%,2026-05-01,2026-09-04T20:02:05Z,Yahoo Finance,2,,,engine/technical/README.md,
XOM,equity,tecnico,atr14_pct_precio,2.91,,%,2026-05-04,2026-09-04T20:02:05Z,Yahoo Finance,2,,,engine/technical/README.md,
XOM,equity,tecnico,atr14_pct_precio,2.81,,%,2026-05-05,2026-09-04T20:02:05Z,Yahoo Finance,2,,,engine/technical/README.md,
XOM,equity,tecnico,atr14_pct_precio,3.1,,%,2026-05-06,2026-09-04T20:02:05Z,Yahoo Finance,2,,,engine/technical/README.md,
XOM,equity,tecnico,atr14_pct_precio,3.14,,%,2026-05-07,2026-09-04T20:02:05Z,Yahoo Finance,2,,,engine/technical/README.md,
XOM,equity,tecnico,atr14_pct_precio,3.08,,%,2026-05-08,2026-09-04T20:02:05Z,Yahoo Finance,2,,,engine/technical/README.md,
XOM,equity,tecnico,atr14_pct_precio,3.01,,%,2026-05-11,2026-09-04T20:02:05Z,Yahoo Finance,2,,,engine/technical/README.md,
XOM,equity,tecnico,atr14_pct_precio,2.88,,%,2026-05-12,2026-09-04T20:02:05Z,Yahoo Finance,2,,,engine/technical/README.md,
XOM,equity,tecnico,atr14_pct_precio,2.76,,%,2026-05-13,2026-09-04T20:02:05Z,Yahoo Finance,2,,,engine/technical/README.md,
XOM,equity,tecnico,atr14_pct_precio,2.63,,%,2026-05-14,2026-09-04T20:02:05Z,Yahoo Finance,2,,,engine/technical/README.md,
XOM,equity,tecnico,atr14_pct_precio,2.6,,%,2026-05-15,2026-09-04T20:02:05Z,Yahoo Finance,2,,,engine/technical/README.md,
XOM,equity,tecnico,atr14_pct_precio,2.66,,%,2026-05-18,2026-09-04T20:02:05Z,Yahoo Finance,2,,,engine/technical/README.md,
XOM,equity,tecnico,atr14_pct_precio,2.6,,%,2026-05-19,2026-09-04T20:02:05Z,Yahoo Finance,2,,,engine/technical/README.md,
XOM,equity,tecnico,atr14_pct_precio,2.85,,%,2026-05-20,2026-09-04T20:02:05Z,Yahoo Finance,2,,,engine/technical/README.md,
XOM,equity,tecnico,atr14_pct_precio,2.94,,%,2026-05-21,2026-09-04T20:02:05Z,Yahoo Finance,2,,,engine/technical/README.md,
XOM,equity,tecnico,atr14_pct_precio,2.84,,%,2026-05-22,2026-09-04T20:02:05Z,Yahoo Finance,2,,,engine/technical/README.md,
XOM,equity,tecnico,atr14_pct_precio,2.99,,%,2026-05-26,2026-09-04T20:02:05Z,Yahoo Finance,2,,,engine/technical/README.md,
XOM,equity,tecnico,atr14_pct_precio,3.01,,%,2026-05-27,2026-09-04T20:02:05Z,Yahoo Finance,2,,,engine/technical/README.md,
XOM,equity,tecnico,atr14_pct_precio,2.97,,%,2026-05-28,2026-09-04T20:02:05Z,Yahoo Finance,2,,,engine/technical/README.md,
XOM,equity,tecnico,atr14_pct_precio,2.9,,%,2026-05-29,2026-09-04T20:02:05Z,Yahoo Finance,2,,,engine/technical/README.md,
XOM,equity,tecnico,atr14_pct_precio,2.83,,%,2026-06-01,2026-09-04T20:02:05Z,Yahoo Finance,2,,,engine/technical/README.md,
XOM,equity,tecnico,atr14_pct_precio,2.74,,%,2026-06-02,2026-09-04T20:02:05Z,Yahoo Finance,2,,,engine/technical/README.md,
XOM,equity,tecnico,atr14_pct_precio,2.74,,%,2026-06-03,2026-09-04T20:02:05Z,Yahoo Finance,2,,,engine/technical/README.md,
XOM,equity,tecnico,atr14_pct_precio,2.67,,%,2026-06-04,2026-09-04T20:02:05Z,Yahoo Finance,2,,,engine/technical/README.md,
XOM,equity,tecnico,atr14_pct_precio,2.65,,%,2026-06-05,2026-09-04T20:02:05Z,Yahoo Finance,2,,,engine/technical/README.md,
XOM,equity,tecnico,atr14_pct_precio,2.62,,%,2026-06-08,2026-09-04T20:02:05Z,Yahoo Finance,2,,,engine/technical/README.md,
XOM,equity,tecnico,atr14_pct_precio,2.67,,%,2026-06-09,2026-09-04T20:02:05Z,Yahoo Finance,2,,,engine/technical/README.md,
XOM,equity,tecnico,atr14_pct_precio,2.62,,%,2026-06-10,2026-09-04T20:02:05Z,Yahoo Finance,2,,,engine/technical/README.md,
XOM,equity,tecnico,atr14_pct_precio,2.79,,%,2026-06-11,2026-09-04T20:02:05Z,Yahoo Finance,2,,,engine/technical/README.md,
XOM,equity,tecnico,atr14_pct_precio,2.77,,%,2026-06-12,2026-09-04T20:02:05Z,Yahoo Finance,2,,,engine/technical/README.md,
XOM,equity,tecnico,atr14_pct_precio,3.15,,%,2026-06-15,2026-09-04T20:02:05Z,Yahoo Finance,2,,,engine/technical/README.md,
XOM,equity,tecnico,atr14_pct_precio,3.02,,%,2026-06-16,2026-09-04T20:02:05Z,Yahoo Finance,2,,,engine/technical/README.md,
XOM,equity,tecnico,atr14_pct_precio,2.93,,%,2026-06-17,2026-09-04T20:02:05Z,Yahoo Finance,2,,,engine/technical/README.md,
XOM,equity,tecnico,atr14_pct_precio,3.03,,%,2026-06-18,2026-09-04T20:02:05Z,Yahoo Finance,2,,,engine/technical/README.md,
XOM,equity,tecnico,atr14_pct_precio,2.9,,%,2026-06-22,2026-09-04T20:02:05Z,Yahoo Finance,2,,,engine/technical/README.md,
XOM,equity,tecnico,atr14_pct_precio,2.77,,%,2026-06-23,2026-09-04T20:02:05Z,Yahoo Finance,2,,,engine/technical/README.md,
XOM,equity,tecnico,atr14_pct_precio,2.84,,%,2026-06-24,2026-09-04T20:02:05Z,Yahoo Finance,2,,,engine/technical/README.md,
XOM,equity,tecnico,atr14_pct_precio,2.79,,%,2026-06-25,2026-09-04T20:02:05Z,Yahoo Finance,2,,,engine/technical/README.md,
XOM,equity,tecnico,atr14_pct_precio,2.69,,%,2026-06-26,2026-09-04T20:02:05Z,Yahoo Finance,2,,,engine/technical/README.md,
XOM,equity,tecnico,atr14_pct_precio,2.61,,%,2026-06-29,2026-09-04T20:02:05Z,Yahoo Finance,2,,,engine/technical/README.md,
XOM,equity,tecnico,atr14_pct_precio,2.52,,%,2026-06-30,2026-09-04T20:02:05Z,Yahoo Finance,2,,,engine/technical/README.md,
XOM,equity,tecnico,atr14_pct_precio,2.44,,%,2026-07-01,2026-09-04T20:02:05Z,Yahoo Finance,2,,,engine/technical/README.md,
XOM,equity,tecnico,atr14_pct_precio,2.41,,%,2026-07-02,2026-09-04T20:02:05Z,Yahoo Finance,2,,,engine/technical/README.md,
XOM,equity,tecnico,atr14_pct_precio,2.32,,%,2026-07-06,2026-09-04T20:02:05Z,Yahoo Finance,2,,,engine/technical/README.md,
XOM,equity,tecnico,atr14_pct_precio,2.34,,%,2026-07-07,2026-09-04T20:02:05Z,Yahoo Finance,2,,,engine/technical/README.md,
XOM,equity,tecnico,atr14_pct_precio,2.39,,%,2026-07-08,2026-09-04T20:02:05Z,Yahoo Finance,2,,,engine/technical/README.md,
XOM,equity,tecnico,atr14_pct_precio,2.49,,%,2026-07-09,2026-09-04T20:02:05Z,Yahoo Finance,2,,,engine/technical/README.md,
XOM,equity,tecnico,atr14_pct_precio,2.38,,%,2026-07-10,2026-09-04T20:02:05Z,Yahoo Finance,2,,,engine/technical/README.md,
XOM,equity,tecnico,atr14_pct_precio,2.44,,%,2026-07-13,2026-09-04T20:02:05Z,Yahoo Finance,2,,,engine/technical/README.md,
XOM,equity,tecnico,atr14_pct_precio,2.36,,%,2026-07-14,2026-09-04T20:02:05Z,Yahoo Finance,2,,,engine/technical/README.md,
XOM,equity,tecnico,atr14_pct_precio,2.35,,%,2026-07-15,2026-09-04T20:02:05Z,Yahoo Finance,2,,,engine/technical/README.md,
XOM,equity,tecnico,atr14_pct_precio,2.28,,%,2026-07-16,2026-09-04T20:02:05Z,Yahoo Finance,2,,,engine/technical/README.md,
XOM,equity,tecnico,atr14_pct_precio,2.29,,%,2026-07-17,2026-09-04T20:02:05Z,Yahoo Finance,2,,,engine/technical/README.md,
XOM,equity,tecnico,atr14_pct_precio,2.25,,%,2026-07-20,2026-09-04T20:02:05Z,Yahoo Finance,2,,,engine/technical/README.md,
XOM,equity,tecnico,atr14_pct_precio,2.2,,%,2026-07-21,2026-09-04T20:02:05Z,Yahoo Finance,2,,,engine/technical/README.md,
XOM,equity,tecnico,atr14_pct_precio,2.15,,%,2026-07-22,2026-09-04T20:02:05Z,Yahoo Finance,2,,,engine/technical/README.md,
XOM,equity,tecnico,atr14_pct_precio,2.15,,%,2026-07-23,2026-09-04T20:02:05Z,Yahoo Finance,2,,,engine/technical/README.md,
XOM,equity,tecnico,atr14_pct_precio,2.14,,%,2026-07-24,2026-09-04T20:02:05Z,Yahoo Finance,2,,,engine/technical/README.md,
XOM,equity,tecnico,atr14_pct_precio,2.22,,%,2026-07-27,2026-09-04T20:02:05Z,Yahoo Finance,2,,,engine/technical/README.md,
XOM,equity,tecnico,atr14_pct_precio,2.28,,%,2026-07-28,2026-09-04T20:02:05Z,Yahoo Finance,2,,,engine/technical/README.md,
XOM,equity,tecnico,atr14_pct_precio,2.35,,%,2026-07-29,2026-09-04T20:02:05Z,Yahoo Finance,2,,,engine/technical/README.md,
XOM,equity,tecnico,atr14_pct_precio,2.32,,%,2026-07-30,2026-09-04T20:02:05Z,Yahoo Finance,2,,,engine/technical/README.md,
XOM,equity,tecnico,atr14_pct_precio,2.4,,%,2026-07-31,2026-09-04T20:02:05Z,Yahoo Finance,2,,,engine/technical/README.md,
XOM,equity,tecnico,atr14_pct_precio,2.38,,%,2026-08-03,2026-09-04T20:02:05Z,Yahoo Finance,2,,,engine/technical/README.md,
XOM,equity,tecnico,atr14_pct_precio,2.51,,%,2026-08-04,2026-09-04T20:02:05Z,Yahoo Finance,2,,,engine/technical/README.md,
XOM,equity,tecnico,atr14_pct_precio,2.55,,%,2026-08-05,2026-09-04T20:02:05Z,Yahoo Finance,2,,,engine/technical/README.md,
XOM,equity,tecnico,atr14_pct_precio,2.47,,%,2026-08-06,2026-09-04T20:02:05Z,Yahoo Finance,2,,,engine/technical/README.md,
XOM,equity,tecnico,atr14_pct_precio,2.47,,%,2026-08-07,2026-09-04T20:02:05Z,Yahoo Finance,2,,,engine/technical/README.md,
XOM,equity,tecnico,atr14_pct_precio,2.52,,%,2026-08-10,2026-09-04T20:02:05Z,Yahoo Finance,2,,,engine/technical/README.md,
XOM,equity,tecnico,atr14_pct_precio,2.45,,%,2026-08-11,2026-09-04T20:02:05Z,Yahoo Finance,2,,,engine/technical/README.md,
XOM,equity,tecnico,atr14_pct_precio,2.4,,%,2026-08-12,2026-09-04T20:02:05Z,Yahoo Finance,2,,,engine/technical/README.md,
XOM,equity,tecnico,atr14_pct_precio,2.35,,%,2026-08-13,2026-09-04T20:02:05Z,Yahoo Finance,2,,,engine/technical/README.md,
XOM,equity,tecnico,atr14_pct_precio,2.28,,%,2026-08-14,2026-09-04T20:02:05Z,Yahoo Finance,2,,,engine/technical/README.md,
XOM,equity,tecnico,atr14_pct_precio,2.25,,%,2026-08-17,2026-09-04T20:02:05Z,Yahoo Finance,2,,,engine/technical/README.md,
XOM,equity,tecnico,atr14_pct_precio,2.22,,%,2026-08-18,2026-09-04T20:02:05Z,Yahoo Finance,2,,,engine/technical/README.md,
XOM,equity,tecnico,atr14_pct_precio,2.22,,%,2026-08-19,2026-09-04T20:02:05Z,Yahoo Finance,2,,,engine/technical/README.md,
XOM,equity,tecnico,atr14_pct_precio,2.21,,%,2026-08-20,2026-09-04T20:02:05Z,Yahoo Finance,2,,,engine/technical/README.md,
XOM,equity,tecnico,atr14_pct_precio,2.21,,%,2026-08-21,2026-09-04T20:02:05Z,Yahoo Finance,2,,,engine/technical/README.md,
XOM,equity,tecnico,atr14_pct_precio,2.2,,%,2026-08-24,2026-09-04T20:02:05Z,Yahoo Finance,2,,,engine/technical/README.md,
XOM,equity,tecnico,atr14_pct_precio,2.24,,%,2026-08-25,2026-09-04T20:02:05Z,Yahoo Finance,2,,,engine/technical/README.md,
XOM,equity,tecnico,atr14_pct_precio,2.27,,%,2026-08-26,2026-09-04T20:02:05Z,Yahoo Finance,2,,,engine/technical/README.md,
XOM,equity,tecnico,atr14_pct_precio,2.22,,%,2026-08-27,2026-09-04T20:02:05Z,Yahoo Finance,2,,,engine/technical/README.md,
XOM,equity,tecnico,atr14_pct_precio,2.16,,%,2026-08-28,2026-09-04T20:02:05Z,Yahoo Finance,2,,,engine/technical/README.md,
XOM,equity,tecnico,atr14_pct_precio,2.17,,%,2026-08-31,2026-09-04T20:02:05Z,Yahoo Finance,2,,,engine/technical/README.md,
XOM,equity,tecnico,atr14_pct_precio,2.13,,%,2026-09-01,2026-09-04T20:02:05Z,Yahoo Finance,2,,,engine/technical/README.md,
XOM,equity,tecnico,atr14_pct_precio,2.11,,%,2026-09-03,2026-09-04T20:02:05Z,Yahoo Finance,2,,,engine/technical/README.md,
XOM,equity,tecnico,atr14_pct_precio,2.13,,%,2026-09-04,2026-09-04T20:02:05Z,Yahoo Finance,2,,,engine/technical/README.md,
XOM,equity,tecnico,confluencia_sesgo,,mixto (2/3 señales alcistas),categorico,2026-09-02,2026-09-03T11:40:59Z,Alpha Vantage,2,,,engine/equity/README.md,
XOM,equity,tecnico,posicion_rango_52s_pct,85.6,,%,2026-09-02,2026-09-03T11:40:59Z,Alpha Vantage,2,,,engine/equity/README.md,
XOM,equity,tecnico,precio,122.650002,,USD,2026-01-02,2026-09-04T20:02:05Z,Yahoo Finance,2,,,engine/technical/README.md,
XOM,equity,tecnico,precio,125.360001,,USD,2026-01-05,2026-09-04T20:02:05Z,Yahoo Finance,2,,,engine/technical/README.md,
XOM,equity,tecnico,precio,121.050003,,USD,2026-01-06,2026-09-04T20:02:05Z,Yahoo Finance,2,,,engine/technical/README.md,
XOM,equity,tecnico,precio,118.489998,,USD,2026-01-07,2026-09-04T20:02:05Z,Yahoo Finance,2,,,engine/technical/README.md,
XOM,equity,tecnico,precio,122.910004,,USD,2026-01-08,2026-09-04T20:02:05Z,Yahoo Finance,2,,,engine/technical/README.md,
XOM,equity,tecnico,precio,124.610001,,USD,2026-01-09,2026-09-04T20:02:05Z,Yahoo Finance,2,,,engine/technical/README.md,
XOM,equity,tecnico,precio,124.029999,,USD,2026-01-12,2026-09-04T20:02:05Z,Yahoo Finance,2,,,engine/technical/README.md,
XOM,equity,tecnico,precio,126.540001,,USD,2026-01-13,2026-09-04T20:02:05Z,Yahoo Finance,2,,,engine/technical/README.md,
XOM,equity,tecnico,precio,130.199997,,USD,2026-01-14,2026-09-04T20:02:05Z,Yahoo Finance,2,,,engine/technical/README.md,
XOM,equity,tecnico,precio,129.130005,,USD,2026-01-15,2026-09-04T20:02:05Z,Yahoo Finance,2,,,engine/technical/README.md,
XOM,equity,tecnico,precio,129.889999,,USD,2026-01-16,2026-09-04T20:02:05Z,Yahoo Finance,2,,,engine/technical/README.md,
XOM,equity,tecnico,precio,130.460007,,USD,2026-01-20,2026-09-04T20:02:05Z,Yahoo Finance,2,,,engine/technical/README.md,
XOM,equity,tecnico,precio,133.610001,,USD,2026-01-21,2026-09-04T20:02:05Z,Yahoo Finance,2,,,engine/technical/README.md,
XOM,equity,tecnico,precio,133.639999,,USD,2026-01-22,2026-09-04T20:02:05Z,Yahoo Finance,2,,,engine/technical/README.md,
XOM,equity,tecnico,precio,134.970001,,USD,2026-01-23,2026-09-04T20:02:05Z,Yahoo Finance,2,,,engine/technical/README.md,
XOM,equity,tecnico,precio,134.839996,,USD,2026-01-26,2026-09-04T20:02:05Z,Yahoo Finance,2,,,engine/technical/README.md,
XOM,equity,tecnico,precio,136.830002,,USD,2026-01-27,2026-09-04T20:02:05Z,Yahoo Finance,2,,,engine/technical/README.md,
XOM,equity,tecnico,precio,137.580002,,USD,2026-01-28,2026-09-04T20:02:05Z,Yahoo Finance,2,,,engine/technical/README.md,
XOM,equity,tecnico,precio,140.509995,,USD,2026-01-29,2026-09-04T20:02:05Z,Yahoo Finance,2,,,engine/technical/README.md,
XOM,equity,tecnico,precio,141.399994,,USD,2026-01-30,2026-09-04T20:02:05Z,Yahoo Finance,2,,,engine/technical/README.md,
XOM,equity,tecnico,precio,138.399994,,USD,2026-02-02,2026-09-04T20:02:05Z,Yahoo Finance,2,,,engine/technical/README.md,
XOM,equity,tecnico,precio,143.729996,,USD,2026-02-03,2026-09-04T20:02:05Z,Yahoo Finance,2,,,engine/technical/README.md,
XOM,equity,tecnico,precio,147.589996,,USD,2026-02-04,2026-09-04T20:02:05Z,Yahoo Finance,2,,,engine/technical/README.md,
XOM,equity,tecnico,precio,146.080002,,USD,2026-02-05,2026-09-04T20:02:05Z,Yahoo Finance,2,,,engine/technical/README.md,
XOM,equity,tecnico,precio,149.050003,,USD,2026-02-06,2026-09-04T20:02:05Z,Yahoo Finance,2,,,engine/technical/README.md,
XOM,equity,tecnico,precio,151.210007,,USD,2026-02-09,2026-09-04T20:02:05Z,Yahoo Finance,2,,,engine/technical/README.md,
XOM,equity,tecnico,precio,151.589996,,USD,2026-02-10,2026-09-04T20:02:05Z,Yahoo Finance,2,,,engine/technical/README.md,
XOM,equity,tecnico,precio,155.559998,,USD,2026-02-11,2026-09-04T20:02:05Z,Yahoo Finance,2,,,engine/technical/README.md,
XOM,equity,tecnico,precio,149.929993,,USD,2026-02-12,2026-09-04T20:02:05Z,Yahoo Finance,2,,,engine/technical/README.md,
XOM,equity,tecnico,precio,148.449997,,USD,2026-02-13,2026-09-04T20:02:05Z,Yahoo Finance,2,,,engine/technical/README.md,
XOM,equity,tecnico,precio,146.190002,,USD,2026-02-17,2026-09-04T20:02:05Z,Yahoo Finance,2,,,engine/technical/README.md,
XOM,equity,tecnico,precio,150.679993,,USD,2026-02-18,2026-09-04T20:02:05Z,Yahoo Finance,2,,,engine/technical/README.md,
XOM,equity,tecnico,precio,150.970001,,USD,2026-02-19,2026-09-04T20:02:05Z,Yahoo Finance,2,,,engine/technical/README.md,
XOM,equity,tecnico,precio,147.279999,,USD,2026-02-20,2026-09-04T20:02:05Z,Yahoo Finance,2,,,engine/technical/README.md,
XOM,equity,tecnico,precio,150.759995,,USD,2026-02-23,2026-09-04T20:02:05Z,Yahoo Finance,2,,,engine/technical/README.md,
XOM,equity,tecnico,precio,149.259995,,USD,2026-02-24,2026-09-04T20:02:05Z,Yahoo Finance,2,,,engine/technical/README.md,
XOM,equity,tecnico,precio,149.059998,,USD,2026-02-25,2026-09-04T20:02:05Z,Yahoo Finance,2,,,engine/technical/README.md,
XOM,equity,tecnico,precio,148.539993,,USD,2026-02-26,2026-09-04T20:02:05Z,Yahoo Finance,2,,,engine/technical/README.md,
XOM,equity,tecnico,precio,152.5,,USD,2026-02-27,2026-09-04T20:02:05Z,Yahoo Finance,2,,,engine/technical/README.md,
XOM,equity,tecnico,precio,154.220001,,USD,2026-03-02,2026-09-04T20:02:05Z,Yahoo Finance,2,,,engine/technical/README.md,
XOM,equity,tecnico,precio,151.830002,,USD,2026-03-03,2026-09-04T20:02:05Z,Yahoo Finance,2,,,engine/technical/README.md,
XOM,equity,tecnico,precio,149.820007,,USD,2026-03-04,2026-09-04T20:02:05Z,Yahoo Finance,2,,,engine/technical/README.md,
XOM,equity,tecnico,precio,150.759995,,USD,2026-03-05,2026-09-04T20:02:05Z,Yahoo Finance,2,,,engine/technical/README.md,
XOM,equity,tecnico,precio,151.210007,,USD,2026-03-06,2026-09-04T20:02:05Z,Yahoo Finance,2,,,engine/technical/README.md,
XOM,equity,tecnico,precio,150.440002,,USD,2026-03-09,2026-09-04T20:02:05Z,Yahoo Finance,2,,,engine/technical/README.md,
XOM,equity,tecnico,precio,148.130005,,USD,2026-03-10,2026-09-04T20:02:05Z,Yahoo Finance,2,,,engine/technical/README.md,
XOM,equity,tecnico,precio,151.580002,,USD,2026-03-11,2026-09-04T20:02:05Z,Yahoo Finance,2,,,engine/technical/README.md,
XOM,equity,tecnico,precio,153.529999,,USD,2026-03-12,2026-09-04T20:02:05Z,Yahoo Finance,2,,,engine/technical/README.md,
XOM,equity,tecnico,precio,156.119995,,USD,2026-03-13,2026-09-04T20:02:05Z,Yahoo Finance,2,,,engine/technical/README.md,
XOM,equity,tecnico,precio,157.229996,,USD,2026-03-16,2026-09-04T20:02:05Z,Yahoo Finance,2,,,engine/technical/README.md,
XOM,equity,tecnico,precio,158.809998,,USD,2026-03-17,2026-09-04T20:02:05Z,Yahoo Finance,2,,,engine/technical/README.md,
XOM,equity,tecnico,precio,157.589996,,USD,2026-03-18,2026-09-04T20:02:05Z,Yahoo Finance,2,,,engine/technical/README.md,
XOM,equity,tecnico,precio,158.160004,,USD,2026-03-19,2026-09-04T20:02:05Z,Yahoo Finance,2,,,engine/technical/README.md,
XOM,equity,tecnico,precio,159.669998,,USD,2026-03-20,2026-09-04T20:02:05Z,Yahoo Finance,2,,,engine/technical/README.md,
XOM,equity,tecnico,precio,161.130005,,USD,2026-03-23,2026-09-04T20:02:05Z,Yahoo Finance,2,,,engine/technical/README.md,
XOM,equity,tecnico,precio,165.380005,,USD,2026-03-24,2026-09-04T20:02:05Z,Yahoo Finance,2,,,engine/technical/README.md,
XOM,equity,tecnico,precio,163.259995,,USD,2026-03-25,2026-09-04T20:02:05Z,Yahoo Finance,2,,,engine/technical/README.md,
XOM,equity,tecnico,precio,165.429993,,USD,2026-03-26,2026-09-04T20:02:05Z,Yahoo Finance,2,,,engine/technical/README.md,
XOM,equity,tecnico,precio,170.990005,,USD,2026-03-27,2026-09-04T20:02:05Z,Yahoo Finance,2,,,engine/technical/README.md,
XOM,equity,tecnico,precio,171.470001,,USD,2026-03-30,2026-09-04T20:02:05Z,Yahoo Finance,2,,,engine/technical/README.md,
XOM,equity,tecnico,precio,169.660004,,USD,2026-03-31,2026-09-04T20:02:05Z,Yahoo Finance,2,,,engine/technical/README.md,
XOM,equity,tecnico,precio,160.779999,,USD,2026-04-01,2026-09-04T20:02:05Z,Yahoo Finance,2,,,engine/technical/README.md,
XOM,equity,tecnico,precio,160.690002,,USD,2026-04-02,2026-09-04T20:02:05Z,Yahoo Finance,2,,,engine/technical/README.md,
XOM,equity,tecnico,precio,163.369995,,USD,2026-04-06,2026-09-04T20:02:05Z,Yahoo Finance,2,,,engine/technical/README.md,
XOM,equity,tecnico,precio,163.910004,,USD,2026-04-07,2026-09-04T20:02:05Z,Yahoo Finance,2,,,engine/technical/README.md,
XOM,equity,tecnico,precio,156.220001,,USD,2026-04-08,2026-09-04T20:02:05Z,Yahoo Finance,2,,,engine/technical/README.md,
XOM,equity,tecnico,precio,155.039993,,USD,2026-04-09,2026-09-04T20:02:05Z,Yahoo Finance,2,,,engine/technical/README.md,
XOM,equity,tecnico,precio,152.509995,,USD,2026-04-10,2026-09-04T20:02:05Z,Yahoo Finance,2,,,engine/technical/README.md,
XOM,equity,tecnico,precio,152.639999,,USD,2026-04-13,2026-09-04T20:02:05Z,Yahoo Finance,2,,,engine/technical/README.md,
XOM,equity,tecnico,precio,149.240005,,USD,2026-04-14,2026-09-04T20:02:05Z,Yahoo Finance,2,,,engine/technical/README.md,
XOM,equity,tecnico,precio,149.009995,,USD,2026-04-15,2026-09-04T20:02:05Z,Yahoo Finance,2,,,engine/technical/README.md,
XOM,equity,tecnico,precio,151.979996,,USD,2026-04-16,2026-09-04T20:02:05Z,Yahoo Finance,2,,,engine/technical/README.md,
XOM,equity,tecnico,precio,146.440002,,USD,2026-04-17,2026-09-04T20:02:05Z,Yahoo Finance,2,,,engine/technical/README.md,
XOM,equity,tecnico,precio,147.679993,,USD,2026-04-20,2026-09-04T20:02:05Z,Yahoo Finance,2,,,engine/technical/README.md,
XOM,equity,tecnico,precio,148.360001,,USD,2026-04-21,2026-09-04T20:02:05Z,Yahoo Finance,2,,,engine/technical/README.md,
XOM,equity,tecnico,precio,149.5,,USD,2026-04-22,2026-09-04T20:02:05Z,Yahoo Finance,2,,,engine/technical/README.md,
XOM,equity,tecnico,precio,150.529999,,USD,2026-04-23,2026-09-04T20:02:05Z,Yahoo Finance,2,,,engine/technical/README.md,
XOM,equity,tecnico,precio,148.910004,,USD,2026-04-24,2026-09-04T20:02:05Z,Yahoo Finance,2,,,engine/technical/README.md,
XOM,equity,tecnico,precio,148.190002,,USD,2026-04-27,2026-09-04T20:02:05Z,Yahoo Finance,2,,,engine/technical/README.md,
XOM,equity,tecnico,precio,150.559998,,USD,2026-04-28,2026-09-04T20:02:05Z,Yahoo Finance,2,,,engine/technical/README.md,
XOM,equity,tecnico,precio,154.669998,,USD,2026-04-29,2026-09-04T20:02:05Z,Yahoo Finance,2,,,engine/technical/README.md,
XOM,equity,tecnico,precio,154.330002,,USD,2026-04-30,2026-09-04T20:02:05Z,Yahoo Finance,2,,,engine/technical/README.md,
XOM,equity,tecnico,precio,152.75,,USD,2026-05-01,2026-09-04T20:02:05Z,Yahoo Finance,2,,,engine/technical/README.md,
XOM,equity,tecnico,precio,153.690002,,USD,2026-05-04,2026-09-04T20:02:05Z,Yahoo Finance,2,,,engine/technical/README.md,
XOM,equity,tecnico,precio,154.880005,,USD,2026-05-05,2026-09-04T20:02:05Z,Yahoo Finance,2,,,engine/technical/README.md,
XOM,equity,tecnico,precio,148.690002,,USD,2026-05-06,2026-09-04T20:02:05Z,Yahoo Finance,2,,,engine/technical/README.md,
XOM,equity,tecnico,precio,146.580002,,USD,2026-05-07,2026-09-04T20:02:05Z,Yahoo Finance,2,,,engine/technical/README.md,
XOM,equity,tecnico,precio,144.570007,,USD,2026-05-08,2026-09-04T20:02:05Z,Yahoo Finance,2,,,engine/technical/README.md,
XOM,equity,tecnico,precio,149.679993,,USD,2026-05-11,2026-09-04T20:02:05Z,Yahoo Finance,2,,,engine/technical/README.md,
XOM,equity,tecnico,precio,150.630005,,USD,2026-05-12,2026-09-04T20:02:05Z,Yahoo Finance,2,,,engine/technical/README.md,
XOM,equity,tecnico,precio,151.570007,,USD,2026-05-13,2026-09-04T20:02:05Z,Yahoo Finance,2,,,engine/technical/README.md,
XOM,equity,tecnico,precio,152.779999,,USD,2026-05-14,2026-09-04T20:02:05Z,Yahoo Finance,2,,,engine/technical/README.md,
XOM,equity,tecnico,precio,157.919998,,USD,2026-05-15,2026-09-04T20:02:05Z,Yahoo Finance,2,,,engine/technical/README.md,
XOM,equity,tecnico,precio,160.490005,,USD,2026-05-18,2026-09-04T20:02:05Z,Yahoo Finance,2,,,engine/technical/README.md,
XOM,equity,tecnico,precio,162.550003,,USD,2026-05-19,2026-09-04T20:02:05Z,Yahoo Finance,2,,,engine/technical/README.md,
XOM,equity,tecnico,precio,156.279999,,USD,2026-05-20,2026-09-04T20:02:05Z,Yahoo Finance,2,,,engine/technical/README.md,
XOM,equity,tecnico,precio,155.289993,,USD,2026-05-21,2026-09-04T20:02:05Z,Yahoo Finance,2,,,engine/technical/README.md,
XOM,equity,tecnico,precio,154.919998,,USD,2026-05-22,2026-09-04T20:02:05Z,Yahoo Finance,2,,,engine/technical/README.md,
XOM,equity,tecnico,precio,149.809998,,USD,2026-05-26,2026-09-04T20:02:05Z,Yahoo Finance,2,,,engine/technical/README.md,
XOM,equity,tecnico,precio,147.899994,,USD,2026-05-27,2026-09-04T20:02:05Z,Yahoo Finance,2,,,engine/technical/README.md,
XOM,equity,tecnico,precio,146.960007,,USD,2026-05-28,2026-09-04T20:02:05Z,Yahoo Finance,2,,,engine/technical/README.md,
XOM,equity,tecnico,precio,145.259995,,USD,2026-05-29,2026-09-04T20:02:05Z,Yahoo Finance,2,,,engine/technical/README.md,
XOM,equity,tecnico,precio,149.380005,,USD,2026-06-01,2026-09-04T20:02:05Z,Yahoo Finance,2,,,engine/technical/README.md,
XOM,equity,tecnico,precio,149.559998,,USD,2026-06-02,2026-09-04T20:02:05Z,Yahoo Finance,2,,,engine/technical/README.md,
XOM,equity,tecnico,precio,152.529999,,USD,2026-06-03,2026-09-04T20:02:05Z,Yahoo Finance,2,,,engine/technical/README.md,
XOM,equity,tecnico,precio,152.039993,,USD,2026-06-04,2026-09-04T20:02:05Z,Yahoo Finance,2,,,engine/technical/README.md,
XOM,equity,tecnico,precio,149.919998,,USD,2026-06-05,2026-09-04T20:02:05Z,Yahoo Finance,2,,,engine/technical/README.md,
XOM,equity,tecnico,precio,151.75,,USD,2026-06-08,2026-09-04T20:02:05Z,Yahoo Finance,2,,,engine/technical/README.md,
XOM,equity,tecnico,precio,148.910004,,USD,2026-06-09,2026-09-04T20:02:05Z,Yahoo Finance,2,,,engine/technical/README.md,
XOM,equity,tecnico,precio,150.619995,,USD,2026-06-10,2026-09-04T20:02:05Z,Yahoo Finance,2,,,engine/technical/README.md,
XOM,equity,tecnico,precio,146.600006,,USD,2026-06-11,2026-09-04T20:02:05Z,Yahoo Finance,2,,,engine/technical/README.md,
XOM,equity,tecnico,precio,147.009995,,USD,2026-06-12,2026-09-04T20:02:05Z,Yahoo Finance,2,,,engine/technical/README.md,
XOM,equity,tecnico,precio,140.919998,,USD,2026-06-15,2026-09-04T20:02:05Z,Yahoo Finance,2,,,engine/technical/README.md,
XOM,equity,tecnico,precio,141.860001,,USD,2026-06-16,2026-09-04T20:02:05Z,Yahoo Finance,2,,,engine/technical/README.md,
XOM,equity,tecnico,precio,140.740005,,USD,2026-06-17,2026-09-04T20:02:05Z,Yahoo Finance,2,,,engine/technical/README.md,
XOM,equity,tecnico,precio,137.809998,,USD,2026-06-18,2026-09-04T20:02:05Z,Yahoo Finance,2,,,engine/technical/README.md,
XOM,equity,tecnico,precio,138.470001,,USD,2026-06-22,2026-09-04T20:02:05Z,Yahoo Finance,2,,,engine/technical/README.md,
XOM,equity,tecnico,precio,139.729996,,USD,2026-06-23,2026-09-04T20:02:05Z,Yahoo Finance,2,,,engine/technical/README.md,
XOM,equity,tecnico,precio,136.899994,,USD,2026-06-24,2026-09-04T20:02:05Z,Yahoo Finance,2,,,engine/technical/README.md,
XOM,equity,tecnico,precio,137.550003,,USD,2026-06-25,2026-09-04T20:02:05Z,Yahoo Finance,2,,,engine/technical/README.md,
XOM,equity,tecnico,precio,136.539993,,USD,2026-06-26,2026-09-04T20:02:05Z,Yahoo Finance,2,,,engine/technical/README.md,
XOM,equity,tecnico,precio,136.059998,,USD,2026-06-29,2026-09-04T20:02:05Z,Yahoo Finance,2,,,engine/technical/README.md,
XOM,equity,tecnico,precio,136.720001,,USD,2026-06-30,2026-09-04T20:02:05Z,Yahoo Finance,2,,,engine/technical/README.md,
XOM,equity,tecnico,precio,136.279999,,USD,2026-07-01,2026-09-04T20:02:05Z,Yahoo Finance,2,,,engine/technical/README.md,
XOM,equity,tecnico,precio,137.089996,,USD,2026-07-02,2026-09-04T20:02:05Z,Yahoo Finance,2,,,engine/technical/README.md,
XOM,equity,tecnico,precio,136.440002,,USD,2026-07-06,2026-09-04T20:02:05Z,Yahoo Finance,2,,,engine/technical/README.md,
XOM,equity,tecnico,precio,141.690002,,USD,2026-07-07,2026-09-04T20:02:05Z,Yahoo Finance,2,,,engine/technical/README.md,
XOM,equity,tecnico,precio,141.130005,,USD,2026-07-08,2026-09-04T20:02:05Z,Yahoo Finance,2,,,engine/technical/README.md,
XOM,equity,tecnico,precio,137.460007,,USD,2026-07-09,2026-09-04T20:02:05Z,Yahoo Finance,2,,,engine/technical/README.md,
XOM,equity,tecnico,precio,138.880005,,USD,2026-07-10,2026-09-04T20:02:05Z,Yahoo Finance,2,,,engine/technical/README.md,
XOM,equity,tecnico,precio,144.509995,,USD,2026-07-13,2026-09-04T20:02:05Z,Yahoo Finance,2,,,engine/technical/README.md,
XOM,equity,tecnico,precio,145.089996,,USD,2026-07-14,2026-09-04T20:02:05Z,Yahoo Finance,2,,,engine/technical/README.md,
XOM,equity,tecnico,precio,144.509995,,USD,2026-07-15,2026-09-04T20:02:05Z,Yahoo Finance,2,,,engine/technical/README.md,
XOM,equity,tecnico,precio,145.949997,,USD,2026-07-16,2026-09-04T20:02:05Z,Yahoo Finance,2,,,engine/technical/README.md,
XOM,equity,tecnico,precio,147.360001,,USD,2026-07-17,2026-09-04T20:02:05Z,Yahoo Finance,2,,,engine/technical/README.md,
XOM,equity,tecnico,precio,148.360001,,USD,2026-07-20,2026-09-04T20:02:05Z,Yahoo Finance,2,,,engine/technical/README.md,
XOM,equity,tecnico,precio,151.710007,,USD,2026-07-21,2026-09-04T20:02:05Z,Yahoo Finance,2,,,engine/technical/README.md,
XOM,equity,tecnico,precio,154.449997,,USD,2026-07-22,2026-09-04T20:02:05Z,Yahoo Finance,2,,,engine/technical/README.md,
XOM,equity,tecnico,precio,156.889999,,USD,2026-07-23,2026-09-04T20:02:05Z,Yahoo Finance,2,,,engine/technical/README.md,
XOM,equity,tecnico,precio,156.940002,,USD,2026-07-24,2026-09-04T20:02:05Z,Yahoo Finance,2,,,engine/technical/README.md,
XOM,equity,tecnico,precio,154.770004,,USD,2026-07-27,2026-09-04T20:02:05Z,Yahoo Finance,2,,,engine/technical/README.md,
XOM,equity,tecnico,precio,153.039993,,USD,2026-07-28,2026-09-04T20:02:05Z,Yahoo Finance,2,,,engine/technical/README.md,
XOM,equity,tecnico,precio,156.75,,USD,2026-07-29,2026-09-04T20:02:05Z,Yahoo Finance,2,,,engine/technical/README.md,
XOM,equity,tecnico,precio,156.970001,,USD,2026-07-30,2026-09-04T20:02:05Z,Yahoo Finance,2,,,engine/technical/README.md,
XOM,equity,tecnico,precio,155.440002,,USD,2026-07-31,2026-09-04T20:02:05Z,Yahoo Finance,2,,,engine/technical/README.md,
XOM,equity,tecnico,precio,155.059998,,USD,2026-08-03,2026-09-04T20:02:05Z,Yahoo Finance,2,,,engine/technical/README.md,
XOM,equity,tecnico,precio,153.960007,,USD,2026-08-04,2026-09-04T20:02:05Z,Yahoo Finance,2,,,engine/technical/README.md,
XOM,equity,tecnico,precio,151.630005,,USD,2026-08-05,2026-09-04T20:02:05Z,Yahoo Finance,2,,,engine/technical/README.md,
XOM,equity,tecnico,precio,154.839996,,USD,2026-08-06,2026-09-04T20:02:05Z,Yahoo Finance,2,,,engine/technical/README.md,
XOM,equity,tecnico,precio,153.039993,,USD,2026-08-07,2026-09-04T20:02:05Z,Yahoo Finance,2,,,engine/technical/README.md,
XOM,equity,tecnico,precio,159.789993,,USD,2026-08-10,2026-09-04T20:02:05Z,Yahoo Finance,2,,,engine/technical/README.md,
XOM,equity,tecnico,precio,159.800003,,USD,2026-08-11,2026-09-04T20:02:05Z,Yahoo Finance,2,,,engine/technical/README.md,
XOM,equity,tecnico,precio,159.75,,USD,2026-08-12,2026-09-04T20:02:05Z,Yahoo Finance,2,,,engine/technical/README.md,
XOM,equity,tecnico,precio,158.610001,,USD,2026-08-13,2026-09-04T20:02:05Z,Yahoo Finance,2,,,engine/technical/README.md,
XOM,equity,tecnico,precio,160.100006,,USD,2026-08-14,2026-09-04T20:02:05Z,Yahoo Finance,2,,,engine/technical/README.md,
XOM,equity,tecnico,precio,161.460007,,USD,2026-08-17,2026-09-04T20:02:05Z,Yahoo Finance,2,,,engine/technical/README.md,
XOM,equity,tecnico,precio,165.559998,,USD,2026-08-18,2026-09-04T20:02:05Z,Yahoo Finance,2,,,engine/technical/README.md,
XOM,equity,tecnico,precio,164.770004,,USD,2026-08-19,2026-09-04T20:02:05Z,Yahoo Finance,2,,,engine/technical/README.md,
XOM,equity,tecnico,precio,166.149994,,USD,2026-08-20,2026-09-04T20:02:05Z,Yahoo Finance,2,,,engine/technical/README.md,
XOM,equity,tecnico,precio,165.110001,,USD,2026-08-21,2026-09-04T20:02:05Z,Yahoo Finance,2,,,engine/technical/README.md,
XOM,equity,tecnico,precio,164.050003,,USD,2026-08-24,2026-09-04T20:02:05Z,Yahoo Finance,2,,,engine/technical/README.md,
XOM,equity,tecnico,precio,160.639999,,USD,2026-08-25,2026-09-04T20:02:05Z,Yahoo Finance,2,,,engine/technical/README.md,
XOM,equity,tecnico,precio,158.190002,,USD,2026-08-26,2026-09-04T20:02:05Z,Yahoo Finance,2,,,engine/technical/README.md,
XOM,equity,tecnico,precio,156.440002,,USD,2026-08-27,2026-09-04T20:02:05Z,Yahoo Finance,2,,,engine/technical/README.md,
XOM,equity,tecnico,precio,156.710007,,USD,2026-08-28,2026-09-04T20:02:05Z,Yahoo Finance,2,,,engine/technical/README.md,
XOM,equity,tecnico,precio,160.949997,,USD,2026-08-31,2026-09-04T20:02:05Z,Yahoo Finance,2,,,engine/technical/README.md,
XOM,equity,tecnico,precio,164.550003,,USD,2026-09-01,2026-09-04T20:02:05Z,Yahoo Finance,2,,,engine/technical/README.md,
XOM,equity,tecnico,precio,164.15,,USD,2026-09-02,2026-09-03T11:40:59Z,Alpha Vantage,2,,,engine/equity/README.md,
XOM,equity,tecnico,precio,162.210007,,USD,2026-09-03,2026-09-04T20:02:05Z,Yahoo Finance,2,,,engine/technical/README.md,
XOM,equity,tecnico,precio,159.460007,,USD,2026-09-04,2026-09-04T20:02:05Z,Yahoo Finance,2,,,engine/technical/README.md,
XOM,equity,tecnico,rsi14,65.1,,indice,2026-01-02,2026-09-04T20:02:05Z,Yahoo Finance,2,,,engine/technical/README.md,
XOM,equity,tecnico,rsi14,70.6,,indice,2026-01-05,2026-09-04T20:02:05Z,Yahoo Finance,2,,,engine/technical/README.md,
XOM,equity,tecnico,rsi14,55.5,,indice,2026-01-06,2026-09-04T20:02:05Z,Yahoo Finance,2,,,engine/technical/README.md,
XOM,equity,tecnico,rsi14,48.8,,indice,2026-01-07,2026-09-04T20:02:05Z,Yahoo Finance,2,,,engine/technical/README.md,
XOM,equity,tecnico,rsi14,58.2,,indice,2026-01-08,2026-09-04T20:02:05Z,Yahoo Finance,2,,,engine/technical/README.md,
XOM,equity,tecnico,rsi14,61.1,,indice,2026-01-09,2026-09-04T20:02:05Z,Yahoo Finance,2,,,engine/technical/README.md,
XOM,equity,tecnico,rsi14,59.6,,indice,2026-01-12,2026-09-04T20:02:05Z,Yahoo Finance,2,,,engine/technical/README.md,
XOM,equity,tecnico,rsi14,63.8,,indice,2026-01-13,2026-09-04T20:02:05Z,Yahoo Finance,2,,,engine/technical/README.md,
XOM,equity,tecnico,rsi14,69.0,,indice,2026-01-14,2026-09-04T20:02:05Z,Yahoo Finance,2,,,engine/technical/README.md,
XOM,equity,tecnico,rsi14,66.0,,indice,2026-01-15,2026-09-04T20:02:05Z,Yahoo Finance,2,,,engine/technical/README.md,
XOM,equity,tecnico,rsi14,67.1,,indice,2026-01-16,2026-09-04T20:02:05Z,Yahoo Finance,2,,,engine/technical/README.md,
XOM,equity,tecnico,rsi14,67.9,,indice,2026-01-20,2026-09-04T20:02:05Z,Yahoo Finance,2,,,engine/technical/README.md,
XOM,equity,tecnico,rsi14,72.1,,indice,2026-01-21,2026-09-04T20:02:05Z,Yahoo Finance,2,,,engine/technical/README.md,
XOM,equity,tecnico,rsi14,72.1,,indice,2026-01-22,2026-09-04T20:02:05Z,Yahoo Finance,2,,,engine/technical/README.md,
XOM,equity,tecnico,rsi14,73.8,,indice,2026-01-23,2026-09-04T20:02:05Z,Yahoo Finance,2,,,engine/technical/README.md,
XOM,equity,tecnico,rsi14,73.3,,indice,2026-01-26,2026-09-04T20:02:05Z,Yahoo Finance,2,,,engine/technical/README.md,
XOM,equity,tecnico,rsi14,75.8,,indice,2026-01-27,2026-09-04T20:02:05Z,Yahoo Finance,2,,,engine/technical/README.md,
XOM,equity,tecnico,rsi14,76.7,,indice,2026-01-28,2026-09-04T20:02:05Z,Yahoo Finance,2,,,engine/technical/README.md,
XOM,equity,tecnico,rsi14,79.8,,indice,2026-01-29,2026-09-04T20:02:05Z,Yahoo Finance,2,,,engine/technical/README.md,
XOM,equity,tecnico,rsi14,80.6,,indice,2026-01-30,2026-09-04T20:02:05Z,Yahoo Finance,2,,,engine/technical/README.md,
XOM,equity,tecnico,rsi14,70.0,,indice,2026-02-02,2026-09-04T20:02:05Z,Yahoo Finance,2,,,engine/technical/README.md,
XOM,equity,tecnico,rsi14,76.0,,indice,2026-02-03,2026-09-04T20:02:05Z,Yahoo Finance,2,,,engine/technical/README.md,
XOM,equity,tecnico,rsi14,79.3,,indice,2026-02-04,2026-09-04T20:02:05Z,Yahoo Finance,2,,,engine/technical/README.md,
XOM,equity,tecnico,rsi14,75.0,,indice,2026-02-05,2026-09-04T20:02:05Z,Yahoo Finance,2,,,engine/technical/README.md,
XOM,equity,tecnico,rsi14,77.6,,indice,2026-02-06,2026-09-04T20:02:05Z,Yahoo Finance,2,,,engine/technical/README.md,
XOM,equity,tecnico,rsi14,79.2,,indice,2026-02-09,2026-09-04T20:02:05Z,Yahoo Finance,2,,,engine/technical/README.md,
XOM,equity,tecnico,rsi14,79.5,,indice,2026-02-10,2026-09-04T20:02:05Z,Yahoo Finance,2,,,engine/technical/README.md,
XOM,equity,tecnico,rsi14,82.3,,indice,2026-02-11,2026-09-04T20:02:05Z,Yahoo Finance,2,,,engine/technical/README.md,
XOM,equity,tecnico,rsi14,68.2,,indice,2026-02-12,2026-09-04T20:02:05Z,Yahoo Finance,2,,,engine/technical/README.md,
XOM,equity,tecnico,rsi14,65.1,,indice,2026-02-13,2026-09-04T20:02:05Z,Yahoo Finance,2,,,engine/technical/README.md,
XOM,equity,tecnico,rsi14,60.5,,indice,2026-02-17,2026-09-04T20:02:05Z,Yahoo Finance,2,,,engine/technical/README.md,
XOM,equity,tecnico,rsi14,65.7,,indice,2026-02-18,2026-09-04T20:02:05Z,Yahoo Finance,2,,,engine/technical/README.md,
XOM,equity,tecnico,rsi14,66.0,,indice,2026-02-19,2026-09-04T20:02:05Z,Yahoo Finance,2,,,engine/technical/README.md,
XOM,equity,tecnico,rsi14,58.7,,indice,2026-02-20,2026-09-04T20:02:05Z,Yahoo Finance,2,,,engine/technical/README.md,
XOM,equity,tecnico,rsi14,62.9,,indice,2026-02-23,2026-09-04T20:02:05Z,Yahoo Finance,2,,,engine/technical/README.md,
XOM,equity,tecnico,rsi14,60.0,,indice,2026-02-24,2026-09-04T20:02:05Z,Yahoo Finance,2,,,engine/technical/README.md,
XOM,equity,tecnico,rsi14,59.7,,indice,2026-02-25,2026-09-04T20:02:05Z,Yahoo Finance,2,,,engine/technical/README.md,
XOM,equity,tecnico,rsi14,58.6,,indice,2026-02-26,2026-09-04T20:02:05Z,Yahoo Finance,2,,,engine/technical/README.md,
XOM,equity,tecnico,rsi14,63.8,,indice,2026-02-27,2026-09-04T20:02:05Z,Yahoo Finance,2,,,engine/technical/README.md,
XOM,equity,tecnico,rsi14,65.8,,indice,2026-03-02,2026-09-04T20:02:05Z,Yahoo Finance,2,,,engine/technical/README.md,
XOM,equity,tecnico,rsi14,60.8,,indice,2026-03-03,2026-09-04T20:02:05Z,Yahoo Finance,2,,,engine/technical/README.md,
XOM,equity,tecnico,rsi14,56.8,,indice,2026-03-04,2026-09-04T20:02:05Z,Yahoo Finance,2,,,engine/technical/README.md,
XOM,equity,tecnico,rsi14,58.2,,indice,2026-03-05,2026-09-04T20:02:05Z,Yahoo Finance,2,,,engine/technical/README.md,
XOM,equity,tecnico,rsi14,58.9,,indice,2026-03-06,2026-09-04T20:02:05Z,Yahoo Finance,2,,,engine/technical/README.md,
XOM,equity,tecnico,rsi14,57.2,,indice,2026-03-09,2026-09-04T20:02:05Z,Yahoo Finance,2,,,engine/technical/README.md,
XOM,equity,tecnico,rsi14,52.3,,indice,2026-03-10,2026-09-04T20:02:05Z,Yahoo Finance,2,,,engine/technical/README.md,
XOM,equity,tecnico,rsi14,58.1,,indice,2026-03-11,2026-09-04T20:02:05Z,Yahoo Finance,2,,,engine/technical/README.md,
XOM,equity,tecnico,rsi14,60.9,,indice,2026-03-12,2026-09-04T20:02:05Z,Yahoo Finance,2,,,engine/technical/README.md,
XOM,equity,tecnico,rsi14,64.4,,indice,2026-03-13,2026-09-04T20:02:05Z,Yahoo Finance,2,,,engine/technical/README.md,
XOM,equity,tecnico,rsi14,65.8,,indice,2026-03-16,2026-09-04T20:02:05Z,Yahoo Finance,2,,,engine/technical/README.md,
XOM,equity,tecnico,rsi14,67.7,,indice,2026-03-17,2026-09-04T20:02:05Z,Yahoo Finance,2,,,engine/technical/README.md,
XOM,equity,tecnico,rsi14,64.7,,indice,2026-03-18,2026-09-04T20:02:05Z,Yahoo Finance,2,,,engine/technical/README.md,
XOM,equity,tecnico,rsi14,65.5,,indice,2026-03-19,2026-09-04T20:02:05Z,Yahoo Finance,2,,,engine/technical/README.md,
XOM,equity,tecnico,rsi14,67.5,,indice,2026-03-20,2026-09-04T20:02:05Z,Yahoo Finance,2,,,engine/technical/README.md,
XOM,equity,tecnico,rsi14,69.4,,indice,2026-03-23,2026-09-04T20:02:05Z,Yahoo Finance,2,,,engine/technical/README.md,
XOM,equity,tecnico,rsi14,74.2,,indice,2026-03-24,2026-09-04T20:02:05Z,Yahoo Finance,2,,,engine/technical/README.md,
XOM,equity,tecnico,rsi14,68.5,,indice,2026-03-25,2026-09-04T20:02:05Z,Yahoo Finance,2,,,engine/technical/README.md,
XOM,equity,tecnico,rsi14,70.9,,indice,2026-03-26,2026-09-04T20:02:05Z,Yahoo Finance,2,,,engine/technical/README.md,
XOM,equity,tecnico,rsi14,76.1,,indice,2026-03-27,2026-09-04T20:02:05Z,Yahoo Finance,2,,,engine/technical/README.md,
XOM,equity,tecnico,rsi14,76.5,,indice,2026-03-30,2026-09-04T20:02:05Z,Yahoo Finance,2,,,engine/technical/README.md,
XOM,equity,tecnico,rsi14,71.7,,indice,2026-03-31,2026-09-04T20:02:05Z,Yahoo Finance,2,,,engine/technical/README.md,
XOM,equity,tecnico,rsi14,54.1,,indice,2026-04-01,2026-09-04T20:02:05Z,Yahoo Finance,2,,,engine/technical/README.md,
XOM,equity,tecnico,rsi14,53.9,,indice,2026-04-02,2026-09-04T20:02:05Z,Yahoo Finance,2,,,engine/technical/README.md,
XOM,equity,tecnico,rsi14,57.6,,indice,2026-04-06,2026-09-04T20:02:05Z,Yahoo Finance,2,,,engine/technical/README.md,
XOM,equity,tecnico,rsi14,58.3,,indice,2026-04-07,2026-09-04T20:02:05Z,Yahoo Finance,2,,,engine/technical/README.md,
XOM,equity,tecnico,rsi14,46.3,,indice,2026-04-08,2026-09-04T20:02:05Z,Yahoo Finance,2,,,engine/technical/README.md,
XOM,equity,tecnico,rsi14,44.8,,indice,2026-04-09,2026-09-04T20:02:05Z,Yahoo Finance,2,,,engine/technical/README.md,
XOM,equity,tecnico,rsi14,41.6,,indice,2026-04-10,2026-09-04T20:02:05Z,Yahoo Finance,2,,,engine/technical/README.md,
XOM,equity,tecnico,rsi14,41.9,,indice,2026-04-13,2026-09-04T20:02:05Z,Yahoo Finance,2,,,engine/technical/README.md,
XOM,equity,tecnico,rsi14,37.7,,indice,2026-04-14,2026-09-04T20:02:05Z,Yahoo Finance,2,,,engine/technical/README.md,
XOM,equity,tecnico,rsi14,37.5,,indice,2026-04-15,2026-09-04T20:02:05Z,Yahoo Finance,2,,,engine/technical/README.md,
XOM,equity,tecnico,rsi14,43.1,,indice,2026-04-16,2026-09-04T20:02:05Z,Yahoo Finance,2,,,engine/technical/README.md,
XOM,equity,tecnico,rsi14,36.5,,indice,2026-04-17,2026-09-04T20:02:05Z,Yahoo Finance,2,,,engine/technical/README.md,
XOM,equity,tecnico,rsi14,38.8,,indice,2026-04-20,2026-09-04T20:02:05Z,Yahoo Finance,2,,,engine/technical/README.md,
XOM,equity,tecnico,rsi14,40.0,,indice,2026-04-21,2026-09-04T20:02:05Z,Yahoo Finance,2,,,engine/technical/README.md,
XOM,equity,tecnico,rsi14,42.2,,indice,2026-04-22,2026-09-04T20:02:05Z,Yahoo Finance,2,,,engine/technical/README.md,
XOM,equity,tecnico,rsi14,44.1,,indice,2026-04-23,2026-09-04T20:02:05Z,Yahoo Finance,2,,,engine/technical/README.md,
XOM,equity,tecnico,rsi14,41.7,,indice,2026-04-24,2026-09-04T20:02:05Z,Yahoo Finance,2,,,engine/technical/README.md,
XOM,equity,tecnico,rsi14,40.7,,indice,2026-04-27,2026-09-04T20:02:05Z,Yahoo Finance,2,,,engine/technical/README.md,
XOM,equity,tecnico,rsi14,45.6,,indice,2026-04-28,2026-09-04T20:02:05Z,Yahoo Finance,2,,,engine/technical/README.md,
XOM,equity,tecnico,rsi14,52.8,,indice,2026-04-29,2026-09-04T20:02:05Z,Yahoo Finance,2,,,engine/technical/README.md,
XOM,equity,tecnico,rsi14,52.2,,indice,2026-04-30,2026-09-04T20:02:05Z,Yahoo Finance,2,,,engine/technical/README.md,
XOM,equity,tecnico,rsi14,49.3,,indice,2026-05-01,2026-09-04T20:02:05Z,Yahoo Finance,2,,,engine/technical/README.md,
XOM,equity,tecnico,rsi14,51.0,,indice,2026-05-04,2026-09-04T20:02:05Z,Yahoo Finance,2,,,engine/technical/README.md,
XOM,equity,tecnico,rsi14,53.2,,indice,2026-05-05,2026-09-04T20:02:05Z,Yahoo Finance,2,,,engine/technical/README.md,
XOM,equity,tecnico,rsi14,42.6,,indice,2026-05-06,2026-09-04T20:02:05Z,Yahoo Finance,2,,,engine/technical/README.md,
XOM,equity,tecnico,rsi14,39.7,,indice,2026-05-07,2026-09-04T20:02:05Z,Yahoo Finance,2,,,engine/technical/README.md,
XOM,equity,tecnico,rsi14,37.1,,indice,2026-05-08,2026-09-04T20:02:05Z,Yahoo Finance,2,,,engine/technical/README.md,
XOM,equity,tecnico,rsi14,46.6,,indice,2026-05-11,2026-09-04T20:02:05Z,Yahoo Finance,2,,,engine/technical/README.md,
XOM,equity,tecnico,rsi14,48.2,,indice,2026-05-12,2026-09-04T20:02:05Z,Yahoo Finance,2,,,engine/technical/README.md,
XOM,equity,tecnico,rsi14,49.8,,indice,2026-05-13,2026-09-04T20:02:05Z,Yahoo Finance,2,,,engine/technical/README.md,
XOM,equity,tecnico,rsi14,51.8,,indice,2026-05-14,2026-09-04T20:02:05Z,Yahoo Finance,2,,,engine/technical/README.md,
XOM,equity,tecnico,rsi14,59.4,,indice,2026-05-15,2026-09-04T20:02:05Z,Yahoo Finance,2,,,engine/technical/README.md,
XOM,equity,tecnico,rsi14,62.5,,indice,2026-05-18,2026-09-04T20:02:05Z,Yahoo Finance,2,,,engine/technical/README.md,
XOM,equity,tecnico,rsi14,64.9,,indice,2026-05-19,2026-09-04T20:02:05Z,Yahoo Finance,2,,,engine/technical/README.md,
XOM,equity,tecnico,rsi14,53.8,,indice,2026-05-20,2026-09-04T20:02:05Z,Yahoo Finance,2,,,engine/technical/README.md,
XOM,equity,tecnico,rsi14,52.3,,indice,2026-05-21,2026-09-04T20:02:05Z,Yahoo Finance,2,,,engine/technical/README.md,
XOM,equity,tecnico,rsi14,51.7,,indice,2026-05-22,2026-09-04T20:02:05Z,Yahoo Finance,2,,,engine/technical/README.md,
XOM,equity,tecnico,rsi14,44.3,,indice,2026-05-26,2026-09-04T20:02:05Z,Yahoo Finance,2,,,engine/technical/README.md,
XOM,equity,tecnico,rsi14,41.9,,indice,2026-05-27,2026-09-04T20:02:05Z,Yahoo Finance,2,,,engine/technical/README.md,
XOM,equity,tecnico,rsi14,40.7,,indice,2026-05-28,2026-09-04T20:02:05Z,Yahoo Finance,2,,,engine/technical/README.md,
XOM,equity,tecnico,rsi14,38.6,,indice,2026-05-29,2026-09-04T20:02:05Z,Yahoo Finance,2,,,engine/technical/README.md,
XOM,equity,tecnico,rsi14,45.9,,indice,2026-06-01,2026-09-04T20:02:05Z,Yahoo Finance,2,,,engine/technical/README.md,
XOM,equity,tecnico,rsi14,46.2,,indice,2026-06-02,2026-09-04T20:02:05Z,Yahoo Finance,2,,,engine/technical/README.md,
XOM,equity,tecnico,rsi14,51.1,,indice,2026-06-03,2026-09-04T20:02:05Z,Yahoo Finance,2,,,engine/technical/README.md,
XOM,equity,tecnico,rsi14,50.3,,indice,2026-06-04,2026-09-04T20:02:05Z,Yahoo Finance,2,,,engine/technical/README.md,
XOM,equity,tecnico,rsi14,46.8,,indice,2026-06-05,2026-09-04T20:02:05Z,Yahoo Finance,2,,,engine/technical/README.md,
XOM,equity,tecnico,rsi14,50.0,,indice,2026-06-08,2026-09-04T20:02:05Z,Yahoo Finance,2,,,engine/technical/README.md,
XOM,equity,tecnico,rsi14,45.5,,indice,2026-06-09,2026-09-04T20:02:05Z,Yahoo Finance,2,,,engine/technical/README.md,
XOM,equity,tecnico,rsi14,48.5,,indice,2026-06-10,2026-09-04T20:02:05Z,Yahoo Finance,2,,,engine/technical/README.md,
XOM,equity,tecnico,rsi14,42.5,,indice,2026-06-11,2026-09-04T20:02:05Z,Yahoo Finance,2,,,engine/technical/README.md,
XOM,equity,tecnico,rsi14,43.3,,indice,2026-06-12,2026-09-04T20:02:05Z,Yahoo Finance,2,,,engine/technical/README.md,
XOM,equity,tecnico,rsi14,35.6,,indice,2026-06-15,2026-09-04T20:02:05Z,Yahoo Finance,2,,,engine/technical/README.md,
XOM,equity,tecnico,rsi14,37.5,,indice,2026-06-16,2026-09-04T20:02:05Z,Yahoo Finance,2,,,engine/technical/README.md,
XOM,equity,tecnico,rsi14,36.2,,indice,2026-06-17,2026-09-04T20:02:05Z,Yahoo Finance,2,,,engine/technical/README.md,
XOM,equity,tecnico,rsi14,32.9,,indice,2026-06-18,2026-09-04T20:02:05Z,Yahoo Finance,2,,,engine/technical/README.md,
XOM,equity,tecnico,rsi14,34.3,,indice,2026-06-22,2026-09-04T20:02:05Z,Yahoo Finance,2,,,engine/technical/README.md,
XOM,equity,tecnico,rsi14,37.1,,indice,2026-06-23,2026-09-04T20:02:05Z,Yahoo Finance,2,,,engine/technical/README.md,
XOM,equity,tecnico,rsi14,33.7,,indice,2026-06-24,2026-09-04T20:02:05Z,Yahoo Finance,2,,,engine/technical/README.md,
XOM,equity,tecnico,rsi14,35.1,,indice,2026-06-25,2026-09-04T20:02:05Z,Yahoo Finance,2,,,engine/technical/README.md,
XOM,equity,tecnico,rsi14,33.9,,indice,2026-06-26,2026-09-04T20:02:05Z,Yahoo Finance,2,,,engine/technical/README.md,
XOM,equity,tecnico,rsi14,33.3,,indice,2026-06-29,2026-09-04T20:02:05Z,Yahoo Finance,2,,,engine/technical/README.md,
XOM,equity,tecnico,rsi14,35.0,,indice,2026-06-30,2026-09-04T20:02:05Z,Yahoo Finance,2,,,engine/technical/README.md,
XOM,equity,tecnico,rsi14,34.4,,indice,2026-07-01,2026-09-04T20:02:05Z,Yahoo Finance,2,,,engine/technical/README.md,
XOM,equity,tecnico,rsi14,36.7,,indice,2026-07-02,2026-09-04T20:02:05Z,Yahoo Finance,2,,,engine/technical/README.md,
XOM,equity,tecnico,rsi14,35.6,,indice,2026-07-06,2026-09-04T20:02:05Z,Yahoo Finance,2,,,engine/technical/README.md,
XOM,equity,tecnico,rsi14,48.8,,indice,2026-07-07,2026-09-04T20:02:05Z,Yahoo Finance,2,,,engine/technical/README.md,
XOM,equity,tecnico,rsi14,47.7,,indice,2026-07-08,2026-09-04T20:02:05Z,Yahoo Finance,2,,,engine/technical/README.md,
XOM,equity,tecnico,rsi14,41.0,,indice,2026-07-09,2026-09-04T20:02:05Z,Yahoo Finance,2,,,engine/technical/README.md,
XOM,equity,tecnico,rsi14,44.3,,indice,2026-07-10,2026-09-04T20:02:05Z,Yahoo Finance,2,,,engine/technical/README.md,
XOM,equity,tecnico,rsi14,54.8,,indice,2026-07-13,2026-09-04T20:02:05Z,Yahoo Finance,2,,,engine/technical/README.md,
XOM,equity,tecnico,rsi14,55.8,,indice,2026-07-14,2026-09-04T20:02:05Z,Yahoo Finance,2,,,engine/technical/README.md,
XOM,equity,tecnico,rsi14,54.6,,indice,2026-07-15,2026-09-04T20:02:05Z,Yahoo Finance,2,,,engine/technical/README.md,
XOM,equity,tecnico,rsi14,57.1,,indice,2026-07-16,2026-09-04T20:02:05Z,Yahoo Finance,2,,,engine/technical/README.md,
XOM,equity,tecnico,rsi14,59.4,,indice,2026-07-17,2026-09-04T20:02:05Z,Yahoo Finance,2,,,engine/technical/README.md,
XOM,equity,tecnico,rsi14,61.0,,indice,2026-07-20,2026-09-04T20:02:05Z,Yahoo Finance,2,,,engine/technical/README.md,
XOM,equity,tecnico,rsi14,66.0,,indice,2026-07-21,2026-09-04T20:02:05Z,Yahoo Finance,2,,,engine/technical/README.md,
XOM,equity,tecnico,rsi14,69.4,,indice,2026-07-22,2026-09-04T20:02:05Z,Yahoo Finance,2,,,engine/technical/README.md,
XOM,equity,tecnico,rsi14,72.1,,indice,2026-07-23,2026-09-04T20:02:05Z,Yahoo Finance,2,,,engine/technical/README.md,
XOM,equity,tecnico,rsi14,72.1,,indice,2026-07-24,2026-09-04T20:02:05Z,Yahoo Finance,2,,,engine/technical/README.md,
XOM,equity,tecnico,rsi14,66.2,,indice,2026-07-27,2026-09-04T20:02:05Z,Yahoo Finance,2,,,engine/technical/README.md,
XOM,equity,tecnico,rsi14,61.8,,indice,2026-07-28,2026-09-04T20:02:05Z,Yahoo Finance,2,,,engine/technical/README.md,
XOM,equity,tecnico,rsi14,66.8,,indice,2026-07-29,2026-09-04T20:02:05Z,Yahoo Finance,2,,,engine/technical/README.md,
XOM,equity,tecnico,rsi14,67.1,,indice,2026-07-30,2026-09-04T20:02:05Z,Yahoo Finance,2,,,engine/technical/README.md,
XOM,equity,tecnico,rsi14,63.1,,indice,2026-07-31,2026-09-04T20:02:05Z,Yahoo Finance,2,,,engine/technical/README.md,
XOM,equity,tecnico,rsi14,62.2,,indice,2026-08-03,2026-09-04T20:02:05Z,Yahoo Finance,2,,,engine/technical/README.md,
XOM,equity,tecnico,rsi14,59.3,,indice,2026-08-04,2026-09-04T20:02:05Z,Yahoo Finance,2,,,engine/technical/README.md,
XOM,equity,tecnico,rsi14,53.6,,indice,2026-08-05,2026-09-04T20:02:05Z,Yahoo Finance,2,,,engine/technical/README.md,
XOM,equity,tecnico,rsi14,59.4,,indice,2026-08-06,2026-09-04T20:02:05Z,Yahoo Finance,2,,,engine/technical/README.md,
XOM,equity,tecnico,rsi14,55.2,,indice,2026-08-07,2026-09-04T20:02:05Z,Yahoo Finance,2,,,engine/technical/README.md,
XOM,equity,tecnico,rsi14,65.1,,indice,2026-08-10,2026-09-04T20:02:05Z,Yahoo Finance,2,,,engine/technical/README.md,
XOM,equity,tecnico,rsi14,65.1,,indice,2026-08-11,2026-09-04T20:02:05Z,Yahoo Finance,2,,,engine/technical/README.md,
XOM,equity,tecnico,rsi14,65.0,,indice,2026-08-12,2026-09-04T20:02:05Z,Yahoo Finance,2,,,engine/technical/README.md,
XOM,equity,tecnico,rsi14,62.1,,indice,2026-08-13,2026-09-04T20:02:05Z,Yahoo Finance,2,,,engine/technical/README.md,
XOM,equity,tecnico,rsi14,64.3,,indice,2026-08-14,2026-09-04T20:02:05Z,Yahoo Finance,2,,,engine/technical/README.md,
XOM,equity,tecnico,rsi14,66.3,,indice,2026-08-17,2026-09-04T20:02:05Z,Yahoo Finance,2,,,engine/technical/README.md,
XOM,equity,tecnico,rsi14,71.3,,indice,2026-08-18,2026-09-04T20:02:05Z,Yahoo Finance,2,,,engine/technical/README.md,
XOM,equity,tecnico,rsi14,69.2,,indice,2026-08-19,2026-09-04T20:02:05Z,Yahoo Finance,2,,,engine/technical/README.md,
XOM,equity,tecnico,rsi14,70.8,,indice,2026-08-20,2026-09-04T20:02:05Z,Yahoo Finance,2,,,engine/technical/README.md,
XOM,equity,tecnico,rsi14,67.9,,indice,2026-08-21,2026-09-04T20:02:05Z,Yahoo Finance,2,,,engine/technical/README.md,
XOM,equity,tecnico,rsi14,64.9,,indice,2026-08-24,2026-09-04T20:02:05Z,Yahoo Finance,2,,,engine/technical/README.md,
XOM,equity,tecnico,rsi14,56.3,,indice,2026-08-25,2026-09-04T20:02:05Z,Yahoo Finance,2,,,engine/technical/README.md,
XOM,equity,tecnico,rsi14,51.1,,indice,2026-08-26,2026-09-04T20:02:05Z,Yahoo Finance,2,,,engine/technical/README.md,
XOM,equity,tecnico,rsi14,47.7,,indice,2026-08-27,2026-09-04T20:02:05Z,Yahoo Finance,2,,,engine/technical/README.md,
XOM,equity,tecnico,rsi14,48.3,,indice,2026-08-28,2026-09-04T20:02:05Z,Yahoo Finance,2,,,engine/technical/README.md,
XOM,equity,tecnico,rsi14,56.3,,indice,2026-08-31,2026-09-04T20:02:05Z,Yahoo Finance,2,,,engine/technical/README.md,
XOM,equity,tecnico,rsi14,61.8,,indice,2026-09-01,2026-09-04T20:02:05Z,Yahoo Finance,2,,,engine/technical/README.md,
XOM,equity,tecnico,rsi14,56.5,,indice,2026-09-03,2026-09-04T20:02:05Z,Yahoo Finance,2,,,engine/technical/README.md,
XOM,equity,tecnico,rsi14,51.0,,indice,2026-09-04,2026-09-04T20:02:05Z,Yahoo Finance,2,,,engine/technical/README.md,
XOM,equity,tecnico,sma100,114.5489,,USD,2026-01-02,2026-09-04T20:02:05Z,Yahoo Finance,2,,,engine/technical/README.md,
XOM,equity,tecnico,sma100,114.7412,,USD,2026-01-05,2026-09-04T20:02:05Z,Yahoo Finance,2,,,engine/technical/README.md,
XOM,equity,tecnico,sma100,114.8757,,USD,2026-01-06,2026-09-04T20:02:05Z,Yahoo Finance,2,,,engine/technical/README.md,
XOM,equity,tecnico,sma100,114.9868,,USD,2026-01-07,2026-09-04T20:02:05Z,Yahoo Finance,2,,,engine/technical/README.md,
XOM,equity,tecnico,sma100,115.151,,USD,2026-01-08,2026-09-04T20:02:05Z,Yahoo Finance,2,,,engine/technical/README.md,
XOM,equity,tecnico,sma100,115.3299,,USD,2026-01-09,2026-09-04T20:02:05Z,Yahoo Finance,2,,,engine/technical/README.md,
XOM,equity,tecnico,sma100,115.496,,USD,2026-01-12,2026-09-04T20:02:05Z,Yahoo Finance,2,,,engine/technical/README.md,
XOM,equity,tecnico,sma100,115.6761,,USD,2026-01-13,2026-09-04T20:02:05Z,Yahoo Finance,2,,,engine/technical/README.md,
XOM,equity,tecnico,sma100,115.8858,,USD,2026-01-14,2026-09-04T20:02:05Z,Yahoo Finance,2,,,engine/technical/README.md,
XOM,equity,tecnico,sma100,116.0643,,USD,2026-01-15,2026-09-04T20:02:05Z,Yahoo Finance,2,,,engine/technical/README.md,
XOM,equity,tecnico,sma100,116.2458,,USD,2026-01-16,2026-09-04T20:02:05Z,Yahoo Finance,2,,,engine/technical/README.md,
XOM,equity,tecnico,sma100,116.4355,,USD,2026-01-20,2026-09-04T20:02:05Z,Yahoo Finance,2,,,engine/technical/README.md,
XOM,equity,tecnico,sma100,116.6441,,USD,2026-01-21,2026-09-04T20:02:05Z,Yahoo Finance,2,,,engine/technical/README.md,
XOM,equity,tecnico,sma100,116.847,,USD,2026-01-22,2026-09-04T20:02:05Z,Yahoo Finance,2,,,engine/technical/README.md,
XOM,equity,tecnico,sma100,117.0538,,USD,2026-01-23,2026-09-04T20:02:05Z,Yahoo Finance,2,,,engine/technical/README.md,
XOM,equity,tecnico,sma100,117.2553,,USD,2026-01-26,2026-09-04T20:02:05Z,Yahoo Finance,2,,,engine/technical/README.md,
XOM,equity,tecnico,sma100,117.5045,,USD,2026-01-27,2026-09-04T20:02:05Z,Yahoo Finance,2,,,engine/technical/README.md,
XOM,equity,tecnico,sma100,117.7563,,USD,2026-01-28,2026-09-04T20:02:05Z,Yahoo Finance,2,,,engine/technical/README.md,
XOM,equity,tecnico,sma100,118.0691,,USD,2026-01-29,2026-09-04T20:02:05Z,Yahoo Finance,2,,,engine/technical/README.md,
XOM,equity,tecnico,sma100,118.3846,,USD,2026-01-30,2026-09-04T20:02:05Z,Yahoo Finance,2,,,engine/technical/README.md,
XOM,equity,tecnico,sma100,118.6621,,USD,2026-02-02,2026-09-04T20:02:05Z,Yahoo Finance,2,,,engine/technical/README.md,
XOM,equity,tecnico,sma100,118.9744,,USD,2026-02-03,2026-09-04T20:02:05Z,Yahoo Finance,2,,,engine/technical/README.md,
XOM,equity,tecnico,sma100,119.3289,,USD,2026-02-04,2026-09-04T20:02:05Z,Yahoo Finance,2,,,engine/technical/README.md,
XOM,equity,tecnico,sma100,119.6681,,USD,2026-02-05,2026-09-04T20:02:05Z,Yahoo Finance,2,,,engine/technical/README.md,
XOM,equity,tecnico,sma100,120.0351,,USD,2026-02-06,2026-09-04T20:02:05Z,Yahoo Finance,2,,,engine/technical/README.md,
XOM,equity,tecnico,sma100,120.4004,,USD,2026-02-09,2026-09-04T20:02:05Z,Yahoo Finance,2,,,engine/technical/README.md,
XOM,equity,tecnico,sma100,120.7634,,USD,2026-02-10,2026-09-04T20:02:05Z,Yahoo Finance,2,,,engine/technical/README.md,
XOM,equity,tecnico,sma100,121.1797,,USD,2026-02-11,2026-09-04T20:02:05Z,Yahoo Finance,2,,,engine/technical/README.md,
XOM,equity,tecnico,sma100,121.5508,,USD,2026-02-12,2026-09-04T20:02:05Z,Yahoo Finance,2,,,engine/technical/README.md,
XOM,equity,tecnico,sma100,121.9151,,USD,2026-02-13,2026-09-04T20:02:05Z,Yahoo Finance,2,,,engine/technical/README.md,
XOM,equity,tecnico,sma100,122.2375,,USD,2026-02-17,2026-09-04T20:02:05Z,Yahoo Finance,2,,,engine/technical/README.md,
XOM,equity,tecnico,sma100,122.5987,,USD,2026-02-18,2026-09-04T20:02:05Z,Yahoo Finance,2,,,engine/technical/README.md,
XOM,equity,tecnico,sma100,122.9525,,USD,2026-02-19,2026-09-04T20:02:05Z,Yahoo Finance,2,,,engine/technical/README.md,
XOM,equity,tecnico,sma100,123.2531,,USD,2026-02-20,2026-09-04T20:02:05Z,Yahoo Finance,2,,,engine/technical/README.md,
XOM,equity,tecnico,sma100,123.6185,,USD,2026-02-23,2026-09-04T20:02:05Z,Yahoo Finance,2,,,engine/technical/README.md,
XOM,equity,tecnico,sma100,123.9836,,USD,2026-02-24,2026-09-04T20:02:05Z,Yahoo Finance,2,,,engine/technical/README.md,
XOM,equity,tecnico,sma100,124.3543,,USD,2026-02-25,2026-09-04T20:02:05Z,Yahoo Finance,2,,,engine/technical/README.md,
XOM,equity,tecnico,sma100,124.7268,,USD,2026-02-26,2026-09-04T20:02:05Z,Yahoo Finance,2,,,engine/technical/README.md,
XOM,equity,tecnico,sma100,125.1192,,USD,2026-02-27,2026-09-04T20:02:05Z,Yahoo Finance,2,,,engine/technical/README.md,
XOM,equity,tecnico,sma100,125.5194,,USD,2026-03-02,2026-09-04T20:02:05Z,Yahoo Finance,2,,,engine/technical/README.md,
XOM,equity,tecnico,sma100,125.8951,,USD,2026-03-03,2026-09-04T20:02:05Z,Yahoo Finance,2,,,engine/technical/README.md,
XOM,equity,tecnico,sma100,126.2531,,USD,2026-03-04,2026-09-04T20:02:05Z,Yahoo Finance,2,,,engine/technical/README.md,
XOM,equity,tecnico,sma100,126.6316,,USD,2026-03-05,2026-09-04T20:02:05Z,Yahoo Finance,2,,,engine/technical/README.md,
XOM,equity,tecnico,sma100,127.0364,,USD,2026-03-06,2026-09-04T20:02:05Z,Yahoo Finance,2,,,engine/technical/README.md,
XOM,equity,tecnico,sma100,127.4184,,USD,2026-03-09,2026-09-04T20:02:05Z,Yahoo Finance,2,,,engine/technical/README.md,
XOM,equity,tecnico,sma100,127.7768,,USD,2026-03-10,2026-09-04T20:02:05Z,Yahoo Finance,2,,,engine/technical/README.md,
XOM,equity,tecnico,sma100,128.1765,,USD,2026-03-11,2026-09-04T20:02:05Z,Yahoo Finance,2,,,engine/technical/README.md,
XOM,equity,tecnico,sma100,128.6054,,USD,2026-03-12,2026-09-04T20:02:05Z,Yahoo Finance,2,,,engine/technical/README.md,
XOM,equity,tecnico,sma100,129.0442,,USD,2026-03-13,2026-09-04T20:02:05Z,Yahoo Finance,2,,,engine/technical/README.md,
XOM,equity,tecnico,sma100,129.4895,,USD,2026-03-16,2026-09-04T20:02:05Z,Yahoo Finance,2,,,engine/technical/README.md,
XOM,equity,tecnico,sma100,129.9505,,USD,2026-03-17,2026-09-04T20:02:05Z,Yahoo Finance,2,,,engine/technical/README.md,
XOM,equity,tecnico,sma100,130.3793,,USD,2026-03-18,2026-09-04T20:02:05Z,Yahoo Finance,2,,,engine/technical/README.md,
XOM,equity,tecnico,sma100,130.8011,,USD,2026-03-19,2026-09-04T20:02:05Z,Yahoo Finance,2,,,engine/technical/README.md,
XOM,equity,tecnico,sma100,131.2439,,USD,2026-03-20,2026-09-04T20:02:05Z,Yahoo Finance,2,,,engine/technical/README.md,
XOM,equity,tecnico,sma100,131.6958,,USD,2026-03-23,2026-09-04T20:02:05Z,Yahoo Finance,2,,,engine/technical/README.md,
XOM,equity,tecnico,sma100,132.1993,,USD,2026-03-24,2026-09-04T20:02:05Z,Yahoo Finance,2,,,engine/technical/README.md,
XOM,equity,tecnico,sma100,132.6674,,USD,2026-03-25,2026-09-04T20:02:05Z,Yahoo Finance,2,,,engine/technical/README.md,
XOM,equity,tecnico,sma100,133.1748,,USD,2026-03-26,2026-09-04T20:02:05Z,Yahoo Finance,2,,,engine/technical/README.md,
XOM,equity,tecnico,sma100,133.7411,,USD,2026-03-27,2026-09-04T20:02:05Z,Yahoo Finance,2,,,engine/technical/README.md,
XOM,equity,tecnico,sma100,134.3182,,USD,2026-03-30,2026-09-04T20:02:05Z,Yahoo Finance,2,,,engine/technical/README.md,
XOM,equity,tecnico,sma100,134.8734,,USD,2026-03-31,2026-09-04T20:02:05Z,Yahoo Finance,2,,,engine/technical/README.md,
XOM,equity,tecnico,sma100,135.3444,,USD,2026-04-01,2026-09-04T20:02:05Z,Yahoo Finance,2,,,engine/technical/README.md,
XOM,equity,tecnico,sma100,135.8063,,USD,2026-04-02,2026-09-04T20:02:05Z,Yahoo Finance,2,,,engine/technical/README.md,
XOM,equity,tecnico,sma100,136.2678,,USD,2026-04-06,2026-09-04T20:02:05Z,Yahoo Finance,2,,,engine/technical/README.md,
XOM,equity,tecnico,sma100,136.7247,,USD,2026-04-07,2026-09-04T20:02:05Z,Yahoo Finance,2,,,engine/technical/README.md,
XOM,equity,tecnico,sma100,137.0891,,USD,2026-04-08,2026-09-04T20:02:05Z,Yahoo Finance,2,,,engine/technical/README.md,
XOM,equity,tecnico,sma100,137.4583,,USD,2026-04-09,2026-09-04T20:02:05Z,Yahoo Finance,2,,,engine/technical/README.md,
XOM,equity,tecnico,sma100,137.7955,,USD,2026-04-10,2026-09-04T20:02:05Z,Yahoo Finance,2,,,engine/technical/README.md,
XOM,equity,tecnico,sma100,138.129,,USD,2026-04-13,2026-09-04T20:02:05Z,Yahoo Finance,2,,,engine/technical/README.md,
XOM,equity,tecnico,sma100,138.4446,,USD,2026-04-14,2026-09-04T20:02:05Z,Yahoo Finance,2,,,engine/technical/README.md,
XOM,equity,tecnico,sma100,138.7444,,USD,2026-04-15,2026-09-04T20:02:05Z,Yahoo Finance,2,,,engine/technical/README.md,
XOM,equity,tecnico,sma100,139.0907,,USD,2026-04-16,2026-09-04T20:02:05Z,Yahoo Finance,2,,,engine/technical/README.md,
XOM,equity,tecnico,sma100,139.3849,,USD,2026-04-17,2026-09-04T20:02:05Z,Yahoo Finance,2,,,engine/technical/README.md,
XOM,equity,tecnico,sma100,139.6909,,USD,2026-04-20,2026-09-04T20:02:05Z,Yahoo Finance,2,,,engine/technical/README.md,
XOM,equity,tecnico,sma100,140.0148,,USD,2026-04-21,2026-09-04T20:02:05Z,Yahoo Finance,2,,,engine/technical/README.md,
XOM,equity,tecnico,sma100,140.3647,,USD,2026-04-22,2026-09-04T20:02:05Z,Yahoo Finance,2,,,engine/technical/README.md,
XOM,equity,tecnico,sma100,140.7223,,USD,2026-04-23,2026-09-04T20:02:05Z,Yahoo Finance,2,,,engine/technical/README.md,
XOM,equity,tecnico,sma100,141.0522,,USD,2026-04-24,2026-09-04T20:02:05Z,Yahoo Finance,2,,,engine/technical/README.md,
XOM,equity,tecnico,sma100,141.3678,,USD,2026-04-27,2026-09-04T20:02:05Z,Yahoo Finance,2,,,engine/technical/README.md,
XOM,equity,tecnico,sma100,141.7196,,USD,2026-04-28,2026-09-04T20:02:05Z,Yahoo Finance,2,,,engine/technical/README.md,
XOM,equity,tecnico,sma100,142.0883,,USD,2026-04-29,2026-09-04T20:02:05Z,Yahoo Finance,2,,,engine/technical/README.md,
XOM,equity,tecnico,sma100,142.4602,,USD,2026-04-30,2026-09-04T20:02:05Z,Yahoo Finance,2,,,engine/technical/README.md,
XOM,equity,tecnico,sma100,142.8223,,USD,2026-05-01,2026-09-04T20:02:05Z,Yahoo Finance,2,,,engine/technical/README.md,
XOM,equity,tecnico,sma100,143.1994,,USD,2026-05-04,2026-09-04T20:02:05Z,Yahoo Finance,2,,,engine/technical/README.md,
XOM,equity,tecnico,sma100,143.5657,,USD,2026-05-05,2026-09-04T20:02:05Z,Yahoo Finance,2,,,engine/technical/README.md,
XOM,equity,tecnico,sma100,143.8572,,USD,2026-05-06,2026-09-04T20:02:05Z,Yahoo Finance,2,,,engine/technical/README.md,
XOM,equity,tecnico,sma100,144.1276,,USD,2026-05-07,2026-09-04T20:02:05Z,Yahoo Finance,2,,,engine/technical/README.md,
XOM,equity,tecnico,sma100,144.3851,,USD,2026-05-08,2026-09-04T20:02:05Z,Yahoo Finance,2,,,engine/technical/README.md,
XOM,equity,tecnico,sma100,144.7043,,USD,2026-05-11,2026-09-04T20:02:05Z,Yahoo Finance,2,,,engine/technical/README.md,
XOM,equity,tecnico,sma100,145.0638,,USD,2026-05-12,2026-09-04T20:02:05Z,Yahoo Finance,2,,,engine/technical/README.md,
XOM,equity,tecnico,sma100,145.4054,,USD,2026-05-13,2026-09-04T20:02:05Z,Yahoo Finance,2,,,engine/technical/README.md,
XOM,equity,tecnico,sma100,145.7678,,USD,2026-05-14,2026-09-04T20:02:05Z,Yahoo Finance,2,,,engine/technical/README.md,
XOM,equity,tecnico,sma100,146.1801,,USD,2026-05-15,2026-09-04T20:02:05Z,Yahoo Finance,2,,,engine/technical/README.md,
XOM,equity,tecnico,sma100,146.6035,,USD,2026-05-18,2026-09-04T20:02:05Z,Yahoo Finance,2,,,engine/technical/README.md,
XOM,equity,tecnico,sma100,147.0348,,USD,2026-05-19,2026-09-04T20:02:05Z,Yahoo Finance,2,,,engine/technical/README.md,
XOM,equity,tecnico,sma100,147.4054,,USD,2026-05-20,2026-09-04T20:02:05Z,Yahoo Finance,2,,,engine/technical/README.md,
XOM,equity,tecnico,sma100,147.7672,,USD,2026-05-21,2026-09-04T20:02:05Z,Yahoo Finance,2,,,engine/technical/README.md,
XOM,equity,tecnico,sma100,148.1111,,USD,2026-05-22,2026-09-04T20:02:05Z,Yahoo Finance,2,,,engine/technical/README.md,
XOM,equity,tecnico,sma100,148.3993,,USD,2026-05-26,2026-09-04T20:02:05Z,Yahoo Finance,2,,,engine/technical/README.md,
XOM,equity,tecnico,sma100,148.6749,,USD,2026-05-27,2026-09-04T20:02:05Z,Yahoo Finance,2,,,engine/technical/README.md,
XOM,equity,tecnico,sma100,148.918,,USD,2026-05-28,2026-09-04T20:02:05Z,Yahoo Finance,2,,,engine/technical/README.md,
XOM,equity,tecnico,sma100,149.117,,USD,2026-05-29,2026-09-04T20:02:05Z,Yahoo Finance,2,,,engine/technical/README.md,
XOM,equity,tecnico,sma100,149.4003,,USD,2026-06-01,2026-09-04T20:02:05Z,Yahoo Finance,2,,,engine/technical/README.md,
XOM,equity,tecnico,sma100,149.711,,USD,2026-06-02,2026-09-04T20:02:05Z,Yahoo Finance,2,,,engine/technical/README.md,
XOM,equity,tecnico,sma100,150.0072,,USD,2026-06-03,2026-09-04T20:02:05Z,Yahoo Finance,2,,,engine/technical/README.md,
XOM,equity,tecnico,sma100,150.2815,,USD,2026-06-04,2026-09-04T20:02:05Z,Yahoo Finance,2,,,engine/technical/README.md,
XOM,equity,tecnico,sma100,150.5404,,USD,2026-06-05,2026-09-04T20:02:05Z,Yahoo Finance,2,,,engine/technical/README.md,
XOM,equity,tecnico,sma100,150.7925,,USD,2026-06-08,2026-09-04T20:02:05Z,Yahoo Finance,2,,,engine/technical/README.md,
XOM,equity,tecnico,sma100,150.9796,,USD,2026-06-09,2026-09-04T20:02:05Z,Yahoo Finance,2,,,engine/technical/README.md,
XOM,equity,tecnico,sma100,151.1945,,USD,2026-06-10,2026-09-04T20:02:05Z,Yahoo Finance,2,,,engine/technical/README.md,
XOM,equity,tecnico,sma100,151.3616,,USD,2026-06-11,2026-09-04T20:02:05Z,Yahoo Finance,2,,,engine/technical/README.md,
XOM,equity,tecnico,sma100,151.527099,,USD,2026-06-12,2026-09-04T20:02:05Z,Yahoo Finance,2,,,engine/technical/README.md,
XOM,equity,tecnico,sma100,151.600199,,USD,2026-06-15,2026-09-04T20:02:05Z,Yahoo Finance,2,,,engine/technical/README.md,
XOM,equity,tecnico,sma100,151.682399,,USD,2026-06-16,2026-09-04T20:02:05Z,Yahoo Finance,2,,,engine/technical/README.md,
XOM,equity,tecnico,sma100,151.740099,,USD,2026-06-17,2026-09-04T20:02:05Z,Yahoo Finance,2,,,engine/technical/README.md,
XOM,equity,tecnico,sma100,151.769799,,USD,2026-06-18,2026-09-04T20:02:05Z,Yahoo Finance,2,,,engine/technical/README.md,
XOM,equity,tecnico,sma100,151.786199,,USD,2026-06-22,2026-09-04T20:02:05Z,Yahoo Finance,2,,,engine/technical/README.md,
XOM,equity,tecnico,sma100,151.807699,,USD,2026-06-23,2026-09-04T20:02:05Z,Yahoo Finance,2,,,engine/technical/README.md,
XOM,equity,tecnico,sma100,151.771599,,USD,2026-06-24,2026-09-04T20:02:05Z,Yahoo Finance,2,,,engine/technical/README.md,
XOM,equity,tecnico,sma100,151.7331,,USD,2026-06-25,2026-09-04T20:02:05Z,Yahoo Finance,2,,,engine/technical/README.md,
XOM,equity,tecnico,sma100,151.7145,,USD,2026-06-26,2026-09-04T20:02:05Z,Yahoo Finance,2,,,engine/technical/README.md,
XOM,equity,tecnico,sma100,151.6378,,USD,2026-06-29,2026-09-04T20:02:05Z,Yahoo Finance,2,,,engine/technical/README.md,
XOM,equity,tecnico,sma100,151.5291,,USD,2026-06-30,2026-09-04T20:02:05Z,Yahoo Finance,2,,,engine/technical/README.md,
XOM,equity,tecnico,sma100,151.4311,,USD,2026-07-01,2026-09-04T20:02:05Z,Yahoo Finance,2,,,engine/technical/README.md,
XOM,equity,tecnico,sma100,151.311499,,USD,2026-07-02,2026-09-04T20:02:05Z,Yahoo Finance,2,,,engine/technical/README.md,
XOM,equity,tecnico,sma100,151.163799,,USD,2026-07-06,2026-09-04T20:02:05Z,Yahoo Finance,2,,,engine/technical/README.md,
XOM,equity,tecnico,sma100,151.064799,,USD,2026-07-07,2026-09-04T20:02:05Z,Yahoo Finance,2,,,engine/technical/README.md,
XOM,equity,tecnico,sma100,150.9205,,USD,2026-07-08,2026-09-04T20:02:05Z,Yahoo Finance,2,,,engine/technical/README.md,
XOM,equity,tecnico,sma100,150.7958,,USD,2026-07-09,2026-09-04T20:02:05Z,Yahoo Finance,2,,,engine/technical/README.md,
XOM,equity,tecnico,sma100,150.7001,,USD,2026-07-10,2026-09-04T20:02:05Z,Yahoo Finance,2,,,engine/technical/README.md,
XOM,equity,tecnico,sma100,150.6833,,USD,2026-07-13,2026-09-04T20:02:05Z,Yahoo Finance,2,,,engine/technical/README.md,
XOM,equity,tecnico,sma100,150.6274,,USD,2026-07-14,2026-09-04T20:02:05Z,Yahoo Finance,2,,,engine/technical/README.md,
XOM,equity,tecnico,sma100,150.5628,,USD,2026-07-15,2026-09-04T20:02:05Z,Yahoo Finance,2,,,engine/technical/README.md,
XOM,equity,tecnico,sma100,150.5495,,USD,2026-07-16,2026-09-04T20:02:05Z,Yahoo Finance,2,,,engine/technical/README.md,
XOM,equity,tecnico,sma100,150.5155,,USD,2026-07-17,2026-09-04T20:02:05Z,Yahoo Finance,2,,,engine/technical/README.md,
XOM,equity,tecnico,sma100,150.5065,,USD,2026-07-20,2026-09-04T20:02:05Z,Yahoo Finance,2,,,engine/technical/README.md,
XOM,equity,tecnico,sma100,150.533,,USD,2026-07-21,2026-09-04T20:02:05Z,Yahoo Finance,2,,,engine/technical/README.md,
XOM,equity,tecnico,sma100,150.5921,,USD,2026-07-22,2026-09-04T20:02:05Z,Yahoo Finance,2,,,engine/technical/README.md,
XOM,equity,tecnico,sma100,150.636,,USD,2026-07-23,2026-09-04T20:02:05Z,Yahoo Finance,2,,,engine/technical/README.md,
XOM,equity,tecnico,sma100,150.6632,,USD,2026-07-24,2026-09-04T20:02:05Z,Yahoo Finance,2,,,engine/technical/README.md,
XOM,equity,tecnico,sma100,150.6926,,USD,2026-07-27,2026-09-04T20:02:05Z,Yahoo Finance,2,,,engine/technical/README.md,
XOM,equity,tecnico,sma100,150.7248,,USD,2026-07-28,2026-09-04T20:02:05Z,Yahoo Finance,2,,,engine/technical/README.md,
XOM,equity,tecnico,sma100,150.7847,,USD,2026-07-29,2026-09-04T20:02:05Z,Yahoo Finance,2,,,engine/technical/README.md,
XOM,equity,tecnico,sma100,150.8423,,USD,2026-07-30,2026-09-04T20:02:05Z,Yahoo Finance,2,,,engine/technical/README.md,
XOM,equity,tecnico,sma100,150.8923,,USD,2026-07-31,2026-09-04T20:02:05Z,Yahoo Finance,2,,,engine/technical/README.md,
XOM,equity,tecnico,sma100,150.9616,,USD,2026-08-03,2026-09-04T20:02:05Z,Yahoo Finance,2,,,engine/technical/README.md,
XOM,equity,tecnico,sma100,150.9854,,USD,2026-08-04,2026-09-04T20:02:05Z,Yahoo Finance,2,,,engine/technical/README.md,
XOM,equity,tecnico,sma100,150.9664,,USD,2026-08-05,2026-09-04T20:02:05Z,Yahoo Finance,2,,,engine/technical/README.md,
XOM,equity,tecnico,sma100,150.9536,,USD,2026-08-06,2026-09-04T20:02:05Z,Yahoo Finance,2,,,engine/technical/README.md,
XOM,equity,tecnico,sma100,150.9117,,USD,2026-08-07,2026-09-04T20:02:05Z,Yahoo Finance,2,,,engine/technical/README.md,
XOM,equity,tecnico,sma100,150.9215,,USD,2026-08-10,2026-09-04T20:02:05Z,Yahoo Finance,2,,,engine/technical/README.md,
XOM,equity,tecnico,sma100,150.9436,,USD,2026-08-11,2026-09-04T20:02:05Z,Yahoo Finance,2,,,engine/technical/README.md,
XOM,equity,tecnico,sma100,150.9595,,USD,2026-08-12,2026-09-04T20:02:05Z,Yahoo Finance,2,,,engine/technical/README.md,
XOM,equity,tecnico,sma100,150.9489,,USD,2026-08-13,2026-09-04T20:02:05Z,Yahoo Finance,2,,,engine/technical/README.md,
XOM,equity,tecnico,sma100,150.9386,,USD,2026-08-14,2026-09-04T20:02:05Z,Yahoo Finance,2,,,engine/technical/README.md,
XOM,equity,tecnico,sma100,150.8994,,USD,2026-08-17,2026-09-04T20:02:05Z,Yahoo Finance,2,,,engine/technical/README.md,
XOM,equity,tecnico,sma100,150.9224,,USD,2026-08-18,2026-09-04T20:02:05Z,Yahoo Finance,2,,,engine/technical/README.md,
XOM,equity,tecnico,sma100,150.9158,,USD,2026-08-19,2026-09-04T20:02:05Z,Yahoo Finance,2,,,engine/technical/README.md,
XOM,equity,tecnico,sma100,150.8674,,USD,2026-08-20,2026-09-04T20:02:05Z,Yahoo Finance,2,,,engine/technical/README.md,
XOM,equity,tecnico,sma100,150.8038,,USD,2026-08-21,2026-09-04T20:02:05Z,Yahoo Finance,2,,,engine/technical/README.md,
XOM,equity,tecnico,sma100,150.7477,,USD,2026-08-24,2026-09-04T20:02:05Z,Yahoo Finance,2,,,engine/technical/README.md,
XOM,equity,tecnico,sma100,150.7463,,USD,2026-08-25,2026-09-04T20:02:05Z,Yahoo Finance,2,,,engine/technical/README.md,
XOM,equity,tecnico,sma100,150.7213,,USD,2026-08-26,2026-09-04T20:02:05Z,Yahoo Finance,2,,,engine/technical/README.md,
XOM,equity,tecnico,sma100,150.652,,USD,2026-08-27,2026-09-04T20:02:05Z,Yahoo Finance,2,,,engine/technical/README.md,
XOM,equity,tecnico,sma100,150.58,,USD,2026-08-28,2026-09-04T20:02:05Z,Yahoo Finance,2,,,engine/technical/README.md,
XOM,equity,tecnico,sma100,150.6273,,USD,2026-08-31,2026-09-04T20:02:05Z,Yahoo Finance,2,,,engine/technical/README.md,
XOM,equity,tecnico,sma100,150.7224,,USD,2026-09-01,2026-09-04T20:02:05Z,Yahoo Finance,2,,,engine/technical/README.md,
XOM,equity,tecnico,sma100,150.9345,,USD,2026-09-03,2026-09-04T20:02:05Z,Yahoo Finance,2,,,engine/technical/README.md,
XOM,equity,tecnico,sma100,151.0367,,USD,2026-09-04,2026-09-04T20:02:05Z,Yahoo Finance,2,,,engine/technical/README.md,
XOM,equity,tecnico,sma20,118.465001,,USD,2026-01-02,2026-09-04T20:02:05Z,Yahoo Finance,2,,,engine/technical/README.md,
XOM,equity,tecnico,sma20,118.876001,,USD,2026-01-05,2026-09-04T20:02:05Z,Yahoo Finance,2,,,engine/technical/README.md,
XOM,equity,tecnico,sma20,119.101501,,USD,2026-01-06,2026-09-04T20:02:05Z,Yahoo Finance,2,,,engine/technical/README.md,
XOM,equity,tecnico,sma20,119.227,,USD,2026-01-07,2026-09-04T20:02:05Z,Yahoo Finance,2,,,engine/technical/README.md,
XOM,equity,tecnico,sma20,119.460001,,USD,2026-01-08,2026-09-04T20:02:05Z,Yahoo Finance,2,,,engine/technical/README.md,
XOM,equity,tecnico,sma20,119.713501,,USD,2026-01-09,2026-09-04T20:02:05Z,Yahoo Finance,2,,,engine/technical/README.md,
XOM,equity,tecnico,sma20,119.938,,USD,2026-01-12,2026-09-04T20:02:05Z,Yahoo Finance,2,,,engine/technical/README.md,
XOM,equity,tecnico,sma20,120.324001,,USD,2026-01-13,2026-09-04T20:02:05Z,Yahoo Finance,2,,,engine/technical/README.md,
XOM,equity,tecnico,sma20,120.946,,USD,2026-01-14,2026-09-04T20:02:05Z,Yahoo Finance,2,,,engine/technical/README.md,
XOM,equity,tecnico,sma20,121.668501,,USD,2026-01-15,2026-09-04T20:02:05Z,Yahoo Finance,2,,,engine/technical/README.md,
XOM,equity,tecnico,sma20,122.2925,,USD,2026-01-16,2026-09-04T20:02:05Z,Yahoo Finance,2,,,engine/technical/README.md,
XOM,equity,tecnico,sma20,122.988501,,USD,2026-01-20,2026-09-04T20:02:05Z,Yahoo Finance,2,,,engine/technical/README.md,
XOM,equity,tecnico,sma20,123.834501,,USD,2026-01-21,2026-09-04T20:02:05Z,Yahoo Finance,2,,,engine/technical/README.md,
XOM,equity,tecnico,sma20,124.609,,USD,2026-01-22,2026-09-04T20:02:05Z,Yahoo Finance,2,,,engine/technical/README.md,
XOM,equity,tecnico,sma20,125.386501,,USD,2026-01-23,2026-09-04T20:02:05Z,Yahoo Finance,2,,,engine/technical/README.md,
XOM,equity,tecnico,sma20,126.1675,,USD,2026-01-26,2026-09-04T20:02:05Z,Yahoo Finance,2,,,engine/technical/README.md,
XOM,equity,tecnico,sma20,127.0535,,USD,2026-01-27,2026-09-04T20:02:05Z,Yahoo Finance,2,,,engine/technical/README.md,
XOM,equity,tecnico,sma20,127.906001,,USD,2026-01-28,2026-09-04T20:02:05Z,Yahoo Finance,2,,,engine/technical/README.md,
XOM,equity,tecnico,sma20,128.882,,USD,2026-01-29,2026-09-04T20:02:05Z,Yahoo Finance,2,,,engine/technical/README.md,
XOM,equity,tecnico,sma20,129.935,,USD,2026-01-30,2026-09-04T20:02:05Z,Yahoo Finance,2,,,engine/technical/README.md,
XOM,equity,tecnico,sma20,130.7225,,USD,2026-02-02,2026-09-04T20:02:05Z,Yahoo Finance,2,,,engine/technical/README.md,
XOM,equity,tecnico,sma20,131.641,,USD,2026-02-03,2026-09-04T20:02:05Z,Yahoo Finance,2,,,engine/technical/README.md,
XOM,equity,tecnico,sma20,132.967999,,USD,2026-02-04,2026-09-04T20:02:05Z,Yahoo Finance,2,,,engine/technical/README.md,
XOM,equity,tecnico,sma20,134.347499,,USD,2026-02-05,2026-09-04T20:02:05Z,Yahoo Finance,2,,,engine/technical/README.md,
XOM,equity,tecnico,sma20,135.654499,,USD,2026-02-06,2026-09-04T20:02:05Z,Yahoo Finance,2,,,engine/technical/README.md,
XOM,equity,tecnico,sma20,136.9845,,USD,2026-02-09,2026-09-04T20:02:05Z,Yahoo Finance,2,,,engine/technical/README.md,
XOM,equity,tecnico,sma20,138.3625,,USD,2026-02-10,2026-09-04T20:02:05Z,Yahoo Finance,2,,,engine/technical/README.md,
XOM,equity,tecnico,sma20,139.813499,,USD,2026-02-11,2026-09-04T20:02:05Z,Yahoo Finance,2,,,engine/technical/README.md,
XOM,equity,tecnico,sma20,140.799999,,USD,2026-02-12,2026-09-04T20:02:05Z,Yahoo Finance,2,,,engine/technical/README.md,
XOM,equity,tecnico,sma20,141.765999,,USD,2026-02-13,2026-09-04T20:02:05Z,Yahoo Finance,2,,,engine/technical/README.md,
XOM,equity,tecnico,sma20,142.580999,,USD,2026-02-17,2026-09-04T20:02:05Z,Yahoo Finance,2,,,engine/technical/README.md,
XOM,equity,tecnico,sma20,143.591998,,USD,2026-02-18,2026-09-04T20:02:05Z,Yahoo Finance,2,,,engine/technical/README.md,
XOM,equity,tecnico,sma20,144.459998,,USD,2026-02-19,2026-09-04T20:02:05Z,Yahoo Finance,2,,,engine/technical/README.md,
XOM,equity,tecnico,sma20,145.141998,,USD,2026-02-20,2026-09-04T20:02:05Z,Yahoo Finance,2,,,engine/technical/README.md,
XOM,equity,tecnico,sma20,145.931498,,USD,2026-02-23,2026-09-04T20:02:05Z,Yahoo Finance,2,,,engine/technical/README.md,
XOM,equity,tecnico,sma20,146.652498,,USD,2026-02-24,2026-09-04T20:02:05Z,Yahoo Finance,2,,,engine/technical/README.md,
XOM,equity,tecnico,sma20,147.263998,,USD,2026-02-25,2026-09-04T20:02:05Z,Yahoo Finance,2,,,engine/technical/README.md,
XOM,equity,tecnico,sma20,147.811997,,USD,2026-02-26,2026-09-04T20:02:05Z,Yahoo Finance,2,,,engine/technical/README.md,
XOM,equity,tecnico,sma20,148.411497,,USD,2026-02-27,2026-09-04T20:02:05Z,Yahoo Finance,2,,,engine/technical/README.md,
XOM,equity,tecnico,sma20,149.052498,,USD,2026-03-02,2026-09-04T20:02:05Z,Yahoo Finance,2,,,engine/technical/README.md,
XOM,equity,tecnico,sma20,149.723998,,USD,2026-03-03,2026-09-04T20:02:05Z,Yahoo Finance,2,,,engine/technical/README.md,
XOM,equity,tecnico,sma20,150.028499,,USD,2026-03-04,2026-09-04T20:02:05Z,Yahoo Finance,2,,,engine/technical/README.md,
XOM,equity,tecnico,sma20,150.186999,,USD,2026-03-05,2026-09-04T20:02:05Z,Yahoo Finance,2,,,engine/technical/README.md,
XOM,equity,tecnico,sma20,150.443499,,USD,2026-03-06,2026-09-04T20:02:05Z,Yahoo Finance,2,,,engine/technical/README.md,
XOM,equity,tecnico,sma20,150.512999,,USD,2026-03-09,2026-09-04T20:02:05Z,Yahoo Finance,2,,,engine/technical/README.md,
XOM,equity,tecnico,sma20,150.358999,,USD,2026-03-10,2026-09-04T20:02:05Z,Yahoo Finance,2,,,engine/technical/README.md,
XOM,equity,tecnico,sma20,150.358499,,USD,2026-03-11,2026-09-04T20:02:05Z,Yahoo Finance,2,,,engine/technical/README.md,
XOM,equity,tecnico,sma20,150.256999,,USD,2026-03-12,2026-09-04T20:02:05Z,Yahoo Finance,2,,,engine/technical/README.md,
XOM,equity,tecnico,sma20,150.566499,,USD,2026-03-13,2026-09-04T20:02:05Z,Yahoo Finance,2,,,engine/technical/README.md,
XOM,equity,tecnico,sma20,151.005499,,USD,2026-03-16,2026-09-04T20:02:05Z,Yahoo Finance,2,,,engine/technical/README.md,
XOM,equity,tecnico,sma20,151.636499,,USD,2026-03-17,2026-09-04T20:02:05Z,Yahoo Finance,2,,,engine/technical/README.md,
XOM,equity,tecnico,sma20,151.981999,,USD,2026-03-18,2026-09-04T20:02:05Z,Yahoo Finance,2,,,engine/technical/README.md,
XOM,equity,tecnico,sma20,152.341499,,USD,2026-03-19,2026-09-04T20:02:05Z,Yahoo Finance,2,,,engine/technical/README.md,
XOM,equity,tecnico,sma20,152.960999,,USD,2026-03-20,2026-09-04T20:02:05Z,Yahoo Finance,2,,,engine/technical/README.md,
XOM,equity,tecnico,sma20,153.4795,,USD,2026-03-23,2026-09-04T20:02:05Z,Yahoo Finance,2,,,engine/technical/README.md,
XOM,equity,tecnico,sma20,154.2855,,USD,2026-03-24,2026-09-04T20:02:05Z,Yahoo Finance,2,,,engine/technical/README.md,
XOM,equity,tecnico,sma20,154.9955,,USD,2026-03-25,2026-09-04T20:02:05Z,Yahoo Finance,2,,,engine/technical/README.md,
XOM,equity,tecnico,sma20,155.84,,USD,2026-03-26,2026-09-04T20:02:05Z,Yahoo Finance,2,,,engine/technical/README.md,
XOM,equity,tecnico,sma20,156.7645,,USD,2026-03-27,2026-09-04T20:02:05Z,Yahoo Finance,2,,,engine/technical/README.md,
XOM,equity,tecnico,sma20,157.627,,USD,2026-03-30,2026-09-04T20:02:05Z,Yahoo Finance,2,,,engine/technical/README.md,
XOM,equity,tecnico,sma20,158.518501,,USD,2026-03-31,2026-09-04T20:02:05Z,Yahoo Finance,2,,,engine/technical/README.md,
XOM,equity,tecnico,sma20,159.0665,,USD,2026-04-01,2026-09-04T20:02:05Z,Yahoo Finance,2,,,engine/technical/README.md,
XOM,equity,tecnico,sma20,159.563,,USD,2026-04-02,2026-09-04T20:02:05Z,Yahoo Finance,2,,,engine/technical/README.md,
XOM,equity,tecnico,sma20,160.171,,USD,2026-04-06,2026-09-04T20:02:05Z,Yahoo Finance,2,,,engine/technical/README.md,
XOM,equity,tecnico,sma20,160.8445,,USD,2026-04-07,2026-09-04T20:02:05Z,Yahoo Finance,2,,,engine/technical/README.md,
XOM,equity,tecnico,sma20,161.249,,USD,2026-04-08,2026-09-04T20:02:05Z,Yahoo Finance,2,,,engine/technical/README.md,
XOM,equity,tecnico,sma20,161.421999,,USD,2026-04-09,2026-09-04T20:02:05Z,Yahoo Finance,2,,,engine/technical/README.md,
XOM,equity,tecnico,sma20,161.370999,,USD,2026-04-10,2026-09-04T20:02:05Z,Yahoo Finance,2,,,engine/technical/README.md,
XOM,equity,tecnico,sma20,161.196999,,USD,2026-04-13,2026-09-04T20:02:05Z,Yahoo Finance,2,,,engine/technical/README.md,
XOM,equity,tecnico,sma20,160.7975,,USD,2026-04-14,2026-09-04T20:02:05Z,Yahoo Finance,2,,,engine/technical/README.md,
XOM,equity,tecnico,sma20,160.3075,,USD,2026-04-15,2026-09-04T20:02:05Z,Yahoo Finance,2,,,engine/technical/README.md,
XOM,equity,tecnico,sma20,160.027,,USD,2026-04-16,2026-09-04T20:02:05Z,Yahoo Finance,2,,,engine/technical/README.md,
XOM,equity,tecnico,sma20,159.441,,USD,2026-04-17,2026-09-04T20:02:05Z,Yahoo Finance,2,,,engine/technical/README.md,
XOM,equity,tecnico,sma20,158.841499,,USD,2026-04-20,2026-09-04T20:02:05Z,Yahoo Finance,2,,,engine/technical/README.md,
XOM,equity,tecnico,sma20,158.202999,,USD,2026-04-21,2026-09-04T20:02:05Z,Yahoo Finance,2,,,engine/technical/README.md,
XOM,equity,tecnico,sma20,157.408999,,USD,2026-04-22,2026-09-04T20:02:05Z,Yahoo Finance,2,,,engine/technical/README.md,
XOM,equity,tecnico,sma20,156.772499,,USD,2026-04-23,2026-09-04T20:02:05Z,Yahoo Finance,2,,,engine/technical/README.md,
XOM,equity,tecnico,sma20,155.9465,,USD,2026-04-24,2026-09-04T20:02:05Z,Yahoo Finance,2,,,engine/technical/README.md,
XOM,equity,tecnico,sma20,154.806499,,USD,2026-04-27,2026-09-04T20:02:05Z,Yahoo Finance,2,,,engine/technical/README.md,
XOM,equity,tecnico,sma20,153.760999,,USD,2026-04-28,2026-09-04T20:02:05Z,Yahoo Finance,2,,,engine/technical/README.md,
XOM,equity,tecnico,sma20,153.011499,,USD,2026-04-29,2026-09-04T20:02:05Z,Yahoo Finance,2,,,engine/technical/README.md,
XOM,equity,tecnico,sma20,152.688999,,USD,2026-04-30,2026-09-04T20:02:05Z,Yahoo Finance,2,,,engine/technical/README.md,
XOM,equity,tecnico,sma20,152.291999,,USD,2026-05-01,2026-09-04T20:02:05Z,Yahoo Finance,2,,,engine/technical/README.md,
XOM,equity,tecnico,sma20,151.807999,,USD,2026-05-04,2026-09-04T20:02:05Z,Yahoo Finance,2,,,engine/technical/README.md,
XOM,equity,tecnico,sma20,151.356499,,USD,2026-05-05,2026-09-04T20:02:05Z,Yahoo Finance,2,,,engine/technical/README.md,
XOM,equity,tecnico,sma20,150.98,,USD,2026-05-06,2026-09-04T20:02:05Z,Yahoo Finance,2,,,engine/technical/README.md,
XOM,equity,tecnico,sma20,150.557,,USD,2026-05-07,2026-09-04T20:02:05Z,Yahoo Finance,2,,,engine/technical/README.md,
XOM,equity,tecnico,sma20,150.160001,,USD,2026-05-08,2026-09-04T20:02:05Z,Yahoo Finance,2,,,engine/technical/README.md,
XOM,equity,tecnico,sma20,150.012,,USD,2026-05-11,2026-09-04T20:02:05Z,Yahoo Finance,2,,,engine/technical/README.md,
XOM,equity,tecnico,sma20,150.0815,,USD,2026-05-12,2026-09-04T20:02:05Z,Yahoo Finance,2,,,engine/technical/README.md,
XOM,equity,tecnico,sma20,150.209501,,USD,2026-05-13,2026-09-04T20:02:05Z,Yahoo Finance,2,,,engine/technical/README.md,
XOM,equity,tecnico,sma20,150.249501,,USD,2026-05-14,2026-09-04T20:02:05Z,Yahoo Finance,2,,,engine/technical/README.md,
XOM,equity,tecnico,sma20,150.823501,,USD,2026-05-15,2026-09-04T20:02:05Z,Yahoo Finance,2,,,engine/technical/README.md,
XOM,equity,tecnico,sma20,151.464001,,USD,2026-05-18,2026-09-04T20:02:05Z,Yahoo Finance,2,,,engine/technical/README.md,
XOM,equity,tecnico,sma20,152.173502,,USD,2026-05-19,2026-09-04T20:02:05Z,Yahoo Finance,2,,,engine/technical/README.md,
XOM,equity,tecnico,sma20,152.512502,,USD,2026-05-20,2026-09-04T20:02:05Z,Yahoo Finance,2,,,engine/technical/README.md,
XOM,equity,tecnico,sma20,152.750501,,USD,2026-05-21,2026-09-04T20:02:05Z,Yahoo Finance,2,,,engine/technical/README.md,
XOM,equity,tecnico,sma20,153.051001,,USD,2026-05-22,2026-09-04T20:02:05Z,Yahoo Finance,2,,,engine/technical/README.md,
XOM,equity,tecnico,sma20,153.132001,,USD,2026-05-26,2026-09-04T20:02:05Z,Yahoo Finance,2,,,engine/technical/README.md,
XOM,equity,tecnico,sma20,152.999001,,USD,2026-05-27,2026-09-04T20:02:05Z,Yahoo Finance,2,,,engine/technical/README.md,
XOM,equity,tecnico,sma20,152.613501,,USD,2026-05-28,2026-09-04T20:02:05Z,Yahoo Finance,2,,,engine/technical/README.md,
XOM,equity,tecnico,sma20,152.160001,,USD,2026-05-29,2026-09-04T20:02:05Z,Yahoo Finance,2,,,engine/technical/README.md,
XOM,equity,tecnico,sma20,151.991501,,USD,2026-06-01,2026-09-04T20:02:05Z,Yahoo Finance,2,,,engine/technical/README.md,
XOM,equity,tecnico,sma20,151.785001,,USD,2026-06-02,2026-09-04T20:02:05Z,Yahoo Finance,2,,,engine/technical/README.md,
XOM,equity,tecnico,sma20,151.6675,,USD,2026-06-03,2026-09-04T20:02:05Z,Yahoo Finance,2,,,engine/technical/README.md,
XOM,equity,tecnico,sma20,151.835,,USD,2026-06-04,2026-09-04T20:02:05Z,Yahoo Finance,2,,,engine/technical/README.md,
XOM,equity,tecnico,sma20,152.002,,USD,2026-06-05,2026-09-04T20:02:05Z,Yahoo Finance,2,,,engine/technical/README.md,
XOM,equity,tecnico,sma20,152.360999,,USD,2026-06-08,2026-09-04T20:02:05Z,Yahoo Finance,2,,,engine/technical/README.md,
XOM,equity,tecnico,sma20,152.3225,,USD,2026-06-09,2026-09-04T20:02:05Z,Yahoo Finance,2,,,engine/technical/README.md,
XOM,equity,tecnico,sma20,152.321999,,USD,2026-06-10,2026-09-04T20:02:05Z,Yahoo Finance,2,,,engine/technical/README.md,
XOM,equity,tecnico,sma20,152.073499,,USD,2026-06-11,2026-09-04T20:02:05Z,Yahoo Finance,2,,,engine/technical/README.md,
XOM,equity,tecnico,sma20,151.784999,,USD,2026-06-12,2026-09-04T20:02:05Z,Yahoo Finance,2,,,engine/technical/README.md,
XOM,equity,tecnico,sma20,150.934999,,USD,2026-06-15,2026-09-04T20:02:05Z,Yahoo Finance,2,,,engine/technical/README.md,
XOM,equity,tecnico,sma20,150.003499,,USD,2026-06-16,2026-09-04T20:02:05Z,Yahoo Finance,2,,,engine/technical/README.md,
XOM,equity,tecnico,sma20,148.912999,,USD,2026-06-17,2026-09-04T20:02:05Z,Yahoo Finance,2,,,engine/technical/README.md,
XOM,equity,tecnico,sma20,147.989499,,USD,2026-06-18,2026-09-04T20:02:05Z,Yahoo Finance,2,,,engine/technical/README.md,
XOM,equity,tecnico,sma20,147.148499,,USD,2026-06-22,2026-09-04T20:02:05Z,Yahoo Finance,2,,,engine/technical/README.md,
XOM,equity,tecnico,sma20,146.388999,,USD,2026-06-23,2026-09-04T20:02:05Z,Yahoo Finance,2,,,engine/technical/README.md,
XOM,equity,tecnico,sma20,145.743499,,USD,2026-06-24,2026-09-04T20:02:05Z,Yahoo Finance,2,,,engine/technical/README.md,
XOM,equity,tecnico,sma20,145.225999,,USD,2026-06-25,2026-09-04T20:02:05Z,Yahoo Finance,2,,,engine/technical/README.md,
XOM,equity,tecnico,sma20,144.704999,,USD,2026-06-26,2026-09-04T20:02:05Z,Yahoo Finance,2,,,engine/technical/README.md,
XOM,equity,tecnico,sma20,144.244999,,USD,2026-06-29,2026-09-04T20:02:05Z,Yahoo Finance,2,,,engine/technical/README.md,
XOM,equity,tecnico,sma20,143.611999,,USD,2026-06-30,2026-09-04T20:02:05Z,Yahoo Finance,2,,,engine/technical/README.md,
XOM,equity,tecnico,sma20,142.947999,,USD,2026-07-01,2026-09-04T20:02:05Z,Yahoo Finance,2,,,engine/technical/README.md,
XOM,equity,tecnico,sma20,142.175999,,USD,2026-07-02,2026-09-04T20:02:05Z,Yahoo Finance,2,,,engine/technical/README.md,
XOM,equity,tecnico,sma20,141.395999,,USD,2026-07-06,2026-09-04T20:02:05Z,Yahoo Finance,2,,,engine/technical/README.md,
XOM,equity,tecnico,sma20,140.984499,,USD,2026-07-07,2026-09-04T20:02:05Z,Yahoo Finance,2,,,engine/technical/README.md,
XOM,equity,tecnico,sma20,140.4535,,USD,2026-07-08,2026-09-04T20:02:05Z,Yahoo Finance,2,,,engine/technical/README.md,
XOM,equity,tecnico,sma20,139.881,,USD,2026-07-09,2026-09-04T20:02:05Z,Yahoo Finance,2,,,engine/technical/README.md,
XOM,equity,tecnico,sma20,139.294,,USD,2026-07-10,2026-09-04T20:02:05Z,Yahoo Finance,2,,,engine/technical/README.md,
XOM,equity,tecnico,sma20,139.1895,,USD,2026-07-13,2026-09-04T20:02:05Z,Yahoo Finance,2,,,engine/technical/README.md,
XOM,equity,tecnico,sma20,139.0935,,USD,2026-07-14,2026-09-04T20:02:05Z,Yahoo Finance,2,,,engine/technical/README.md,
XOM,equity,tecnico,sma20,139.273,,USD,2026-07-15,2026-09-04T20:02:05Z,Yahoo Finance,2,,,engine/technical/README.md,
XOM,equity,tecnico,sma20,139.477499,,USD,2026-07-16,2026-09-04T20:02:05Z,Yahoo Finance,2,,,engine/technical/README.md,
XOM,equity,tecnico,sma20,139.808499,,USD,2026-07-17,2026-09-04T20:02:05Z,Yahoo Finance,2,,,engine/technical/README.md,
XOM,equity,tecnico,sma20,140.335999,,USD,2026-07-20,2026-09-04T20:02:05Z,Yahoo Finance,2,,,engine/technical/README.md,
XOM,equity,tecnico,sma20,140.998,,USD,2026-07-21,2026-09-04T20:02:05Z,Yahoo Finance,2,,,engine/technical/README.md,
XOM,equity,tecnico,sma20,141.734,,USD,2026-07-22,2026-09-04T20:02:05Z,Yahoo Finance,2,,,engine/technical/README.md,
XOM,equity,tecnico,sma20,142.7335,,USD,2026-07-23,2026-09-04T20:02:05Z,Yahoo Finance,2,,,engine/technical/README.md,
XOM,equity,tecnico,sma20,143.703,,USD,2026-07-24,2026-09-04T20:02:05Z,Yahoo Finance,2,,,engine/technical/README.md,
XOM,equity,tecnico,sma20,144.6145,,USD,2026-07-27,2026-09-04T20:02:05Z,Yahoo Finance,2,,,engine/technical/README.md,
XOM,equity,tecnico,sma20,145.4635,,USD,2026-07-28,2026-09-04T20:02:05Z,Yahoo Finance,2,,,engine/technical/README.md,
XOM,equity,tecnico,sma20,146.465,,USD,2026-07-29,2026-09-04T20:02:05Z,Yahoo Finance,2,,,engine/technical/README.md,
XOM,equity,tecnico,sma20,147.4995,,USD,2026-07-30,2026-09-04T20:02:05Z,Yahoo Finance,2,,,engine/technical/README.md,
XOM,equity,tecnico,sma20,148.417001,,USD,2026-07-31,2026-09-04T20:02:05Z,Yahoo Finance,2,,,engine/technical/README.md,
XOM,equity,tecnico,sma20,149.348,,USD,2026-08-03,2026-09-04T20:02:05Z,Yahoo Finance,2,,,engine/technical/README.md,
XOM,equity,tecnico,sma20,149.961501,,USD,2026-08-04,2026-09-04T20:02:05Z,Yahoo Finance,2,,,engine/technical/README.md,
XOM,equity,tecnico,sma20,150.486501,,USD,2026-08-05,2026-09-04T20:02:05Z,Yahoo Finance,2,,,engine/technical/README.md,
XOM,equity,tecnico,sma20,151.3555,,USD,2026-08-06,2026-09-04T20:02:05Z,Yahoo Finance,2,,,engine/technical/README.md,
XOM,equity,tecnico,sma20,152.063499,,USD,2026-08-07,2026-09-04T20:02:05Z,Yahoo Finance,2,,,engine/technical/README.md,
XOM,equity,tecnico,sma20,152.827499,,USD,2026-08-10,2026-09-04T20:02:05Z,Yahoo Finance,2,,,engine/technical/README.md,
XOM,equity,tecnico,sma20,153.563,,USD,2026-08-11,2026-09-04T20:02:05Z,Yahoo Finance,2,,,engine/technical/README.md,
XOM,equity,tecnico,sma20,154.325,,USD,2026-08-12,2026-09-04T20:02:05Z,Yahoo Finance,2,,,engine/technical/README.md,
XOM,equity,tecnico,sma20,154.958,,USD,2026-08-13,2026-09-04T20:02:05Z,Yahoo Finance,2,,,engine/technical/README.md,
XOM,equity,tecnico,sma20,155.595,,USD,2026-08-14,2026-09-04T20:02:05Z,Yahoo Finance,2,,,engine/technical/README.md,
XOM,equity,tecnico,sma20,156.250001,,USD,2026-08-17,2026-09-04T20:02:05Z,Yahoo Finance,2,,,engine/technical/README.md,
XOM,equity,tecnico,sma20,156.9425,,USD,2026-08-18,2026-09-04T20:02:05Z,Yahoo Finance,2,,,engine/technical/README.md,
XOM,equity,tecnico,sma20,157.458501,,USD,2026-08-19,2026-09-04T20:02:05Z,Yahoo Finance,2,,,engine/technical/README.md,
XOM,equity,tecnico,sma20,157.9215,,USD,2026-08-20,2026-09-04T20:02:05Z,Yahoo Finance,2,,,engine/technical/README.md,
XOM,equity,tecnico,sma20,158.33,,USD,2026-08-21,2026-09-04T20:02:05Z,Yahoo Finance,2,,,engine/technical/README.md,
XOM,equity,tecnico,sma20,158.794,,USD,2026-08-24,2026-09-04T20:02:05Z,Yahoo Finance,2,,,engine/technical/README.md,
XOM,equity,tecnico,sma20,159.174001,,USD,2026-08-25,2026-09-04T20:02:05Z,Yahoo Finance,2,,,engine/technical/README.md,
XOM,equity,tecnico,sma20,159.246001,,USD,2026-08-26,2026-09-04T20:02:05Z,Yahoo Finance,2,,,engine/technical/README.md,
XOM,equity,tecnico,sma20,159.219501,,USD,2026-08-27,2026-09-04T20:02:05Z,Yahoo Finance,2,,,engine/technical/README.md,
XOM,equity,tecnico,sma20,159.283001,,USD,2026-08-28,2026-09-04T20:02:05Z,Yahoo Finance,2,,,engine/technical/README.md,
XOM,equity,tecnico,sma20,159.577501,,USD,2026-08-31,2026-09-04T20:02:05Z,Yahoo Finance,2,,,engine/technical/README.md,
XOM,equity,tecnico,sma20,160.107001,,USD,2026-09-01,2026-09-04T20:02:05Z,Yahoo Finance,2,,,engine/technical/README.md,
XOM,equity,tecnico,sma20,161.101501,,USD,2026-09-03,2026-09-04T20:02:05Z,Yahoo Finance,2,,,engine/technical/README.md,
XOM,equity,tecnico,sma20,161.422501,,USD,2026-09-04,2026-09-04T20:02:05Z,Yahoo Finance,2,,,engine/technical/README.md,
XOM,equity,tecnico,sma200,111.6994,,USD,2026-01-02,2026-09-04T20:02:05Z,Yahoo Finance,2,,,engine/technical/README.md,
XOM,equity,tecnico,sma200,111.74915,,USD,2026-01-05,2026-09-04T20:02:05Z,Yahoo Finance,2,,,engine/technical/README.md,
XOM,equity,tecnico,sma200,111.7749,,USD,2026-01-06,2026-09-04T20:02:05Z,Yahoo Finance,2,,,engine/technical/README.md,
XOM,equity,tecnico,sma200,111.78985,,USD,2026-01-07,2026-09-04T20:02:05Z,Yahoo Finance,2,,,engine/technical/README.md,
XOM,equity,tecnico,sma200,111.8254,,USD,2026-01-08,2026-09-04T20:02:05Z,Yahoo Finance,2,,,engine/technical/README.md,
XOM,equity,tecnico,sma200,111.8655,,USD,2026-01-09,2026-09-04T20:02:05Z,Yahoo Finance,2,,,engine/technical/README.md,
XOM,equity,tecnico,sma200,111.8943,,USD,2026-01-12,2026-09-04T20:02:05Z,Yahoo Finance,2,,,engine/technical/README.md,
XOM,equity,tecnico,sma200,111.93755,,USD,2026-01-13,2026-09-04T20:02:05Z,Yahoo Finance,2,,,engine/technical/README.md,
XOM,equity,tecnico,sma200,111.9999,,USD,2026-01-14,2026-09-04T20:02:05Z,Yahoo Finance,2,,,engine/technical/README.md,
XOM,equity,tecnico,sma200,112.0509,,USD,2026-01-15,2026-09-04T20:02:05Z,Yahoo Finance,2,,,engine/technical/README.md,
XOM,equity,tecnico,sma200,112.10515,,USD,2026-01-16,2026-09-04T20:02:05Z,Yahoo Finance,2,,,engine/technical/README.md,
XOM,equity,tecnico,sma200,112.1641,,USD,2026-01-20,2026-09-04T20:02:05Z,Yahoo Finance,2,,,engine/technical/README.md,
XOM,equity,tecnico,sma200,112.27,,USD,2026-01-21,2026-09-04T20:02:05Z,Yahoo Finance,2,,,engine/technical/README.md,
XOM,equity,tecnico,sma200,112.4165,,USD,2026-01-22,2026-09-04T20:02:05Z,Yahoo Finance,2,,,engine/technical/README.md,
XOM,equity,tecnico,sma200,112.57665,,USD,2026-01-23,2026-09-04T20:02:05Z,Yahoo Finance,2,,,engine/technical/README.md,
XOM,equity,tecnico,sma200,112.747,,USD,2026-01-26,2026-09-04T20:02:05Z,Yahoo Finance,2,,,engine/technical/README.md,
XOM,equity,tecnico,sma200,112.90215,,USD,2026-01-27,2026-09-04T20:02:05Z,Yahoo Finance,2,,,engine/technical/README.md,
XOM,equity,tecnico,sma200,113.0904,,USD,2026-01-28,2026-09-04T20:02:05Z,Yahoo Finance,2,,,engine/technical/README.md,
XOM,equity,tecnico,sma200,113.27725,,USD,2026-01-29,2026-09-04T20:02:05Z,Yahoo Finance,2,,,engine/technical/README.md,
XOM,equity,tecnico,sma200,113.4673,,USD,2026-01-30,2026-09-04T20:02:05Z,Yahoo Finance,2,,,engine/technical/README.md,
XOM,equity,tecnico,sma200,113.6438,,USD,2026-02-02,2026-09-04T20:02:05Z,Yahoo Finance,2,,,engine/technical/README.md,
XOM,equity,tecnico,sma200,113.8415,,USD,2026-02-03,2026-09-04T20:02:05Z,Yahoo Finance,2,,,engine/technical/README.md,
XOM,equity,tecnico,sma200,114.04485,,USD,2026-02-04,2026-09-04T20:02:05Z,Yahoo Finance,2,,,engine/technical/README.md,
XOM,equity,tecnico,sma200,114.2485,,USD,2026-02-05,2026-09-04T20:02:05Z,Yahoo Finance,2,,,engine/technical/README.md,
XOM,equity,tecnico,sma200,114.45225,,USD,2026-02-06,2026-09-04T20:02:05Z,Yahoo Finance,2,,,engine/technical/README.md,
XOM,equity,tecnico,sma200,114.67145,,USD,2026-02-09,2026-09-04T20:02:05Z,Yahoo Finance,2,,,engine/technical/README.md,
XOM,equity,tecnico,sma200,114.88625,,USD,2026-02-10,2026-09-04T20:02:05Z,Yahoo Finance,2,,,engine/technical/README.md,
XOM,equity,tecnico,sma200,115.1212,,USD,2026-02-11,2026-09-04T20:02:05Z,Yahoo Finance,2,,,engine/technical/README.md,
XOM,equity,tecnico,sma200,115.3277,,USD,2026-02-12,2026-09-04T20:02:05Z,Yahoo Finance,2,,,engine/technical/README.md,
XOM,equity,tecnico,sma200,115.52815,,USD,2026-02-13,2026-09-04T20:02:05Z,Yahoo Finance,2,,,engine/technical/README.md,
XOM,equity,tecnico,sma200,115.73095,,USD,2026-02-17,2026-09-04T20:02:05Z,Yahoo Finance,2,,,engine/technical/README.md,
XOM,equity,tecnico,sma200,115.95545,,USD,2026-02-18,2026-09-04T20:02:05Z,Yahoo Finance,2,,,engine/technical/README.md,
XOM,equity,tecnico,sma200,116.17925,,USD,2026-02-19,2026-09-04T20:02:05Z,Yahoo Finance,2,,,engine/technical/README.md,
XOM,equity,tecnico,sma200,116.3993,,USD,2026-02-20,2026-09-04T20:02:05Z,Yahoo Finance,2,,,engine/technical/README.md,
XOM,equity,tecnico,sma200,116.62955,,USD,2026-02-23,2026-09-04T20:02:05Z,Yahoo Finance,2,,,engine/technical/README.md,
XOM,equity,tecnico,sma200,116.8528,,USD,2026-02-24,2026-09-04T20:02:05Z,Yahoo Finance,2,,,engine/technical/README.md,
XOM,equity,tecnico,sma200,117.06775,,USD,2026-02-25,2026-09-04T20:02:05Z,Yahoo Finance,2,,,engine/technical/README.md,
XOM,equity,tecnico,sma200,117.2739,,USD,2026-02-26,2026-09-04T20:02:05Z,Yahoo Finance,2,,,engine/technical/README.md,
XOM,equity,tecnico,sma200,117.4906,,USD,2026-02-27,2026-09-04T20:02:05Z,Yahoo Finance,2,,,engine/technical/README.md,
XOM,equity,tecnico,sma200,117.7144,,USD,2026-03-02,2026-09-04T20:02:05Z,Yahoo Finance,2,,,engine/technical/README.md,
XOM,equity,tecnico,sma200,117.93115,,USD,2026-03-03,2026-09-04T20:02:05Z,Yahoo Finance,2,,,engine/technical/README.md,
XOM,equity,tecnico,sma200,118.13735,,USD,2026-03-04,2026-09-04T20:02:05Z,Yahoo Finance,2,,,engine/technical/README.md,
XOM,equity,tecnico,sma200,118.3502,,USD,2026-03-05,2026-09-04T20:02:05Z,Yahoo Finance,2,,,engine/technical/README.md,
XOM,equity,tecnico,sma200,118.5739,,USD,2026-03-06,2026-09-04T20:02:05Z,Yahoo Finance,2,,,engine/technical/README.md,
XOM,equity,tecnico,sma200,118.80135,,USD,2026-03-09,2026-09-04T20:02:05Z,Yahoo Finance,2,,,engine/technical/README.md,
XOM,equity,tecnico,sma200,119.0237,,USD,2026-03-10,2026-09-04T20:02:05Z,Yahoo Finance,2,,,engine/technical/README.md,
XOM,equity,tecnico,sma200,119.26675,,USD,2026-03-11,2026-09-04T20:02:05Z,Yahoo Finance,2,,,engine/technical/README.md,
XOM,equity,tecnico,sma200,119.51925,,USD,2026-03-12,2026-09-04T20:02:05Z,Yahoo Finance,2,,,engine/technical/README.md,
XOM,equity,tecnico,sma200,119.78225,,USD,2026-03-13,2026-09-04T20:02:05Z,Yahoo Finance,2,,,engine/technical/README.md,
XOM,equity,tecnico,sma200,120.05785,,USD,2026-03-16,2026-09-04T20:02:05Z,Yahoo Finance,2,,,engine/technical/README.md,
XOM,equity,tecnico,sma200,120.33845,,USD,2026-03-17,2026-09-04T20:02:05Z,Yahoo Finance,2,,,engine/technical/README.md,
XOM,equity,tecnico,sma200,120.6149,,USD,2026-03-18,2026-09-04T20:02:05Z,Yahoo Finance,2,,,engine/technical/README.md,
XOM,equity,tecnico,sma200,120.89045,,USD,2026-03-19,2026-09-04T20:02:05Z,Yahoo Finance,2,,,engine/technical/README.md,
XOM,equity,tecnico,sma200,121.1698,,USD,2026-03-20,2026-09-04T20:02:05Z,Yahoo Finance,2,,,engine/technical/README.md,
XOM,equity,tecnico,sma200,121.46395,,USD,2026-03-23,2026-09-04T20:02:05Z,Yahoo Finance,2,,,engine/technical/README.md,
XOM,equity,tecnico,sma200,121.7817,,USD,2026-03-24,2026-09-04T20:02:05Z,Yahoo Finance,2,,,engine/technical/README.md,
XOM,equity,tecnico,sma200,122.07665,,USD,2026-03-25,2026-09-04T20:02:05Z,Yahoo Finance,2,,,engine/technical/README.md,
XOM,equity,tecnico,sma200,122.37895,,USD,2026-03-26,2026-09-04T20:02:05Z,Yahoo Finance,2,,,engine/technical/README.md,
XOM,equity,tecnico,sma200,122.6978,,USD,2026-03-27,2026-09-04T20:02:05Z,Yahoo Finance,2,,,engine/technical/README.md,
XOM,equity,tecnico,sma200,123.0086,,USD,2026-03-30,2026-09-04T20:02:05Z,Yahoo Finance,2,,,engine/technical/README.md,
XOM,equity,tecnico,sma200,123.30825,,USD,2026-03-31,2026-09-04T20:02:05Z,Yahoo Finance,2,,,engine/technical/README.md,
XOM,equity,tecnico,sma200,123.55155,,USD,2026-04-01,2026-09-04T20:02:05Z,Yahoo Finance,2,,,engine/technical/README.md,
XOM,equity,tecnico,sma200,123.7926,,USD,2026-04-02,2026-09-04T20:02:05Z,Yahoo Finance,2,,,engine/technical/README.md,
XOM,equity,tecnico,sma200,124.03945,,USD,2026-04-06,2026-09-04T20:02:05Z,Yahoo Finance,2,,,engine/technical/README.md,
XOM,equity,tecnico,sma200,124.29305,,USD,2026-04-07,2026-09-04T20:02:05Z,Yahoo Finance,2,,,engine/technical/README.md,
XOM,equity,tecnico,sma200,124.50065,,USD,2026-04-08,2026-09-04T20:02:05Z,Yahoo Finance,2,,,engine/technical/README.md,
XOM,equity,tecnico,sma200,124.71715,,USD,2026-04-09,2026-09-04T20:02:05Z,Yahoo Finance,2,,,engine/technical/README.md,
XOM,equity,tecnico,sma200,124.938,,USD,2026-04-10,2026-09-04T20:02:05Z,Yahoo Finance,2,,,engine/technical/README.md,
XOM,equity,tecnico,sma200,125.15935,,USD,2026-04-13,2026-09-04T20:02:05Z,Yahoo Finance,2,,,engine/technical/README.md,
XOM,equity,tecnico,sma200,125.3556,,USD,2026-04-14,2026-09-04T20:02:05Z,Yahoo Finance,2,,,engine/technical/README.md,
XOM,equity,tecnico,sma200,125.55375,,USD,2026-04-15,2026-09-04T20:02:05Z,Yahoo Finance,2,,,engine/technical/README.md,
XOM,equity,tecnico,sma200,125.77465,,USD,2026-04-16,2026-09-04T20:02:05Z,Yahoo Finance,2,,,engine/technical/README.md,
XOM,equity,tecnico,sma200,125.96065,,USD,2026-04-17,2026-09-04T20:02:05Z,Yahoo Finance,2,,,engine/technical/README.md,
XOM,equity,tecnico,sma200,126.1438,,USD,2026-04-20,2026-09-04T20:02:05Z,Yahoo Finance,2,,,engine/technical/README.md,
XOM,equity,tecnico,sma200,126.3246,,USD,2026-04-21,2026-09-04T20:02:05Z,Yahoo Finance,2,,,engine/technical/README.md,
XOM,equity,tecnico,sma200,126.51655,,USD,2026-04-22,2026-09-04T20:02:05Z,Yahoo Finance,2,,,engine/technical/README.md,
XOM,equity,tecnico,sma200,126.69825,,USD,2026-04-23,2026-09-04T20:02:05Z,Yahoo Finance,2,,,engine/technical/README.md,
XOM,equity,tecnico,sma200,126.8738,,USD,2026-04-24,2026-09-04T20:02:05Z,Yahoo Finance,2,,,engine/technical/README.md,
XOM,equity,tecnico,sma200,127.0401,,USD,2026-04-27,2026-09-04T20:02:05Z,Yahoo Finance,2,,,engine/technical/README.md,
XOM,equity,tecnico,sma200,127.21575,,USD,2026-04-28,2026-09-04T20:02:05Z,Yahoo Finance,2,,,engine/technical/README.md,
XOM,equity,tecnico,sma200,127.4195,,USD,2026-04-29,2026-09-04T20:02:05Z,Yahoo Finance,2,,,engine/technical/README.md,
XOM,equity,tecnico,sma200,127.6266,,USD,2026-04-30,2026-09-04T20:02:05Z,Yahoo Finance,2,,,engine/technical/README.md,
XOM,equity,tecnico,sma200,127.8292,,USD,2026-05-01,2026-09-04T20:02:05Z,Yahoo Finance,2,,,engine/technical/README.md,
XOM,equity,tecnico,sma200,128.03935,,USD,2026-05-04,2026-09-04T20:02:05Z,Yahoo Finance,2,,,engine/technical/README.md,
XOM,equity,tecnico,sma200,128.2749,,USD,2026-05-05,2026-09-04T20:02:05Z,Yahoo Finance,2,,,engine/technical/README.md,
XOM,equity,tecnico,sma200,128.4781,,USD,2026-05-06,2026-09-04T20:02:05Z,Yahoo Finance,2,,,engine/technical/README.md,
XOM,equity,tecnico,sma200,128.6683,,USD,2026-05-07,2026-09-04T20:02:05Z,Yahoo Finance,2,,,engine/technical/README.md,
XOM,equity,tecnico,sma200,128.8415,,USD,2026-05-08,2026-09-04T20:02:05Z,Yahoo Finance,2,,,engine/technical/README.md,
XOM,equity,tecnico,sma200,129.03595,,USD,2026-05-11,2026-09-04T20:02:05Z,Yahoo Finance,2,,,engine/technical/README.md,
XOM,equity,tecnico,sma200,129.2371,,USD,2026-05-12,2026-09-04T20:02:05Z,Yahoo Finance,2,,,engine/technical/README.md,
XOM,equity,tecnico,sma200,129.43775,,USD,2026-05-13,2026-09-04T20:02:05Z,Yahoo Finance,2,,,engine/technical/README.md,
XOM,equity,tecnico,sma200,129.63725,,USD,2026-05-14,2026-09-04T20:02:05Z,Yahoo Finance,2,,,engine/technical/README.md,
XOM,equity,tecnico,sma200,129.86735,,USD,2026-05-15,2026-09-04T20:02:05Z,Yahoo Finance,2,,,engine/technical/README.md,
XOM,equity,tecnico,sma200,130.1116,,USD,2026-05-18,2026-09-04T20:02:05Z,Yahoo Finance,2,,,engine/technical/README.md,
XOM,equity,tecnico,sma200,130.37615,,USD,2026-05-19,2026-09-04T20:02:05Z,Yahoo Finance,2,,,engine/technical/README.md,
XOM,equity,tecnico,sma200,130.6207,,USD,2026-05-20,2026-09-04T20:02:05Z,Yahoo Finance,2,,,engine/technical/README.md,
XOM,equity,tecnico,sma200,130.86095,,USD,2026-05-21,2026-09-04T20:02:05Z,Yahoo Finance,2,,,engine/technical/README.md,
XOM,equity,tecnico,sma200,131.103,,USD,2026-05-22,2026-09-04T20:02:05Z,Yahoo Finance,2,,,engine/technical/README.md,
XOM,equity,tecnico,sma200,131.3223,,USD,2026-05-26,2026-09-04T20:02:05Z,Yahoo Finance,2,,,engine/technical/README.md,
XOM,equity,tecnico,sma200,131.5278,,USD,2026-05-27,2026-09-04T20:02:05Z,Yahoo Finance,2,,,engine/technical/README.md,
XOM,equity,tecnico,sma200,131.73345,,USD,2026-05-28,2026-09-04T20:02:05Z,Yahoo Finance,2,,,engine/technical/README.md,
XOM,equity,tecnico,sma200,131.9291,,USD,2026-05-29,2026-09-04T20:02:05Z,Yahoo Finance,2,,,engine/technical/README.md,
XOM,equity,tecnico,sma200,132.138,,USD,2026-06-01,2026-09-04T20:02:05Z,Yahoo Finance,2,,,engine/technical/README.md,
XOM,equity,tecnico,sma200,132.3489,,USD,2026-06-02,2026-09-04T20:02:05Z,Yahoo Finance,2,,,engine/technical/README.md,
XOM,equity,tecnico,sma200,132.5791,,USD,2026-06-03,2026-09-04T20:02:05Z,Yahoo Finance,2,,,engine/technical/README.md,
XOM,equity,tecnico,sma200,132.8057,,USD,2026-06-04,2026-09-04T20:02:05Z,Yahoo Finance,2,,,engine/technical/README.md,
XOM,equity,tecnico,sma200,133.0182,,USD,2026-06-05,2026-09-04T20:02:05Z,Yahoo Finance,2,,,engine/technical/README.md,
XOM,equity,tecnico,sma200,133.2343,,USD,2026-06-08,2026-09-04T20:02:05Z,Yahoo Finance,2,,,engine/technical/README.md,
XOM,equity,tecnico,sma200,133.4327,,USD,2026-06-09,2026-09-04T20:02:05Z,Yahoo Finance,2,,,engine/technical/README.md,
XOM,equity,tecnico,sma200,133.6294,,USD,2026-06-10,2026-09-04T20:02:05Z,Yahoo Finance,2,,,engine/technical/README.md,
XOM,equity,tecnico,sma200,133.8037,,USD,2026-06-11,2026-09-04T20:02:05Z,Yahoo Finance,2,,,engine/technical/README.md,
XOM,equity,tecnico,sma200,133.9813,,USD,2026-06-12,2026-09-04T20:02:05Z,Yahoo Finance,2,,,engine/technical/README.md,
XOM,equity,tecnico,sma200,134.12215,,USD,2026-06-15,2026-09-04T20:02:05Z,Yahoo Finance,2,,,engine/technical/README.md,
XOM,equity,tecnico,sma200,134.2647,,USD,2026-06-16,2026-09-04T20:02:05Z,Yahoo Finance,2,,,engine/technical/README.md,
XOM,equity,tecnico,sma200,134.39695,,USD,2026-06-17,2026-09-04T20:02:05Z,Yahoo Finance,2,,,engine/technical/README.md,
XOM,equity,tecnico,sma200,134.51255,,USD,2026-06-18,2026-09-04T20:02:05Z,Yahoo Finance,2,,,engine/technical/README.md,
XOM,equity,tecnico,sma200,134.64535,,USD,2026-06-22,2026-09-04T20:02:05Z,Yahoo Finance,2,,,engine/technical/README.md,
XOM,equity,tecnico,sma200,134.782,,USD,2026-06-23,2026-09-04T20:02:05Z,Yahoo Finance,2,,,engine/technical/README.md,
XOM,equity,tecnico,sma200,134.92035,,USD,2026-06-24,2026-09-04T20:02:05Z,Yahoo Finance,2,,,engine/technical/README.md,
XOM,equity,tecnico,sma200,135.05885,,USD,2026-06-25,2026-09-04T20:02:05Z,Yahoo Finance,2,,,engine/technical/README.md,
XOM,equity,tecnico,sma200,135.1883,,USD,2026-06-26,2026-09-04T20:02:05Z,Yahoo Finance,2,,,engine/technical/README.md,
XOM,equity,tecnico,sma200,135.3061,,USD,2026-06-29,2026-09-04T20:02:05Z,Yahoo Finance,2,,,engine/technical/README.md,
XOM,equity,tecnico,sma200,135.429,,USD,2026-06-30,2026-09-04T20:02:05Z,Yahoo Finance,2,,,engine/technical/README.md,
XOM,equity,tecnico,sma200,135.5496,,USD,2026-07-01,2026-09-04T20:02:05Z,Yahoo Finance,2,,,engine/technical/README.md,
XOM,equity,tecnico,sma200,135.6733,,USD,2026-07-02,2026-09-04T20:02:05Z,Yahoo Finance,2,,,engine/technical/README.md,
XOM,equity,tecnico,sma200,135.7821,,USD,2026-07-06,2026-09-04T20:02:05Z,Yahoo Finance,2,,,engine/technical/README.md,
XOM,equity,tecnico,sma200,135.9141,,USD,2026-07-07,2026-09-04T20:02:05Z,Yahoo Finance,2,,,engine/technical/README.md,
XOM,equity,tecnico,sma200,136.0501,,USD,2026-07-08,2026-09-04T20:02:05Z,Yahoo Finance,2,,,engine/technical/README.md,
XOM,equity,tecnico,sma200,136.1733,,USD,2026-07-09,2026-09-04T20:02:05Z,Yahoo Finance,2,,,engine/technical/README.md,
XOM,equity,tecnico,sma200,136.3076,,USD,2026-07-10,2026-09-04T20:02:05Z,Yahoo Finance,2,,,engine/technical/README.md,
XOM,equity,tecnico,sma200,136.4604,,USD,2026-07-13,2026-09-04T20:02:05Z,Yahoo Finance,2,,,engine/technical/README.md,
XOM,equity,tecnico,sma200,136.61305,,USD,2026-07-14,2026-09-04T20:02:05Z,Yahoo Finance,2,,,engine/technical/README.md,
XOM,equity,tecnico,sma200,136.75765,,USD,2026-07-15,2026-09-04T20:02:05Z,Yahoo Finance,2,,,engine/technical/README.md,
XOM,equity,tecnico,sma200,136.9013,,USD,2026-07-16,2026-09-04T20:02:05Z,Yahoo Finance,2,,,engine/technical/README.md,
XOM,equity,tecnico,sma200,137.067,,USD,2026-07-17,2026-09-04T20:02:05Z,Yahoo Finance,2,,,engine/technical/README.md,
XOM,equity,tecnico,sma200,137.24505,,USD,2026-07-20,2026-09-04T20:02:05Z,Yahoo Finance,2,,,engine/technical/README.md,
XOM,equity,tecnico,sma200,137.44365,,USD,2026-07-21,2026-09-04T20:02:05Z,Yahoo Finance,2,,,engine/technical/README.md,
XOM,equity,tecnico,sma200,137.65945,,USD,2026-07-22,2026-09-04T20:02:05Z,Yahoo Finance,2,,,engine/technical/README.md,
XOM,equity,tecnico,sma200,137.8776,,USD,2026-07-23,2026-09-04T20:02:05Z,Yahoo Finance,2,,,engine/technical/README.md,
XOM,equity,tecnico,sma200,138.0913,,USD,2026-07-24,2026-09-04T20:02:05Z,Yahoo Finance,2,,,engine/technical/README.md,
XOM,equity,tecnico,sma200,138.29385,,USD,2026-07-27,2026-09-04T20:02:05Z,Yahoo Finance,2,,,engine/technical/README.md,
XOM,equity,tecnico,sma200,138.48895,,USD,2026-07-28,2026-09-04T20:02:05Z,Yahoo Finance,2,,,engine/technical/README.md,
XOM,equity,tecnico,sma200,138.70815,,USD,2026-07-29,2026-09-04T20:02:05Z,Yahoo Finance,2,,,engine/technical/README.md,
XOM,equity,tecnico,sma200,138.93935,,USD,2026-07-30,2026-09-04T20:02:05Z,Yahoo Finance,2,,,engine/technical/README.md,
XOM,equity,tecnico,sma200,139.15535,,USD,2026-07-31,2026-09-04T20:02:05Z,Yahoo Finance,2,,,engine/technical/README.md,
XOM,equity,tecnico,sma200,139.3692,,USD,2026-08-03,2026-09-04T20:02:05Z,Yahoo Finance,2,,,engine/technical/README.md,
XOM,equity,tecnico,sma200,139.58095,,USD,2026-08-04,2026-09-04T20:02:05Z,Yahoo Finance,2,,,engine/technical/README.md,
XOM,equity,tecnico,sma200,139.7859,,USD,2026-08-05,2026-09-04T20:02:05Z,Yahoo Finance,2,,,engine/technical/README.md,
XOM,equity,tecnico,sma200,139.9989,,USD,2026-08-06,2026-09-04T20:02:05Z,Yahoo Finance,2,,,engine/technical/README.md,
XOM,equity,tecnico,sma200,140.2006,,USD,2026-08-07,2026-09-04T20:02:05Z,Yahoo Finance,2,,,engine/technical/README.md,
XOM,equity,tecnico,sma200,140.436,,USD,2026-08-10,2026-09-04T20:02:05Z,Yahoo Finance,2,,,engine/technical/README.md,
XOM,equity,tecnico,sma200,140.66145,,USD,2026-08-11,2026-09-04T20:02:05Z,Yahoo Finance,2,,,engine/technical/README.md,
XOM,equity,tecnico,sma200,140.8803,,USD,2026-08-12,2026-09-04T20:02:05Z,Yahoo Finance,2,,,engine/technical/README.md,
XOM,equity,tecnico,sma200,141.0964,,USD,2026-08-13,2026-09-04T20:02:05Z,Yahoo Finance,2,,,engine/technical/README.md,
XOM,equity,tecnico,sma200,141.3172,,USD,2026-08-14,2026-09-04T20:02:05Z,Yahoo Finance,2,,,engine/technical/README.md,
XOM,equity,tecnico,sma200,141.54935,,USD,2026-08-17,2026-09-04T20:02:05Z,Yahoo Finance,2,,,engine/technical/README.md,
XOM,equity,tecnico,sma200,141.7949,,USD,2026-08-18,2026-09-04T20:02:05Z,Yahoo Finance,2,,,engine/technical/README.md,
XOM,equity,tecnico,sma200,142.0453,,USD,2026-08-19,2026-09-04T20:02:05Z,Yahoo Finance,2,,,engine/technical/README.md,
XOM,equity,tecnico,sma200,142.30425,,USD,2026-08-20,2026-09-04T20:02:05Z,Yahoo Finance,2,,,engine/technical/README.md,
XOM,equity,tecnico,sma200,142.561,,USD,2026-08-21,2026-09-04T20:02:05Z,Yahoo Finance,2,,,engine/technical/README.md,
XOM,equity,tecnico,sma200,142.81055,,USD,2026-08-24,2026-09-04T20:02:05Z,Yahoo Finance,2,,,engine/technical/README.md,
XOM,equity,tecnico,sma200,143.04535,,USD,2026-08-25,2026-09-04T20:02:05Z,Yahoo Finance,2,,,engine/technical/README.md,
XOM,equity,tecnico,sma200,143.2638,,USD,2026-08-26,2026-09-04T20:02:05Z,Yahoo Finance,2,,,engine/technical/README.md,
XOM,equity,tecnico,sma200,143.4599,,USD,2026-08-27,2026-09-04T20:02:05Z,Yahoo Finance,2,,,engine/technical/README.md,
XOM,equity,tecnico,sma200,143.65235,,USD,2026-08-28,2026-09-04T20:02:05Z,Yahoo Finance,2,,,engine/technical/README.md,
XOM,equity,tecnico,sma200,143.8582,,USD,2026-08-31,2026-09-04T20:02:05Z,Yahoo Finance,2,,,engine/technical/README.md,
XOM,equity,tecnico,sma200,144.09035,,USD,2026-09-01,2026-09-04T20:02:05Z,Yahoo Finance,2,,,engine/technical/README.md,
XOM,equity,tecnico,sma200,144.53175,,USD,2026-09-03,2026-09-04T20:02:05Z,Yahoo Finance,2,,,engine/technical/README.md,
XOM,equity,tecnico,sma200,144.74065,,USD,2026-09-04,2026-09-04T20:02:05Z,Yahoo Finance,2,,,engine/technical/README.md,
XOM,equity,tecnico,sma50,117.1698,,USD,2026-01-02,2026-09-04T20:02:05Z,Yahoo Finance,2,,,engine/technical/README.md,
XOM,equity,tecnico,sma50,117.3828,,USD,2026-01-05,2026-09-04T20:02:05Z,Yahoo Finance,2,,,engine/technical/README.md,
XOM,equity,tecnico,sma50,117.4842,,USD,2026-01-06,2026-09-04T20:02:05Z,Yahoo Finance,2,,,engine/technical/README.md,
XOM,equity,tecnico,sma50,117.5462,,USD,2026-01-07,2026-09-04T20:02:05Z,Yahoo Finance,2,,,engine/technical/README.md,
XOM,equity,tecnico,sma50,117.6856,,USD,2026-01-08,2026-09-04T20:02:05Z,Yahoo Finance,2,,,engine/technical/README.md,
XOM,equity,tecnico,sma50,117.8772,,USD,2026-01-09,2026-09-04T20:02:05Z,Yahoo Finance,2,,,engine/technical/README.md,
XOM,equity,tecnico,sma50,118.0288,,USD,2026-01-12,2026-09-04T20:02:05Z,Yahoo Finance,2,,,engine/technical/README.md,
XOM,equity,tecnico,sma50,118.2658,,USD,2026-01-13,2026-09-04T20:02:05Z,Yahoo Finance,2,,,engine/technical/README.md,
XOM,equity,tecnico,sma50,118.5826,,USD,2026-01-14,2026-09-04T20:02:05Z,Yahoo Finance,2,,,engine/technical/README.md,
XOM,equity,tecnico,sma50,118.89,,USD,2026-01-15,2026-09-04T20:02:05Z,Yahoo Finance,2,,,engine/technical/README.md,
XOM,equity,tecnico,sma50,119.205,,USD,2026-01-16,2026-09-04T20:02:05Z,Yahoo Finance,2,,,engine/technical/README.md,
XOM,equity,tecnico,sma50,119.5406,,USD,2026-01-20,2026-09-04T20:02:05Z,Yahoo Finance,2,,,engine/technical/README.md,
XOM,equity,tecnico,sma50,119.9228,,USD,2026-01-21,2026-09-04T20:02:05Z,Yahoo Finance,2,,,engine/technical/README.md,
XOM,equity,tecnico,sma50,120.2512,,USD,2026-01-22,2026-09-04T20:02:05Z,Yahoo Finance,2,,,engine/technical/README.md,
XOM,equity,tecnico,sma50,120.5862,,USD,2026-01-23,2026-09-04T20:02:05Z,Yahoo Finance,2,,,engine/technical/README.md,
XOM,equity,tecnico,sma50,120.8874,,USD,2026-01-26,2026-09-04T20:02:05Z,Yahoo Finance,2,,,engine/technical/README.md,
XOM,equity,tecnico,sma50,121.2616,,USD,2026-01-27,2026-09-04T20:02:05Z,Yahoo Finance,2,,,engine/technical/README.md,
XOM,equity,tecnico,sma50,121.6374,,USD,2026-01-28,2026-09-04T20:02:05Z,Yahoo Finance,2,,,engine/technical/README.md,
XOM,equity,tecnico,sma50,122.0618,,USD,2026-01-29,2026-09-04T20:02:05Z,Yahoo Finance,2,,,engine/technical/README.md,
XOM,equity,tecnico,sma50,122.5362,,USD,2026-01-30,2026-09-04T20:02:05Z,Yahoo Finance,2,,,engine/technical/README.md,
XOM,equity,tecnico,sma50,122.9236,,USD,2026-02-02,2026-09-04T20:02:05Z,Yahoo Finance,2,,,engine/technical/README.md,
XOM,equity,tecnico,sma50,123.4512,,USD,2026-02-03,2026-09-04T20:02:05Z,Yahoo Finance,2,,,engine/technical/README.md,
XOM,equity,tecnico,sma50,124.0626,,USD,2026-02-04,2026-09-04T20:02:05Z,Yahoo Finance,2,,,engine/technical/README.md,
XOM,equity,tecnico,sma50,124.6426,,USD,2026-02-05,2026-09-04T20:02:05Z,Yahoo Finance,2,,,engine/technical/README.md,
XOM,equity,tecnico,sma50,125.3042,,USD,2026-02-06,2026-09-04T20:02:05Z,Yahoo Finance,2,,,engine/technical/README.md,
XOM,equity,tecnico,sma50,126.0382,,USD,2026-02-09,2026-09-04T20:02:05Z,Yahoo Finance,2,,,engine/technical/README.md,
XOM,equity,tecnico,sma50,126.7746,,USD,2026-02-10,2026-09-04T20:02:05Z,Yahoo Finance,2,,,engine/technical/README.md,
XOM,equity,tecnico,sma50,127.5674,,USD,2026-02-11,2026-09-04T20:02:05Z,Yahoo Finance,2,,,engine/technical/README.md,
XOM,equity,tecnico,sma50,128.2334,,USD,2026-02-12,2026-09-04T20:02:05Z,Yahoo Finance,2,,,engine/technical/README.md,
XOM,equity,tecnico,sma50,128.8948,,USD,2026-02-13,2026-09-04T20:02:05Z,Yahoo Finance,2,,,engine/technical/README.md,
XOM,equity,tecnico,sma50,129.4626,,USD,2026-02-17,2026-09-04T20:02:05Z,Yahoo Finance,2,,,engine/technical/README.md,
XOM,equity,tecnico,sma50,130.1334,,USD,2026-02-18,2026-09-04T20:02:05Z,Yahoo Finance,2,,,engine/technical/README.md,
XOM,equity,tecnico,sma50,130.822,,USD,2026-02-19,2026-09-04T20:02:05Z,Yahoo Finance,2,,,engine/technical/README.md,
XOM,equity,tecnico,sma50,131.448,,USD,2026-02-20,2026-09-04T20:02:05Z,Yahoo Finance,2,,,engine/technical/README.md,
XOM,equity,tecnico,sma50,132.0982,,USD,2026-02-23,2026-09-04T20:02:05Z,Yahoo Finance,2,,,engine/technical/README.md,
XOM,equity,tecnico,sma50,132.692599,,USD,2026-02-24,2026-09-04T20:02:05Z,Yahoo Finance,2,,,engine/technical/README.md,
XOM,equity,tecnico,sma50,133.282999,,USD,2026-02-25,2026-09-04T20:02:05Z,Yahoo Finance,2,,,engine/technical/README.md,
XOM,equity,tecnico,sma50,133.877399,,USD,2026-02-26,2026-09-04T20:02:05Z,Yahoo Finance,2,,,engine/technical/README.md,
XOM,equity,tecnico,sma50,134.572199,,USD,2026-02-27,2026-09-04T20:02:05Z,Yahoo Finance,2,,,engine/technical/README.md,
XOM,equity,tecnico,sma50,135.362999,,USD,2026-03-02,2026-09-04T20:02:05Z,Yahoo Finance,2,,,engine/technical/README.md,
XOM,equity,tecnico,sma50,136.051399,,USD,2026-03-03,2026-09-04T20:02:05Z,Yahoo Finance,2,,,engine/technical/README.md,
XOM,equity,tecnico,sma50,136.716999,,USD,2026-03-04,2026-09-04T20:02:05Z,Yahoo Finance,2,,,engine/technical/README.md,
XOM,equity,tecnico,sma50,137.398399,,USD,2026-03-05,2026-09-04T20:02:05Z,Yahoo Finance,2,,,engine/technical/README.md,
XOM,equity,tecnico,sma50,138.059599,,USD,2026-03-06,2026-09-04T20:02:05Z,Yahoo Finance,2,,,engine/technical/README.md,
XOM,equity,tecnico,sma50,138.679999,,USD,2026-03-09,2026-09-04T20:02:05Z,Yahoo Finance,2,,,engine/technical/README.md,
XOM,equity,tecnico,sma50,139.258199,,USD,2026-03-10,2026-09-04T20:02:05Z,Yahoo Finance,2,,,engine/technical/README.md,
XOM,equity,tecnico,sma50,139.907599,,USD,2026-03-11,2026-09-04T20:02:05Z,Yahoo Finance,2,,,engine/technical/README.md,
XOM,equity,tecnico,sma50,140.567599,,USD,2026-03-12,2026-09-04T20:02:05Z,Yahoo Finance,2,,,engine/technical/README.md,
XOM,equity,tecnico,sma50,141.270199,,USD,2026-03-13,2026-09-04T20:02:05Z,Yahoo Finance,2,,,engine/technical/README.md,
XOM,equity,tecnico,sma50,142.007999,,USD,2026-03-16,2026-09-04T20:02:05Z,Yahoo Finance,2,,,engine/technical/README.md,
XOM,equity,tecnico,sma50,142.731199,,USD,2026-03-17,2026-09-04T20:02:05Z,Yahoo Finance,2,,,engine/technical/README.md,
XOM,equity,tecnico,sma50,143.375799,,USD,2026-03-18,2026-09-04T20:02:05Z,Yahoo Finance,2,,,engine/technical/README.md,
XOM,equity,tecnico,sma50,144.117999,,USD,2026-03-19,2026-09-04T20:02:05Z,Yahoo Finance,2,,,engine/technical/README.md,
XOM,equity,tecnico,sma50,144.941599,,USD,2026-03-20,2026-09-04T20:02:05Z,Yahoo Finance,2,,,engine/technical/README.md,
XOM,equity,tecnico,sma50,145.705999,,USD,2026-03-23,2026-09-04T20:02:05Z,Yahoo Finance,2,,,engine/technical/README.md,
XOM,equity,tecnico,sma50,146.521399,,USD,2026-03-24,2026-09-04T20:02:05Z,Yahoo Finance,2,,,engine/technical/README.md,
XOM,equity,tecnico,sma50,147.305999,,USD,2026-03-25,2026-09-04T20:02:05Z,Yahoo Finance,2,,,engine/technical/README.md,
XOM,equity,tecnico,sma50,148.083799,,USD,2026-03-26,2026-09-04T20:02:05Z,Yahoo Finance,2,,,engine/technical/README.md,
XOM,equity,tecnico,sma50,148.899599,,USD,2026-03-27,2026-09-04T20:02:05Z,Yahoo Finance,2,,,engine/technical/README.md,
XOM,equity,tecnico,sma50,149.746399,,USD,2026-03-30,2026-09-04T20:02:05Z,Yahoo Finance,2,,,engine/technical/README.md,
XOM,equity,tecnico,sma50,150.541799,,USD,2026-03-31,2026-09-04T20:02:05Z,Yahoo Finance,2,,,engine/technical/README.md,
XOM,equity,tecnico,sma50,151.148199,,USD,2026-04-01,2026-09-04T20:02:05Z,Yahoo Finance,2,,,engine/technical/README.md,
XOM,equity,tecnico,sma50,151.689799,,USD,2026-04-02,2026-09-04T20:02:05Z,Yahoo Finance,2,,,engine/technical/README.md,
XOM,equity,tecnico,sma50,152.284399,,USD,2026-04-06,2026-09-04T20:02:05Z,Yahoo Finance,2,,,engine/technical/README.md,
XOM,equity,tecnico,sma50,152.863199,,USD,2026-04-07,2026-09-04T20:02:05Z,Yahoo Finance,2,,,engine/technical/README.md,
XOM,equity,tecnico,sma50,153.290799,,USD,2026-04-08,2026-09-04T20:02:05Z,Yahoo Finance,2,,,engine/technical/README.md,
XOM,equity,tecnico,sma50,153.654999,,USD,2026-04-09,2026-09-04T20:02:05Z,Yahoo Finance,2,,,engine/technical/README.md,
XOM,equity,tecnico,sma50,153.953599,,USD,2026-04-10,2026-09-04T20:02:05Z,Yahoo Finance,2,,,engine/technical/README.md,
XOM,equity,tecnico,sma50,154.196199,,USD,2026-04-13,2026-09-04T20:02:05Z,Yahoo Finance,2,,,engine/technical/README.md,
XOM,equity,tecnico,sma50,154.352999,,USD,2026-04-14,2026-09-04T20:02:05Z,Yahoo Finance,2,,,engine/technical/README.md,
XOM,equity,tecnico,sma50,154.565199,,USD,2026-04-15,2026-09-04T20:02:05Z,Yahoo Finance,2,,,engine/technical/README.md,
XOM,equity,tecnico,sma50,154.730199,,USD,2026-04-16,2026-09-04T20:02:05Z,Yahoo Finance,2,,,engine/technical/README.md,
XOM,equity,tecnico,sma50,154.707199,,USD,2026-04-17,2026-09-04T20:02:05Z,Yahoo Finance,2,,,engine/technical/README.md,
XOM,equity,tecnico,sma50,154.739199,,USD,2026-04-20,2026-09-04T20:02:05Z,Yahoo Finance,2,,,engine/technical/README.md,
XOM,equity,tecnico,sma50,154.725399,,USD,2026-04-21,2026-09-04T20:02:05Z,Yahoo Finance,2,,,engine/technical/README.md,
XOM,equity,tecnico,sma50,154.691199,,USD,2026-04-22,2026-09-04T20:02:05Z,Yahoo Finance,2,,,engine/technical/README.md,
XOM,equity,tecnico,sma50,154.669999,,USD,2026-04-23,2026-09-04T20:02:05Z,Yahoo Finance,2,,,engine/technical/README.md,
XOM,equity,tecnico,sma50,154.536999,,USD,2026-04-24,2026-09-04T20:02:05Z,Yahoo Finance,2,,,engine/technical/README.md,
XOM,equity,tecnico,sma50,154.502199,,USD,2026-04-27,2026-09-04T20:02:05Z,Yahoo Finance,2,,,engine/technical/README.md,
XOM,equity,tecnico,sma50,154.544399,,USD,2026-04-28,2026-09-04T20:02:05Z,Yahoo Finance,2,,,engine/technical/README.md,
XOM,equity,tecnico,sma50,154.713999,,USD,2026-04-29,2026-09-04T20:02:05Z,Yahoo Finance,2,,,engine/technical/README.md,
XOM,equity,tecnico,sma50,154.787,,USD,2026-04-30,2026-09-04T20:02:05Z,Yahoo Finance,2,,,engine/technical/README.md,
XOM,equity,tecnico,sma50,154.822599,,USD,2026-05-01,2026-09-04T20:02:05Z,Yahoo Finance,2,,,engine/technical/README.md,
XOM,equity,tecnico,sma50,154.9508,,USD,2026-05-04,2026-09-04T20:02:05Z,Yahoo Finance,2,,,engine/technical/README.md,
XOM,equity,tecnico,sma50,155.0332,,USD,2026-05-05,2026-09-04T20:02:05Z,Yahoo Finance,2,,,engine/technical/README.md,
XOM,equity,tecnico,sma50,155.0218,,USD,2026-05-06,2026-09-04T20:02:05Z,Yahoo Finance,2,,,engine/technical/README.md,
XOM,equity,tecnico,sma50,154.9722,,USD,2026-05-07,2026-09-04T20:02:05Z,Yahoo Finance,2,,,engine/technical/README.md,
XOM,equity,tecnico,sma50,154.8928,,USD,2026-05-08,2026-09-04T20:02:05Z,Yahoo Finance,2,,,engine/technical/README.md,
XOM,equity,tecnico,sma50,154.8364,,USD,2026-05-11,2026-09-04T20:02:05Z,Yahoo Finance,2,,,engine/technical/README.md,
XOM,equity,tecnico,sma50,154.7646,,USD,2026-05-12,2026-09-04T20:02:05Z,Yahoo Finance,2,,,engine/technical/README.md,
XOM,equity,tecnico,sma50,154.7594,,USD,2026-05-13,2026-09-04T20:02:05Z,Yahoo Finance,2,,,engine/technical/README.md,
XOM,equity,tecnico,sma50,154.8186,,USD,2026-05-14,2026-09-04T20:02:05Z,Yahoo Finance,2,,,engine/technical/README.md,
XOM,equity,tecnico,sma50,154.9618,,USD,2026-05-15,2026-09-04T20:02:05Z,Yahoo Finance,2,,,engine/technical/README.md,
XOM,equity,tecnico,sma50,155.1474,,USD,2026-05-18,2026-09-04T20:02:05Z,Yahoo Finance,2,,,engine/technical/README.md,
XOM,equity,tecnico,sma50,155.3896,,USD,2026-05-19,2026-09-04T20:02:05Z,Yahoo Finance,2,,,engine/technical/README.md,
XOM,equity,tecnico,sma50,155.5526,,USD,2026-05-20,2026-09-04T20:02:05Z,Yahoo Finance,2,,,engine/technical/README.md,
XOM,equity,tecnico,sma50,155.6268,,USD,2026-05-21,2026-09-04T20:02:05Z,Yahoo Finance,2,,,engine/technical/README.md,
XOM,equity,tecnico,sma50,155.6546,,USD,2026-05-22,2026-09-04T20:02:05Z,Yahoo Finance,2,,,engine/technical/README.md,
XOM,equity,tecnico,sma50,155.5284,,USD,2026-05-26,2026-09-04T20:02:05Z,Yahoo Finance,2,,,engine/technical/README.md,
XOM,equity,tecnico,sma50,155.3418,,USD,2026-05-27,2026-09-04T20:02:05Z,Yahoo Finance,2,,,engine/technical/README.md,
XOM,equity,tecnico,sma50,155.1048,,USD,2026-05-28,2026-09-04T20:02:05Z,Yahoo Finance,2,,,engine/technical/README.md,
XOM,equity,tecnico,sma50,154.8582,,USD,2026-05-29,2026-09-04T20:02:05Z,Yahoo Finance,2,,,engine/technical/README.md,
XOM,equity,tecnico,sma50,154.6826,,USD,2026-06-01,2026-09-04T20:02:05Z,Yahoo Finance,2,,,engine/technical/README.md,
XOM,equity,tecnico,sma50,154.4804,,USD,2026-06-02,2026-09-04T20:02:05Z,Yahoo Finance,2,,,engine/technical/README.md,
XOM,equity,tecnico,sma50,154.3084,,USD,2026-06-03,2026-09-04T20:02:05Z,Yahoo Finance,2,,,engine/technical/README.md,
XOM,equity,tecnico,sma50,154.0416,,USD,2026-06-04,2026-09-04T20:02:05Z,Yahoo Finance,2,,,engine/technical/README.md,
XOM,equity,tecnico,sma50,153.7748,,USD,2026-06-05,2026-09-04T20:02:05Z,Yahoo Finance,2,,,engine/technical/README.md,
XOM,equity,tecnico,sma50,153.5012,,USD,2026-06-08,2026-09-04T20:02:05Z,Yahoo Finance,2,,,engine/technical/README.md,
XOM,equity,tecnico,sma50,153.0596,,USD,2026-06-09,2026-09-04T20:02:05Z,Yahoo Finance,2,,,engine/technical/README.md,
XOM,equity,tecnico,sma50,152.6426,,USD,2026-06-10,2026-09-04T20:02:05Z,Yahoo Finance,2,,,engine/technical/README.md,
XOM,equity,tecnico,sma50,152.1814,,USD,2026-06-11,2026-09-04T20:02:05Z,Yahoo Finance,2,,,engine/technical/README.md,
XOM,equity,tecnico,sma50,151.906,,USD,2026-06-12,2026-09-04T20:02:05Z,Yahoo Finance,2,,,engine/technical/README.md,
XOM,equity,tecnico,sma50,151.5106,,USD,2026-06-15,2026-09-04T20:02:05Z,Yahoo Finance,2,,,engine/technical/README.md,
XOM,equity,tecnico,sma50,151.0804,,USD,2026-06-16,2026-09-04T20:02:05Z,Yahoo Finance,2,,,engine/technical/README.md,
XOM,equity,tecnico,sma50,150.617,,USD,2026-06-17,2026-09-04T20:02:05Z,Yahoo Finance,2,,,engine/technical/README.md,
XOM,equity,tecnico,sma50,150.2488,,USD,2026-06-18,2026-09-04T20:02:05Z,Yahoo Finance,2,,,engine/technical/README.md,
XOM,equity,tecnico,sma50,149.9174,,USD,2026-06-22,2026-09-04T20:02:05Z,Yahoo Finance,2,,,engine/technical/README.md,
XOM,equity,tecnico,sma50,149.6618,,USD,2026-06-23,2026-09-04T20:02:05Z,Yahoo Finance,2,,,engine/technical/README.md,
XOM,equity,tecnico,sma50,149.347,,USD,2026-06-24,2026-09-04T20:02:05Z,Yahoo Finance,2,,,engine/technical/README.md,
XOM,equity,tecnico,sma50,149.1132,,USD,2026-06-25,2026-09-04T20:02:05Z,Yahoo Finance,2,,,engine/technical/README.md,
XOM,equity,tecnico,sma50,148.8638,,USD,2026-06-26,2026-09-04T20:02:05Z,Yahoo Finance,2,,,engine/technical/README.md,
XOM,equity,tecnico,sma50,148.5454,,USD,2026-06-29,2026-09-04T20:02:05Z,Yahoo Finance,2,,,engine/technical/README.md,
XOM,equity,tecnico,sma50,148.351,,USD,2026-06-30,2026-09-04T20:02:05Z,Yahoo Finance,2,,,engine/technical/README.md,
XOM,equity,tecnico,sma50,148.123,,USD,2026-07-01,2026-09-04T20:02:05Z,Yahoo Finance,2,,,engine/technical/README.md,
XOM,equity,tecnico,sma50,147.8976,,USD,2026-07-02,2026-09-04T20:02:05Z,Yahoo Finance,2,,,engine/technical/README.md,
XOM,equity,tecnico,sma50,147.6364,,USD,2026-07-06,2026-09-04T20:02:05Z,Yahoo Finance,2,,,engine/technical/README.md,
XOM,equity,tecnico,sma50,147.4596,,USD,2026-07-07,2026-09-04T20:02:05Z,Yahoo Finance,2,,,engine/technical/README.md,
XOM,equity,tecnico,sma50,147.304,,USD,2026-07-08,2026-09-04T20:02:05Z,Yahoo Finance,2,,,engine/technical/README.md,
XOM,equity,tecnico,sma50,147.0894,,USD,2026-07-09,2026-09-04T20:02:05Z,Yahoo Finance,2,,,engine/technical/README.md,
XOM,equity,tecnico,sma50,146.8558,,USD,2026-07-10,2026-09-04T20:02:05Z,Yahoo Finance,2,,,engine/technical/README.md,
XOM,equity,tecnico,sma50,146.6526,,USD,2026-07-13,2026-09-04T20:02:05Z,Yahoo Finance,2,,,engine/technical/README.md,
XOM,equity,tecnico,sma50,146.4678,,USD,2026-07-14,2026-09-04T20:02:05Z,Yahoo Finance,2,,,engine/technical/README.md,
XOM,equity,tecnico,sma50,146.303,,USD,2026-07-15,2026-09-04T20:02:05Z,Yahoo Finance,2,,,engine/technical/README.md,
XOM,equity,tecnico,sma50,146.1482,,USD,2026-07-16,2026-09-04T20:02:05Z,Yahoo Finance,2,,,engine/technical/README.md,
XOM,equity,tecnico,sma50,145.9978,,USD,2026-07-17,2026-09-04T20:02:05Z,Yahoo Finance,2,,,engine/technical/README.md,
XOM,equity,tecnico,sma50,145.9912,,USD,2026-07-20,2026-09-04T20:02:05Z,Yahoo Finance,2,,,engine/technical/README.md,
XOM,equity,tecnico,sma50,146.0938,,USD,2026-07-21,2026-09-04T20:02:05Z,Yahoo Finance,2,,,engine/technical/README.md,
XOM,equity,tecnico,sma50,146.2914,,USD,2026-07-22,2026-09-04T20:02:05Z,Yahoo Finance,2,,,engine/technical/README.md,
XOM,equity,tecnico,sma50,146.4356,,USD,2026-07-23,2026-09-04T20:02:05Z,Yahoo Finance,2,,,engine/technical/README.md,
XOM,equity,tecnico,sma50,146.5618,,USD,2026-07-24,2026-09-04T20:02:05Z,Yahoo Finance,2,,,engine/technical/README.md,
XOM,equity,tecnico,sma50,146.6258,,USD,2026-07-27,2026-09-04T20:02:05Z,Yahoo Finance,2,,,engine/technical/README.md,
XOM,equity,tecnico,sma50,146.630999,,USD,2026-07-28,2026-09-04T20:02:05Z,Yahoo Finance,2,,,engine/technical/README.md,
XOM,equity,tecnico,sma50,146.607599,,USD,2026-07-29,2026-09-04T20:02:05Z,Yahoo Finance,2,,,engine/technical/README.md,
XOM,equity,tecnico,sma50,146.537199,,USD,2026-07-30,2026-09-04T20:02:05Z,Yahoo Finance,2,,,engine/technical/README.md,
XOM,equity,tecnico,sma50,146.394999,,USD,2026-07-31,2026-09-04T20:02:05Z,Yahoo Finance,2,,,engine/technical/README.md,
XOM,equity,tecnico,sma50,146.370599,,USD,2026-08-03,2026-09-04T20:02:05Z,Yahoo Finance,2,,,engine/technical/README.md,
XOM,equity,tecnico,sma50,146.344,,USD,2026-08-04,2026-09-04T20:02:05Z,Yahoo Finance,2,,,engine/technical/README.md,
XOM,equity,tecnico,sma50,146.2782,,USD,2026-08-05,2026-09-04T20:02:05Z,Yahoo Finance,2,,,engine/technical/README.md,
XOM,equity,tecnico,sma50,146.3788,,USD,2026-08-06,2026-09-04T20:02:05Z,Yahoo Finance,2,,,engine/technical/README.md,
XOM,equity,tecnico,sma50,146.4816,,USD,2026-08-07,2026-09-04T20:02:05Z,Yahoo Finance,2,,,engine/technical/README.md,
XOM,equity,tecnico,sma50,146.738199,,USD,2026-08-10,2026-09-04T20:02:05Z,Yahoo Finance,2,,,engine/technical/README.md,
XOM,equity,tecnico,sma50,147.029,,USD,2026-08-11,2026-09-04T20:02:05Z,Yahoo Finance,2,,,engine/technical/README.md,
XOM,equity,tecnico,sma50,147.2364,,USD,2026-08-12,2026-09-04T20:02:05Z,Yahoo Finance,2,,,engine/technical/README.md,
XOM,equity,tecnico,sma50,147.4174,,USD,2026-08-13,2026-09-04T20:02:05Z,Yahoo Finance,2,,,engine/technical/README.md,
XOM,equity,tecnico,sma50,147.5688,,USD,2026-08-14,2026-09-04T20:02:05Z,Yahoo Finance,2,,,engine/technical/README.md,
XOM,equity,tecnico,sma50,147.7572,,USD,2026-08-17,2026-09-04T20:02:05Z,Yahoo Finance,2,,,engine/technical/README.md,
XOM,equity,tecnico,sma50,148.07,,USD,2026-08-18,2026-09-04T20:02:05Z,Yahoo Finance,2,,,engine/technical/README.md,
XOM,equity,tecnico,sma50,148.3304,,USD,2026-08-19,2026-09-04T20:02:05Z,Yahoo Finance,2,,,engine/technical/README.md,
XOM,equity,tecnico,sma50,148.6752,,USD,2026-08-20,2026-09-04T20:02:05Z,Yahoo Finance,2,,,engine/technical/README.md,
XOM,equity,tecnico,sma50,148.965,,USD,2026-08-21,2026-09-04T20:02:05Z,Yahoo Finance,2,,,engine/technical/README.md,
XOM,equity,tecnico,sma50,149.314,,USD,2026-08-24,2026-09-04T20:02:05Z,Yahoo Finance,2,,,engine/technical/README.md,
XOM,equity,tecnico,sma50,149.5866,,USD,2026-08-25,2026-09-04T20:02:05Z,Yahoo Finance,2,,,engine/technical/README.md,
XOM,equity,tecnico,sma50,149.932,,USD,2026-08-26,2026-09-04T20:02:05Z,Yahoo Finance,2,,,engine/technical/README.md,
XOM,equity,tecnico,sma50,150.2236,,USD,2026-08-27,2026-09-04T20:02:05Z,Yahoo Finance,2,,,engine/technical/README.md,
XOM,equity,tecnico,sma50,150.543,,USD,2026-08-28,2026-09-04T20:02:05Z,Yahoo Finance,2,,,engine/technical/README.md,
XOM,equity,tecnico,sma50,151.0058,,USD,2026-08-31,2026-09-04T20:02:05Z,Yahoo Finance,2,,,engine/technical/README.md,
XOM,equity,tecnico,sma50,151.5274,,USD,2026-09-01,2026-09-04T20:02:05Z,Yahoo Finance,2,,,engine/technical/README.md,
XOM,equity,tecnico,sma50,152.522,,USD,2026-09-03,2026-09-04T20:02:05Z,Yahoo Finance,2,,,engine/technical/README.md,
XOM,equity,tecnico,sma50,152.960201,,USD,2026-09-04,2026-09-04T20:02:05Z,Yahoo Finance,2,,,engine/technical/README.md,
XOM,equity,tecnico,volatilidad_hist_30d_anualizada_pct,22.3,,%,2026-01-02,2026-09-04T20:02:05Z,Yahoo Finance,2,,,engine/technical/README.md,
XOM,equity,tecnico,volatilidad_hist_30d_anualizada_pct,22.7,,%,2026-01-05,2026-09-04T20:02:05Z,Yahoo Finance,2,,,engine/technical/README.md,
XOM,equity,tecnico,volatilidad_hist_30d_anualizada_pct,26.1,,%,2026-01-06,2026-09-04T20:02:05Z,Yahoo Finance,2,,,engine/technical/README.md,
XOM,equity,tecnico,volatilidad_hist_30d_anualizada_pct,27.3,,%,2026-01-07,2026-09-04T20:02:05Z,Yahoo Finance,2,,,engine/technical/README.md,
XOM,equity,tecnico,volatilidad_hist_30d_anualizada_pct,29.8,,%,2026-01-08,2026-09-04T20:02:05Z,Yahoo Finance,2,,,engine/technical/README.md,
XOM,equity,tecnico,volatilidad_hist_30d_anualizada_pct,29.6,,%,2026-01-09,2026-09-04T20:02:05Z,Yahoo Finance,2,,,engine/technical/README.md,
XOM,equity,tecnico,volatilidad_hist_30d_anualizada_pct,29.7,,%,2026-01-12,2026-09-04T20:02:05Z,Yahoo Finance,2,,,engine/technical/README.md,
XOM,equity,tecnico,volatilidad_hist_30d_anualizada_pct,30.2,,%,2026-01-13,2026-09-04T20:02:05Z,Yahoo Finance,2,,,engine/technical/README.md,
XOM,equity,tecnico,volatilidad_hist_30d_anualizada_pct,31.5,,%,2026-01-14,2026-09-04T20:02:05Z,Yahoo Finance,2,,,engine/technical/README.md,
XOM,equity,tecnico,volatilidad_hist_30d_anualizada_pct,31.4,,%,2026-01-15,2026-09-04T20:02:05Z,Yahoo Finance,2,,,engine/technical/README.md,
XOM,equity,tecnico,volatilidad_hist_30d_anualizada_pct,30.8,,%,2026-01-16,2026-09-04T20:02:05Z,Yahoo Finance,2,,,engine/technical/README.md,
XOM,equity,tecnico,volatilidad_hist_30d_anualizada_pct,30.6,,%,2026-01-20,2026-09-04T20:02:05Z,Yahoo Finance,2,,,engine/technical/README.md,
XOM,equity,tecnico,volatilidad_hist_30d_anualizada_pct,31.2,,%,2026-01-21,2026-09-04T20:02:05Z,Yahoo Finance,2,,,engine/technical/README.md,
XOM,equity,tecnico,volatilidad_hist_30d_anualizada_pct,31.1,,%,2026-01-22,2026-09-04T20:02:05Z,Yahoo Finance,2,,,engine/technical/README.md,
XOM,equity,tecnico,volatilidad_hist_30d_anualizada_pct,30.7,,%,2026-01-23,2026-09-04T20:02:05Z,Yahoo Finance,2,,,engine/technical/README.md,
XOM,equity,tecnico,volatilidad_hist_30d_anualizada_pct,30.7,,%,2026-01-26,2026-09-04T20:02:05Z,Yahoo Finance,2,,,engine/technical/README.md,
XOM,equity,tecnico,volatilidad_hist_30d_anualizada_pct,30.9,,%,2026-01-27,2026-09-04T20:02:05Z,Yahoo Finance,2,,,engine/technical/README.md,
XOM,equity,tecnico,volatilidad_hist_30d_anualizada_pct,30.6,,%,2026-01-28,2026-09-04T20:02:05Z,Yahoo Finance,2,,,engine/technical/README.md,
XOM,equity,tecnico,volatilidad_hist_30d_anualizada_pct,30.7,,%,2026-01-29,2026-09-04T20:02:05Z,Yahoo Finance,2,,,engine/technical/README.md,
XOM,equity,tecnico,volatilidad_hist_30d_anualizada_pct,28.4,,%,2026-01-30,2026-09-04T20:02:05Z,Yahoo Finance,2,,,engine/technical/README.md,
XOM,equity,tecnico,volatilidad_hist_30d_anualizada_pct,29.4,,%,2026-02-02,2026-09-04T20:02:05Z,Yahoo Finance,2,,,engine/technical/README.md,
XOM,equity,tecnico,volatilidad_hist_30d_anualizada_pct,31.1,,%,2026-02-03,2026-09-04T20:02:05Z,Yahoo Finance,2,,,engine/technical/README.md,
XOM,equity,tecnico,volatilidad_hist_30d_anualizada_pct,31.8,,%,2026-02-04,2026-09-04T20:02:05Z,Yahoo Finance,2,,,engine/technical/README.md,
XOM,equity,tecnico,volatilidad_hist_30d_anualizada_pct,32.3,,%,2026-02-05,2026-09-04T20:02:05Z,Yahoo Finance,2,,,engine/technical/README.md,
XOM,equity,tecnico,volatilidad_hist_30d_anualizada_pct,32.6,,%,2026-02-06,2026-09-04T20:02:05Z,Yahoo Finance,2,,,engine/technical/README.md,
XOM,equity,tecnico,volatilidad_hist_30d_anualizada_pct,32.5,,%,2026-02-09,2026-09-04T20:02:05Z,Yahoo Finance,2,,,engine/technical/README.md,
XOM,equity,tecnico,volatilidad_hist_30d_anualizada_pct,32.4,,%,2026-02-10,2026-09-04T20:02:05Z,Yahoo Finance,2,,,engine/technical/README.md,
XOM,equity,tecnico,volatilidad_hist_30d_anualizada_pct,33.0,,%,2026-02-11,2026-09-04T20:02:05Z,Yahoo Finance,2,,,engine/technical/README.md,
XOM,equity,tecnico,volatilidad_hist_30d_anualizada_pct,36.6,,%,2026-02-12,2026-09-04T20:02:05Z,Yahoo Finance,2,,,engine/technical/README.md,
XOM,equity,tecnico,volatilidad_hist_30d_anualizada_pct,36.8,,%,2026-02-13,2026-09-04T20:02:05Z,Yahoo Finance,2,,,engine/technical/README.md,
XOM,equity,tecnico,volatilidad_hist_30d_anualizada_pct,37.4,,%,2026-02-17,2026-09-04T20:02:05Z,Yahoo Finance,2,,,engine/technical/README.md,
XOM,equity,tecnico,volatilidad_hist_30d_anualizada_pct,37.9,,%,2026-02-18,2026-09-04T20:02:05Z,Yahoo Finance,2,,,engine/technical/README.md,
XOM,equity,tecnico,volatilidad_hist_30d_anualizada_pct,35.0,,%,2026-02-19,2026-09-04T20:02:05Z,Yahoo Finance,2,,,engine/technical/README.md,
XOM,equity,tecnico,volatilidad_hist_30d_anualizada_pct,35.3,,%,2026-02-20,2026-09-04T20:02:05Z,Yahoo Finance,2,,,engine/technical/README.md,
XOM,equity,tecnico,volatilidad_hist_30d_anualizada_pct,34.2,,%,2026-02-23,2026-09-04T20:02:05Z,Yahoo Finance,2,,,engine/technical/README.md,
XOM,equity,tecnico,volatilidad_hist_30d_anualizada_pct,34.6,,%,2026-02-24,2026-09-04T20:02:05Z,Yahoo Finance,2,,,engine/technical/README.md,
XOM,equity,tecnico,volatilidad_hist_30d_anualizada_pct,34.5,,%,2026-02-25,2026-09-04T20:02:05Z,Yahoo Finance,2,,,engine/technical/README.md,
XOM,equity,tecnico,volatilidad_hist_30d_anualizada_pct,34.3,,%,2026-02-26,2026-09-04T20:02:05Z,Yahoo Finance,2,,,engine/technical/README.md,
XOM,equity,tecnico,volatilidad_hist_30d_anualizada_pct,34.1,,%,2026-02-27,2026-09-04T20:02:05Z,Yahoo Finance,2,,,engine/technical/README.md,
XOM,equity,tecnico,volatilidad_hist_30d_anualizada_pct,33.8,,%,2026-03-02,2026-09-04T20:02:05Z,Yahoo Finance,2,,,engine/technical/README.md,
XOM,equity,tecnico,volatilidad_hist_30d_anualizada_pct,34.6,,%,2026-03-03,2026-09-04T20:02:05Z,Yahoo Finance,2,,,engine/technical/README.md,
XOM,equity,tecnico,volatilidad_hist_30d_anualizada_pct,35.2,,%,2026-03-04,2026-09-04T20:02:05Z,Yahoo Finance,2,,,engine/technical/README.md,
XOM,equity,tecnico,volatilidad_hist_30d_anualizada_pct,34.6,,%,2026-03-05,2026-09-04T20:02:05Z,Yahoo Finance,2,,,engine/technical/README.md,
XOM,equity,tecnico,volatilidad_hist_30d_anualizada_pct,34.5,,%,2026-03-06,2026-09-04T20:02:05Z,Yahoo Finance,2,,,engine/technical/README.md,
XOM,equity,tecnico,volatilidad_hist_30d_anualizada_pct,34.6,,%,2026-03-09,2026-09-04T20:02:05Z,Yahoo Finance,2,,,engine/technical/README.md,
XOM,equity,tecnico,volatilidad_hist_30d_anualizada_pct,35.2,,%,2026-03-10,2026-09-04T20:02:05Z,Yahoo Finance,2,,,engine/technical/README.md,
XOM,equity,tecnico,volatilidad_hist_30d_anualizada_pct,35.7,,%,2026-03-11,2026-09-04T20:02:05Z,Yahoo Finance,2,,,engine/technical/README.md,
XOM,equity,tecnico,volatilidad_hist_30d_anualizada_pct,35.8,,%,2026-03-12,2026-09-04T20:02:05Z,Yahoo Finance,2,,,engine/technical/README.md,
XOM,equity,tecnico,volatilidad_hist_30d_anualizada_pct,35.6,,%,2026-03-13,2026-09-04T20:02:05Z,Yahoo Finance,2,,,engine/technical/README.md,
XOM,equity,tecnico,volatilidad_hist_30d_anualizada_pct,35.6,,%,2026-03-16,2026-09-04T20:02:05Z,Yahoo Finance,2,,,engine/technical/README.md,
XOM,equity,tecnico,volatilidad_hist_30d_anualizada_pct,34.5,,%,2026-03-17,2026-09-04T20:02:05Z,Yahoo Finance,2,,,engine/technical/README.md,
XOM,equity,tecnico,volatilidad_hist_30d_anualizada_pct,32.6,,%,2026-03-18,2026-09-04T20:02:05Z,Yahoo Finance,2,,,engine/technical/README.md,
XOM,equity,tecnico,volatilidad_hist_30d_anualizada_pct,31.5,,%,2026-03-19,2026-09-04T20:02:05Z,Yahoo Finance,2,,,engine/technical/README.md,
XOM,equity,tecnico,volatilidad_hist_30d_anualizada_pct,31.2,,%,2026-03-20,2026-09-04T20:02:05Z,Yahoo Finance,2,,,engine/technical/README.md,
XOM,equity,tecnico,volatilidad_hist_30d_anualizada_pct,30.7,,%,2026-03-23,2026-09-04T20:02:05Z,Yahoo Finance,2,,,engine/technical/README.md,
XOM,equity,tecnico,volatilidad_hist_30d_anualizada_pct,31.5,,%,2026-03-24,2026-09-04T20:02:05Z,Yahoo Finance,2,,,engine/technical/README.md,
XOM,equity,tecnico,volatilidad_hist_30d_anualizada_pct,32.0,,%,2026-03-25,2026-09-04T20:02:05Z,Yahoo Finance,2,,,engine/technical/README.md,
XOM,equity,tecnico,volatilidad_hist_30d_anualizada_pct,31.1,,%,2026-03-26,2026-09-04T20:02:05Z,Yahoo Finance,2,,,engine/technical/README.md,
XOM,equity,tecnico,volatilidad_hist_30d_anualizada_pct,29.6,,%,2026-03-27,2026-09-04T20:02:05Z,Yahoo Finance,2,,,engine/technical/README.md,
XOM,equity,tecnico,volatilidad_hist_30d_anualizada_pct,29.2,,%,2026-03-30,2026-09-04T20:02:05Z,Yahoo Finance,2,,,engine/technical/README.md,
XOM,equity,tecnico,volatilidad_hist_30d_anualizada_pct,28.8,,%,2026-03-31,2026-09-04T20:02:05Z,Yahoo Finance,2,,,engine/technical/README.md,
XOM,equity,tecnico,volatilidad_hist_30d_anualizada_pct,34.0,,%,2026-04-01,2026-09-04T20:02:05Z,Yahoo Finance,2,,,engine/technical/README.md,
XOM,equity,tecnico,volatilidad_hist_30d_anualizada_pct,34.0,,%,2026-04-02,2026-09-04T20:02:05Z,Yahoo Finance,2,,,engine/technical/README.md,
XOM,equity,tecnico,volatilidad_hist_30d_anualizada_pct,32.9,,%,2026-04-06,2026-09-04T20:02:05Z,Yahoo Finance,2,,,engine/technical/README.md,
XOM,equity,tecnico,volatilidad_hist_30d_anualizada_pct,32.1,,%,2026-04-07,2026-09-04T20:02:05Z,Yahoo Finance,2,,,engine/technical/README.md,
XOM,equity,tecnico,volatilidad_hist_30d_anualizada_pct,36.5,,%,2026-04-08,2026-09-04T20:02:05Z,Yahoo Finance,2,,,engine/technical/README.md,
XOM,equity,tecnico,volatilidad_hist_30d_anualizada_pct,36.6,,%,2026-04-09,2026-09-04T20:02:05Z,Yahoo Finance,2,,,engine/technical/README.md,
XOM,equity,tecnico,volatilidad_hist_30d_anualizada_pct,37.1,,%,2026-04-10,2026-09-04T20:02:05Z,Yahoo Finance,2,,,engine/technical/README.md,
XOM,equity,tecnico,volatilidad_hist_30d_anualizada_pct,36.0,,%,2026-04-13,2026-09-04T20:02:05Z,Yahoo Finance,2,,,engine/technical/README.md,
XOM,equity,tecnico,volatilidad_hist_30d_anualizada_pct,36.6,,%,2026-04-14,2026-09-04T20:02:05Z,Yahoo Finance,2,,,engine/technical/README.md,
XOM,equity,tecnico,volatilidad_hist_30d_anualizada_pct,36.2,,%,2026-04-15,2026-09-04T20:02:05Z,Yahoo Finance,2,,,engine/technical/README.md,
XOM,equity,tecnico,volatilidad_hist_30d_anualizada_pct,36.6,,%,2026-04-16,2026-09-04T20:02:05Z,Yahoo Finance,2,,,engine/technical/README.md,
XOM,equity,tecnico,volatilidad_hist_30d_anualizada_pct,38.8,,%,2026-04-17,2026-09-04T20:02:05Z,Yahoo Finance,2,,,engine/technical/README.md,
XOM,equity,tecnico,volatilidad_hist_30d_anualizada_pct,38.9,,%,2026-04-20,2026-09-04T20:02:05Z,Yahoo Finance,2,,,engine/technical/README.md,
XOM,equity,tecnico,volatilidad_hist_30d_anualizada_pct,38.9,,%,2026-04-21,2026-09-04T20:02:05Z,Yahoo Finance,2,,,engine/technical/README.md,
XOM,equity,tecnico,volatilidad_hist_30d_anualizada_pct,38.6,,%,2026-04-22,2026-09-04T20:02:05Z,Yahoo Finance,2,,,engine/technical/README.md,
XOM,equity,tecnico,volatilidad_hist_30d_anualizada_pct,37.8,,%,2026-04-23,2026-09-04T20:02:05Z,Yahoo Finance,2,,,engine/technical/README.md,
XOM,equity,tecnico,volatilidad_hist_30d_anualizada_pct,37.7,,%,2026-04-24,2026-09-04T20:02:05Z,Yahoo Finance,2,,,engine/technical/README.md,
XOM,equity,tecnico,volatilidad_hist_30d_anualizada_pct,37.2,,%,2026-04-27,2026-09-04T20:02:05Z,Yahoo Finance,2,,,engine/technical/README.md,
XOM,equity,tecnico,volatilidad_hist_30d_anualizada_pct,37.5,,%,2026-04-28,2026-09-04T20:02:05Z,Yahoo Finance,2,,,engine/technical/README.md,
XOM,equity,tecnico,volatilidad_hist_30d_anualizada_pct,38.6,,%,2026-04-29,2026-09-04T20:02:05Z,Yahoo Finance,2,,,engine/technical/README.md,
XOM,equity,tecnico,volatilidad_hist_30d_anualizada_pct,38.6,,%,2026-04-30,2026-09-04T20:02:05Z,Yahoo Finance,2,,,engine/technical/README.md,
XOM,equity,tecnico,volatilidad_hist_30d_anualizada_pct,38.7,,%,2026-05-01,2026-09-04T20:02:05Z,Yahoo Finance,2,,,engine/technical/README.md,
XOM,equity,tecnico,volatilidad_hist_30d_anualizada_pct,38.6,,%,2026-05-04,2026-09-04T20:02:05Z,Yahoo Finance,2,,,engine/technical/README.md,
XOM,equity,tecnico,volatilidad_hist_30d_anualizada_pct,38.5,,%,2026-05-05,2026-09-04T20:02:05Z,Yahoo Finance,2,,,engine/technical/README.md,
XOM,equity,tecnico,volatilidad_hist_30d_anualizada_pct,39.6,,%,2026-05-06,2026-09-04T20:02:05Z,Yahoo Finance,2,,,engine/technical/README.md,
XOM,equity,tecnico,volatilidad_hist_30d_anualizada_pct,39.6,,%,2026-05-07,2026-09-04T20:02:05Z,Yahoo Finance,2,,,engine/technical/README.md,
XOM,equity,tecnico,volatilidad_hist_30d_anualizada_pct,39.3,,%,2026-05-08,2026-09-04T20:02:05Z,Yahoo Finance,2,,,engine/technical/README.md,
XOM,equity,tecnico,volatilidad_hist_30d_anualizada_pct,39.5,,%,2026-05-11,2026-09-04T20:02:05Z,Yahoo Finance,2,,,engine/technical/README.md,
XOM,equity,tecnico,volatilidad_hist_30d_anualizada_pct,39.6,,%,2026-05-12,2026-09-04T20:02:05Z,Yahoo Finance,2,,,engine/technical/README.md,
XOM,equity,tecnico,volatilidad_hist_30d_anualizada_pct,39.7,,%,2026-05-13,2026-09-04T20:02:05Z,Yahoo Finance,2,,,engine/technical/README.md,
XOM,equity,tecnico,volatilidad_hist_30d_anualizada_pct,35.6,,%,2026-05-14,2026-09-04T20:02:05Z,Yahoo Finance,2,,,engine/technical/README.md,
XOM,equity,tecnico,volatilidad_hist_30d_anualizada_pct,37.6,,%,2026-05-15,2026-09-04T20:02:05Z,Yahoo Finance,2,,,engine/technical/README.md,
XOM,equity,tecnico,volatilidad_hist_30d_anualizada_pct,37.5,,%,2026-05-18,2026-09-04T20:02:05Z,Yahoo Finance,2,,,engine/technical/README.md,
XOM,equity,tecnico,volatilidad_hist_30d_anualizada_pct,37.8,,%,2026-05-19,2026-09-04T20:02:05Z,Yahoo Finance,2,,,engine/technical/README.md,
XOM,equity,tecnico,volatilidad_hist_30d_anualizada_pct,36.5,,%,2026-05-20,2026-09-04T20:02:05Z,Yahoo Finance,2,,,engine/technical/README.md,
XOM,equity,tecnico,volatilidad_hist_30d_anualizada_pct,36.5,,%,2026-05-21,2026-09-04T20:02:05Z,Yahoo Finance,2,,,engine/technical/README.md,
XOM,equity,tecnico,volatilidad_hist_30d_anualizada_pct,36.0,,%,2026-05-22,2026-09-04T20:02:05Z,Yahoo Finance,2,,,engine/technical/README.md,
XOM,equity,tecnico,volatilidad_hist_30d_anualizada_pct,37.9,,%,2026-05-26,2026-09-04T20:02:05Z,Yahoo Finance,2,,,engine/technical/README.md,
XOM,equity,tecnico,volatilidad_hist_30d_anualizada_pct,37.4,,%,2026-05-27,2026-09-04T20:02:05Z,Yahoo Finance,2,,,engine/technical/README.md,
XOM,equity,tecnico,volatilidad_hist_30d_anualizada_pct,37.4,,%,2026-05-28,2026-09-04T20:02:05Z,Yahoo Finance,2,,,engine/technical/README.md,
XOM,equity,tecnico,volatilidad_hist_30d_anualizada_pct,36.9,,%,2026-05-29,2026-09-04T20:02:05Z,Yahoo Finance,2,,,engine/technical/README.md,
XOM,equity,tecnico,volatilidad_hist_30d_anualizada_pct,36.0,,%,2026-06-01,2026-09-04T20:02:05Z,Yahoo Finance,2,,,engine/technical/README.md,
XOM,equity,tecnico,volatilidad_hist_30d_anualizada_pct,35.9,,%,2026-06-02,2026-09-04T20:02:05Z,Yahoo Finance,2,,,engine/technical/README.md,
XOM,equity,tecnico,volatilidad_hist_30d_anualizada_pct,36.5,,%,2026-06-03,2026-09-04T20:02:05Z,Yahoo Finance,2,,,engine/technical/README.md,
XOM,equity,tecnico,volatilidad_hist_30d_anualizada_pct,36.4,,%,2026-06-04,2026-09-04T20:02:05Z,Yahoo Finance,2,,,engine/technical/README.md,
XOM,equity,tecnico,volatilidad_hist_30d_anualizada_pct,36.7,,%,2026-06-05,2026-09-04T20:02:05Z,Yahoo Finance,2,,,engine/technical/README.md,
XOM,equity,tecnico,volatilidad_hist_30d_anualizada_pct,36.7,,%,2026-06-08,2026-09-04T20:02:05Z,Yahoo Finance,2,,,engine/technical/README.md,
XOM,equity,tecnico,volatilidad_hist_30d_anualizada_pct,37.3,,%,2026-06-09,2026-09-04T20:02:05Z,Yahoo Finance,2,,,engine/technical/README.md,
XOM,equity,tecnico,volatilidad_hist_30d_anualizada_pct,37.1,,%,2026-06-10,2026-09-04T20:02:05Z,Yahoo Finance,2,,,engine/technical/README.md,
XOM,equity,tecnico,volatilidad_hist_30d_anualizada_pct,36.9,,%,2026-06-11,2026-09-04T20:02:05Z,Yahoo Finance,2,,,engine/technical/README.md,
XOM,equity,tecnico,volatilidad_hist_30d_anualizada_pct,37.0,,%,2026-06-12,2026-09-04T20:02:05Z,Yahoo Finance,2,,,engine/technical/README.md,
XOM,equity,tecnico,volatilidad_hist_30d_anualizada_pct,39.5,,%,2026-06-15,2026-09-04T20:02:05Z,Yahoo Finance,2,,,engine/technical/README.md,
XOM,equity,tecnico,volatilidad_hist_30d_anualizada_pct,39.5,,%,2026-06-16,2026-09-04T20:02:05Z,Yahoo Finance,2,,,engine/technical/README.md,
XOM,equity,tecnico,volatilidad_hist_30d_anualizada_pct,39.4,,%,2026-06-17,2026-09-04T20:02:05Z,Yahoo Finance,2,,,engine/technical/README.md,
XOM,equity,tecnico,volatilidad_hist_30d_anualizada_pct,37.6,,%,2026-06-18,2026-09-04T20:02:05Z,Yahoo Finance,2,,,engine/technical/README.md,
XOM,equity,tecnico,volatilidad_hist_30d_anualizada_pct,37.4,,%,2026-06-22,2026-09-04T20:02:05Z,Yahoo Finance,2,,,engine/technical/README.md,
XOM,equity,tecnico,volatilidad_hist_30d_anualizada_pct,37.3,,%,2026-06-23,2026-09-04T20:02:05Z,Yahoo Finance,2,,,engine/technical/README.md,
XOM,equity,tecnico,volatilidad_hist_30d_anualizada_pct,35.6,,%,2026-06-24,2026-09-04T20:02:05Z,Yahoo Finance,2,,,engine/technical/README.md,
XOM,equity,tecnico,volatilidad_hist_30d_anualizada_pct,35.6,,%,2026-06-25,2026-09-04T20:02:05Z,Yahoo Finance,2,,,engine/technical/README.md,
XOM,equity,tecnico,volatilidad_hist_30d_anualizada_pct,35.4,,%,2026-06-26,2026-09-04T20:02:05Z,Yahoo Finance,2,,,engine/technical/README.md,
XOM,equity,tecnico,volatilidad_hist_30d_anualizada_pct,35.2,,%,2026-06-29,2026-09-04T20:02:05Z,Yahoo Finance,2,,,engine/technical/README.md,
XOM,equity,tecnico,volatilidad_hist_30d_anualizada_pct,32.7,,%,2026-06-30,2026-09-04T20:02:05Z,Yahoo Finance,2,,,engine/technical/README.md,
XOM,equity,tecnico,volatilidad_hist_30d_anualizada_pct,31.9,,%,2026-07-01,2026-09-04T20:02:05Z,Yahoo Finance,2,,,engine/technical/README.md,
XOM,equity,tecnico,volatilidad_hist_30d_anualizada_pct,31.5,,%,2026-07-02,2026-09-04T20:02:05Z,Yahoo Finance,2,,,engine/technical/README.md,
XOM,equity,tecnico,volatilidad_hist_30d_anualizada_pct,29.0,,%,2026-07-06,2026-09-04T20:02:05Z,Yahoo Finance,2,,,engine/technical/README.md,
XOM,equity,tecnico,volatilidad_hist_30d_anualizada_pct,32.5,,%,2026-07-07,2026-09-04T20:02:05Z,Yahoo Finance,2,,,engine/technical/README.md,
XOM,equity,tecnico,volatilidad_hist_30d_anualizada_pct,32.5,,%,2026-07-08,2026-09-04T20:02:05Z,Yahoo Finance,2,,,engine/technical/README.md,
XOM,equity,tecnico,volatilidad_hist_30d_anualizada_pct,31.8,,%,2026-07-09,2026-09-04T20:02:05Z,Yahoo Finance,2,,,engine/technical/README.md,
XOM,equity,tecnico,volatilidad_hist_30d_anualizada_pct,31.9,,%,2026-07-10,2026-09-04T20:02:05Z,Yahoo Finance,2,,,engine/technical/README.md,
XOM,equity,tecnico,volatilidad_hist_30d_anualizada_pct,35.0,,%,2026-07-13,2026-09-04T20:02:05Z,Yahoo Finance,2,,,engine/technical/README.md,
XOM,equity,tecnico,volatilidad_hist_30d_anualizada_pct,34.8,,%,2026-07-14,2026-09-04T20:02:05Z,Yahoo Finance,2,,,engine/technical/README.md,
XOM,equity,tecnico,volatilidad_hist_30d_anualizada_pct,33.3,,%,2026-07-15,2026-09-04T20:02:05Z,Yahoo Finance,2,,,engine/technical/README.md,
XOM,equity,tecnico,volatilidad_hist_30d_anualizada_pct,33.5,,%,2026-07-16,2026-09-04T20:02:05Z,Yahoo Finance,2,,,engine/technical/README.md,
XOM,equity,tecnico,volatilidad_hist_30d_anualizada_pct,33.0,,%,2026-07-17,2026-09-04T20:02:05Z,Yahoo Finance,2,,,engine/technical/README.md,
XOM,equity,tecnico,volatilidad_hist_30d_anualizada_pct,33.1,,%,2026-07-20,2026-09-04T20:02:05Z,Yahoo Finance,2,,,engine/technical/README.md,
XOM,equity,tecnico,volatilidad_hist_30d_anualizada_pct,33.7,,%,2026-07-21,2026-09-04T20:02:05Z,Yahoo Finance,2,,,engine/technical/README.md,
XOM,equity,tecnico,volatilidad_hist_30d_anualizada_pct,34.0,,%,2026-07-22,2026-09-04T20:02:05Z,Yahoo Finance,2,,,engine/technical/README.md,
XOM,equity,tecnico,volatilidad_hist_30d_anualizada_pct,33.6,,%,2026-07-23,2026-09-04T20:02:05Z,Yahoo Finance,2,,,engine/technical/README.md,
XOM,equity,tecnico,volatilidad_hist_30d_anualizada_pct,33.4,,%,2026-07-24,2026-09-04T20:02:05Z,Yahoo Finance,2,,,engine/technical/README.md,
XOM,equity,tecnico,volatilidad_hist_30d_anualizada_pct,32.3,,%,2026-07-27,2026-09-04T20:02:05Z,Yahoo Finance,2,,,engine/technical/README.md,
XOM,equity,tecnico,volatilidad_hist_30d_anualizada_pct,32.6,,%,2026-07-28,2026-09-04T20:02:05Z,Yahoo Finance,2,,,engine/technical/README.md,
XOM,equity,tecnico,volatilidad_hist_30d_anualizada_pct,29.5,,%,2026-07-29,2026-09-04T20:02:05Z,Yahoo Finance,2,,,engine/technical/README.md,
XOM,equity,tecnico,volatilidad_hist_30d_anualizada_pct,29.5,,%,2026-07-30,2026-09-04T20:02:05Z,Yahoo Finance,2,,,engine/technical/README.md,
XOM,equity,tecnico,volatilidad_hist_30d_anualizada_pct,29.6,,%,2026-07-31,2026-09-04T20:02:05Z,Yahoo Finance,2,,,engine/technical/README.md,
XOM,equity,tecnico,volatilidad_hist_30d_anualizada_pct,28.4,,%,2026-08-03,2026-09-04T20:02:05Z,Yahoo Finance,2,,,engine/technical/README.md,
XOM,equity,tecnico,volatilidad_hist_30d_anualizada_pct,28.6,,%,2026-08-04,2026-09-04T20:02:05Z,Yahoo Finance,2,,,engine/technical/README.md,
XOM,equity,tecnico,volatilidad_hist_30d_anualizada_pct,29.3,,%,2026-08-05,2026-09-04T20:02:05Z,Yahoo Finance,2,,,engine/technical/README.md,
XOM,equity,tecnico,volatilidad_hist_30d_anualizada_pct,28.7,,%,2026-08-06,2026-09-04T20:02:05Z,Yahoo Finance,2,,,engine/technical/README.md,
XOM,equity,tecnico,volatilidad_hist_30d_anualizada_pct,29.2,,%,2026-08-07,2026-09-04T20:02:05Z,Yahoo Finance,2,,,engine/technical/README.md,
XOM,equity,tecnico,volatilidad_hist_30d_anualizada_pct,32.0,,%,2026-08-10,2026-09-04T20:02:05Z,Yahoo Finance,2,,,engine/technical/README.md,
XOM,equity,tecnico,volatilidad_hist_30d_anualizada_pct,31.9,,%,2026-08-11,2026-09-04T20:02:05Z,Yahoo Finance,2,,,engine/technical/README.md,
XOM,equity,tecnico,volatilidad_hist_30d_anualizada_pct,32.0,,%,2026-08-12,2026-09-04T20:02:05Z,Yahoo Finance,2,,,engine/technical/README.md,
XOM,equity,tecnico,volatilidad_hist_30d_anualizada_pct,32.2,,%,2026-08-13,2026-09-04T20:02:05Z,Yahoo Finance,2,,,engine/technical/README.md,
XOM,equity,tecnico,volatilidad_hist_30d_anualizada_pct,32.2,,%,2026-08-14,2026-09-04T20:02:05Z,Yahoo Finance,2,,,engine/technical/README.md,
XOM,equity,tecnico,volatilidad_hist_30d_anualizada_pct,32.0,,%,2026-08-17,2026-09-04T20:02:05Z,Yahoo Finance,2,,,engine/technical/README.md,
XOM,equity,tecnico,volatilidad_hist_30d_anualizada_pct,30.7,,%,2026-08-18,2026-09-04T20:02:05Z,Yahoo Finance,2,,,engine/technical/README.md,
XOM,equity,tecnico,volatilidad_hist_30d_anualizada_pct,30.7,,%,2026-08-19,2026-09-04T20:02:05Z,Yahoo Finance,2,,,engine/technical/README.md,
XOM,equity,tecnico,volatilidad_hist_30d_anualizada_pct,28.5,,%,2026-08-20,2026-09-04T20:02:05Z,Yahoo Finance,2,,,engine/technical/README.md,
XOM,equity,tecnico,volatilidad_hist_30d_anualizada_pct,28.8,,%,2026-08-21,2026-09-04T20:02:05Z,Yahoo Finance,2,,,engine/technical/README.md,
XOM,equity,tecnico,volatilidad_hist_30d_anualizada_pct,26.4,,%,2026-08-24,2026-09-04T20:02:05Z,Yahoo Finance,2,,,engine/technical/README.md,
XOM,equity,tecnico,volatilidad_hist_30d_anualizada_pct,27.8,,%,2026-08-25,2026-09-04T20:02:05Z,Yahoo Finance,2,,,engine/technical/README.md,
XOM,equity,tecnico,volatilidad_hist_30d_anualizada_pct,28.5,,%,2026-08-26,2026-09-04T20:02:05Z,Yahoo Finance,2,,,engine/technical/README.md,
XOM,equity,tecnico,volatilidad_hist_30d_anualizada_pct,28.8,,%,2026-08-27,2026-09-04T20:02:05Z,Yahoo Finance,2,,,engine/technical/README.md,
XOM,equity,tecnico,volatilidad_hist_30d_anualizada_pct,28.6,,%,2026-08-28,2026-09-04T20:02:05Z,Yahoo Finance,2,,,engine/technical/README.md,
XOM,equity,tecnico,volatilidad_hist_30d_anualizada_pct,29.9,,%,2026-08-31,2026-09-04T20:02:05Z,Yahoo Finance,2,,,engine/technical/README.md,
XOM,equity,tecnico,volatilidad_hist_30d_anualizada_pct,29.9,,%,2026-09-01,2026-09-04T20:02:05Z,Yahoo Finance,2,,,engine/technical/README.md,
XOM,equity,tecnico,volatilidad_hist_30d_anualizada_pct,29.4,,%,2026-09-03,2026-09-04T20:02:05Z,Yahoo Finance,2,,,engine/technical/README.md,
XOM,equity,tecnico,volatilidad_hist_30d_anualizada_pct,30.0,,%,2026-09-04,2026-09-04T20:02:05Z,Yahoo Finance,2,,,engine/technical/README.md,
XOM,equity,tecnico,volumen,14175100.0,,unidades,2026-01-02,2026-09-04T20:02:05Z,Yahoo Finance,2,,,engine/technical/README.md,
XOM,equity,tecnico,volumen,30112200.0,,unidades,2026-01-05,2026-09-04T20:02:05Z,Yahoo Finance,2,,,engine/technical/README.md,
XOM,equity,tecnico,volumen,23328600.0,,unidades,2026-01-06,2026-09-04T20:02:05Z,Yahoo Finance,2,,,engine/technical/README.md,
XOM,equity,tecnico,volumen,20353000.0,,unidades,2026-01-07,2026-09-04T20:02:05Z,Yahoo Finance,2,,,engine/technical/README.md,
XOM,equity,tecnico,volumen,20232700.0,,unidades,2026-01-08,2026-09-04T20:02:05Z,Yahoo Finance,2,,,engine/technical/README.md,
XOM,equity,tecnico,volumen,16137700.0,,unidades,2026-01-09,2026-09-04T20:02:05Z,Yahoo Finance,2,,,engine/technical/README.md,
XOM,equity,tecnico,volumen,15314900.0,,unidades,2026-01-12,2026-09-04T20:02:05Z,Yahoo Finance,2,,,engine/technical/README.md,
XOM,equity,tecnico,volumen,21619700.0,,unidades,2026-01-13,2026-09-04T20:02:05Z,Yahoo Finance,2,,,engine/technical/README.md,
XOM,equity,tecnico,volumen,27593900.0,,unidades,2026-01-14,2026-09-04T20:02:05Z,Yahoo Finance,2,,,engine/technical/README.md,
XOM,equity,tecnico,volumen,17400000.0,,unidades,2026-01-15,2026-09-04T20:02:05Z,Yahoo Finance,2,,,engine/technical/README.md,
XOM,equity,tecnico,volumen,16592400.0,,unidades,2026-01-16,2026-09-04T20:02:05Z,Yahoo Finance,2,,,engine/technical/README.md,
XOM,equity,tecnico,volumen,16477300.0,,unidades,2026-01-20,2026-09-04T20:02:05Z,Yahoo Finance,2,,,engine/technical/README.md,
XOM,equity,tecnico,volumen,18879900.0,,unidades,2026-01-21,2026-09-04T20:02:05Z,Yahoo Finance,2,,,engine/technical/README.md,
XOM,equity,tecnico,volumen,16600100.0,,unidades,2026-01-22,2026-09-04T20:02:05Z,Yahoo Finance,2,,,engine/technical/README.md,
XOM,equity,tecnico,volumen,17758200.0,,unidades,2026-01-23,2026-09-04T20:02:05Z,Yahoo Finance,2,,,engine/technical/README.md,
XOM,equity,tecnico,volumen,16056100.0,,unidades,2026-01-26,2026-09-04T20:02:05Z,Yahoo Finance,2,,,engine/technical/README.md,
XOM,equity,tecnico,volumen,14517000.0,,unidades,2026-01-27,2026-09-04T20:02:05Z,Yahoo Finance,2,,,engine/technical/README.md,
XOM,equity,tecnico,volumen,15637300.0,,unidades,2026-01-28,2026-09-04T20:02:05Z,Yahoo Finance,2,,,engine/technical/README.md,
XOM,equity,tecnico,volumen,35760600.0,,unidades,2026-01-29,2026-09-04T20:02:05Z,Yahoo Finance,2,,,engine/technical/README.md,
XOM,equity,tecnico,volumen,29657700.0,,unidades,2026-01-30,2026-09-04T20:02:05Z,Yahoo Finance,2,,,engine/technical/README.md,
XOM,equity,tecnico,volumen,27735600.0,,unidades,2026-02-02,2026-09-04T20:02:05Z,Yahoo Finance,2,,,engine/technical/README.md,
XOM,equity,tecnico,volumen,37577800.0,,unidades,2026-02-03,2026-09-04T20:02:05Z,Yahoo Finance,2,,,engine/technical/README.md,
XOM,equity,tecnico,volumen,29426200.0,,unidades,2026-02-04,2026-09-04T20:02:05Z,Yahoo Finance,2,,,engine/technical/README.md,
XOM,equity,tecnico,volumen,18431700.0,,unidades,2026-02-05,2026-09-04T20:02:05Z,Yahoo Finance,2,,,engine/technical/README.md,
XOM,equity,tecnico,volumen,17216000.0,,unidades,2026-02-06,2026-09-04T20:02:05Z,Yahoo Finance,2,,,engine/technical/README.md,
XOM,equity,tecnico,volumen,21297300.0,,unidades,2026-02-09,2026-09-04T20:02:05Z,Yahoo Finance,2,,,engine/technical/README.md,
XOM,equity,tecnico,volumen,15800300.0,,unidades,2026-02-10,2026-09-04T20:02:05Z,Yahoo Finance,2,,,engine/technical/README.md,
XOM,equity,tecnico,volumen,23091500.0,,unidades,2026-02-11,2026-09-04T20:02:05Z,Yahoo Finance,2,,,engine/technical/README.md,
XOM,equity,tecnico,volumen,30652500.0,,unidades,2026-02-12,2026-09-04T20:02:05Z,Yahoo Finance,2,,,engine/technical/README.md,
XOM,equity,tecnico,volumen,20166000.0,,unidades,2026-02-13,2026-09-04T20:02:05Z,Yahoo Finance,2,,,engine/technical/README.md,
XOM,equity,tecnico,volumen,19766600.0,,unidades,2026-02-17,2026-09-04T20:02:05Z,Yahoo Finance,2,,,engine/technical/README.md,
XOM,equity,tecnico,volumen,19849700.0,,unidades,2026-02-18,2026-09-04T20:02:05Z,Yahoo Finance,2,,,engine/technical/README.md,
XOM,equity,tecnico,volumen,20305000.0,,unidades,2026-02-19,2026-09-04T20:02:05Z,Yahoo Finance,2,,,engine/technical/README.md,
XOM,equity,tecnico,volumen,25908600.0,,unidades,2026-02-20,2026-09-04T20:02:05Z,Yahoo Finance,2,,,engine/technical/README.md,
XOM,equity,tecnico,volumen,16073100.0,,unidades,2026-02-23,2026-09-04T20:02:05Z,Yahoo Finance,2,,,engine/technical/README.md,
XOM,equity,tecnico,volumen,14185500.0,,unidades,2026-02-24,2026-09-04T20:02:05Z,Yahoo Finance,2,,,engine/technical/README.md,
XOM,equity,tecnico,volumen,15225700.0,,unidades,2026-02-25,2026-09-04T20:02:05Z,Yahoo Finance,2,,,engine/technical/README.md,
XOM,equity,tecnico,volumen,15632100.0,,unidades,2026-02-26,2026-09-04T20:02:05Z,Yahoo Finance,2,,,engine/technical/README.md,
XOM,equity,tecnico,volumen,30275100.0,,unidades,2026-02-27,2026-09-04T20:02:05Z,Yahoo Finance,2,,,engine/technical/README.md,
XOM,equity,tecnico,volumen,31493100.0,,unidades,2026-03-02,2026-09-04T20:02:05Z,Yahoo Finance,2,,,engine/technical/README.md,
XOM,equity,tecnico,volumen,25198900.0,,unidades,2026-03-03,2026-09-04T20:02:05Z,Yahoo Finance,2,,,engine/technical/README.md,
XOM,equity,tecnico,volumen,16764800.0,,unidades,2026-03-04,2026-09-04T20:02:05Z,Yahoo Finance,2,,,engine/technical/README.md,
XOM,equity,tecnico,volumen,22969300.0,,unidades,2026-03-05,2026-09-04T20:02:05Z,Yahoo Finance,2,,,engine/technical/README.md,
XOM,equity,tecnico,volumen,21136400.0,,unidades,2026-03-06,2026-09-04T20:02:05Z,Yahoo Finance,2,,,engine/technical/README.md,
XOM,equity,tecnico,volumen,25532700.0,,unidades,2026-03-09,2026-09-04T20:02:05Z,Yahoo Finance,2,,,engine/technical/README.md,
XOM,equity,tecnico,volumen,19617600.0,,unidades,2026-03-10,2026-09-04T20:02:05Z,Yahoo Finance,2,,,engine/technical/README.md,
XOM,equity,tecnico,volumen,15297400.0,,unidades,2026-03-11,2026-09-04T20:02:05Z,Yahoo Finance,2,,,engine/technical/README.md,
XOM,equity,tecnico,volumen,26054000.0,,unidades,2026-03-12,2026-09-04T20:02:05Z,Yahoo Finance,2,,,engine/technical/README.md,
XOM,equity,tecnico,volumen,22414100.0,,unidades,2026-03-13,2026-09-04T20:02:05Z,Yahoo Finance,2,,,engine/technical/README.md,
XOM,equity,tecnico,volumen,22835600.0,,unidades,2026-03-16,2026-09-04T20:02:05Z,Yahoo Finance,2,,,engine/technical/README.md,
XOM,equity,tecnico,volumen,21592200.0,,unidades,2026-03-17,2026-09-04T20:02:05Z,Yahoo Finance,2,,,engine/technical/README.md,
XOM,equity,tecnico,volumen,18947100.0,,unidades,2026-03-18,2026-09-04T20:02:05Z,Yahoo Finance,2,,,engine/technical/README.md,
XOM,equity,tecnico,volumen,27082700.0,,unidades,2026-03-19,2026-09-04T20:02:05Z,Yahoo Finance,2,,,engine/technical/README.md,
XOM,equity,tecnico,volumen,53942100.0,,unidades,2026-03-20,2026-09-04T20:02:05Z,Yahoo Finance,2,,,engine/technical/README.md,
XOM,equity,tecnico,volumen,25021300.0,,unidades,2026-03-23,2026-09-04T20:02:05Z,Yahoo Finance,2,,,engine/technical/README.md,
XOM,equity,tecnico,volumen,26131800.0,,unidades,2026-03-24,2026-09-04T20:02:05Z,Yahoo Finance,2,,,engine/technical/README.md,
XOM,equity,tecnico,volumen,17192300.0,,unidades,2026-03-25,2026-09-04T20:02:05Z,Yahoo Finance,2,,,engine/technical/README.md,
XOM,equity,tecnico,volumen,18625200.0,,unidades,2026-03-26,2026-09-04T20:02:05Z,Yahoo Finance,2,,,engine/technical/README.md,
XOM,equity,tecnico,volumen,30338300.0,,unidades,2026-03-27,2026-09-04T20:02:05Z,Yahoo Finance,2,,,engine/technical/README.md,
XOM,equity,tecnico,volumen,29813500.0,,unidades,2026-03-30,2026-09-04T20:02:05Z,Yahoo Finance,2,,,engine/technical/README.md,
XOM,equity,tecnico,volumen,32006700.0,,unidades,2026-03-31,2026-09-04T20:02:05Z,Yahoo Finance,2,,,engine/technical/README.md,
XOM,equity,tecnico,volumen,37927600.0,,unidades,2026-04-01,2026-09-04T20:02:05Z,Yahoo Finance,2,,,engine/technical/README.md,
XOM,equity,tecnico,volumen,25377700.0,,unidades,2026-04-02,2026-09-04T20:02:05Z,Yahoo Finance,2,,,engine/technical/README.md,
XOM,equity,tecnico,volumen,16344300.0,,unidades,2026-04-06,2026-09-04T20:02:05Z,Yahoo Finance,2,,,engine/technical/README.md,
XOM,equity,tecnico,volumen,25227500.0,,unidades,2026-04-07,2026-09-04T20:02:05Z,Yahoo Finance,2,,,engine/technical/README.md,
XOM,equity,tecnico,volumen,31311200.0,,unidades,2026-04-08,2026-09-04T20:02:05Z,Yahoo Finance,2,,,engine/technical/README.md,
XOM,equity,tecnico,volumen,25868400.0,,unidades,2026-04-09,2026-09-04T20:02:05Z,Yahoo Finance,2,,,engine/technical/README.md,
XOM,equity,tecnico,volumen,21065000.0,,unidades,2026-04-10,2026-09-04T20:02:05Z,Yahoo Finance,2,,,engine/technical/README.md,
XOM,equity,tecnico,volumen,18685600.0,,unidades,2026-04-13,2026-09-04T20:02:05Z,Yahoo Finance,2,,,engine/technical/README.md,
XOM,equity,tecnico,volumen,18528200.0,,unidades,2026-04-14,2026-09-04T20:02:05Z,Yahoo Finance,2,,,engine/technical/README.md,
XOM,equity,tecnico,volumen,15626500.0,,unidades,2026-04-15,2026-09-04T20:02:05Z,Yahoo Finance,2,,,engine/technical/README.md,
XOM,equity,tecnico,volumen,15191000.0,,unidades,2026-04-16,2026-09-04T20:02:05Z,Yahoo Finance,2,,,engine/technical/README.md,
XOM,equity,tecnico,volumen,28947400.0,,unidades,2026-04-17,2026-09-04T20:02:05Z,Yahoo Finance,2,,,engine/technical/README.md,
XOM,equity,tecnico,volumen,16354400.0,,unidades,2026-04-20,2026-09-04T20:02:05Z,Yahoo Finance,2,,,engine/technical/README.md,
XOM,equity,tecnico,volumen,17515900.0,,unidades,2026-04-21,2026-09-04T20:02:05Z,Yahoo Finance,2,,,engine/technical/README.md,
XOM,equity,tecnico,volumen,13738700.0,,unidades,2026-04-22,2026-09-04T20:02:05Z,Yahoo Finance,2,,,engine/technical/README.md,
XOM,equity,tecnico,volumen,12970400.0,,unidades,2026-04-23,2026-09-04T20:02:05Z,Yahoo Finance,2,,,engine/technical/README.md,
XOM,equity,tecnico,volumen,13735900.0,,unidades,2026-04-24,2026-09-04T20:02:05Z,Yahoo Finance,2,,,engine/technical/README.md,
XOM,equity,tecnico,volumen,13940800.0,,unidades,2026-04-27,2026-09-04T20:02:05Z,Yahoo Finance,2,,,engine/technical/README.md,
XOM,equity,tecnico,volumen,15173600.0,,unidades,2026-04-28,2026-09-04T20:02:05Z,Yahoo Finance,2,,,engine/technical/README.md,
XOM,equity,tecnico,volumen,14669100.0,,unidades,2026-04-29,2026-09-04T20:02:05Z,Yahoo Finance,2,,,engine/technical/README.md,
XOM,equity,tecnico,volumen,22885900.0,,unidades,2026-04-30,2026-09-04T20:02:05Z,Yahoo Finance,2,,,engine/technical/README.md,
XOM,equity,tecnico,volumen,15458200.0,,unidades,2026-05-01,2026-09-04T20:02:05Z,Yahoo Finance,2,,,engine/technical/README.md,
XOM,equity,tecnico,volumen,14238500.0,,unidades,2026-05-04,2026-09-04T20:02:05Z,Yahoo Finance,2,,,engine/technical/README.md,
XOM,equity,tecnico,volumen,12494600.0,,unidades,2026-05-05,2026-09-04T20:02:05Z,Yahoo Finance,2,,,engine/technical/README.md,
XOM,equity,tecnico,volumen,20527000.0,,unidades,2026-05-06,2026-09-04T20:02:05Z,Yahoo Finance,2,,,engine/technical/README.md,
XOM,equity,tecnico,volumen,22509400.0,,unidades,2026-05-07,2026-09-04T20:02:05Z,Yahoo Finance,2,,,engine/technical/README.md,
XOM,equity,tecnico,volumen,19550100.0,,unidades,2026-05-08,2026-09-04T20:02:05Z,Yahoo Finance,2,,,engine/technical/README.md,
XOM,equity,tecnico,volumen,14849500.0,,unidades,2026-05-11,2026-09-04T20:02:05Z,Yahoo Finance,2,,,engine/technical/README.md,
XOM,equity,tecnico,volumen,16443100.0,,unidades,2026-05-12,2026-09-04T20:02:05Z,Yahoo Finance,2,,,engine/technical/README.md,
XOM,equity,tecnico,volumen,15772800.0,,unidades,2026-05-13,2026-09-04T20:02:05Z,Yahoo Finance,2,,,engine/technical/README.md,
XOM,equity,tecnico,volumen,11331500.0,,unidades,2026-05-14,2026-09-04T20:02:05Z,Yahoo Finance,2,,,engine/technical/README.md,
XOM,equity,tecnico,volumen,27882400.0,,unidades,2026-05-15,2026-09-04T20:02:05Z,Yahoo Finance,2,,,engine/technical/README.md,
XOM,equity,tecnico,volumen,20065200.0,,unidades,2026-05-18,2026-09-04T20:02:05Z,Yahoo Finance,2,,,engine/technical/README.md,
XOM,equity,tecnico,volumen,20715600.0,,unidades,2026-05-19,2026-09-04T20:02:05Z,Yahoo Finance,2,,,engine/technical/README.md,
XOM,equity,tecnico,volumen,18509700.0,,unidades,2026-05-20,2026-09-04T20:02:05Z,Yahoo Finance,2,,,engine/technical/README.md,
XOM,equity,tecnico,volumen,17061700.0,,unidades,2026-05-21,2026-09-04T20:02:05Z,Yahoo Finance,2,,,engine/technical/README.md,
XOM,equity,tecnico,volumen,12948500.0,,unidades,2026-05-22,2026-09-04T20:02:05Z,Yahoo Finance,2,,,engine/technical/README.md,
XOM,equity,tecnico,volumen,13057800.0,,unidades,2026-05-26,2026-09-04T20:02:05Z,Yahoo Finance,2,,,engine/technical/README.md,
XOM,equity,tecnico,volumen,16241100.0,,unidades,2026-05-27,2026-09-04T20:02:05Z,Yahoo Finance,2,,,engine/technical/README.md,
XOM,equity,tecnico,volumen,14012500.0,,unidades,2026-05-28,2026-09-04T20:02:05Z,Yahoo Finance,2,,,engine/technical/README.md,
XOM,equity,tecnico,volumen,27959900.0,,unidades,2026-05-29,2026-09-04T20:02:05Z,Yahoo Finance,2,,,engine/technical/README.md,
XOM,equity,tecnico,volumen,16732100.0,,unidades,2026-06-01,2026-09-04T20:02:05Z,Yahoo Finance,2,,,engine/technical/README.md,
XOM,equity,tecnico,volumen,10462400.0,,unidades,2026-06-02,2026-09-04T20:02:05Z,Yahoo Finance,2,,,engine/technical/README.md,
XOM,equity,tecnico,volumen,14373000.0,,unidades,2026-06-03,2026-09-04T20:02:05Z,Yahoo Finance,2,,,engine/technical/README.md,
XOM,equity,tecnico,volumen,11799400.0,,unidades,2026-06-04,2026-09-04T20:02:05Z,Yahoo Finance,2,,,engine/technical/README.md,
XOM,equity,tecnico,volumen,16584000.0,,unidades,2026-06-05,2026-09-04T20:02:05Z,Yahoo Finance,2,,,engine/technical/README.md,
XOM,equity,tecnico,volumen,13870900.0,,unidades,2026-06-08,2026-09-04T20:02:05Z,Yahoo Finance,2,,,engine/technical/README.md,
XOM,equity,tecnico,volumen,18163500.0,,unidades,2026-06-09,2026-09-04T20:02:05Z,Yahoo Finance,2,,,engine/technical/README.md,
XOM,equity,tecnico,volumen,14596500.0,,unidades,2026-06-10,2026-09-04T20:02:05Z,Yahoo Finance,2,,,engine/technical/README.md,
XOM,equity,tecnico,volumen,17285800.0,,unidades,2026-06-11,2026-09-04T20:02:05Z,Yahoo Finance,2,,,engine/technical/README.md,
XOM,equity,tecnico,volumen,17713100.0,,unidades,2026-06-12,2026-09-04T20:02:05Z,Yahoo Finance,2,,,engine/technical/README.md,
XOM,equity,tecnico,volumen,23631400.0,,unidades,2026-06-15,2026-09-04T20:02:05Z,Yahoo Finance,2,,,engine/technical/README.md,
XOM,equity,tecnico,volumen,18925400.0,,unidades,2026-06-16,2026-09-04T20:02:05Z,Yahoo Finance,2,,,engine/technical/README.md,
XOM,equity,tecnico,volumen,16663200.0,,unidades,2026-06-17,2026-09-04T20:02:05Z,Yahoo Finance,2,,,engine/technical/README.md,
XOM,equity,tecnico,volumen,48063400.0,,unidades,2026-06-18,2026-09-04T20:02:05Z,Yahoo Finance,2,,,engine/technical/README.md,
XOM,equity,tecnico,volumen,15783300.0,,unidades,2026-06-22,2026-09-04T20:02:05Z,Yahoo Finance,2,,,engine/technical/README.md,
XOM,equity,tecnico,volumen,13699400.0,,unidades,2026-06-23,2026-09-04T20:02:05Z,Yahoo Finance,2,,,engine/technical/README.md,
XOM,equity,tecnico,volumen,16212900.0,,unidades,2026-06-24,2026-09-04T20:02:05Z,Yahoo Finance,2,,,engine/technical/README.md,
XOM,equity,tecnico,volumen,13288800.0,,unidades,2026-06-25,2026-09-04T20:02:05Z,Yahoo Finance,2,,,engine/technical/README.md,
XOM,equity,tecnico,volumen,22684200.0,,unidades,2026-06-26,2026-09-04T20:02:05Z,Yahoo Finance,2,,,engine/technical/README.md,
XOM,equity,tecnico,volumen,11972700.0,,unidades,2026-06-29,2026-09-04T20:02:05Z,Yahoo Finance,2,,,engine/technical/README.md,
XOM,equity,tecnico,volumen,28784000.0,,unidades,2026-06-30,2026-09-04T20:02:05Z,Yahoo Finance,2,,,engine/technical/README.md,
XOM,equity,tecnico,volumen,12433400.0,,unidades,2026-07-01,2026-09-04T20:02:05Z,Yahoo Finance,2,,,engine/technical/README.md,
XOM,equity,tecnico,volumen,13703300.0,,unidades,2026-07-02,2026-09-04T20:02:05Z,Yahoo Finance,2,,,engine/technical/README.md,
XOM,equity,tecnico,volumen,13915100.0,,unidades,2026-07-06,2026-09-04T20:02:05Z,Yahoo Finance,2,,,engine/technical/README.md,
XOM,equity,tecnico,volumen,14667800.0,,unidades,2026-07-07,2026-09-04T20:02:05Z,Yahoo Finance,2,,,engine/technical/README.md,
XOM,equity,tecnico,volumen,18291400.0,,unidades,2026-07-08,2026-09-04T20:02:05Z,Yahoo Finance,2,,,engine/technical/README.md,
XOM,equity,tecnico,volumen,14110200.0,,unidades,2026-07-09,2026-09-04T20:02:05Z,Yahoo Finance,2,,,engine/technical/README.md,
XOM,equity,tecnico,volumen,9753500.0,,unidades,2026-07-10,2026-09-04T20:02:05Z,Yahoo Finance,2,,,engine/technical/README.md,
XOM,equity,tecnico,volumen,18724300.0,,unidades,2026-07-13,2026-09-04T20:02:05Z,Yahoo Finance,2,,,engine/technical/README.md,
XOM,equity,tecnico,volumen,16096400.0,,unidades,2026-07-14,2026-09-04T20:02:05Z,Yahoo Finance,2,,,engine/technical/README.md,
XOM,equity,tecnico,volumen,13444500.0,,unidades,2026-07-15,2026-09-04T20:02:05Z,Yahoo Finance,2,,,engine/technical/README.md,
XOM,equity,tecnico,volumen,13518000.0,,unidades,2026-07-16,2026-09-04T20:02:05Z,Yahoo Finance,2,,,engine/technical/README.md,
XOM,equity,tecnico,volumen,19031400.0,,unidades,2026-07-17,2026-09-04T20:02:05Z,Yahoo Finance,2,,,engine/technical/README.md,
XOM,equity,tecnico,volumen,12149200.0,,unidades,2026-07-20,2026-09-04T20:02:05Z,Yahoo Finance,2,,,engine/technical/README.md,
XOM,equity,tecnico,volumen,13145300.0,,unidades,2026-07-21,2026-09-04T20:02:05Z,Yahoo Finance,2,,,engine/technical/README.md,
XOM,equity,tecnico,volumen,13788700.0,,unidades,2026-07-22,2026-09-04T20:02:05Z,Yahoo Finance,2,,,engine/technical/README.md,
XOM,equity,tecnico,volumen,15822800.0,,unidades,2026-07-23,2026-09-04T20:02:05Z,Yahoo Finance,2,,,engine/technical/README.md,
XOM,equity,tecnico,volumen,12091600.0,,unidades,2026-07-24,2026-09-04T20:02:05Z,Yahoo Finance,2,,,engine/technical/README.md,
XOM,equity,tecnico,volumen,13955800.0,,unidades,2026-07-27,2026-09-04T20:02:05Z,Yahoo Finance,2,,,engine/technical/README.md,
XOM,equity,tecnico,volumen,16299900.0,,unidades,2026-07-28,2026-09-04T20:02:05Z,Yahoo Finance,2,,,engine/technical/README.md,
XOM,equity,tecnico,volumen,14571300.0,,unidades,2026-07-29,2026-09-04T20:02:05Z,Yahoo Finance,2,,,engine/technical/README.md,
XOM,equity,tecnico,volumen,12578100.0,,unidades,2026-07-30,2026-09-04T20:02:05Z,Yahoo Finance,2,,,engine/technical/README.md,
XOM,equity,tecnico,volumen,15714200.0,,unidades,2026-07-31,2026-09-04T20:02:05Z,Yahoo Finance,2,,,engine/technical/README.md,
XOM,equity,tecnico,volumen,14532800.0,,unidades,2026-08-03,2026-09-04T20:02:05Z,Yahoo Finance,2,,,engine/technical/README.md,
XOM,equity,tecnico,volumen,14347900.0,,unidades,2026-08-04,2026-09-04T20:02:05Z,Yahoo Finance,2,,,engine/technical/README.md,
XOM,equity,tecnico,volumen,12227500.0,,unidades,2026-08-05,2026-09-04T20:02:05Z,Yahoo Finance,2,,,engine/technical/README.md,
XOM,equity,tecnico,volumen,11879100.0,,unidades,2026-08-06,2026-09-04T20:02:05Z,Yahoo Finance,2,,,engine/technical/README.md,
XOM,equity,tecnico,volumen,18455200.0,,unidades,2026-08-07,2026-09-04T20:02:05Z,Yahoo Finance,2,,,engine/technical/README.md,
XOM,equity,tecnico,volumen,19761600.0,,unidades,2026-08-10,2026-09-04T20:02:05Z,Yahoo Finance,2,,,engine/technical/README.md,
XOM,equity,tecnico,volumen,13744500.0,,unidades,2026-08-11,2026-09-04T20:02:05Z,Yahoo Finance,2,,,engine/technical/README.md,
XOM,equity,tecnico,volumen,13219500.0,,unidades,2026-08-12,2026-09-04T20:02:05Z,Yahoo Finance,2,,,engine/technical/README.md,
XOM,equity,tecnico,volumen,10542800.0,,unidades,2026-08-13,2026-09-04T20:02:05Z,Yahoo Finance,2,,,engine/technical/README.md,
XOM,equity,tecnico,volumen,10231300.0,,unidades,2026-08-14,2026-09-04T20:02:05Z,Yahoo Finance,2,,,engine/technical/README.md,
XOM,equity,tecnico,volumen,12858100.0,,unidades,2026-08-17,2026-09-04T20:02:05Z,Yahoo Finance,2,,,engine/technical/README.md,
XOM,equity,tecnico,volumen,18952700.0,,unidades,2026-08-18,2026-09-04T20:02:05Z,Yahoo Finance,2,,,engine/technical/README.md,
XOM,equity,tecnico,volumen,13648900.0,,unidades,2026-08-19,2026-09-04T20:02:05Z,Yahoo Finance,2,,,engine/technical/README.md,
XOM,equity,tecnico,volumen,13803000.0,,unidades,2026-08-20,2026-09-04T20:02:05Z,Yahoo Finance,2,,,engine/technical/README.md,
XOM,equity,tecnico,volumen,14314300.0,,unidades,2026-08-21,2026-09-04T20:02:05Z,Yahoo Finance,2,,,engine/technical/README.md,
XOM,equity,tecnico,volumen,10842500.0,,unidades,2026-08-24,2026-09-04T20:02:05Z,Yahoo Finance,2,,,engine/technical/README.md,
XOM,equity,tecnico,volumen,17525300.0,,unidades,2026-08-25,2026-09-04T20:02:05Z,Yahoo Finance,2,,,engine/technical/README.md,
XOM,equity,tecnico,volumen,14838400.0,,unidades,2026-08-26,2026-09-04T20:02:05Z,Yahoo Finance,2,,,engine/technical/README.md,
XOM,equity,tecnico,volumen,14288500.0,,unidades,2026-08-27,2026-09-04T20:02:05Z,Yahoo Finance,2,,,engine/technical/README.md,
XOM,equity,tecnico,volumen,11352600.0,,unidades,2026-08-28,2026-09-04T20:02:05Z,Yahoo Finance,2,,,engine/technical/README.md,
XOM,equity,tecnico,volumen,18363400.0,,unidades,2026-08-31,2026-09-04T20:02:05Z,Yahoo Finance,2,,,engine/technical/README.md,
XOM,equity,tecnico,volumen,11381800.0,,unidades,2026-09-01,2026-09-04T20:02:05Z,Yahoo Finance,2,,,engine/technical/README.md,
XOM,equity,tecnico,volumen,13755100.0,,unidades,2026-09-03,2026-09-04T20:02:05Z,Yahoo Finance,2,,,engine/technical/README.md,
XOM,equity,tecnico,volumen,10138226.0,,unidades,2026-09-04,2026-09-04T20:02:05Z,Yahoo Finance,2,,,engine/technical/README.md,
