asset_id,asset_type,domain,metric,value,value_text,unit,data_as_of,retrieved_at,source,source_priority,confidence_pct,data_quality_pct,calculation_method,source_url
XRP,crypto,fundamental,fdv_mcap_ratio,1.601,,ratio,2026-07-20,2026-09-04T11:17:40Z,CoinGecko,2,,80,engine/crypto/README.md,
XRP,crypto,fundamental,fdv_mcap_ratio,1.594,,ratio,2026-09-04,2026-09-04T10:11:47Z,CoinGecko,2,,80,engine/crypto/README.md,
XRP,crypto,fundamental,market_cap_percentile_365d,3.4,,%,2026-07-20,2026-09-04T11:17:40Z,CoinGecko,2,,80,engine/crypto/README.md,
XRP,crypto,fundamental,market_cap_percentile_365d,23.2,,%,2026-09-04,2026-09-04T10:11:47Z,CoinGecko,2,,80,engine/crypto/README.md,
XRP,crypto,fundamental,supply_pct_of_max,62.5,,%,2026-07-20,2026-09-04T11:17:40Z,CoinGecko,2,,80,engine/crypto/README.md,
XRP,crypto,fundamental,supply_pct_of_max,62.7,,%,2026-09-04,2026-09-04T10:11:47Z,CoinGecko,2,,80,engine/crypto/README.md,
XRP,crypto,tecnico,atr14,0.066445,,EUR,2026-01-01,2026-09-04T15:50:42Z,Coinbase,2,,,engine/technical/README.md,
XRP,crypto,tecnico,atr14,0.072021,,EUR,2026-01-02,2026-09-04T15:50:42Z,Coinbase,2,,,engine/technical/README.md,
XRP,crypto,tecnico,atr14,0.071176,,EUR,2026-01-03,2026-09-04T15:50:42Z,Coinbase,2,,,engine/technical/README.md,
XRP,crypto,tecnico,atr14,0.072392,,EUR,2026-01-04,2026-09-04T15:50:42Z,Coinbase,2,,,engine/technical/README.md,
XRP,crypto,tecnico,atr14,0.084329,,EUR,2026-01-05,2026-09-04T15:50:42Z,Coinbase,2,,,engine/technical/README.md,
XRP,crypto,tecnico,atr14,0.091069,,EUR,2026-01-06,2026-09-04T15:50:42Z,Coinbase,2,,,engine/technical/README.md,
XRP,crypto,tecnico,atr14,0.0948,,EUR,2026-01-07,2026-09-04T15:50:42Z,Coinbase,2,,,engine/technical/README.md,
XRP,crypto,tecnico,atr14,0.095572,,EUR,2026-01-08,2026-09-04T15:50:42Z,Coinbase,2,,,engine/technical/README.md,
XRP,crypto,tecnico,atr14,0.094409,,EUR,2026-01-09,2026-09-04T15:50:42Z,Coinbase,2,,,engine/technical/README.md,
XRP,crypto,tecnico,atr14,0.089502,,EUR,2026-01-10,2026-09-04T15:50:42Z,Coinbase,2,,,engine/technical/README.md,
XRP,crypto,tecnico,atr14,0.087123,,EUR,2026-01-11,2026-09-04T15:50:42Z,Coinbase,2,,,engine/technical/README.md,
XRP,crypto,tecnico,atr14,0.0855,,EUR,2026-01-12,2026-09-04T15:50:42Z,Coinbase,2,,,engine/technical/README.md,
XRP,crypto,tecnico,atr14,0.087993,,EUR,2026-01-13,2026-09-04T15:50:42Z,Coinbase,2,,,engine/technical/README.md,
XRP,crypto,tecnico,atr14,0.08665,,EUR,2026-01-14,2026-09-04T15:50:42Z,Coinbase,2,,,engine/technical/README.md,
XRP,crypto,tecnico,atr14,0.085725,,EUR,2026-01-15,2026-09-04T15:50:42Z,Coinbase,2,,,engine/technical/README.md,
XRP,crypto,tecnico,atr14,0.084031,,EUR,2026-01-16,2026-09-04T15:50:42Z,Coinbase,2,,,engine/technical/README.md,
XRP,crypto,tecnico,atr14,0.079871,,EUR,2026-01-17,2026-09-04T15:50:42Z,Coinbase,2,,,engine/technical/README.md,
XRP,crypto,tecnico,atr14,0.079516,,EUR,2026-01-18,2026-09-04T15:50:42Z,Coinbase,2,,,engine/technical/README.md,
XRP,crypto,tecnico,atr14,0.084015,,EUR,2026-01-19,2026-09-04T15:50:42Z,Coinbase,2,,,engine/technical/README.md,
XRP,crypto,tecnico,atr14,0.086293,,EUR,2026-01-20,2026-09-04T15:50:42Z,Coinbase,2,,,engine/technical/README.md,
XRP,crypto,tecnico,atr14,0.0874,,EUR,2026-01-21,2026-09-04T15:50:42Z,Coinbase,2,,,engine/technical/README.md,
XRP,crypto,tecnico,atr14,0.08555,,EUR,2026-01-22,2026-09-04T15:50:42Z,Coinbase,2,,,engine/technical/README.md,
XRP,crypto,tecnico,atr14,0.083754,,EUR,2026-01-23,2026-09-04T15:50:42Z,Coinbase,2,,,engine/technical/README.md,
XRP,crypto,tecnico,atr14,0.078836,,EUR,2026-01-24,2026-09-04T15:50:42Z,Coinbase,2,,,engine/technical/README.md,
XRP,crypto,tecnico,atr14,0.079719,,EUR,2026-01-25,2026-09-04T15:50:42Z,Coinbase,2,,,engine/technical/README.md,
XRP,crypto,tecnico,atr14,0.080517,,EUR,2026-01-26,2026-09-04T15:50:42Z,Coinbase,2,,,engine/technical/README.md,
XRP,crypto,tecnico,atr14,0.078195,,EUR,2026-01-27,2026-09-04T15:50:42Z,Coinbase,2,,,engine/technical/README.md,
XRP,crypto,tecnico,atr14,0.075659,,EUR,2026-01-28,2026-09-04T15:50:42Z,Coinbase,2,,,engine/technical/README.md,
XRP,crypto,tecnico,atr14,0.078162,,EUR,2026-01-29,2026-09-04T15:50:42Z,Coinbase,2,,,engine/technical/README.md,
XRP,crypto,tecnico,atr14,0.078201,,EUR,2026-01-30,2026-09-04T15:50:42Z,Coinbase,2,,,engine/technical/README.md,
XRP,crypto,tecnico,atr14,0.087729,,EUR,2026-01-31,2026-09-04T15:50:42Z,Coinbase,2,,,engine/technical/README.md,
XRP,crypto,tecnico,atr14,0.089277,,EUR,2026-02-01,2026-09-04T15:50:42Z,Coinbase,2,,,engine/technical/README.md,
XRP,crypto,tecnico,atr14,0.091086,,EUR,2026-02-02,2026-09-04T15:50:42Z,Coinbase,2,,,engine/technical/README.md,
XRP,crypto,tecnico,atr14,0.09098,,EUR,2026-02-03,2026-09-04T15:50:42Z,Coinbase,2,,,engine/technical/README.md,
XRP,crypto,tecnico,atr14,0.091481,,EUR,2026-02-04,2026-09-04T15:50:42Z,Coinbase,2,,,engine/technical/README.md,
XRP,crypto,tecnico,atr14,0.107575,,EUR,2026-02-05,2026-09-04T15:50:42Z,Coinbase,2,,,engine/technical/README.md,
XRP,crypto,tecnico,atr14,0.125534,,EUR,2026-02-06,2026-09-04T15:50:42Z,Coinbase,2,,,engine/technical/README.md,
XRP,crypto,tecnico,atr14,0.122639,,EUR,2026-02-07,2026-09-04T15:50:42Z,Coinbase,2,,,engine/technical/README.md,
XRP,crypto,tecnico,atr14,0.117465,,EUR,2026-02-08,2026-09-04T15:50:42Z,Coinbase,2,,,engine/technical/README.md,
XRP,crypto,tecnico,atr14,0.114289,,EUR,2026-02-09,2026-09-04T15:50:42Z,Coinbase,2,,,engine/technical/README.md,
XRP,crypto,tecnico,atr14,0.109804,,EUR,2026-02-10,2026-09-04T15:50:42Z,Coinbase,2,,,engine/technical/README.md,
XRP,crypto,tecnico,atr14,0.106404,,EUR,2026-02-11,2026-09-04T15:50:42Z,Coinbase,2,,,engine/technical/README.md,
XRP,crypto,tecnico,atr14,0.10241,,EUR,2026-02-12,2026-09-04T15:50:42Z,Coinbase,2,,,engine/technical/README.md,
XRP,crypto,tecnico,atr14,0.099867,,EUR,2026-02-13,2026-09-04T15:50:42Z,Coinbase,2,,,engine/technical/README.md,
XRP,crypto,tecnico,atr14,0.099334,,EUR,2026-02-14,2026-09-04T15:50:42Z,Coinbase,2,,,engine/technical/README.md,
XRP,crypto,tecnico,atr14,0.106088,,EUR,2026-02-15,2026-09-04T15:50:42Z,Coinbase,2,,,engine/technical/README.md,
XRP,crypto,tecnico,atr14,0.102582,,EUR,2026-02-16,2026-09-04T15:50:42Z,Coinbase,2,,,engine/technical/README.md,
XRP,crypto,tecnico,atr14,0.099312,,EUR,2026-02-17,2026-09-04T15:50:42Z,Coinbase,2,,,engine/technical/README.md,
XRP,crypto,tecnico,atr14,0.09689,,EUR,2026-02-18,2026-09-04T15:50:42Z,Coinbase,2,,,engine/technical/README.md,
XRP,crypto,tecnico,atr14,0.093112,,EUR,2026-02-19,2026-09-04T15:50:42Z,Coinbase,2,,,engine/technical/README.md,
XRP,crypto,tecnico,atr14,0.089961,,EUR,2026-02-20,2026-09-04T15:50:42Z,Coinbase,2,,,engine/technical/README.md,
XRP,crypto,tecnico,atr14,0.086228,,EUR,2026-02-21,2026-09-04T15:50:42Z,Coinbase,2,,,engine/technical/README.md,
XRP,crypto,tecnico,atr14,0.083319,,EUR,2026-02-22,2026-09-04T15:50:42Z,Coinbase,2,,,engine/technical/README.md,
XRP,crypto,tecnico,atr14,0.083417,,EUR,2026-02-23,2026-09-04T15:50:42Z,Coinbase,2,,,engine/technical/README.md,
XRP,crypto,tecnico,atr14,0.080702,,EUR,2026-02-24,2026-09-04T15:50:42Z,Coinbase,2,,,engine/technical/README.md,
XRP,crypto,tecnico,atr14,0.083923,,EUR,2026-02-25,2026-09-04T15:50:42Z,Coinbase,2,,,engine/technical/README.md,
XRP,crypto,tecnico,atr14,0.082822,,EUR,2026-02-26,2026-09-04T15:50:42Z,Coinbase,2,,,engine/technical/README.md,
XRP,crypto,tecnico,atr14,0.082249,,EUR,2026-02-27,2026-09-04T15:50:42Z,Coinbase,2,,,engine/technical/README.md,
XRP,crypto,tecnico,atr14,0.083767,,EUR,2026-02-28,2026-09-04T15:50:42Z,Coinbase,2,,,engine/technical/README.md,
XRP,crypto,tecnico,atr14,0.083455,,EUR,2026-03-01,2026-09-04T15:50:42Z,Coinbase,2,,,engine/technical/README.md,
XRP,crypto,tecnico,atr14,0.083036,,EUR,2026-03-02,2026-09-04T15:50:42Z,Coinbase,2,,,engine/technical/README.md,
XRP,crypto,tecnico,atr14,0.08007,,EUR,2026-03-03,2026-09-04T15:50:42Z,Coinbase,2,,,engine/technical/README.md,
XRP,crypto,tecnico,atr14,0.081893,,EUR,2026-03-04,2026-09-04T15:50:42Z,Coinbase,2,,,engine/technical/README.md,
XRP,crypto,tecnico,atr14,0.079137,,EUR,2026-03-05,2026-09-04T15:50:42Z,Coinbase,2,,,engine/technical/README.md,
XRP,crypto,tecnico,atr14,0.077527,,EUR,2026-03-06,2026-09-04T15:50:42Z,Coinbase,2,,,engine/technical/README.md,
XRP,crypto,tecnico,atr14,0.073611,,EUR,2026-03-07,2026-09-04T15:50:42Z,Coinbase,2,,,engine/technical/README.md,
XRP,crypto,tecnico,atr14,0.070981,,EUR,2026-03-08,2026-09-04T15:50:42Z,Coinbase,2,,,engine/technical/README.md,
XRP,crypto,tecnico,atr14,0.06854,,EUR,2026-03-09,2026-09-04T15:50:42Z,Coinbase,2,,,engine/technical/README.md,
XRP,crypto,tecnico,atr14,0.068408,,EUR,2026-03-10,2026-09-04T15:50:42Z,Coinbase,2,,,engine/technical/README.md,
XRP,crypto,tecnico,atr14,0.066101,,EUR,2026-03-11,2026-09-04T15:50:42Z,Coinbase,2,,,engine/technical/README.md,
XRP,crypto,tecnico,atr14,0.063093,,EUR,2026-03-12,2026-09-04T15:50:42Z,Coinbase,2,,,engine/technical/README.md,
XRP,crypto,tecnico,atr14,0.063322,,EUR,2026-03-13,2026-09-04T15:50:42Z,Coinbase,2,,,engine/technical/README.md,
XRP,crypto,tecnico,atr14,0.060385,,EUR,2026-03-14,2026-09-04T15:50:42Z,Coinbase,2,,,engine/technical/README.md,
XRP,crypto,tecnico,atr14,0.0598,,EUR,2026-03-15,2026-09-04T15:50:42Z,Coinbase,2,,,engine/technical/README.md,
XRP,crypto,tecnico,atr14,0.062358,,EUR,2026-03-16,2026-09-04T15:50:42Z,Coinbase,2,,,engine/technical/README.md,
XRP,crypto,tecnico,atr14,0.065075,,EUR,2026-03-17,2026-09-04T15:50:42Z,Coinbase,2,,,engine/technical/README.md,
XRP,crypto,tecnico,atr14,0.066705,,EUR,2026-03-18,2026-09-04T15:50:42Z,Coinbase,2,,,engine/technical/README.md,
XRP,crypto,tecnico,atr14,0.066069,,EUR,2026-03-19,2026-09-04T15:50:42Z,Coinbase,2,,,engine/technical/README.md,
XRP,crypto,tecnico,atr14,0.063729,,EUR,2026-03-20,2026-09-04T15:50:42Z,Coinbase,2,,,engine/technical/README.md,
XRP,crypto,tecnico,atr14,0.062284,,EUR,2026-03-21,2026-09-04T15:50:42Z,Coinbase,2,,,engine/technical/README.md,
XRP,crypto,tecnico,atr14,0.061071,,EUR,2026-03-22,2026-09-04T15:50:42Z,Coinbase,2,,,engine/technical/README.md,
XRP,crypto,tecnico,atr14,0.062415,,EUR,2026-03-23,2026-09-04T15:50:42Z,Coinbase,2,,,engine/technical/README.md,
XRP,crypto,tecnico,atr14,0.060814,,EUR,2026-03-24,2026-09-04T15:50:42Z,Coinbase,2,,,engine/technical/README.md,
XRP,crypto,tecnico,atr14,0.058356,,EUR,2026-03-25,2026-09-04T15:50:42Z,Coinbase,2,,,engine/technical/README.md,
XRP,crypto,tecnico,atr14,0.058888,,EUR,2026-03-26,2026-09-04T15:50:42Z,Coinbase,2,,,engine/technical/README.md,
XRP,crypto,tecnico,atr14,0.057803,,EUR,2026-03-27,2026-09-04T15:50:42Z,Coinbase,2,,,engine/technical/README.md,
XRP,crypto,tecnico,atr14,0.056153,,EUR,2026-03-28,2026-09-04T15:50:42Z,Coinbase,2,,,engine/technical/README.md,
XRP,crypto,tecnico,atr14,0.05497,,EUR,2026-03-29,2026-09-04T15:50:42Z,Coinbase,2,,,engine/technical/README.md,
XRP,crypto,tecnico,atr14,0.053937,,EUR,2026-03-30,2026-09-04T15:50:42Z,Coinbase,2,,,engine/technical/README.md,
XRP,crypto,tecnico,atr14,0.052591,,EUR,2026-03-31,2026-09-04T15:50:42Z,Coinbase,2,,,engine/technical/README.md,
XRP,crypto,tecnico,atr14,0.050899,,EUR,2026-04-01,2026-09-04T15:50:42Z,Coinbase,2,,,engine/technical/README.md,
XRP,crypto,tecnico,atr14,0.051435,,EUR,2026-04-02,2026-09-04T15:50:42Z,Coinbase,2,,,engine/technical/README.md,
XRP,crypto,tecnico,atr14,0.049718,,EUR,2026-04-03,2026-09-04T15:50:42Z,Coinbase,2,,,engine/technical/README.md,
XRP,crypto,tecnico,atr14,0.047153,,EUR,2026-04-04,2026-09-04T15:50:42Z,Coinbase,2,,,engine/technical/README.md,
XRP,crypto,tecnico,atr14,0.047049,,EUR,2026-04-05,2026-09-04T15:50:42Z,Coinbase,2,,,engine/technical/README.md,
XRP,crypto,tecnico,atr14,0.046388,,EUR,2026-04-06,2026-09-04T15:50:42Z,Coinbase,2,,,engine/technical/README.md,
XRP,crypto,tecnico,atr14,0.048496,,EUR,2026-04-07,2026-09-04T15:50:42Z,Coinbase,2,,,engine/technical/README.md,
XRP,crypto,tecnico,atr14,0.047796,,EUR,2026-04-08,2026-09-04T15:50:42Z,Coinbase,2,,,engine/technical/README.md,
XRP,crypto,tecnico,atr14,0.047175,,EUR,2026-04-09,2026-09-04T15:50:42Z,Coinbase,2,,,engine/technical/README.md,
XRP,crypto,tecnico,atr14,0.045591,,EUR,2026-04-10,2026-09-04T15:50:42Z,Coinbase,2,,,engine/technical/README.md,
XRP,crypto,tecnico,atr14,0.044428,,EUR,2026-04-11,2026-09-04T15:50:42Z,Coinbase,2,,,engine/technical/README.md,
XRP,crypto,tecnico,atr14,0.043419,,EUR,2026-04-12,2026-09-04T15:50:42Z,Coinbase,2,,,engine/technical/README.md,
XRP,crypto,tecnico,atr14,0.043674,,EUR,2026-04-13,2026-09-04T15:50:42Z,Coinbase,2,,,engine/technical/README.md,
XRP,crypto,tecnico,atr14,0.043055,,EUR,2026-04-14,2026-09-04T15:50:42Z,Coinbase,2,,,engine/technical/README.md,
XRP,crypto,tecnico,atr14,0.043365,,EUR,2026-04-15,2026-09-04T15:50:42Z,Coinbase,2,,,engine/technical/README.md,
XRP,crypto,tecnico,atr14,0.04521,,EUR,2026-04-16,2026-09-04T15:50:42Z,Coinbase,2,,,engine/technical/README.md,
XRP,crypto,tecnico,atr14,0.046945,,EUR,2026-04-17,2026-09-04T15:50:42Z,Coinbase,2,,,engine/technical/README.md,
XRP,crypto,tecnico,atr14,0.047135,,EUR,2026-04-18,2026-09-04T15:50:42Z,Coinbase,2,,,engine/technical/README.md,
XRP,crypto,tecnico,atr14,0.047033,,EUR,2026-04-19,2026-09-04T15:50:42Z,Coinbase,2,,,engine/technical/README.md,
XRP,crypto,tecnico,atr14,0.045923,,EUR,2026-04-20,2026-09-04T15:50:42Z,Coinbase,2,,,engine/technical/README.md,
XRP,crypto,tecnico,atr14,0.044614,,EUR,2026-04-21,2026-09-04T15:50:42Z,Coinbase,2,,,engine/technical/README.md,
XRP,crypto,tecnico,atr14,0.043706,,EUR,2026-04-22,2026-09-04T15:50:42Z,Coinbase,2,,,engine/technical/README.md,
XRP,crypto,tecnico,atr14,0.042506,,EUR,2026-04-23,2026-09-04T15:50:42Z,Coinbase,2,,,engine/technical/README.md,
XRP,crypto,tecnico,atr14,0.040891,,EUR,2026-04-24,2026-09-04T15:50:42Z,Coinbase,2,,,engine/technical/README.md,
XRP,crypto,tecnico,atr14,0.03912,,EUR,2026-04-25,2026-09-04T15:50:42Z,Coinbase,2,,,engine/technical/README.md,
XRP,crypto,tecnico,atr14,0.037462,,EUR,2026-04-26,2026-09-04T15:50:42Z,Coinbase,2,,,engine/technical/README.md,
XRP,crypto,tecnico,atr14,0.038607,,EUR,2026-04-27,2026-09-04T15:50:42Z,Coinbase,2,,,engine/technical/README.md,
XRP,crypto,tecnico,atr14,0.037614,,EUR,2026-04-28,2026-09-04T15:50:42Z,Coinbase,2,,,engine/technical/README.md,
XRP,crypto,tecnico,atr14,0.038384,,EUR,2026-04-29,2026-09-04T15:50:42Z,Coinbase,2,,,engine/technical/README.md,
XRP,crypto,tecnico,atr14,0.037278,,EUR,2026-04-30,2026-09-04T15:50:42Z,Coinbase,2,,,engine/technical/README.md,
XRP,crypto,tecnico,atr14,0.036516,,EUR,2026-05-01,2026-09-04T15:50:42Z,Coinbase,2,,,engine/technical/README.md,
XRP,crypto,tecnico,atr14,0.035014,,EUR,2026-05-02,2026-09-04T15:50:42Z,Coinbase,2,,,engine/technical/README.md,
XRP,crypto,tecnico,atr14,0.033771,,EUR,2026-05-03,2026-09-04T15:50:42Z,Coinbase,2,,,engine/technical/README.md,
XRP,crypto,tecnico,atr14,0.033594,,EUR,2026-05-04,2026-09-04T15:50:42Z,Coinbase,2,,,engine/technical/README.md,
XRP,crypto,tecnico,atr14,0.033094,,EUR,2026-05-05,2026-09-04T15:50:42Z,Coinbase,2,,,engine/technical/README.md,
XRP,crypto,tecnico,atr14,0.033131,,EUR,2026-05-06,2026-09-04T15:50:42Z,Coinbase,2,,,engine/technical/README.md,
XRP,crypto,tecnico,atr14,0.0334,,EUR,2026-05-07,2026-09-04T15:50:42Z,Coinbase,2,,,engine/technical/README.md,
XRP,crypto,tecnico,atr14,0.033621,,EUR,2026-05-08,2026-09-04T15:50:42Z,Coinbase,2,,,engine/technical/README.md,
XRP,crypto,tecnico,atr14,0.032627,,EUR,2026-05-09,2026-09-04T15:50:42Z,Coinbase,2,,,engine/technical/README.md,
XRP,crypto,tecnico,atr14,0.036046,,EUR,2026-05-10,2026-09-04T15:50:42Z,Coinbase,2,,,engine/technical/README.md,
XRP,crypto,tecnico,atr14,0.036236,,EUR,2026-05-11,2026-09-04T15:50:42Z,Coinbase,2,,,engine/technical/README.md,
XRP,crypto,tecnico,atr14,0.037283,,EUR,2026-05-12,2026-09-04T15:50:42Z,Coinbase,2,,,engine/technical/README.md,
XRP,crypto,tecnico,atr14,0.038213,,EUR,2026-05-13,2026-09-04T15:50:42Z,Coinbase,2,,,engine/technical/README.md,
XRP,crypto,tecnico,atr14,0.043641,,EUR,2026-05-14,2026-09-04T15:50:42Z,Coinbase,2,,,engine/technical/README.md,
XRP,crypto,tecnico,atr14,0.044702,,EUR,2026-05-15,2026-09-04T15:50:42Z,Coinbase,2,,,engine/technical/README.md,
XRP,crypto,tecnico,atr14,0.044109,,EUR,2026-05-16,2026-09-04T15:50:42Z,Coinbase,2,,,engine/technical/README.md,
XRP,crypto,tecnico,atr14,0.044401,,EUR,2026-05-17,2026-09-04T15:50:42Z,Coinbase,2,,,engine/technical/README.md,
XRP,crypto,tecnico,atr14,0.043751,,EUR,2026-05-18,2026-09-04T15:50:42Z,Coinbase,2,,,engine/technical/README.md,
XRP,crypto,tecnico,atr14,0.043062,,EUR,2026-05-19,2026-09-04T15:50:42Z,Coinbase,2,,,engine/technical/README.md,
XRP,crypto,tecnico,atr14,0.041757,,EUR,2026-05-20,2026-09-04T15:50:42Z,Coinbase,2,,,engine/technical/README.md,
XRP,crypto,tecnico,atr14,0.04066,,EUR,2026-05-21,2026-09-04T15:50:42Z,Coinbase,2,,,engine/technical/README.md,
XRP,crypto,tecnico,atr14,0.040485,,EUR,2026-05-22,2026-09-04T15:50:42Z,Coinbase,2,,,engine/technical/README.md,
XRP,crypto,tecnico,atr14,0.042072,,EUR,2026-05-23,2026-09-04T15:50:42Z,Coinbase,2,,,engine/technical/README.md,
XRP,crypto,tecnico,atr14,0.041595,,EUR,2026-05-24,2026-09-04T15:50:42Z,Coinbase,2,,,engine/technical/README.md,
XRP,crypto,tecnico,atr14,0.039931,,EUR,2026-05-25,2026-09-04T15:50:42Z,Coinbase,2,,,engine/technical/README.md,
XRP,crypto,tecnico,atr14,0.039472,,EUR,2026-05-26,2026-09-04T15:50:42Z,Coinbase,2,,,engine/technical/README.md,
XRP,crypto,tecnico,atr14,0.038995,,EUR,2026-05-27,2026-09-04T15:50:42Z,Coinbase,2,,,engine/technical/README.md,
XRP,crypto,tecnico,atr14,0.04011,,EUR,2026-05-28,2026-09-04T15:50:42Z,Coinbase,2,,,engine/technical/README.md,
XRP,crypto,tecnico,atr14,0.039423,,EUR,2026-05-29,2026-09-04T15:50:42Z,Coinbase,2,,,engine/technical/README.md,
XRP,crypto,tecnico,atr14,0.038886,,EUR,2026-05-30,2026-09-04T15:50:42Z,Coinbase,2,,,engine/technical/README.md,
XRP,crypto,tecnico,atr14,0.037751,,EUR,2026-05-31,2026-09-04T15:50:42Z,Coinbase,2,,,engine/technical/README.md,
XRP,crypto,tecnico,atr14,0.038598,,EUR,2026-06-01,2026-09-04T15:50:42Z,Coinbase,2,,,engine/technical/README.md,
XRP,crypto,tecnico,atr14,0.041962,,EUR,2026-06-02,2026-09-04T15:50:42Z,Coinbase,2,,,engine/technical/README.md,
XRP,crypto,tecnico,atr14,0.042636,,EUR,2026-06-03,2026-09-04T15:50:42Z,Coinbase,2,,,engine/technical/README.md,
XRP,crypto,tecnico,atr14,0.044055,,EUR,2026-06-04,2026-09-04T15:50:42Z,Coinbase,2,,,engine/technical/README.md,
XRP,crypto,tecnico,atr14,0.046801,,EUR,2026-06-05,2026-09-04T15:50:42Z,Coinbase,2,,,engine/technical/README.md,
XRP,crypto,tecnico,atr14,0.047344,,EUR,2026-06-06,2026-09-04T15:50:42Z,Coinbase,2,,,engine/technical/README.md,
XRP,crypto,tecnico,atr14,0.049119,,EUR,2026-06-07,2026-09-04T15:50:42Z,Coinbase,2,,,engine/technical/README.md,
XRP,crypto,tecnico,atr14,0.048918,,EUR,2026-06-08,2026-09-04T15:50:42Z,Coinbase,2,,,engine/technical/README.md,
XRP,crypto,tecnico,atr14,0.048945,,EUR,2026-06-09,2026-09-04T15:50:42Z,Coinbase,2,,,engine/technical/README.md,
XRP,crypto,tecnico,atr14,0.048671,,EUR,2026-06-10,2026-09-04T15:50:42Z,Coinbase,2,,,engine/technical/README.md,
XRP,crypto,tecnico,atr14,0.048166,,EUR,2026-06-11,2026-09-04T15:50:42Z,Coinbase,2,,,engine/technical/README.md,
XRP,crypto,tecnico,atr14,0.046611,,EUR,2026-06-12,2026-09-04T15:50:42Z,Coinbase,2,,,engine/technical/README.md,
XRP,crypto,tecnico,atr14,0.045196,,EUR,2026-06-13,2026-09-04T15:50:42Z,Coinbase,2,,,engine/technical/README.md,
XRP,crypto,tecnico,atr14,0.04541,,EUR,2026-06-14,2026-09-04T15:50:42Z,Coinbase,2,,,engine/technical/README.md,
XRP,crypto,tecnico,atr14,0.049238,,EUR,2026-06-15,2026-09-04T15:50:42Z,Coinbase,2,,,engine/technical/README.md,
XRP,crypto,tecnico,atr14,0.048757,,EUR,2026-06-16,2026-09-04T15:50:42Z,Coinbase,2,,,engine/technical/README.md,
XRP,crypto,tecnico,atr14,0.04801,,EUR,2026-06-17,2026-09-04T15:50:42Z,Coinbase,2,,,engine/technical/README.md,
XRP,crypto,tecnico,atr14,0.047981,,EUR,2026-06-18,2026-09-04T15:50:42Z,Coinbase,2,,,engine/technical/README.md,
XRP,crypto,tecnico,atr14,0.046668,,EUR,2026-06-19,2026-09-04T15:50:42Z,Coinbase,2,,,engine/technical/README.md,
XRP,crypto,tecnico,atr14,0.044642,,EUR,2026-06-20,2026-09-04T15:50:42Z,Coinbase,2,,,engine/technical/README.md,
XRP,crypto,tecnico,atr14,0.043274,,EUR,2026-06-21,2026-09-04T15:50:42Z,Coinbase,2,,,engine/technical/README.md,
XRP,crypto,tecnico,atr14,0.042798,,EUR,2026-06-22,2026-09-04T15:50:42Z,Coinbase,2,,,engine/technical/README.md,
XRP,crypto,tecnico,atr14,0.042069,,EUR,2026-06-23,2026-09-04T15:50:42Z,Coinbase,2,,,engine/technical/README.md,
XRP,crypto,tecnico,atr14,0.043136,,EUR,2026-06-24,2026-09-04T15:50:42Z,Coinbase,2,,,engine/technical/README.md,
XRP,crypto,tecnico,atr14,0.044919,,EUR,2026-06-25,2026-09-04T15:50:42Z,Coinbase,2,,,engine/technical/README.md,
XRP,crypto,tecnico,atr14,0.04456,,EUR,2026-06-26,2026-09-04T15:50:42Z,Coinbase,2,,,engine/technical/README.md,
XRP,crypto,tecnico,atr14,0.043399,,EUR,2026-06-27,2026-09-04T15:50:42Z,Coinbase,2,,,engine/technical/README.md,
XRP,crypto,tecnico,atr14,0.04187,,EUR,2026-06-28,2026-09-04T15:50:42Z,Coinbase,2,,,engine/technical/README.md,
XRP,crypto,tecnico,atr14,0.041437,,EUR,2026-06-29,2026-09-04T15:50:42Z,Coinbase,2,,,engine/technical/README.md,
XRP,crypto,tecnico,atr14,0.040348,,EUR,2026-06-30,2026-09-04T15:50:42Z,Coinbase,2,,,engine/technical/README.md,
XRP,crypto,tecnico,atr14,0.040845,,EUR,2026-07-01,2026-09-04T15:50:42Z,Coinbase,2,,,engine/technical/README.md,
XRP,crypto,tecnico,atr14,0.041749,,EUR,2026-07-02,2026-09-04T15:50:42Z,Coinbase,2,,,engine/technical/README.md,
XRP,crypto,tecnico,atr14,0.04256,,EUR,2026-07-03,2026-09-04T15:50:42Z,Coinbase,2,,,engine/technical/README.md,
XRP,crypto,tecnico,atr14,0.042813,,EUR,2026-07-04,2026-09-04T15:50:42Z,Coinbase,2,,,engine/technical/README.md,
XRP,crypto,tecnico,atr14,0.042519,,EUR,2026-07-05,2026-09-04T15:50:42Z,Coinbase,2,,,engine/technical/README.md,
XRP,crypto,tecnico,atr14,0.042775,,EUR,2026-07-06,2026-09-04T15:50:42Z,Coinbase,2,,,engine/technical/README.md,
XRP,crypto,tecnico,atr14,0.042326,,EUR,2026-07-07,2026-09-04T15:50:42Z,Coinbase,2,,,engine/technical/README.md,
XRP,crypto,tecnico,atr14,0.042139,,EUR,2026-07-08,2026-09-04T15:50:42Z,Coinbase,2,,,engine/technical/README.md,
XRP,crypto,tecnico,atr14,0.040293,,EUR,2026-07-09,2026-09-04T15:50:42Z,Coinbase,2,,,engine/technical/README.md,
XRP,crypto,tecnico,atr14,0.039201,,EUR,2026-07-10,2026-09-04T15:50:42Z,Coinbase,2,,,engine/technical/README.md,
XRP,crypto,tecnico,atr14,0.037844,,EUR,2026-07-11,2026-09-04T15:50:42Z,Coinbase,2,,,engine/technical/README.md,
XRP,crypto,tecnico,atr14,0.036476,,EUR,2026-07-12,2026-09-04T15:50:42Z,Coinbase,2,,,engine/technical/README.md,
XRP,crypto,tecnico,atr14,0.036871,,EUR,2026-07-13,2026-09-04T15:50:42Z,Coinbase,2,,,engine/technical/README.md,
XRP,crypto,tecnico,atr14,0.037801,,EUR,2026-07-14,2026-09-04T15:50:42Z,Coinbase,2,,,engine/technical/README.md,
XRP,crypto,tecnico,atr14,0.037101,,EUR,2026-07-15,2026-09-04T15:50:42Z,Coinbase,2,,,engine/technical/README.md,
XRP,crypto,tecnico,atr14,0.036451,,EUR,2026-07-16,2026-09-04T15:50:42Z,Coinbase,2,,,engine/technical/README.md,
XRP,crypto,tecnico,atr14,0.035455,,EUR,2026-07-17,2026-09-04T15:50:42Z,Coinbase,2,,,engine/technical/README.md,
XRP,crypto,tecnico,atr14,0.033851,,EUR,2026-07-18,2026-09-04T15:50:42Z,Coinbase,2,,,engine/technical/README.md,
XRP,crypto,tecnico,atr14,0.032226,,EUR,2026-07-19,2026-09-04T15:50:42Z,Coinbase,2,,,engine/technical/README.md,
XRP,crypto,tecnico,atr14,0.031899,,EUR,2026-07-20,2026-09-04T11:17:40Z,Kraken,2,100,,engine/technical/README.md,
XRP,crypto,tecnico,atr14,0.033518,,EUR,2026-07-21,2026-09-04T15:50:42Z,Coinbase,2,,,engine/technical/README.md,
XRP,crypto,tecnico,atr14,0.032945,,EUR,2026-07-22,2026-09-04T15:50:42Z,Coinbase,2,,,engine/technical/README.md,
XRP,crypto,tecnico,atr14,0.033113,,EUR,2026-07-23,2026-09-04T15:50:42Z,Coinbase,2,,,engine/technical/README.md,
XRP,crypto,tecnico,atr14,0.032948,,EUR,2026-07-24,2026-09-04T15:50:42Z,Coinbase,2,,,engine/technical/README.md,
XRP,crypto,tecnico,atr14,0.032002,,EUR,2026-07-25,2026-09-04T15:50:42Z,Coinbase,2,,,engine/technical/README.md,
XRP,crypto,tecnico,atr14,0.03088,,EUR,2026-07-26,2026-09-04T15:50:42Z,Coinbase,2,,,engine/technical/README.md,
XRP,crypto,tecnico,atr14,0.031803,,EUR,2026-07-27,2026-09-04T15:50:42Z,Coinbase,2,,,engine/technical/README.md,
XRP,crypto,tecnico,atr14,0.030988,,EUR,2026-07-28,2026-09-04T15:50:42Z,Coinbase,2,,,engine/technical/README.md,
XRP,crypto,tecnico,atr14,0.031082,,EUR,2026-07-29,2026-09-04T15:50:42Z,Coinbase,2,,,engine/technical/README.md,
XRP,crypto,tecnico,atr14,0.030183,,EUR,2026-07-30,2026-09-04T15:50:42Z,Coinbase,2,,,engine/technical/README.md,
XRP,crypto,tecnico,atr14,0.030027,,EUR,2026-07-31,2026-09-04T15:50:42Z,Coinbase,2,,,engine/technical/README.md,
XRP,crypto,tecnico,atr14,0.029054,,EUR,2026-08-01,2026-09-04T15:50:42Z,Coinbase,2,,,engine/technical/README.md,
XRP,crypto,tecnico,atr14,0.028736,,EUR,2026-08-02,2026-09-04T15:50:42Z,Coinbase,2,,,engine/technical/README.md,
XRP,crypto,tecnico,atr14,0.028283,,EUR,2026-08-03,2026-09-04T15:50:42Z,Coinbase,2,,,engine/technical/README.md,
XRP,crypto,tecnico,atr14,0.027042,,EUR,2026-08-04,2026-09-04T15:50:42Z,Coinbase,2,,,engine/technical/README.md,
XRP,crypto,tecnico,atr14,0.026546,,EUR,2026-08-05,2026-09-04T15:50:42Z,Coinbase,2,,,engine/technical/README.md,
XRP,crypto,tecnico,atr14,0.026514,,EUR,2026-08-06,2026-09-04T15:50:42Z,Coinbase,2,,,engine/technical/README.md,
XRP,crypto,tecnico,atr14,0.026577,,EUR,2026-08-07,2026-09-04T15:50:42Z,Coinbase,2,,,engine/technical/README.md,
XRP,crypto,tecnico,atr14,0.026436,,EUR,2026-08-08,2026-09-04T15:50:42Z,Coinbase,2,,,engine/technical/README.md,
XRP,crypto,tecnico,atr14,0.025705,,EUR,2026-08-09,2026-09-04T15:50:42Z,Coinbase,2,,,engine/technical/README.md,
XRP,crypto,tecnico,atr14,0.025976,,EUR,2026-08-10,2026-09-04T15:50:42Z,Coinbase,2,,,engine/technical/README.md,
XRP,crypto,tecnico,atr14,0.026249,,EUR,2026-08-11,2026-09-04T15:50:42Z,Coinbase,2,,,engine/technical/README.md,
XRP,crypto,tecnico,atr14,0.025824,,EUR,2026-08-12,2026-09-04T15:50:42Z,Coinbase,2,,,engine/technical/README.md,
XRP,crypto,tecnico,atr14,0.025044,,EUR,2026-08-13,2026-09-04T15:50:42Z,Coinbase,2,,,engine/technical/README.md,
XRP,crypto,tecnico,atr14,0.025062,,EUR,2026-08-14,2026-09-04T15:50:42Z,Coinbase,2,,,engine/technical/README.md,
XRP,crypto,tecnico,atr14,0.023865,,EUR,2026-08-15,2026-09-04T15:50:42Z,Coinbase,2,,,engine/technical/README.md,
XRP,crypto,tecnico,atr14,0.022967,,EUR,2026-08-16,2026-09-04T15:50:42Z,Coinbase,2,,,engine/technical/README.md,
XRP,crypto,tecnico,atr14,0.022541,,EUR,2026-08-17,2026-09-04T15:50:42Z,Coinbase,2,,,engine/technical/README.md,
XRP,crypto,tecnico,atr14,0.021988,,EUR,2026-08-18,2026-09-04T15:50:42Z,Coinbase,2,,,engine/technical/README.md,
XRP,crypto,tecnico,atr14,0.028403,,EUR,2026-08-19,2026-09-04T15:50:42Z,Coinbase,2,,,engine/technical/README.md,
XRP,crypto,tecnico,atr14,0.042096,,EUR,2026-08-20,2026-09-04T15:50:42Z,Coinbase,2,,,engine/technical/README.md,
XRP,crypto,tecnico,atr14,0.052275,,EUR,2026-08-21,2026-09-04T15:50:42Z,Coinbase,2,,,engine/technical/README.md,
XRP,crypto,tecnico,atr14,0.068234,,EUR,2026-08-22,2026-09-04T15:50:42Z,Coinbase,2,,,engine/technical/README.md,
XRP,crypto,tecnico,atr14,0.070524,,EUR,2026-08-23,2026-09-04T15:50:42Z,Coinbase,2,,,engine/technical/README.md,
XRP,crypto,tecnico,atr14,0.070137,,EUR,2026-08-24,2026-09-04T15:50:42Z,Coinbase,2,,,engine/technical/README.md,
XRP,crypto,tecnico,atr14,0.073906,,EUR,2026-08-25,2026-09-04T15:50:42Z,Coinbase,2,,,engine/technical/README.md,
XRP,crypto,tecnico,atr14,0.074134,,EUR,2026-08-26,2026-09-04T15:50:42Z,Coinbase,2,,,engine/technical/README.md,
XRP,crypto,tecnico,atr14,0.073824,,EUR,2026-08-27,2026-09-04T15:50:42Z,Coinbase,2,,,engine/technical/README.md,
XRP,crypto,tecnico,atr14,0.07473,,EUR,2026-08-28,2026-09-04T15:50:42Z,Coinbase,2,,,engine/technical/README.md,
XRP,crypto,tecnico,atr14,0.071077,,EUR,2026-08-29,2026-09-04T15:50:42Z,Coinbase,2,,,engine/technical/README.md,
XRP,crypto,tecnico,atr14,0.072093,,EUR,2026-08-30,2026-09-04T15:50:42Z,Coinbase,2,,,engine/technical/README.md,
XRP,crypto,tecnico,atr14,0.070265,,EUR,2026-08-31,2026-09-04T15:50:42Z,Coinbase,2,,,engine/technical/README.md,
XRP,crypto,tecnico,atr14,0.068725,,EUR,2026-09-01,2026-09-04T15:50:42Z,Coinbase,2,,,engine/technical/README.md,
XRP,crypto,tecnico,atr14,0.06668,,EUR,2026-09-02,2026-09-04T15:50:42Z,Coinbase,2,,,engine/technical/README.md,
XRP,crypto,tecnico,atr14,0.07046,,EUR,2026-09-03,2026-09-04T15:50:42Z,Coinbase,2,,,engine/technical/README.md,
XRP,crypto,tecnico,atr14,0.067909,,EUR,2026-09-04,2026-09-04T10:11:47Z,Kraken,2,100,,engine/technical/README.md,
XRP,crypto,tecnico,atr14_pct_precio,4.16,,%,2026-01-01,2026-09-04T15:50:42Z,Coinbase,2,,,engine/technical/README.md,
XRP,crypto,tecnico,atr14_pct_precio,4.2,,%,2026-01-02,2026-09-04T15:50:42Z,Coinbase,2,,,engine/technical/README.md,
XRP,crypto,tecnico,atr14_pct_precio,4.13,,%,2026-01-03,2026-09-04T15:50:42Z,Coinbase,2,,,engine/technical/README.md,
XRP,crypto,tecnico,atr14_pct_precio,4.05,,%,2026-01-04,2026-09-04T15:50:42Z,Coinbase,2,,,engine/technical/README.md,
XRP,crypto,tecnico,atr14_pct_precio,4.21,,%,2026-01-05,2026-09-04T15:50:42Z,Coinbase,2,,,engine/technical/README.md,
XRP,crypto,tecnico,atr14_pct_precio,4.62,,%,2026-01-06,2026-09-04T15:50:42Z,Coinbase,2,,,engine/technical/README.md,
XRP,crypto,tecnico,atr14_pct_precio,5.11,,%,2026-01-07,2026-09-04T15:50:42Z,Coinbase,2,,,engine/technical/README.md,
XRP,crypto,tecnico,atr14_pct_precio,5.25,,%,2026-01-08,2026-09-04T15:50:42Z,Coinbase,2,,,engine/technical/README.md,
XRP,crypto,tecnico,atr14_pct_precio,5.25,,%,2026-01-09,2026-09-04T15:50:42Z,Coinbase,2,,,engine/technical/README.md,
XRP,crypto,tecnico,atr14_pct_precio,4.98,,%,2026-01-10,2026-09-04T15:50:42Z,Coinbase,2,,,engine/technical/README.md,
XRP,crypto,tecnico,atr14_pct_precio,4.89,,%,2026-01-11,2026-09-04T15:50:42Z,Coinbase,2,,,engine/technical/README.md,
XRP,crypto,tecnico,atr14_pct_precio,4.86,,%,2026-01-12,2026-09-04T15:50:42Z,Coinbase,2,,,engine/technical/README.md,
XRP,crypto,tecnico,atr14_pct_precio,4.74,,%,2026-01-13,2026-09-04T15:50:42Z,Coinbase,2,,,engine/technical/README.md,
XRP,crypto,tecnico,atr14_pct_precio,4.72,,%,2026-01-14,2026-09-04T15:50:42Z,Coinbase,2,,,engine/technical/README.md,
XRP,crypto,tecnico,atr14_pct_precio,4.79,,%,2026-01-15,2026-09-04T15:50:42Z,Coinbase,2,,,engine/technical/README.md,
XRP,crypto,tecnico,atr14_pct_precio,4.71,,%,2026-01-16,2026-09-04T15:50:42Z,Coinbase,2,,,engine/technical/README.md,
XRP,crypto,tecnico,atr14_pct_precio,4.49,,%,2026-01-17,2026-09-04T15:50:42Z,Coinbase,2,,,engine/technical/README.md,
XRP,crypto,tecnico,atr14_pct_precio,4.64,,%,2026-01-18,2026-09-04T15:50:42Z,Coinbase,2,,,engine/technical/README.md,
XRP,crypto,tecnico,atr14_pct_precio,4.93,,%,2026-01-19,2026-09-04T15:50:42Z,Coinbase,2,,,engine/technical/README.md,
XRP,crypto,tecnico,atr14_pct_precio,5.36,,%,2026-01-20,2026-09-04T15:50:42Z,Coinbase,2,,,engine/technical/README.md,
XRP,crypto,tecnico,atr14_pct_precio,5.24,,%,2026-01-21,2026-09-04T15:50:42Z,Coinbase,2,,,engine/technical/README.md,
XRP,crypto,tecnico,atr14_pct_precio,5.24,,%,2026-01-22,2026-09-04T15:50:42Z,Coinbase,2,,,engine/technical/README.md,
XRP,crypto,tecnico,atr14_pct_precio,5.16,,%,2026-01-23,2026-09-04T15:50:42Z,Coinbase,2,,,engine/technical/README.md,
XRP,crypto,tecnico,atr14_pct_precio,4.88,,%,2026-01-24,2026-09-04T15:50:42Z,Coinbase,2,,,engine/technical/README.md,
XRP,crypto,tecnico,atr14_pct_precio,5.15,,%,2026-01-25,2026-09-04T15:50:42Z,Coinbase,2,,,engine/technical/README.md,
XRP,crypto,tecnico,atr14_pct_precio,5.02,,%,2026-01-26,2026-09-04T15:50:42Z,Coinbase,2,,,engine/technical/README.md,
XRP,crypto,tecnico,atr14_pct_precio,4.91,,%,2026-01-27,2026-09-04T15:50:42Z,Coinbase,2,,,engine/technical/README.md,
XRP,crypto,tecnico,atr14_pct_precio,4.74,,%,2026-01-28,2026-09-04T15:50:42Z,Coinbase,2,,,engine/technical/README.md,
XRP,crypto,tecnico,atr14_pct_precio,5.18,,%,2026-01-29,2026-09-04T15:50:42Z,Coinbase,2,,,engine/technical/README.md,
XRP,crypto,tecnico,atr14_pct_precio,5.34,,%,2026-01-30,2026-09-04T15:50:42Z,Coinbase,2,,,engine/technical/README.md,
XRP,crypto,tecnico,atr14_pct_precio,6.3,,%,2026-01-31,2026-09-04T15:50:42Z,Coinbase,2,,,engine/technical/README.md,
XRP,crypto,tecnico,atr14_pct_precio,6.65,,%,2026-02-01,2026-09-04T15:50:42Z,Coinbase,2,,,engine/technical/README.md,
XRP,crypto,tecnico,atr14_pct_precio,6.64,,%,2026-02-02,2026-09-04T15:50:42Z,Coinbase,2,,,engine/technical/README.md,
XRP,crypto,tecnico,atr14_pct_precio,6.82,,%,2026-02-03,2026-09-04T15:50:42Z,Coinbase,2,,,engine/technical/README.md,
XRP,crypto,tecnico,atr14_pct_precio,7.15,,%,2026-02-04,2026-09-04T15:50:42Z,Coinbase,2,,,engine/technical/README.md,
XRP,crypto,tecnico,atr14_pct_precio,10.44,,%,2026-02-05,2026-09-04T15:50:42Z,Coinbase,2,,,engine/technical/README.md,
XRP,crypto,tecnico,atr14_pct_precio,10.08,,%,2026-02-06,2026-09-04T15:50:42Z,Coinbase,2,,,engine/technical/README.md,
XRP,crypto,tecnico,atr14_pct_precio,10.17,,%,2026-02-07,2026-09-04T15:50:42Z,Coinbase,2,,,engine/technical/README.md,
XRP,crypto,tecnico,atr14_pct_precio,9.71,,%,2026-02-08,2026-09-04T15:50:42Z,Coinbase,2,,,engine/technical/README.md,
XRP,crypto,tecnico,atr14_pct_precio,9.46,,%,2026-02-09,2026-09-04T15:50:42Z,Coinbase,2,,,engine/technical/README.md,
XRP,crypto,tecnico,atr14_pct_precio,9.33,,%,2026-02-10,2026-09-04T15:50:42Z,Coinbase,2,,,engine/technical/README.md,
XRP,crypto,tecnico,atr14_pct_precio,9.23,,%,2026-02-11,2026-09-04T15:50:42Z,Coinbase,2,,,engine/technical/README.md,
XRP,crypto,tecnico,atr14_pct_precio,8.93,,%,2026-02-12,2026-09-04T15:50:42Z,Coinbase,2,,,engine/technical/README.md,
XRP,crypto,tecnico,atr14_pct_precio,8.42,,%,2026-02-13,2026-09-04T15:50:42Z,Coinbase,2,,,engine/technical/README.md,
XRP,crypto,tecnico,atr14_pct_precio,7.8,,%,2026-02-14,2026-09-04T15:50:42Z,Coinbase,2,,,engine/technical/README.md,
XRP,crypto,tecnico,atr14_pct_precio,8.53,,%,2026-02-15,2026-09-04T15:50:42Z,Coinbase,2,,,engine/technical/README.md,
XRP,crypto,tecnico,atr14_pct_precio,8.18,,%,2026-02-16,2026-09-04T15:50:42Z,Coinbase,2,,,engine/technical/README.md,
XRP,crypto,tecnico,atr14_pct_precio,7.98,,%,2026-02-17,2026-09-04T15:50:42Z,Coinbase,2,,,engine/technical/README.md,
XRP,crypto,tecnico,atr14_pct_precio,8.03,,%,2026-02-18,2026-09-04T15:50:42Z,Coinbase,2,,,engine/technical/README.md,
XRP,crypto,tecnico,atr14_pct_precio,7.8,,%,2026-02-19,2026-09-04T15:50:42Z,Coinbase,2,,,engine/technical/README.md,
XRP,crypto,tecnico,atr14_pct_precio,7.42,,%,2026-02-20,2026-09-04T15:50:42Z,Coinbase,2,,,engine/technical/README.md,
XRP,crypto,tecnico,atr14_pct_precio,7.1,,%,2026-02-21,2026-09-04T15:50:42Z,Coinbase,2,,,engine/technical/README.md,
XRP,crypto,tecnico,atr14_pct_precio,7.08,,%,2026-02-22,2026-09-04T15:50:42Z,Coinbase,2,,,engine/technical/README.md,
XRP,crypto,tecnico,atr14_pct_precio,7.26,,%,2026-02-23,2026-09-04T15:50:42Z,Coinbase,2,,,engine/technical/README.md,
XRP,crypto,tecnico,atr14_pct_precio,7.05,,%,2026-02-24,2026-09-04T15:50:42Z,Coinbase,2,,,engine/technical/README.md,
XRP,crypto,tecnico,atr14_pct_precio,6.92,,%,2026-02-25,2026-09-04T15:50:42Z,Coinbase,2,,,engine/technical/README.md,
XRP,crypto,tecnico,atr14_pct_precio,6.97,,%,2026-02-26,2026-09-04T15:50:42Z,Coinbase,2,,,engine/technical/README.md,
XRP,crypto,tecnico,atr14_pct_precio,7.16,,%,2026-02-27,2026-09-04T15:50:42Z,Coinbase,2,,,engine/technical/README.md,
XRP,crypto,tecnico,atr14_pct_precio,7.18,,%,2026-02-28,2026-09-04T15:50:42Z,Coinbase,2,,,engine/technical/README.md,
XRP,crypto,tecnico,atr14_pct_precio,7.26,,%,2026-03-01,2026-09-04T15:50:42Z,Coinbase,2,,,engine/technical/README.md,
XRP,crypto,tecnico,atr14_pct_precio,6.99,,%,2026-03-02,2026-09-04T15:50:42Z,Coinbase,2,,,engine/technical/README.md,
XRP,crypto,tecnico,atr14_pct_precio,6.83,,%,2026-03-03,2026-09-04T15:50:42Z,Coinbase,2,,,engine/technical/README.md,
XRP,crypto,tecnico,atr14_pct_precio,6.65,,%,2026-03-04,2026-09-04T15:50:42Z,Coinbase,2,,,engine/technical/README.md,
XRP,crypto,tecnico,atr14_pct_precio,6.54,,%,2026-03-05,2026-09-04T15:50:42Z,Coinbase,2,,,engine/technical/README.md,
XRP,crypto,tecnico,atr14_pct_precio,6.6,,%,2026-03-06,2026-09-04T15:50:42Z,Coinbase,2,,,engine/technical/README.md,
XRP,crypto,tecnico,atr14_pct_precio,6.29,,%,2026-03-07,2026-09-04T15:50:42Z,Coinbase,2,,,engine/technical/README.md,
XRP,crypto,tecnico,atr14_pct_precio,6.1,,%,2026-03-08,2026-09-04T15:50:42Z,Coinbase,2,,,engine/technical/README.md,
XRP,crypto,tecnico,atr14_pct_precio,5.84,,%,2026-03-09,2026-09-04T15:50:42Z,Coinbase,2,,,engine/technical/README.md,
XRP,crypto,tecnico,atr14_pct_precio,5.73,,%,2026-03-10,2026-09-04T15:50:42Z,Coinbase,2,,,engine/technical/README.md,
XRP,crypto,tecnico,atr14_pct_precio,5.51,,%,2026-03-11,2026-09-04T15:50:42Z,Coinbase,2,,,engine/technical/README.md,
XRP,crypto,tecnico,atr14_pct_precio,5.25,,%,2026-03-12,2026-09-04T15:50:42Z,Coinbase,2,,,engine/technical/README.md,
XRP,crypto,tecnico,atr14_pct_precio,5.17,,%,2026-03-13,2026-09-04T15:50:42Z,Coinbase,2,,,engine/technical/README.md,
XRP,crypto,tecnico,atr14_pct_precio,4.9,,%,2026-03-14,2026-09-04T15:50:42Z,Coinbase,2,,,engine/technical/README.md,
XRP,crypto,tecnico,atr14_pct_precio,4.72,,%,2026-03-15,2026-09-04T15:50:42Z,Coinbase,2,,,engine/technical/README.md,
XRP,crypto,tecnico,atr14_pct_precio,4.65,,%,2026-03-16,2026-09-04T15:50:42Z,Coinbase,2,,,engine/technical/README.md,
XRP,crypto,tecnico,atr14_pct_precio,4.94,,%,2026-03-17,2026-09-04T15:50:42Z,Coinbase,2,,,engine/technical/README.md,
XRP,crypto,tecnico,atr14_pct_precio,5.22,,%,2026-03-18,2026-09-04T15:50:42Z,Coinbase,2,,,engine/technical/README.md,
XRP,crypto,tecnico,atr14_pct_precio,5.28,,%,2026-03-19,2026-09-04T15:50:42Z,Coinbase,2,,,engine/technical/README.md,
XRP,crypto,tecnico,atr14_pct_precio,5.1,,%,2026-03-20,2026-09-04T15:50:42Z,Coinbase,2,,,engine/technical/README.md,
XRP,crypto,tecnico,atr14_pct_precio,5.11,,%,2026-03-21,2026-09-04T15:50:42Z,Coinbase,2,,,engine/technical/README.md,
XRP,crypto,tecnico,atr14_pct_precio,5.1,,%,2026-03-22,2026-09-04T15:50:42Z,Coinbase,2,,,engine/technical/README.md,
XRP,crypto,tecnico,atr14_pct_precio,5.06,,%,2026-03-23,2026-09-04T15:50:42Z,Coinbase,2,,,engine/technical/README.md,
XRP,crypto,tecnico,atr14_pct_precio,4.99,,%,2026-03-24,2026-09-04T15:50:42Z,Coinbase,2,,,engine/technical/README.md,
XRP,crypto,tecnico,atr14_pct_precio,4.77,,%,2026-03-25,2026-09-04T15:50:42Z,Coinbase,2,,,engine/technical/README.md,
XRP,crypto,tecnico,atr14_pct_precio,4.99,,%,2026-03-26,2026-09-04T15:50:42Z,Coinbase,2,,,engine/technical/README.md,
XRP,crypto,tecnico,atr14_pct_precio,5.02,,%,2026-03-27,2026-09-04T15:50:42Z,Coinbase,2,,,engine/technical/README.md,
XRP,crypto,tecnico,atr14_pct_precio,4.84,,%,2026-03-28,2026-09-04T15:50:42Z,Coinbase,2,,,engine/technical/README.md,
XRP,crypto,tecnico,atr14_pct_precio,4.76,,%,2026-03-29,2026-09-04T15:50:42Z,Coinbase,2,,,engine/technical/README.md,
XRP,crypto,tecnico,atr14_pct_precio,4.67,,%,2026-03-30,2026-09-04T15:50:42Z,Coinbase,2,,,engine/technical/README.md,
XRP,crypto,tecnico,atr14_pct_precio,4.54,,%,2026-03-31,2026-09-04T15:50:42Z,Coinbase,2,,,engine/technical/README.md,
XRP,crypto,tecnico,atr14_pct_precio,4.38,,%,2026-04-01,2026-09-04T15:50:42Z,Coinbase,2,,,engine/technical/README.md,
XRP,crypto,tecnico,atr14_pct_precio,4.5,,%,2026-04-02,2026-09-04T15:50:42Z,Coinbase,2,,,engine/technical/README.md,
XRP,crypto,tecnico,atr14_pct_precio,4.34,,%,2026-04-03,2026-09-04T15:50:42Z,Coinbase,2,,,engine/technical/README.md,
XRP,crypto,tecnico,atr14_pct_precio,4.13,,%,2026-04-04,2026-09-04T15:50:42Z,Coinbase,2,,,engine/technical/README.md,
XRP,crypto,tecnico,atr14_pct_precio,4.08,,%,2026-04-05,2026-09-04T15:50:42Z,Coinbase,2,,,engine/technical/README.md,
XRP,crypto,tecnico,atr14_pct_precio,4.05,,%,2026-04-06,2026-09-04T15:50:42Z,Coinbase,2,,,engine/technical/README.md,
XRP,crypto,tecnico,atr14_pct_precio,4.11,,%,2026-04-07,2026-09-04T15:50:42Z,Coinbase,2,,,engine/technical/README.md,
XRP,crypto,tecnico,atr14_pct_precio,4.15,,%,2026-04-08,2026-09-04T15:50:42Z,Coinbase,2,,,engine/technical/README.md,
XRP,crypto,tecnico,atr14_pct_precio,4.1,,%,2026-04-09,2026-09-04T15:50:42Z,Coinbase,2,,,engine/technical/README.md,
XRP,crypto,tecnico,atr14_pct_precio,3.94,,%,2026-04-10,2026-09-04T15:50:42Z,Coinbase,2,,,engine/technical/README.md,
XRP,crypto,tecnico,atr14_pct_precio,3.84,,%,2026-04-11,2026-09-04T15:50:42Z,Coinbase,2,,,engine/technical/README.md,
XRP,crypto,tecnico,atr14_pct_precio,3.83,,%,2026-04-12,2026-09-04T15:50:42Z,Coinbase,2,,,engine/technical/README.md,
XRP,crypto,tecnico,atr14_pct_precio,3.73,,%,2026-04-13,2026-09-04T15:50:42Z,Coinbase,2,,,engine/technical/README.md,
XRP,crypto,tecnico,atr14_pct_precio,3.73,,%,2026-04-14,2026-09-04T15:50:42Z,Coinbase,2,,,engine/technical/README.md,
XRP,crypto,tecnico,atr14_pct_precio,3.68,,%,2026-04-15,2026-09-04T15:50:42Z,Coinbase,2,,,engine/technical/README.md,
XRP,crypto,tecnico,atr14_pct_precio,3.66,,%,2026-04-16,2026-09-04T15:50:42Z,Coinbase,2,,,engine/technical/README.md,
XRP,crypto,tecnico,atr14_pct_precio,3.74,,%,2026-04-17,2026-09-04T15:50:42Z,Coinbase,2,,,engine/technical/README.md,
XRP,crypto,tecnico,atr14_pct_precio,3.87,,%,2026-04-18,2026-09-04T15:50:42Z,Coinbase,2,,,engine/technical/README.md,
XRP,crypto,tecnico,atr14_pct_precio,3.96,,%,2026-04-19,2026-09-04T15:50:42Z,Coinbase,2,,,engine/technical/README.md,
XRP,crypto,tecnico,atr14_pct_precio,3.8,,%,2026-04-20,2026-09-04T15:50:42Z,Coinbase,2,,,engine/technical/README.md,
XRP,crypto,tecnico,atr14_pct_precio,3.66,,%,2026-04-21,2026-09-04T15:50:42Z,Coinbase,2,,,engine/technical/README.md,
XRP,crypto,tecnico,atr14_pct_precio,3.58,,%,2026-04-22,2026-09-04T15:50:42Z,Coinbase,2,,,engine/technical/README.md,
XRP,crypto,tecnico,atr14_pct_precio,3.45,,%,2026-04-23,2026-09-04T15:50:42Z,Coinbase,2,,,engine/technical/README.md,
XRP,crypto,tecnico,atr14_pct_precio,3.34,,%,2026-04-24,2026-09-04T15:50:42Z,Coinbase,2,,,engine/technical/README.md,
XRP,crypto,tecnico,atr14_pct_precio,3.22,,%,2026-04-25,2026-09-04T15:50:42Z,Coinbase,2,,,engine/technical/README.md,
XRP,crypto,tecnico,atr14_pct_precio,3.06,,%,2026-04-26,2026-09-04T15:50:42Z,Coinbase,2,,,engine/technical/README.md,
XRP,crypto,tecnico,atr14_pct_precio,3.23,,%,2026-04-27,2026-09-04T15:50:42Z,Coinbase,2,,,engine/technical/README.md,
XRP,crypto,tecnico,atr14_pct_precio,3.19,,%,2026-04-28,2026-09-04T15:50:42Z,Coinbase,2,,,engine/technical/README.md,
XRP,crypto,tecnico,atr14_pct_precio,3.27,,%,2026-04-29,2026-09-04T15:50:42Z,Coinbase,2,,,engine/technical/README.md,
XRP,crypto,tecnico,atr14_pct_precio,3.2,,%,2026-04-30,2026-09-04T15:50:42Z,Coinbase,2,,,engine/technical/README.md,
XRP,crypto,tecnico,atr14_pct_precio,3.09,,%,2026-05-01,2026-09-04T15:50:42Z,Coinbase,2,,,engine/technical/README.md,
XRP,crypto,tecnico,atr14_pct_precio,2.95,,%,2026-05-02,2026-09-04T15:50:42Z,Coinbase,2,,,engine/technical/README.md,
XRP,crypto,tecnico,atr14_pct_precio,2.86,,%,2026-05-03,2026-09-04T15:50:42Z,Coinbase,2,,,engine/technical/README.md,
XRP,crypto,tecnico,atr14_pct_precio,2.82,,%,2026-05-04,2026-09-04T15:50:42Z,Coinbase,2,,,engine/technical/README.md,
XRP,crypto,tecnico,atr14_pct_precio,2.74,,%,2026-05-05,2026-09-04T15:50:42Z,Coinbase,2,,,engine/technical/README.md,
XRP,crypto,tecnico,atr14_pct_precio,2.73,,%,2026-05-06,2026-09-04T15:50:42Z,Coinbase,2,,,engine/technical/README.md,
XRP,crypto,tecnico,atr14_pct_precio,2.82,,%,2026-05-07,2026-09-04T15:50:42Z,Coinbase,2,,,engine/technical/README.md,
XRP,crypto,tecnico,atr14_pct_precio,2.79,,%,2026-05-08,2026-09-04T15:50:42Z,Coinbase,2,,,engine/technical/README.md,
XRP,crypto,tecnico,atr14_pct_precio,2.71,,%,2026-05-09,2026-09-04T15:50:42Z,Coinbase,2,,,engine/technical/README.md,
XRP,crypto,tecnico,atr14_pct_precio,2.88,,%,2026-05-10,2026-09-04T15:50:42Z,Coinbase,2,,,engine/technical/README.md,
XRP,crypto,tecnico,atr14_pct_precio,2.89,,%,2026-05-11,2026-09-04T15:50:42Z,Coinbase,2,,,engine/technical/README.md,
XRP,crypto,tecnico,atr14_pct_precio,3.04,,%,2026-05-12,2026-09-04T15:50:42Z,Coinbase,2,,,engine/technical/README.md,
XRP,crypto,tecnico,atr14_pct_precio,3.14,,%,2026-05-13,2026-09-04T15:50:42Z,Coinbase,2,,,engine/technical/README.md,
XRP,crypto,tecnico,atr14_pct_precio,3.43,,%,2026-05-14,2026-09-04T15:50:42Z,Coinbase,2,,,engine/technical/README.md,
XRP,crypto,tecnico,atr14_pct_precio,3.62,,%,2026-05-15,2026-09-04T15:50:42Z,Coinbase,2,,,engine/technical/README.md,
XRP,crypto,tecnico,atr14_pct_precio,3.62,,%,2026-05-16,2026-09-04T15:50:42Z,Coinbase,2,,,engine/technical/README.md,
XRP,crypto,tecnico,atr14_pct_precio,3.68,,%,2026-05-17,2026-09-04T15:50:42Z,Coinbase,2,,,engine/technical/README.md,
XRP,crypto,tecnico,atr14_pct_precio,3.67,,%,2026-05-18,2026-09-04T15:50:42Z,Coinbase,2,,,engine/technical/README.md,
XRP,crypto,tecnico,atr14_pct_precio,3.67,,%,2026-05-19,2026-09-04T15:50:42Z,Coinbase,2,,,engine/technical/README.md,
XRP,crypto,tecnico,atr14_pct_precio,3.55,,%,2026-05-20,2026-09-04T15:50:42Z,Coinbase,2,,,engine/technical/README.md,
XRP,crypto,tecnico,atr14_pct_precio,3.44,,%,2026-05-21,2026-09-04T15:50:42Z,Coinbase,2,,,engine/technical/README.md,
XRP,crypto,tecnico,atr14_pct_precio,3.52,,%,2026-05-22,2026-09-04T15:50:42Z,Coinbase,2,,,engine/technical/README.md,
XRP,crypto,tecnico,atr14_pct_precio,3.6,,%,2026-05-23,2026-09-04T15:50:42Z,Coinbase,2,,,engine/technical/README.md,
XRP,crypto,tecnico,atr14_pct_precio,3.58,,%,2026-05-24,2026-09-04T15:50:42Z,Coinbase,2,,,engine/technical/README.md,
XRP,crypto,tecnico,atr14_pct_precio,3.44,,%,2026-05-25,2026-09-04T15:50:42Z,Coinbase,2,,,engine/technical/README.md,
XRP,crypto,tecnico,atr14_pct_precio,3.46,,%,2026-05-26,2026-09-04T15:50:42Z,Coinbase,2,,,engine/technical/README.md,
XRP,crypto,tecnico,atr14_pct_precio,3.47,,%,2026-05-27,2026-09-04T15:50:42Z,Coinbase,2,,,engine/technical/README.md,
XRP,crypto,tecnico,atr14_pct_precio,3.55,,%,2026-05-28,2026-09-04T15:50:42Z,Coinbase,2,,,engine/technical/README.md,
XRP,crypto,tecnico,atr14_pct_precio,3.46,,%,2026-05-29,2026-09-04T15:50:42Z,Coinbase,2,,,engine/technical/README.md,
XRP,crypto,tecnico,atr14_pct_precio,3.38,,%,2026-05-30,2026-09-04T15:50:42Z,Coinbase,2,,,engine/technical/README.md,
XRP,crypto,tecnico,atr14_pct_precio,3.3,,%,2026-05-31,2026-09-04T15:50:42Z,Coinbase,2,,,engine/technical/README.md,
XRP,crypto,tecnico,atr14_pct_precio,3.47,,%,2026-06-01,2026-09-04T15:50:42Z,Coinbase,2,,,engine/technical/README.md,
XRP,crypto,tecnico,atr14_pct_precio,4.03,,%,2026-06-02,2026-09-04T15:50:42Z,Coinbase,2,,,engine/technical/README.md,
XRP,crypto,tecnico,atr14_pct_precio,4.12,,%,2026-06-03,2026-09-04T15:50:42Z,Coinbase,2,,,engine/technical/README.md,
XRP,crypto,tecnico,atr14_pct_precio,4.38,,%,2026-06-04,2026-09-04T15:50:42Z,Coinbase,2,,,engine/technical/README.md,
XRP,crypto,tecnico,atr14_pct_precio,4.91,,%,2026-06-05,2026-09-04T15:50:42Z,Coinbase,2,,,engine/technical/README.md,
XRP,crypto,tecnico,atr14_pct_precio,4.98,,%,2026-06-06,2026-09-04T15:50:42Z,Coinbase,2,,,engine/technical/README.md,
XRP,crypto,tecnico,atr14_pct_precio,4.9,,%,2026-06-07,2026-09-04T15:50:42Z,Coinbase,2,,,engine/technical/README.md,
XRP,crypto,tecnico,atr14_pct_precio,4.83,,%,2026-06-08,2026-09-04T15:50:42Z,Coinbase,2,,,engine/technical/README.md,
XRP,crypto,tecnico,atr14_pct_precio,4.96,,%,2026-06-09,2026-09-04T15:50:42Z,Coinbase,2,,,engine/technical/README.md,
XRP,crypto,tecnico,atr14_pct_precio,5.12,,%,2026-06-10,2026-09-04T15:50:42Z,Coinbase,2,,,engine/technical/README.md,
XRP,crypto,tecnico,atr14_pct_precio,4.88,,%,2026-06-11,2026-09-04T15:50:42Z,Coinbase,2,,,engine/technical/README.md,
XRP,crypto,tecnico,atr14_pct_precio,4.76,,%,2026-06-12,2026-09-04T15:50:42Z,Coinbase,2,,,engine/technical/README.md,
XRP,crypto,tecnico,atr14_pct_precio,4.54,,%,2026-06-13,2026-09-04T15:50:42Z,Coinbase,2,,,engine/technical/README.md,
XRP,crypto,tecnico,atr14_pct_precio,4.44,,%,2026-06-14,2026-09-04T15:50:42Z,Coinbase,2,,,engine/technical/README.md,
XRP,crypto,tecnico,atr14_pct_precio,4.61,,%,2026-06-15,2026-09-04T15:50:42Z,Coinbase,2,,,engine/technical/README.md,
XRP,crypto,tecnico,atr14_pct_precio,4.65,,%,2026-06-16,2026-09-04T15:50:42Z,Coinbase,2,,,engine/technical/README.md,
XRP,crypto,tecnico,atr14_pct_precio,4.66,,%,2026-06-17,2026-09-04T15:50:42Z,Coinbase,2,,,engine/technical/README.md,
XRP,crypto,tecnico,atr14_pct_precio,4.81,,%,2026-06-18,2026-09-04T15:50:42Z,Coinbase,2,,,engine/technical/README.md,
XRP,crypto,tecnico,atr14_pct_precio,4.71,,%,2026-06-19,2026-09-04T15:50:42Z,Coinbase,2,,,engine/technical/README.md,
XRP,crypto,tecnico,atr14_pct_precio,4.45,,%,2026-06-20,2026-09-04T15:50:42Z,Coinbase,2,,,engine/technical/README.md,
XRP,crypto,tecnico,atr14_pct_precio,4.4,,%,2026-06-21,2026-09-04T15:50:42Z,Coinbase,2,,,engine/technical/README.md,
XRP,crypto,tecnico,atr14_pct_precio,4.33,,%,2026-06-22,2026-09-04T15:50:42Z,Coinbase,2,,,engine/technical/README.md,
XRP,crypto,tecnico,atr14_pct_precio,4.32,,%,2026-06-23,2026-09-04T15:50:42Z,Coinbase,2,,,engine/technical/README.md,
XRP,crypto,tecnico,atr14_pct_precio,4.57,,%,2026-06-24,2026-09-04T15:50:42Z,Coinbase,2,,,engine/technical/README.md,
XRP,crypto,tecnico,atr14_pct_precio,4.9,,%,2026-06-25,2026-09-04T15:50:42Z,Coinbase,2,,,engine/technical/README.md,
XRP,crypto,tecnico,atr14_pct_precio,4.84,,%,2026-06-26,2026-09-04T15:50:42Z,Coinbase,2,,,engine/technical/README.md,
XRP,crypto,tecnico,atr14_pct_precio,4.72,,%,2026-06-27,2026-09-04T15:50:42Z,Coinbase,2,,,engine/technical/README.md,
XRP,crypto,tecnico,atr14_pct_precio,4.55,,%,2026-06-28,2026-09-04T15:50:42Z,Coinbase,2,,,engine/technical/README.md,
XRP,crypto,tecnico,atr14_pct_precio,4.48,,%,2026-06-29,2026-09-04T15:50:42Z,Coinbase,2,,,engine/technical/README.md,
XRP,crypto,tecnico,atr14_pct_precio,4.43,,%,2026-06-30,2026-09-04T15:50:42Z,Coinbase,2,,,engine/technical/README.md,
XRP,crypto,tecnico,atr14_pct_precio,4.42,,%,2026-07-01,2026-09-04T15:50:42Z,Coinbase,2,,,engine/technical/README.md,
XRP,crypto,tecnico,atr14_pct_precio,4.39,,%,2026-07-02,2026-09-04T15:50:42Z,Coinbase,2,,,engine/technical/README.md,
XRP,crypto,tecnico,atr14_pct_precio,4.29,,%,2026-07-03,2026-09-04T15:50:42Z,Coinbase,2,,,engine/technical/README.md,
XRP,crypto,tecnico,atr14_pct_precio,4.23,,%,2026-07-04,2026-09-04T15:50:42Z,Coinbase,2,,,engine/technical/README.md,
XRP,crypto,tecnico,atr14_pct_precio,4.21,,%,2026-07-05,2026-09-04T15:50:42Z,Coinbase,2,,,engine/technical/README.md,
XRP,crypto,tecnico,atr14_pct_precio,4.27,,%,2026-07-06,2026-09-04T15:50:42Z,Coinbase,2,,,engine/technical/README.md,
XRP,crypto,tecnico,atr14_pct_precio,4.34,,%,2026-07-07,2026-09-04T15:50:42Z,Coinbase,2,,,engine/technical/README.md,
XRP,crypto,tecnico,atr14_pct_precio,4.41,,%,2026-07-08,2026-09-04T15:50:42Z,Coinbase,2,,,engine/technical/README.md,
XRP,crypto,tecnico,atr14_pct_precio,4.21,,%,2026-07-09,2026-09-04T15:50:42Z,Coinbase,2,,,engine/technical/README.md,
XRP,crypto,tecnico,atr14_pct_precio,4.05,,%,2026-07-10,2026-09-04T15:50:42Z,Coinbase,2,,,engine/technical/README.md,
XRP,crypto,tecnico,atr14_pct_precio,3.94,,%,2026-07-11,2026-09-04T15:50:42Z,Coinbase,2,,,engine/technical/README.md,
XRP,crypto,tecnico,atr14_pct_precio,3.84,,%,2026-07-12,2026-09-04T15:50:42Z,Coinbase,2,,,engine/technical/README.md,
XRP,crypto,tecnico,atr14_pct_precio,3.94,,%,2026-07-13,2026-09-04T15:50:42Z,Coinbase,2,,,engine/technical/README.md,
XRP,crypto,tecnico,atr14_pct_precio,3.89,,%,2026-07-14,2026-09-04T15:50:42Z,Coinbase,2,,,engine/technical/README.md,
XRP,crypto,tecnico,atr14_pct_precio,3.82,,%,2026-07-15,2026-09-04T15:50:42Z,Coinbase,2,,,engine/technical/README.md,
XRP,crypto,tecnico,atr14_pct_precio,3.84,,%,2026-07-16,2026-09-04T15:50:42Z,Coinbase,2,,,engine/technical/README.md,
XRP,crypto,tecnico,atr14_pct_precio,3.73,,%,2026-07-17,2026-09-04T15:50:42Z,Coinbase,2,,,engine/technical/README.md,
XRP,crypto,tecnico,atr14_pct_precio,3.54,,%,2026-07-18,2026-09-04T15:50:42Z,Coinbase,2,,,engine/technical/README.md,
XRP,crypto,tecnico,atr14_pct_precio,3.36,,%,2026-07-19,2026-09-04T15:50:42Z,Coinbase,2,,,engine/technical/README.md,
XRP,crypto,tecnico,atr14_pct_precio,3.28,,%,2026-07-20,2026-09-04T11:17:40Z,Kraken,2,100,,engine/technical/README.md,
XRP,crypto,tecnico,atr14_pct_precio,3.35,,%,2026-07-21,2026-09-04T15:50:42Z,Coinbase,2,,,engine/technical/README.md,
XRP,crypto,tecnico,atr14_pct_precio,3.29,,%,2026-07-22,2026-09-04T15:50:42Z,Coinbase,2,,,engine/technical/README.md,
XRP,crypto,tecnico,atr14_pct_precio,3.4,,%,2026-07-23,2026-09-04T15:50:42Z,Coinbase,2,,,engine/technical/README.md,
XRP,crypto,tecnico,atr14_pct_precio,3.43,,%,2026-07-24,2026-09-04T15:50:42Z,Coinbase,2,,,engine/technical/README.md,
XRP,crypto,tecnico,atr14_pct_precio,3.32,,%,2026-07-25,2026-09-04T15:50:42Z,Coinbase,2,,,engine/technical/README.md,
XRP,crypto,tecnico,atr14_pct_precio,3.16,,%,2026-07-26,2026-09-04T15:50:42Z,Coinbase,2,,,engine/technical/README.md,
XRP,crypto,tecnico,atr14_pct_precio,3.39,,%,2026-07-27,2026-09-04T15:50:42Z,Coinbase,2,,,engine/technical/README.md,
XRP,crypto,tecnico,atr14_pct_precio,3.3,,%,2026-07-28,2026-09-04T15:50:42Z,Coinbase,2,,,engine/technical/README.md,
XRP,crypto,tecnico,atr14_pct_precio,3.32,,%,2026-07-29,2026-09-04T15:50:42Z,Coinbase,2,,,engine/technical/README.md,
XRP,crypto,tecnico,atr14_pct_precio,3.21,,%,2026-07-30,2026-09-04T15:50:42Z,Coinbase,2,,,engine/technical/README.md,
XRP,crypto,tecnico,atr14_pct_precio,3.26,,%,2026-07-31,2026-09-04T15:50:42Z,Coinbase,2,,,engine/technical/README.md,
XRP,crypto,tecnico,atr14_pct_precio,3.15,,%,2026-08-01,2026-09-04T15:50:42Z,Coinbase,2,,,engine/technical/README.md,
XRP,crypto,tecnico,atr14_pct_precio,3.05,,%,2026-08-02,2026-09-04T15:50:42Z,Coinbase,2,,,engine/technical/README.md,
XRP,crypto,tecnico,atr14_pct_precio,3.03,,%,2026-08-03,2026-09-04T15:50:42Z,Coinbase,2,,,engine/technical/README.md,
XRP,crypto,tecnico,atr14_pct_precio,2.91,,%,2026-08-04,2026-09-04T15:50:42Z,Coinbase,2,,,engine/technical/README.md,
XRP,crypto,tecnico,atr14_pct_precio,2.89,,%,2026-08-05,2026-09-04T15:50:42Z,Coinbase,2,,,engine/technical/README.md,
XRP,crypto,tecnico,atr14_pct_precio,2.95,,%,2026-08-06,2026-09-04T15:50:42Z,Coinbase,2,,,engine/technical/README.md,
XRP,crypto,tecnico,atr14_pct_precio,3.01,,%,2026-08-07,2026-09-04T15:50:42Z,Coinbase,2,,,engine/technical/README.md,
XRP,crypto,tecnico,atr14_pct_precio,2.94,,%,2026-08-08,2026-09-04T15:50:42Z,Coinbase,2,,,engine/technical/README.md,
XRP,crypto,tecnico,atr14_pct_precio,2.89,,%,2026-08-09,2026-09-04T15:50:42Z,Coinbase,2,,,engine/technical/README.md,
XRP,crypto,tecnico,atr14_pct_precio,2.96,,%,2026-08-10,2026-09-04T15:50:42Z,Coinbase,2,,,engine/technical/README.md,
XRP,crypto,tecnico,atr14_pct_precio,2.96,,%,2026-08-11,2026-09-04T15:50:42Z,Coinbase,2,,,engine/technical/README.md,
XRP,crypto,tecnico,atr14_pct_precio,2.96,,%,2026-08-12,2026-09-04T15:50:42Z,Coinbase,2,,,engine/technical/README.md,
XRP,crypto,tecnico,atr14_pct_precio,2.86,,%,2026-08-13,2026-09-04T15:50:42Z,Coinbase,2,,,engine/technical/README.md,
XRP,crypto,tecnico,atr14_pct_precio,2.9,,%,2026-08-14,2026-09-04T15:50:42Z,Coinbase,2,,,engine/technical/README.md,
XRP,crypto,tecnico,atr14_pct_precio,2.76,,%,2026-08-15,2026-09-04T15:50:42Z,Coinbase,2,,,engine/technical/README.md,
XRP,crypto,tecnico,atr14_pct_precio,2.68,,%,2026-08-16,2026-09-04T15:50:42Z,Coinbase,2,,,engine/technical/README.md,
XRP,crypto,tecnico,atr14_pct_precio,2.61,,%,2026-08-17,2026-09-04T15:50:42Z,Coinbase,2,,,engine/technical/README.md,
XRP,crypto,tecnico,atr14_pct_precio,2.54,,%,2026-08-18,2026-09-04T15:50:42Z,Coinbase,2,,,engine/technical/README.md,
XRP,crypto,tecnico,atr14_pct_precio,3.0,,%,2026-08-19,2026-09-04T15:50:42Z,Coinbase,2,,,engine/technical/README.md,
XRP,crypto,tecnico,atr14_pct_precio,3.88,,%,2026-08-20,2026-09-04T15:50:42Z,Coinbase,2,,,engine/technical/README.md,
XRP,crypto,tecnico,atr14_pct_precio,4.2,,%,2026-08-21,2026-09-04T15:50:42Z,Coinbase,2,,,engine/technical/README.md,
XRP,crypto,tecnico,atr14_pct_precio,5.46,,%,2026-08-22,2026-09-04T15:50:42Z,Coinbase,2,,,engine/technical/README.md,
XRP,crypto,tecnico,atr14_pct_precio,5.42,,%,2026-08-23,2026-09-04T15:50:42Z,Coinbase,2,,,engine/technical/README.md,
XRP,crypto,tecnico,atr14_pct_precio,5.52,,%,2026-08-24,2026-09-04T15:50:42Z,Coinbase,2,,,engine/technical/README.md,
XRP,crypto,tecnico,atr14_pct_precio,6.02,,%,2026-08-25,2026-09-04T15:50:42Z,Coinbase,2,,,engine/technical/README.md,
XRP,crypto,tecnico,atr14_pct_precio,6.08,,%,2026-08-26,2026-09-04T15:50:42Z,Coinbase,2,,,engine/technical/README.md,
XRP,crypto,tecnico,atr14_pct_precio,5.91,,%,2026-08-27,2026-09-04T15:50:42Z,Coinbase,2,,,engine/technical/README.md,
XRP,crypto,tecnico,atr14_pct_precio,6.26,,%,2026-08-28,2026-09-04T15:50:42Z,Coinbase,2,,,engine/technical/README.md,
XRP,crypto,tecnico,atr14_pct_precio,5.89,,%,2026-08-29,2026-09-04T15:50:42Z,Coinbase,2,,,engine/technical/README.md,
XRP,crypto,tecnico,atr14_pct_precio,6.15,,%,2026-08-30,2026-09-04T15:50:42Z,Coinbase,2,,,engine/technical/README.md,
XRP,crypto,tecnico,atr14_pct_precio,5.92,,%,2026-08-31,2026-09-04T15:50:42Z,Coinbase,2,,,engine/technical/README.md,
XRP,crypto,tecnico,atr14_pct_precio,5.89,,%,2026-09-01,2026-09-04T15:50:42Z,Coinbase,2,,,engine/technical/README.md,
XRP,crypto,tecnico,atr14_pct_precio,5.73,,%,2026-09-02,2026-09-04T15:50:42Z,Coinbase,2,,,engine/technical/README.md,
XRP,crypto,tecnico,atr14_pct_precio,5.65,,%,2026-09-03,2026-09-04T15:50:42Z,Coinbase,2,,,engine/technical/README.md,
XRP,crypto,tecnico,atr14_pct_precio,5.45,,%,2026-09-04,2026-09-04T10:11:47Z,Kraken,2,100,,engine/technical/README.md,
XRP,crypto,tecnico,confluencia_sesgo,,mixto (2/4 señales alcistas — sin confluencia clara),categorico,2026-07-20,2026-09-04T11:17:40Z,Kraken,2,100,,engine/technical/README.md,
XRP,crypto,tecnico,confluencia_sesgo,,mixto (3/4 señales alcistas — sin confluencia clara),categorico,2026-09-04,2026-09-04T10:11:47Z,Kraken,2,100,,engine/technical/README.md,
XRP,crypto,tecnico,posicion_rango_90d_pct,17.3,,%,2026-07-20,2026-09-04T11:17:40Z,Kraken,2,100,,engine/technical/README.md,
XRP,crypto,tecnico,posicion_rango_90d_pct,88.0,,%,2026-09-04,2026-09-04T10:11:47Z,Kraken,2,100,,engine/technical/README.md,
XRP,crypto,tecnico,precio,1.598,,EUR,2026-01-01,2026-09-04T15:50:42Z,Coinbase,2,,,engine/technical/README.md,
XRP,crypto,tecnico,precio,1.7142,,EUR,2026-01-02,2026-09-04T15:50:42Z,Coinbase,2,,,engine/technical/README.md,
XRP,crypto,tecnico,precio,1.7231,,EUR,2026-01-03,2026-09-04T15:50:42Z,Coinbase,2,,,engine/technical/README.md,
XRP,crypto,tecnico,precio,1.7862,,EUR,2026-01-04,2026-09-04T15:50:42Z,Coinbase,2,,,engine/technical/README.md,
XRP,crypto,tecnico,precio,2.005,,EUR,2026-01-05,2026-09-04T15:50:42Z,Coinbase,2,,,engine/technical/README.md,
XRP,crypto,tecnico,precio,1.9691,,EUR,2026-01-06,2026-09-04T15:50:42Z,Coinbase,2,,,engine/technical/README.md,
XRP,crypto,tecnico,precio,1.8539,,EUR,2026-01-07,2026-09-04T15:50:42Z,Coinbase,2,,,engine/technical/README.md,
XRP,crypto,tecnico,precio,1.8207,,EUR,2026-01-08,2026-09-04T15:50:42Z,Coinbase,2,,,engine/technical/README.md,
XRP,crypto,tecnico,precio,1.7991,,EUR,2026-01-09,2026-09-04T15:50:42Z,Coinbase,2,,,engine/technical/README.md,
XRP,crypto,tecnico,precio,1.7962,,EUR,2026-01-10,2026-09-04T15:50:42Z,Coinbase,2,,,engine/technical/README.md,
XRP,crypto,tecnico,precio,1.7826,,EUR,2026-01-11,2026-09-04T15:50:42Z,Coinbase,2,,,engine/technical/README.md,
XRP,crypto,tecnico,precio,1.7581,,EUR,2026-01-12,2026-09-04T15:50:42Z,Coinbase,2,,,engine/technical/README.md,
XRP,crypto,tecnico,precio,1.858,,EUR,2026-01-13,2026-09-04T15:50:42Z,Coinbase,2,,,engine/technical/README.md,
XRP,crypto,tecnico,precio,1.8376,,EUR,2026-01-14,2026-09-04T15:50:42Z,Coinbase,2,,,engine/technical/README.md,
XRP,crypto,tecnico,precio,1.7901,,EUR,2026-01-15,2026-09-04T15:50:42Z,Coinbase,2,,,engine/technical/README.md,
XRP,crypto,tecnico,precio,1.7822,,EUR,2026-01-16,2026-09-04T15:50:42Z,Coinbase,2,,,engine/technical/README.md,
XRP,crypto,tecnico,precio,1.779,,EUR,2026-01-17,2026-09-04T15:50:42Z,Coinbase,2,,,engine/technical/README.md,
XRP,crypto,tecnico,precio,1.7124,,EUR,2026-01-18,2026-09-04T15:50:42Z,Coinbase,2,,,engine/technical/README.md,
XRP,crypto,tecnico,precio,1.7054,,EUR,2026-01-19,2026-09-04T15:50:42Z,Coinbase,2,,,engine/technical/README.md,
XRP,crypto,tecnico,precio,1.6105,,EUR,2026-01-20,2026-09-04T15:50:42Z,Coinbase,2,,,engine/technical/README.md,
XRP,crypto,tecnico,precio,1.6687,,EUR,2026-01-21,2026-09-04T15:50:42Z,Coinbase,2,,,engine/technical/README.md,
XRP,crypto,tecnico,precio,1.6339,,EUR,2026-01-22,2026-09-04T15:50:42Z,Coinbase,2,,,engine/technical/README.md,
XRP,crypto,tecnico,precio,1.6224,,EUR,2026-01-23,2026-09-04T15:50:42Z,Coinbase,2,,,engine/technical/README.md,
XRP,crypto,tecnico,precio,1.617,,EUR,2026-01-24,2026-09-04T15:50:42Z,Coinbase,2,,,engine/technical/README.md,
XRP,crypto,tecnico,precio,1.5466,,EUR,2026-01-25,2026-09-04T15:50:42Z,Coinbase,2,,,engine/technical/README.md,
XRP,crypto,tecnico,precio,1.6024,,EUR,2026-01-26,2026-09-04T15:50:42Z,Coinbase,2,,,engine/technical/README.md,
XRP,crypto,tecnico,precio,1.592,,EUR,2026-01-27,2026-09-04T15:50:42Z,Coinbase,2,,,engine/technical/README.md,
XRP,crypto,tecnico,precio,1.5946,,EUR,2026-01-28,2026-09-04T15:50:42Z,Coinbase,2,,,engine/technical/README.md,
XRP,crypto,tecnico,precio,1.5091,,EUR,2026-01-29,2026-09-04T15:50:42Z,Coinbase,2,,,engine/technical/README.md,
XRP,crypto,tecnico,precio,1.4633,,EUR,2026-01-30,2026-09-04T15:50:42Z,Coinbase,2,,,engine/technical/README.md,
XRP,crypto,tecnico,precio,1.393,,EUR,2026-01-31,2026-09-04T15:50:42Z,Coinbase,2,,,engine/technical/README.md,
XRP,crypto,tecnico,precio,1.3419,,EUR,2026-02-01,2026-09-04T15:50:42Z,Coinbase,2,,,engine/technical/README.md,
XRP,crypto,tecnico,precio,1.3726,,EUR,2026-02-02,2026-09-04T15:50:42Z,Coinbase,2,,,engine/technical/README.md,
XRP,crypto,tecnico,precio,1.3345,,EUR,2026-02-03,2026-09-04T15:50:42Z,Coinbase,2,,,engine/technical/README.md,
XRP,crypto,tecnico,precio,1.2786,,EUR,2026-02-04,2026-09-04T15:50:42Z,Coinbase,2,,,engine/technical/README.md,
XRP,crypto,tecnico,precio,1.0304,,EUR,2026-02-05,2026-09-04T15:50:42Z,Coinbase,2,,,engine/technical/README.md,
XRP,crypto,tecnico,precio,1.2448,,EUR,2026-02-06,2026-09-04T15:50:42Z,Coinbase,2,,,engine/technical/README.md,
XRP,crypto,tecnico,precio,1.2063,,EUR,2026-02-07,2026-09-04T15:50:42Z,Coinbase,2,,,engine/technical/README.md,
XRP,crypto,tecnico,precio,1.2099,,EUR,2026-02-08,2026-09-04T15:50:42Z,Coinbase,2,,,engine/technical/README.md,
XRP,crypto,tecnico,precio,1.2078,,EUR,2026-02-09,2026-09-04T15:50:42Z,Coinbase,2,,,engine/technical/README.md,
XRP,crypto,tecnico,precio,1.1771,,EUR,2026-02-10,2026-09-04T15:50:42Z,Coinbase,2,,,engine/technical/README.md,
XRP,crypto,tecnico,precio,1.1531,,EUR,2026-02-11,2026-09-04T15:50:42Z,Coinbase,2,,,engine/technical/README.md,
XRP,crypto,tecnico,precio,1.1472,,EUR,2026-02-12,2026-09-04T15:50:42Z,Coinbase,2,,,engine/technical/README.md,
XRP,crypto,tecnico,precio,1.1859,,EUR,2026-02-13,2026-09-04T15:50:42Z,Coinbase,2,,,engine/technical/README.md,
XRP,crypto,tecnico,precio,1.2738,,EUR,2026-02-14,2026-09-04T15:50:42Z,Coinbase,2,,,engine/technical/README.md,
XRP,crypto,tecnico,precio,1.2431,,EUR,2026-02-15,2026-09-04T15:50:42Z,Coinbase,2,,,engine/technical/README.md,
XRP,crypto,tecnico,precio,1.2539,,EUR,2026-02-16,2026-09-04T15:50:42Z,Coinbase,2,,,engine/technical/README.md,
XRP,crypto,tecnico,precio,1.2446,,EUR,2026-02-17,2026-09-04T15:50:42Z,Coinbase,2,,,engine/technical/README.md,
XRP,crypto,tecnico,precio,1.2065,,EUR,2026-02-18,2026-09-04T15:50:42Z,Coinbase,2,,,engine/technical/README.md,
XRP,crypto,tecnico,precio,1.1942,,EUR,2026-02-19,2026-09-04T15:50:42Z,Coinbase,2,,,engine/technical/README.md,
XRP,crypto,tecnico,precio,1.2127,,EUR,2026-02-20,2026-09-04T15:50:42Z,Coinbase,2,,,engine/technical/README.md,
XRP,crypto,tecnico,precio,1.2142,,EUR,2026-02-21,2026-09-04T15:50:42Z,Coinbase,2,,,engine/technical/README.md,
XRP,crypto,tecnico,precio,1.1773,,EUR,2026-02-22,2026-09-04T15:50:42Z,Coinbase,2,,,engine/technical/README.md,
XRP,crypto,tecnico,precio,1.1488,,EUR,2026-02-23,2026-09-04T15:50:42Z,Coinbase,2,,,engine/technical/README.md,
XRP,crypto,tecnico,precio,1.1455,,EUR,2026-02-24,2026-09-04T15:50:42Z,Coinbase,2,,,engine/technical/README.md,
XRP,crypto,tecnico,precio,1.2134,,EUR,2026-02-25,2026-09-04T15:50:42Z,Coinbase,2,,,engine/technical/README.md,
XRP,crypto,tecnico,precio,1.1888,,EUR,2026-02-26,2026-09-04T15:50:42Z,Coinbase,2,,,engine/technical/README.md,
XRP,crypto,tecnico,precio,1.149,,EUR,2026-02-27,2026-09-04T15:50:42Z,Coinbase,2,,,engine/technical/README.md,
XRP,crypto,tecnico,precio,1.1664,,EUR,2026-02-28,2026-09-04T15:50:42Z,Coinbase,2,,,engine/technical/README.md,
XRP,crypto,tecnico,precio,1.1501,,EUR,2026-03-01,2026-09-04T15:50:42Z,Coinbase,2,,,engine/technical/README.md,
XRP,crypto,tecnico,precio,1.1886,,EUR,2026-03-02,2026-09-04T15:50:42Z,Coinbase,2,,,engine/technical/README.md,
XRP,crypto,tecnico,precio,1.1715,,EUR,2026-03-03,2026-09-04T15:50:42Z,Coinbase,2,,,engine/technical/README.md,
XRP,crypto,tecnico,precio,1.2306,,EUR,2026-03-04,2026-09-04T15:50:42Z,Coinbase,2,,,engine/technical/README.md,
XRP,crypto,tecnico,precio,1.2097,,EUR,2026-03-05,2026-09-04T15:50:42Z,Coinbase,2,,,engine/technical/README.md,
XRP,crypto,tecnico,precio,1.1747,,EUR,2026-03-06,2026-09-04T15:50:42Z,Coinbase,2,,,engine/technical/README.md,
XRP,crypto,tecnico,precio,1.1706,,EUR,2026-03-07,2026-09-04T15:50:42Z,Coinbase,2,,,engine/technical/README.md,
XRP,crypto,tecnico,precio,1.1637,,EUR,2026-03-08,2026-09-04T15:50:42Z,Coinbase,2,,,engine/technical/README.md,
XRP,crypto,tecnico,precio,1.1739,,EUR,2026-03-09,2026-09-04T15:50:42Z,Coinbase,2,,,engine/technical/README.md,
XRP,crypto,tecnico,precio,1.1946,,EUR,2026-03-10,2026-09-04T15:50:42Z,Coinbase,2,,,engine/technical/README.md,
XRP,crypto,tecnico,precio,1.1995,,EUR,2026-03-11,2026-09-04T15:50:42Z,Coinbase,2,,,engine/technical/README.md,
XRP,crypto,tecnico,precio,1.2023,,EUR,2026-03-12,2026-09-04T15:50:42Z,Coinbase,2,,,engine/technical/README.md,
XRP,crypto,tecnico,precio,1.2242,,EUR,2026-03-13,2026-09-04T15:50:42Z,Coinbase,2,,,engine/technical/README.md,
XRP,crypto,tecnico,precio,1.2334,,EUR,2026-03-14,2026-09-04T15:50:42Z,Coinbase,2,,,engine/technical/README.md,
XRP,crypto,tecnico,precio,1.2682,,EUR,2026-03-15,2026-09-04T15:50:42Z,Coinbase,2,,,engine/technical/README.md,
XRP,crypto,tecnico,precio,1.3409,,EUR,2026-03-16,2026-09-04T15:50:42Z,Coinbase,2,,,engine/technical/README.md,
XRP,crypto,tecnico,precio,1.3169,,EUR,2026-03-17,2026-09-04T15:50:42Z,Coinbase,2,,,engine/technical/README.md,
XRP,crypto,tecnico,precio,1.2774,,EUR,2026-03-18,2026-09-04T15:50:42Z,Coinbase,2,,,engine/technical/README.md,
XRP,crypto,tecnico,precio,1.2507,,EUR,2026-03-19,2026-09-04T15:50:42Z,Coinbase,2,,,engine/technical/README.md,
XRP,crypto,tecnico,precio,1.2492,,EUR,2026-03-20,2026-09-04T15:50:42Z,Coinbase,2,,,engine/technical/README.md,
XRP,crypto,tecnico,precio,1.2184,,EUR,2026-03-21,2026-09-04T15:50:42Z,Coinbase,2,,,engine/technical/README.md,
XRP,crypto,tecnico,precio,1.1979,,EUR,2026-03-22,2026-09-04T15:50:42Z,Coinbase,2,,,engine/technical/README.md,
XRP,crypto,tecnico,precio,1.234,,EUR,2026-03-23,2026-09-04T15:50:42Z,Coinbase,2,,,engine/technical/README.md,
XRP,crypto,tecnico,precio,1.2185,,EUR,2026-03-24,2026-09-04T15:50:42Z,Coinbase,2,,,engine/technical/README.md,
XRP,crypto,tecnico,precio,1.2231,,EUR,2026-03-25,2026-09-04T15:50:42Z,Coinbase,2,,,engine/technical/README.md,
XRP,crypto,tecnico,precio,1.1797,,EUR,2026-03-26,2026-09-04T15:50:42Z,Coinbase,2,,,engine/technical/README.md,
XRP,crypto,tecnico,precio,1.1513,,EUR,2026-03-27,2026-09-04T15:50:42Z,Coinbase,2,,,engine/technical/README.md,
XRP,crypto,tecnico,precio,1.159,,EUR,2026-03-28,2026-09-04T15:50:42Z,Coinbase,2,,,engine/technical/README.md,
XRP,crypto,tecnico,precio,1.155,,EUR,2026-03-29,2026-09-04T15:50:42Z,Coinbase,2,,,engine/technical/README.md,
XRP,crypto,tecnico,precio,1.1551,,EUR,2026-03-30,2026-09-04T15:50:42Z,Coinbase,2,,,engine/technical/README.md,
XRP,crypto,tecnico,precio,1.1578,,EUR,2026-03-31,2026-09-04T15:50:42Z,Coinbase,2,,,engine/technical/README.md,
XRP,crypto,tecnico,precio,1.1632,,EUR,2026-04-01,2026-09-04T15:50:42Z,Coinbase,2,,,engine/technical/README.md,
XRP,crypto,tecnico,precio,1.1438,,EUR,2026-04-02,2026-09-04T15:50:42Z,Coinbase,2,,,engine/technical/README.md,
XRP,crypto,tecnico,precio,1.1449,,EUR,2026-04-03,2026-09-04T15:50:42Z,Coinbase,2,,,engine/technical/README.md,
XRP,crypto,tecnico,precio,1.1419,,EUR,2026-04-04,2026-09-04T15:50:42Z,Coinbase,2,,,engine/technical/README.md,
XRP,crypto,tecnico,precio,1.1545,,EUR,2026-04-05,2026-09-04T15:50:42Z,Coinbase,2,,,engine/technical/README.md,
XRP,crypto,tecnico,precio,1.144,,EUR,2026-04-06,2026-09-04T15:50:42Z,Coinbase,2,,,engine/technical/README.md,
XRP,crypto,tecnico,precio,1.1811,,EUR,2026-04-07,2026-09-04T15:50:42Z,Coinbase,2,,,engine/technical/README.md,
XRP,crypto,tecnico,precio,1.1519,,EUR,2026-04-08,2026-09-04T15:50:42Z,Coinbase,2,,,engine/technical/README.md,
XRP,crypto,tecnico,precio,1.1495,,EUR,2026-04-09,2026-09-04T15:50:42Z,Coinbase,2,,,engine/technical/README.md,
XRP,crypto,tecnico,precio,1.1574,,EUR,2026-04-10,2026-09-04T15:50:42Z,Coinbase,2,,,engine/technical/README.md,
XRP,crypto,tecnico,precio,1.1565,,EUR,2026-04-11,2026-09-04T15:50:42Z,Coinbase,2,,,engine/technical/README.md,
XRP,crypto,tecnico,precio,1.1342,,EUR,2026-04-12,2026-09-04T15:50:42Z,Coinbase,2,,,engine/technical/README.md,
XRP,crypto,tecnico,precio,1.1694,,EUR,2026-04-13,2026-09-04T15:50:42Z,Coinbase,2,,,engine/technical/README.md,
XRP,crypto,tecnico,precio,1.1548,,EUR,2026-04-14,2026-09-04T15:50:42Z,Coinbase,2,,,engine/technical/README.md,
XRP,crypto,tecnico,precio,1.1797,,EUR,2026-04-15,2026-09-04T15:50:42Z,Coinbase,2,,,engine/technical/README.md,
XRP,crypto,tecnico,precio,1.2339,,EUR,2026-04-16,2026-09-04T15:50:42Z,Coinbase,2,,,engine/technical/README.md,
XRP,crypto,tecnico,precio,1.2556,,EUR,2026-04-17,2026-09-04T15:50:42Z,Coinbase,2,,,engine/technical/README.md,
XRP,crypto,tecnico,precio,1.2187,,EUR,2026-04-18,2026-09-04T15:50:42Z,Coinbase,2,,,engine/technical/README.md,
XRP,crypto,tecnico,precio,1.1882,,EUR,2026-04-19,2026-09-04T15:50:42Z,Coinbase,2,,,engine/technical/README.md,
XRP,crypto,tecnico,precio,1.2096,,EUR,2026-04-20,2026-09-04T15:50:42Z,Coinbase,2,,,engine/technical/README.md,
XRP,crypto,tecnico,precio,1.2206,,EUR,2026-04-21,2026-09-04T15:50:42Z,Coinbase,2,,,engine/technical/README.md,
XRP,crypto,tecnico,precio,1.2209,,EUR,2026-04-22,2026-09-04T15:50:42Z,Coinbase,2,,,engine/technical/README.md,
XRP,crypto,tecnico,precio,1.2326,,EUR,2026-04-23,2026-09-04T15:50:42Z,Coinbase,2,,,engine/technical/README.md,
XRP,crypto,tecnico,precio,1.2233,,EUR,2026-04-24,2026-09-04T15:50:42Z,Coinbase,2,,,engine/technical/README.md,
XRP,crypto,tecnico,precio,1.2159,,EUR,2026-04-25,2026-09-04T15:50:42Z,Coinbase,2,,,engine/technical/README.md,
XRP,crypto,tecnico,precio,1.2234,,EUR,2026-04-26,2026-09-04T15:50:42Z,Coinbase,2,,,engine/technical/README.md,
XRP,crypto,tecnico,precio,1.1939,,EUR,2026-04-27,2026-09-04T15:50:42Z,Coinbase,2,,,engine/technical/README.md,
XRP,crypto,tecnico,precio,1.1785,,EUR,2026-04-28,2026-09-04T15:50:42Z,Coinbase,2,,,engine/technical/README.md,
XRP,crypto,tecnico,precio,1.1721,,EUR,2026-04-29,2026-09-04T15:50:42Z,Coinbase,2,,,engine/technical/README.md,
XRP,crypto,tecnico,precio,1.1662,,EUR,2026-04-30,2026-09-04T15:50:42Z,Coinbase,2,,,engine/technical/README.md,
XRP,crypto,tecnico,precio,1.183,,EUR,2026-05-01,2026-09-04T15:50:42Z,Coinbase,2,,,engine/technical/README.md,
XRP,crypto,tecnico,precio,1.1889,,EUR,2026-05-02,2026-09-04T15:50:42Z,Coinbase,2,,,engine/technical/README.md,
XRP,crypto,tecnico,precio,1.1822,,EUR,2026-05-03,2026-09-04T15:50:42Z,Coinbase,2,,,engine/technical/README.md,
XRP,crypto,tecnico,precio,1.1901,,EUR,2026-05-04,2026-09-04T15:50:42Z,Coinbase,2,,,engine/technical/README.md,
XRP,crypto,tecnico,precio,1.2062,,EUR,2026-05-05,2026-09-04T15:50:42Z,Coinbase,2,,,engine/technical/README.md,
XRP,crypto,tecnico,precio,1.2127,,EUR,2026-05-06,2026-09-04T15:50:42Z,Coinbase,2,,,engine/technical/README.md,
XRP,crypto,tecnico,precio,1.1823,,EUR,2026-05-07,2026-09-04T15:50:42Z,Coinbase,2,,,engine/technical/README.md,
XRP,crypto,tecnico,precio,1.2037,,EUR,2026-05-08,2026-09-04T15:50:42Z,Coinbase,2,,,engine/technical/README.md,
XRP,crypto,tecnico,precio,1.2047,,EUR,2026-05-09,2026-09-04T15:50:42Z,Coinbase,2,,,engine/technical/README.md,
XRP,crypto,tecnico,precio,1.2525,,EUR,2026-05-10,2026-09-04T15:50:42Z,Coinbase,2,,,engine/technical/README.md,
XRP,crypto,tecnico,precio,1.254,,EUR,2026-05-11,2026-09-04T15:50:42Z,Coinbase,2,,,engine/technical/README.md,
XRP,crypto,tecnico,precio,1.2258,,EUR,2026-05-12,2026-09-04T15:50:42Z,Coinbase,2,,,engine/technical/README.md,
XRP,crypto,tecnico,precio,1.2185,,EUR,2026-05-13,2026-09-04T15:50:42Z,Coinbase,2,,,engine/technical/README.md,
XRP,crypto,tecnico,precio,1.2732,,EUR,2026-05-14,2026-09-04T15:50:42Z,Coinbase,2,,,engine/technical/README.md,
XRP,crypto,tecnico,precio,1.2356,,EUR,2026-05-15,2026-09-04T15:50:42Z,Coinbase,2,,,engine/technical/README.md,
XRP,crypto,tecnico,precio,1.2169,,EUR,2026-05-16,2026-09-04T15:50:42Z,Coinbase,2,,,engine/technical/README.md,
XRP,crypto,tecnico,precio,1.2063,,EUR,2026-05-17,2026-09-04T15:50:42Z,Coinbase,2,,,engine/technical/README.md,
XRP,crypto,tecnico,precio,1.192,,EUR,2026-05-18,2026-09-04T15:50:42Z,Coinbase,2,,,engine/technical/README.md,
XRP,crypto,tecnico,precio,1.1721,,EUR,2026-05-19,2026-09-04T15:50:42Z,Coinbase,2,,,engine/technical/README.md,
XRP,crypto,tecnico,precio,1.1753,,EUR,2026-05-20,2026-09-04T15:50:42Z,Coinbase,2,,,engine/technical/README.md,
XRP,crypto,tecnico,precio,1.1822,,EUR,2026-05-21,2026-09-04T15:50:42Z,Coinbase,2,,,engine/technical/README.md,
XRP,crypto,tecnico,precio,1.1502,,EUR,2026-05-22,2026-09-04T15:50:42Z,Coinbase,2,,,engine/technical/README.md,
XRP,crypto,tecnico,precio,1.1701,,EUR,2026-05-23,2026-09-04T15:50:42Z,Coinbase,2,,,engine/technical/README.md,
XRP,crypto,tecnico,precio,1.1606,,EUR,2026-05-24,2026-09-04T15:50:42Z,Coinbase,2,,,engine/technical/README.md,
XRP,crypto,tecnico,precio,1.1595,,EUR,2026-05-25,2026-09-04T15:50:42Z,Coinbase,2,,,engine/technical/README.md,
XRP,crypto,tecnico,precio,1.1408,,EUR,2026-05-26,2026-09-04T15:50:42Z,Coinbase,2,,,engine/technical/README.md,
XRP,crypto,tecnico,precio,1.1239,,EUR,2026-05-27,2026-09-04T15:50:42Z,Coinbase,2,,,engine/technical/README.md,
XRP,crypto,tecnico,precio,1.1296,,EUR,2026-05-28,2026-09-04T15:50:42Z,Coinbase,2,,,engine/technical/README.md,
XRP,crypto,tecnico,precio,1.1405,,EUR,2026-05-29,2026-09-04T15:50:42Z,Coinbase,2,,,engine/technical/README.md,
XRP,crypto,tecnico,precio,1.1494,,EUR,2026-05-30,2026-09-04T15:50:42Z,Coinbase,2,,,engine/technical/README.md,
XRP,crypto,tecnico,precio,1.1438,,EUR,2026-05-31,2026-09-04T15:50:42Z,Coinbase,2,,,engine/technical/README.md,
XRP,crypto,tecnico,precio,1.1117,,EUR,2026-06-01,2026-09-04T15:50:42Z,Coinbase,2,,,engine/technical/README.md,
XRP,crypto,tecnico,precio,1.0423,,EUR,2026-06-02,2026-09-04T15:50:42Z,Coinbase,2,,,engine/technical/README.md,
XRP,crypto,tecnico,precio,1.0338,,EUR,2026-06-03,2026-09-04T15:50:42Z,Coinbase,2,,,engine/technical/README.md,
XRP,crypto,tecnico,precio,1.0052,,EUR,2026-06-04,2026-09-04T15:50:42Z,Coinbase,2,,,engine/technical/README.md,
XRP,crypto,tecnico,precio,0.9536,,EUR,2026-06-05,2026-09-04T15:50:42Z,Coinbase,2,,,engine/technical/README.md,
XRP,crypto,tecnico,precio,0.9509,,EUR,2026-06-06,2026-09-04T15:50:42Z,Coinbase,2,,,engine/technical/README.md,
XRP,crypto,tecnico,precio,1.0029,,EUR,2026-06-07,2026-09-04T15:50:42Z,Coinbase,2,,,engine/technical/README.md,
XRP,crypto,tecnico,precio,1.0135,,EUR,2026-06-08,2026-09-04T15:50:42Z,Coinbase,2,,,engine/technical/README.md,
XRP,crypto,tecnico,precio,0.9867,,EUR,2026-06-09,2026-09-04T15:50:42Z,Coinbase,2,,,engine/technical/README.md,
XRP,crypto,tecnico,precio,0.9506,,EUR,2026-06-10,2026-09-04T15:50:42Z,Coinbase,2,,,engine/technical/README.md,
XRP,crypto,tecnico,precio,0.9863,,EUR,2026-06-11,2026-09-04T15:50:42Z,Coinbase,2,,,engine/technical/README.md,
XRP,crypto,tecnico,precio,0.979,,EUR,2026-06-12,2026-09-04T15:50:42Z,Coinbase,2,,,engine/technical/README.md,
XRP,crypto,tecnico,precio,0.9951,,EUR,2026-06-13,2026-09-04T15:50:42Z,Coinbase,2,,,engine/technical/README.md,
XRP,crypto,tecnico,precio,1.0228,,EUR,2026-06-14,2026-09-04T15:50:42Z,Coinbase,2,,,engine/technical/README.md,
XRP,crypto,tecnico,precio,1.0678,,EUR,2026-06-15,2026-09-04T15:50:42Z,Coinbase,2,,,engine/technical/README.md,
XRP,crypto,tecnico,precio,1.0479,,EUR,2026-06-16,2026-09-04T15:50:42Z,Coinbase,2,,,engine/technical/README.md,
XRP,crypto,tecnico,precio,1.03,,EUR,2026-06-17,2026-09-04T15:50:42Z,Coinbase,2,,,engine/technical/README.md,
XRP,crypto,tecnico,precio,0.9984,,EUR,2026-06-18,2026-09-04T15:50:42Z,Coinbase,2,,,engine/technical/README.md,
XRP,crypto,tecnico,precio,0.9899,,EUR,2026-06-19,2026-09-04T15:50:42Z,Coinbase,2,,,engine/technical/README.md,
XRP,crypto,tecnico,precio,1.0024,,EUR,2026-06-20,2026-09-04T15:50:42Z,Coinbase,2,,,engine/technical/README.md,
XRP,crypto,tecnico,precio,0.9825,,EUR,2026-06-21,2026-09-04T15:50:42Z,Coinbase,2,,,engine/technical/README.md,
XRP,crypto,tecnico,precio,0.9875,,EUR,2026-06-22,2026-09-04T15:50:42Z,Coinbase,2,,,engine/technical/README.md,
XRP,crypto,tecnico,precio,0.9744,,EUR,2026-06-23,2026-09-04T15:50:42Z,Coinbase,2,,,engine/technical/README.md,
XRP,crypto,tecnico,precio,0.9443,,EUR,2026-06-24,2026-09-04T15:50:42Z,Coinbase,2,,,engine/technical/README.md,
XRP,crypto,tecnico,precio,0.9176,,EUR,2026-06-25,2026-09-04T15:50:42Z,Coinbase,2,,,engine/technical/README.md,
XRP,crypto,tecnico,precio,0.9207,,EUR,2026-06-26,2026-09-04T15:50:42Z,Coinbase,2,,,engine/technical/README.md,
XRP,crypto,tecnico,precio,0.9191,,EUR,2026-06-27,2026-09-04T15:50:42Z,Coinbase,2,,,engine/technical/README.md,
XRP,crypto,tecnico,precio,0.9195,,EUR,2026-06-28,2026-09-04T15:50:42Z,Coinbase,2,,,engine/technical/README.md,
XRP,crypto,tecnico,precio,0.9258,,EUR,2026-06-29,2026-09-04T15:50:42Z,Coinbase,2,,,engine/technical/README.md,
XRP,crypto,tecnico,precio,0.9103,,EUR,2026-06-30,2026-09-04T15:50:42Z,Coinbase,2,,,engine/technical/README.md,
XRP,crypto,tecnico,precio,0.9245,,EUR,2026-07-01,2026-09-04T15:50:42Z,Coinbase,2,,,engine/technical/README.md,
XRP,crypto,tecnico,precio,0.9518,,EUR,2026-07-02,2026-09-04T15:50:42Z,Coinbase,2,,,engine/technical/README.md,
XRP,crypto,tecnico,precio,0.9918,,EUR,2026-07-03,2026-09-04T15:50:42Z,Coinbase,2,,,engine/technical/README.md,
XRP,crypto,tecnico,precio,1.012,,EUR,2026-07-04,2026-09-04T15:50:42Z,Coinbase,2,,,engine/technical/README.md,
XRP,crypto,tecnico,precio,1.0111,,EUR,2026-07-05,2026-09-04T15:50:42Z,Coinbase,2,,,engine/technical/README.md,
XRP,crypto,tecnico,precio,1.0008,,EUR,2026-07-06,2026-09-04T15:50:42Z,Coinbase,2,,,engine/technical/README.md,
XRP,crypto,tecnico,precio,0.9759,,EUR,2026-07-07,2026-09-04T15:50:42Z,Coinbase,2,,,engine/technical/README.md,
XRP,crypto,tecnico,precio,0.955,,EUR,2026-07-08,2026-09-04T15:50:42Z,Coinbase,2,,,engine/technical/README.md,
XRP,crypto,tecnico,precio,0.956,,EUR,2026-07-09,2026-09-04T15:50:42Z,Coinbase,2,,,engine/technical/README.md,
XRP,crypto,tecnico,precio,0.9672,,EUR,2026-07-10,2026-09-04T15:50:42Z,Coinbase,2,,,engine/technical/README.md,
XRP,crypto,tecnico,precio,0.96,,EUR,2026-07-11,2026-09-04T15:50:42Z,Coinbase,2,,,engine/technical/README.md,
XRP,crypto,tecnico,precio,0.9506,,EUR,2026-07-12,2026-09-04T15:50:42Z,Coinbase,2,,,engine/technical/README.md,
XRP,crypto,tecnico,precio,0.9366,,EUR,2026-07-13,2026-09-04T15:50:42Z,Coinbase,2,,,engine/technical/README.md,
XRP,crypto,tecnico,precio,0.9726,,EUR,2026-07-14,2026-09-04T15:50:42Z,Coinbase,2,,,engine/technical/README.md,
XRP,crypto,tecnico,precio,0.9701,,EUR,2026-07-15,2026-09-04T15:50:42Z,Coinbase,2,,,engine/technical/README.md,
XRP,crypto,tecnico,precio,0.9495,,EUR,2026-07-16,2026-09-04T15:50:42Z,Coinbase,2,,,engine/technical/README.md,
XRP,crypto,tecnico,precio,0.9515,,EUR,2026-07-17,2026-09-04T15:50:42Z,Coinbase,2,,,engine/technical/README.md,
XRP,crypto,tecnico,precio,0.9555,,EUR,2026-07-18,2026-09-04T15:50:42Z,Coinbase,2,,,engine/technical/README.md,
XRP,crypto,tecnico,precio,0.9594,,EUR,2026-07-19,2026-09-04T15:50:42Z,Coinbase,2,,,engine/technical/README.md,
XRP,crypto,tecnico,precio,0.97308,,EUR,2026-07-20,2026-09-04T11:17:40Z,Kraken,2,100,,engine/technical/README.md,
XRP,crypto,tecnico,precio,1.0015,,EUR,2026-07-21,2026-09-04T15:50:42Z,Coinbase,2,,,engine/technical/README.md,
XRP,crypto,tecnico,precio,1.0005,,EUR,2026-07-22,2026-09-04T15:50:42Z,Coinbase,2,,,engine/technical/README.md,
XRP,crypto,tecnico,precio,0.9729,,EUR,2026-07-23,2026-09-04T15:50:42Z,Coinbase,2,,,engine/technical/README.md,
XRP,crypto,tecnico,precio,0.9598,,EUR,2026-07-24,2026-09-04T15:50:42Z,Coinbase,2,,,engine/technical/README.md,
XRP,crypto,tecnico,precio,0.9649,,EUR,2026-07-25,2026-09-04T15:50:42Z,Coinbase,2,,,engine/technical/README.md,
XRP,crypto,tecnico,precio,0.9762,,EUR,2026-07-26,2026-09-04T15:50:42Z,Coinbase,2,,,engine/technical/README.md,
XRP,crypto,tecnico,precio,0.9372,,EUR,2026-07-27,2026-09-04T15:50:42Z,Coinbase,2,,,engine/technical/README.md,
XRP,crypto,tecnico,precio,0.9379,,EUR,2026-07-28,2026-09-04T15:50:42Z,Coinbase,2,,,engine/technical/README.md,
XRP,crypto,tecnico,precio,0.9354,,EUR,2026-07-29,2026-09-04T15:50:42Z,Coinbase,2,,,engine/technical/README.md,
XRP,crypto,tecnico,precio,0.9389,,EUR,2026-07-30,2026-09-04T15:50:42Z,Coinbase,2,,,engine/technical/README.md,
XRP,crypto,tecnico,precio,0.9215,,EUR,2026-07-31,2026-09-04T15:50:42Z,Coinbase,2,,,engine/technical/README.md,
XRP,crypto,tecnico,precio,0.9212,,EUR,2026-08-01,2026-09-04T15:50:42Z,Coinbase,2,,,engine/technical/README.md,
XRP,crypto,tecnico,precio,0.9409,,EUR,2026-08-02,2026-09-04T15:50:42Z,Coinbase,2,,,engine/technical/README.md,
XRP,crypto,tecnico,precio,0.9337,,EUR,2026-08-03,2026-09-04T15:50:42Z,Coinbase,2,,,engine/technical/README.md,
XRP,crypto,tecnico,precio,0.9306,,EUR,2026-08-04,2026-09-04T15:50:42Z,Coinbase,2,,,engine/technical/README.md,
XRP,crypto,tecnico,precio,0.9183,,EUR,2026-08-05,2026-09-04T15:50:42Z,Coinbase,2,,,engine/technical/README.md,
XRP,crypto,tecnico,precio,0.8976,,EUR,2026-08-06,2026-09-04T15:50:42Z,Coinbase,2,,,engine/technical/README.md,
XRP,crypto,tecnico,precio,0.8831,,EUR,2026-08-07,2026-09-04T15:50:42Z,Coinbase,2,,,engine/technical/README.md,
XRP,crypto,tecnico,precio,0.8993,,EUR,2026-08-08,2026-09-04T15:50:42Z,Coinbase,2,,,engine/technical/README.md,
XRP,crypto,tecnico,precio,0.89,,EUR,2026-08-09,2026-09-04T15:50:42Z,Coinbase,2,,,engine/technical/README.md,
XRP,crypto,tecnico,precio,0.8765,,EUR,2026-08-10,2026-09-04T15:50:42Z,Coinbase,2,,,engine/technical/README.md,
XRP,crypto,tecnico,precio,0.8853,,EUR,2026-08-11,2026-09-04T15:50:42Z,Coinbase,2,,,engine/technical/README.md,
XRP,crypto,tecnico,precio,0.8712,,EUR,2026-08-12,2026-09-04T15:50:42Z,Coinbase,2,,,engine/technical/README.md,
XRP,crypto,tecnico,precio,0.875,,EUR,2026-08-13,2026-09-04T15:50:42Z,Coinbase,2,,,engine/technical/README.md,
XRP,crypto,tecnico,precio,0.8634,,EUR,2026-08-14,2026-09-04T15:50:42Z,Coinbase,2,,,engine/technical/README.md,
XRP,crypto,tecnico,precio,0.8662,,EUR,2026-08-15,2026-09-04T15:50:42Z,Coinbase,2,,,engine/technical/README.md,
XRP,crypto,tecnico,precio,0.8577,,EUR,2026-08-16,2026-09-04T15:50:42Z,Coinbase,2,,,engine/technical/README.md,
XRP,crypto,tecnico,precio,0.8653,,EUR,2026-08-17,2026-09-04T15:50:42Z,Coinbase,2,,,engine/technical/README.md,
XRP,crypto,tecnico,precio,0.8649,,EUR,2026-08-18,2026-09-04T15:50:42Z,Coinbase,2,,,engine/technical/README.md,
XRP,crypto,tecnico,precio,0.9457,,EUR,2026-08-19,2026-09-04T15:50:42Z,Coinbase,2,,,engine/technical/README.md,
XRP,crypto,tecnico,precio,1.0851,,EUR,2026-08-20,2026-09-04T15:50:42Z,Coinbase,2,,,engine/technical/README.md,
XRP,crypto,tecnico,precio,1.2441,,EUR,2026-08-21,2026-09-04T15:50:42Z,Coinbase,2,,,engine/technical/README.md,
XRP,crypto,tecnico,precio,1.2489,,EUR,2026-08-22,2026-09-04T15:50:42Z,Coinbase,2,,,engine/technical/README.md,
XRP,crypto,tecnico,precio,1.3005,,EUR,2026-08-23,2026-09-04T15:50:42Z,Coinbase,2,,,engine/technical/README.md,
XRP,crypto,tecnico,precio,1.27,,EUR,2026-08-24,2026-09-04T15:50:42Z,Coinbase,2,,,engine/technical/README.md,
XRP,crypto,tecnico,precio,1.2284,,EUR,2026-08-25,2026-09-04T15:50:42Z,Coinbase,2,,,engine/technical/README.md,
XRP,crypto,tecnico,precio,1.2194,,EUR,2026-08-26,2026-09-04T15:50:42Z,Coinbase,2,,,engine/technical/README.md,
XRP,crypto,tecnico,precio,1.2487,,EUR,2026-08-27,2026-09-04T15:50:42Z,Coinbase,2,,,engine/technical/README.md,
XRP,crypto,tecnico,precio,1.1933,,EUR,2026-08-28,2026-09-04T15:50:42Z,Coinbase,2,,,engine/technical/README.md,
XRP,crypto,tecnico,precio,1.2061,,EUR,2026-08-29,2026-09-04T15:50:42Z,Coinbase,2,,,engine/technical/README.md,
XRP,crypto,tecnico,precio,1.172,,EUR,2026-08-30,2026-09-04T15:50:42Z,Coinbase,2,,,engine/technical/README.md,
XRP,crypto,tecnico,precio,1.1876,,EUR,2026-08-31,2026-09-04T15:50:42Z,Coinbase,2,,,engine/technical/README.md,
XRP,crypto,tecnico,precio,1.1663,,EUR,2026-09-01,2026-09-04T15:50:42Z,Coinbase,2,,,engine/technical/README.md,
XRP,crypto,tecnico,precio,1.1647,,EUR,2026-09-02,2026-09-04T15:50:42Z,Coinbase,2,,,engine/technical/README.md,
XRP,crypto,tecnico,precio,1.2466,,EUR,2026-09-03,2026-09-04T15:50:42Z,Coinbase,2,,,engine/technical/README.md,
XRP,crypto,tecnico,precio,1.24699,,EUR,2026-09-04,2026-09-04T10:11:47Z,Kraken,2,100,,engine/technical/README.md,
XRP,crypto,tecnico,rsi14,43.5,,indice,2026-01-01,2026-09-04T15:50:42Z,Coinbase,2,,,engine/technical/README.md,
XRP,crypto,tecnico,rsi14,56.1,,indice,2026-01-02,2026-09-04T15:50:42Z,Coinbase,2,,,engine/technical/README.md,
XRP,crypto,tecnico,rsi14,56.9,,indice,2026-01-03,2026-09-04T15:50:42Z,Coinbase,2,,,engine/technical/README.md,
XRP,crypto,tecnico,rsi14,62.2,,indice,2026-01-04,2026-09-04T15:50:42Z,Coinbase,2,,,engine/technical/README.md,
XRP,crypto,tecnico,rsi14,74.0,,indice,2026-01-05,2026-09-04T15:50:42Z,Coinbase,2,,,engine/technical/README.md,
XRP,crypto,tecnico,rsi14,70.1,,indice,2026-01-06,2026-09-04T15:50:42Z,Coinbase,2,,,engine/technical/README.md,
XRP,crypto,tecnico,rsi14,59.4,,indice,2026-01-07,2026-09-04T15:50:42Z,Coinbase,2,,,engine/technical/README.md,
XRP,crypto,tecnico,rsi14,56.7,,indice,2026-01-08,2026-09-04T15:50:42Z,Coinbase,2,,,engine/technical/README.md,
XRP,crypto,tecnico,rsi14,54.9,,indice,2026-01-09,2026-09-04T15:50:42Z,Coinbase,2,,,engine/technical/README.md,
XRP,crypto,tecnico,rsi14,54.7,,indice,2026-01-10,2026-09-04T15:50:42Z,Coinbase,2,,,engine/technical/README.md,
XRP,crypto,tecnico,rsi14,53.5,,indice,2026-01-11,2026-09-04T15:50:42Z,Coinbase,2,,,engine/technical/README.md,
XRP,crypto,tecnico,rsi14,51.3,,indice,2026-01-12,2026-09-04T15:50:42Z,Coinbase,2,,,engine/technical/README.md,
XRP,crypto,tecnico,rsi14,58.7,,indice,2026-01-13,2026-09-04T15:50:42Z,Coinbase,2,,,engine/technical/README.md,
XRP,crypto,tecnico,rsi14,56.8,,indice,2026-01-14,2026-09-04T15:50:42Z,Coinbase,2,,,engine/technical/README.md,
XRP,crypto,tecnico,rsi14,52.6,,indice,2026-01-15,2026-09-04T15:50:42Z,Coinbase,2,,,engine/technical/README.md,
XRP,crypto,tecnico,rsi14,51.9,,indice,2026-01-16,2026-09-04T15:50:42Z,Coinbase,2,,,engine/technical/README.md,
XRP,crypto,tecnico,rsi14,51.6,,indice,2026-01-17,2026-09-04T15:50:42Z,Coinbase,2,,,engine/technical/README.md,
XRP,crypto,tecnico,rsi14,45.7,,indice,2026-01-18,2026-09-04T15:50:42Z,Coinbase,2,,,engine/technical/README.md,
XRP,crypto,tecnico,rsi14,45.1,,indice,2026-01-19,2026-09-04T15:50:42Z,Coinbase,2,,,engine/technical/README.md,
XRP,crypto,tecnico,rsi14,38.0,,indice,2026-01-20,2026-09-04T15:50:42Z,Coinbase,2,,,engine/technical/README.md,
XRP,crypto,tecnico,rsi14,43.8,,indice,2026-01-21,2026-09-04T15:50:42Z,Coinbase,2,,,engine/technical/README.md,
XRP,crypto,tecnico,rsi14,41.3,,indice,2026-01-22,2026-09-04T15:50:42Z,Coinbase,2,,,engine/technical/README.md,
XRP,crypto,tecnico,rsi14,40.5,,indice,2026-01-23,2026-09-04T15:50:42Z,Coinbase,2,,,engine/technical/README.md,
XRP,crypto,tecnico,rsi14,40.1,,indice,2026-01-24,2026-09-04T15:50:42Z,Coinbase,2,,,engine/technical/README.md,
XRP,crypto,tecnico,rsi14,35.2,,indice,2026-01-25,2026-09-04T15:50:42Z,Coinbase,2,,,engine/technical/README.md,
XRP,crypto,tecnico,rsi14,41.3,,indice,2026-01-26,2026-09-04T15:50:42Z,Coinbase,2,,,engine/technical/README.md,
XRP,crypto,tecnico,rsi14,40.6,,indice,2026-01-27,2026-09-04T15:50:42Z,Coinbase,2,,,engine/technical/README.md,
XRP,crypto,tecnico,rsi14,40.9,,indice,2026-01-28,2026-09-04T15:50:42Z,Coinbase,2,,,engine/technical/README.md,
XRP,crypto,tecnico,rsi14,34.7,,indice,2026-01-29,2026-09-04T15:50:42Z,Coinbase,2,,,engine/technical/README.md,
XRP,crypto,tecnico,rsi14,31.9,,indice,2026-01-30,2026-09-04T15:50:42Z,Coinbase,2,,,engine/technical/README.md,
XRP,crypto,tecnico,rsi14,28.2,,indice,2026-01-31,2026-09-04T15:50:42Z,Coinbase,2,,,engine/technical/README.md,
XRP,crypto,tecnico,rsi14,25.9,,indice,2026-02-01,2026-09-04T15:50:42Z,Coinbase,2,,,engine/technical/README.md,
XRP,crypto,tecnico,rsi14,29.7,,indice,2026-02-02,2026-09-04T15:50:42Z,Coinbase,2,,,engine/technical/README.md,
XRP,crypto,tecnico,rsi14,27.8,,indice,2026-02-03,2026-09-04T15:50:42Z,Coinbase,2,,,engine/technical/README.md,
XRP,crypto,tecnico,rsi14,25.2,,indice,2026-02-04,2026-09-04T15:50:42Z,Coinbase,2,,,engine/technical/README.md,
XRP,crypto,tecnico,rsi14,17.5,,indice,2026-02-05,2026-09-04T15:50:42Z,Coinbase,2,,,engine/technical/README.md,
XRP,crypto,tecnico,rsi14,35.8,,indice,2026-02-06,2026-09-04T15:50:42Z,Coinbase,2,,,engine/technical/README.md,
XRP,crypto,tecnico,rsi14,34.3,,indice,2026-02-07,2026-09-04T15:50:42Z,Coinbase,2,,,engine/technical/README.md,
XRP,crypto,tecnico,rsi14,34.6,,indice,2026-02-08,2026-09-04T15:50:42Z,Coinbase,2,,,engine/technical/README.md,
XRP,crypto,tecnico,rsi14,34.5,,indice,2026-02-09,2026-09-04T15:50:42Z,Coinbase,2,,,engine/technical/README.md,
XRP,crypto,tecnico,rsi14,33.1,,indice,2026-02-10,2026-09-04T15:50:42Z,Coinbase,2,,,engine/technical/README.md,
XRP,crypto,tecnico,rsi14,32.1,,indice,2026-02-11,2026-09-04T15:50:42Z,Coinbase,2,,,engine/technical/README.md,
XRP,crypto,tecnico,rsi14,31.8,,indice,2026-02-12,2026-09-04T15:50:42Z,Coinbase,2,,,engine/technical/README.md,
XRP,crypto,tecnico,rsi14,35.6,,indice,2026-02-13,2026-09-04T15:50:42Z,Coinbase,2,,,engine/technical/README.md,
XRP,crypto,tecnico,rsi14,43.3,,indice,2026-02-14,2026-09-04T15:50:42Z,Coinbase,2,,,engine/technical/README.md,
XRP,crypto,tecnico,rsi14,41.5,,indice,2026-02-15,2026-09-04T15:50:42Z,Coinbase,2,,,engine/technical/README.md,
XRP,crypto,tecnico,rsi14,42.4,,indice,2026-02-16,2026-09-04T15:50:42Z,Coinbase,2,,,engine/technical/README.md,
XRP,crypto,tecnico,rsi14,41.8,,indice,2026-02-17,2026-09-04T15:50:42Z,Coinbase,2,,,engine/technical/README.md,
XRP,crypto,tecnico,rsi14,39.2,,indice,2026-02-18,2026-09-04T15:50:42Z,Coinbase,2,,,engine/technical/README.md,
XRP,crypto,tecnico,rsi14,38.4,,indice,2026-02-19,2026-09-04T15:50:42Z,Coinbase,2,,,engine/technical/README.md,
XRP,crypto,tecnico,rsi14,40.4,,indice,2026-02-20,2026-09-04T15:50:42Z,Coinbase,2,,,engine/technical/README.md,
XRP,crypto,tecnico,rsi14,40.6,,indice,2026-02-21,2026-09-04T15:50:42Z,Coinbase,2,,,engine/technical/README.md,
XRP,crypto,tecnico,rsi14,37.8,,indice,2026-02-22,2026-09-04T15:50:42Z,Coinbase,2,,,engine/technical/README.md,
XRP,crypto,tecnico,rsi14,35.7,,indice,2026-02-23,2026-09-04T15:50:42Z,Coinbase,2,,,engine/technical/README.md,
XRP,crypto,tecnico,rsi14,35.5,,indice,2026-02-24,2026-09-04T15:50:42Z,Coinbase,2,,,engine/technical/README.md,
XRP,crypto,tecnico,rsi14,43.9,,indice,2026-02-25,2026-09-04T15:50:42Z,Coinbase,2,,,engine/technical/README.md,
XRP,crypto,tecnico,rsi14,41.8,,indice,2026-02-26,2026-09-04T15:50:42Z,Coinbase,2,,,engine/technical/README.md,
XRP,crypto,tecnico,rsi14,38.5,,indice,2026-02-27,2026-09-04T15:50:42Z,Coinbase,2,,,engine/technical/README.md,
XRP,crypto,tecnico,rsi14,40.7,,indice,2026-02-28,2026-09-04T15:50:42Z,Coinbase,2,,,engine/technical/README.md,
XRP,crypto,tecnico,rsi14,39.3,,indice,2026-03-01,2026-09-04T15:50:42Z,Coinbase,2,,,engine/technical/README.md,
XRP,crypto,tecnico,rsi14,44.2,,indice,2026-03-02,2026-09-04T15:50:42Z,Coinbase,2,,,engine/technical/README.md,
XRP,crypto,tecnico,rsi14,42.5,,indice,2026-03-03,2026-09-04T15:50:42Z,Coinbase,2,,,engine/technical/README.md,
XRP,crypto,tecnico,rsi14,49.5,,indice,2026-03-04,2026-09-04T15:50:42Z,Coinbase,2,,,engine/technical/README.md,
XRP,crypto,tecnico,rsi14,47.3,,indice,2026-03-05,2026-09-04T15:50:42Z,Coinbase,2,,,engine/technical/README.md,
XRP,crypto,tecnico,rsi14,43.8,,indice,2026-03-06,2026-09-04T15:50:42Z,Coinbase,2,,,engine/technical/README.md,
XRP,crypto,tecnico,rsi14,43.4,,indice,2026-03-07,2026-09-04T15:50:42Z,Coinbase,2,,,engine/technical/README.md,
XRP,crypto,tecnico,rsi14,42.7,,indice,2026-03-08,2026-09-04T15:50:42Z,Coinbase,2,,,engine/technical/README.md,
XRP,crypto,tecnico,rsi14,44.2,,indice,2026-03-09,2026-09-04T15:50:42Z,Coinbase,2,,,engine/technical/README.md,
XRP,crypto,tecnico,rsi14,47.1,,indice,2026-03-10,2026-09-04T15:50:42Z,Coinbase,2,,,engine/technical/README.md,
XRP,crypto,tecnico,rsi14,47.8,,indice,2026-03-11,2026-09-04T15:50:42Z,Coinbase,2,,,engine/technical/README.md,
XRP,crypto,tecnico,rsi14,48.3,,indice,2026-03-12,2026-09-04T15:50:42Z,Coinbase,2,,,engine/technical/README.md,
XRP,crypto,tecnico,rsi14,51.6,,indice,2026-03-13,2026-09-04T15:50:42Z,Coinbase,2,,,engine/technical/README.md,
XRP,crypto,tecnico,rsi14,52.9,,indice,2026-03-14,2026-09-04T15:50:42Z,Coinbase,2,,,engine/technical/README.md,
XRP,crypto,tecnico,rsi14,57.8,,indice,2026-03-15,2026-09-04T15:50:42Z,Coinbase,2,,,engine/technical/README.md,
XRP,crypto,tecnico,rsi14,65.7,,indice,2026-03-16,2026-09-04T15:50:42Z,Coinbase,2,,,engine/technical/README.md,
XRP,crypto,tecnico,rsi14,61.6,,indice,2026-03-17,2026-09-04T15:50:42Z,Coinbase,2,,,engine/technical/README.md,
XRP,crypto,tecnico,rsi14,55.4,,indice,2026-03-18,2026-09-04T15:50:42Z,Coinbase,2,,,engine/technical/README.md,
XRP,crypto,tecnico,rsi14,51.7,,indice,2026-03-19,2026-09-04T15:50:42Z,Coinbase,2,,,engine/technical/README.md,
XRP,crypto,tecnico,rsi14,51.5,,indice,2026-03-20,2026-09-04T15:50:42Z,Coinbase,2,,,engine/technical/README.md,
XRP,crypto,tecnico,rsi14,47.2,,indice,2026-03-21,2026-09-04T15:50:42Z,Coinbase,2,,,engine/technical/README.md,
XRP,crypto,tecnico,rsi14,44.6,,indice,2026-03-22,2026-09-04T15:50:42Z,Coinbase,2,,,engine/technical/README.md,
XRP,crypto,tecnico,rsi14,49.9,,indice,2026-03-23,2026-09-04T15:50:42Z,Coinbase,2,,,engine/technical/README.md,
XRP,crypto,tecnico,rsi14,47.8,,indice,2026-03-24,2026-09-04T15:50:42Z,Coinbase,2,,,engine/technical/README.md,
XRP,crypto,tecnico,rsi14,48.5,,indice,2026-03-25,2026-09-04T15:50:42Z,Coinbase,2,,,engine/technical/README.md,
XRP,crypto,tecnico,rsi14,42.7,,indice,2026-03-26,2026-09-04T15:50:42Z,Coinbase,2,,,engine/technical/README.md,
XRP,crypto,tecnico,rsi14,39.3,,indice,2026-03-27,2026-09-04T15:50:42Z,Coinbase,2,,,engine/technical/README.md,
XRP,crypto,tecnico,rsi14,40.7,,indice,2026-03-28,2026-09-04T15:50:42Z,Coinbase,2,,,engine/technical/README.md,
XRP,crypto,tecnico,rsi14,40.2,,indice,2026-03-29,2026-09-04T15:50:42Z,Coinbase,2,,,engine/technical/README.md,
XRP,crypto,tecnico,rsi14,40.2,,indice,2026-03-30,2026-09-04T15:50:42Z,Coinbase,2,,,engine/technical/README.md,
XRP,crypto,tecnico,rsi14,40.8,,indice,2026-03-31,2026-09-04T15:50:42Z,Coinbase,2,,,engine/technical/README.md,
XRP,crypto,tecnico,rsi14,42.0,,indice,2026-04-01,2026-09-04T15:50:42Z,Coinbase,2,,,engine/technical/README.md,
XRP,crypto,tecnico,rsi14,38.9,,indice,2026-04-02,2026-09-04T15:50:42Z,Coinbase,2,,,engine/technical/README.md,
XRP,crypto,tecnico,rsi14,39.2,,indice,2026-04-03,2026-09-04T15:50:42Z,Coinbase,2,,,engine/technical/README.md,
XRP,crypto,tecnico,rsi14,38.7,,indice,2026-04-04,2026-09-04T15:50:42Z,Coinbase,2,,,engine/technical/README.md,
XRP,crypto,tecnico,rsi14,42.0,,indice,2026-04-05,2026-09-04T15:50:42Z,Coinbase,2,,,engine/technical/README.md,
XRP,crypto,tecnico,rsi14,40.1,,indice,2026-04-06,2026-09-04T15:50:42Z,Coinbase,2,,,engine/technical/README.md,
XRP,crypto,tecnico,rsi14,49.1,,indice,2026-04-07,2026-09-04T15:50:42Z,Coinbase,2,,,engine/technical/README.md,
XRP,crypto,tecnico,rsi14,43.5,,indice,2026-04-08,2026-09-04T15:50:42Z,Coinbase,2,,,engine/technical/README.md,
XRP,crypto,tecnico,rsi14,43.1,,indice,2026-04-09,2026-09-04T15:50:42Z,Coinbase,2,,,engine/technical/README.md,
XRP,crypto,tecnico,rsi14,45.0,,indice,2026-04-10,2026-09-04T15:50:42Z,Coinbase,2,,,engine/technical/README.md,
XRP,crypto,tecnico,rsi14,44.9,,indice,2026-04-11,2026-09-04T15:50:42Z,Coinbase,2,,,engine/technical/README.md,
XRP,crypto,tecnico,rsi14,40.4,,indice,2026-04-12,2026-09-04T15:50:42Z,Coinbase,2,,,engine/technical/README.md,
XRP,crypto,tecnico,rsi14,49.0,,indice,2026-04-13,2026-09-04T15:50:42Z,Coinbase,2,,,engine/technical/README.md,
XRP,crypto,tecnico,rsi14,46.0,,indice,2026-04-14,2026-09-04T15:50:42Z,Coinbase,2,,,engine/technical/README.md,
XRP,crypto,tecnico,rsi14,51.5,,indice,2026-04-15,2026-09-04T15:50:42Z,Coinbase,2,,,engine/technical/README.md,
XRP,crypto,tecnico,rsi14,60.7,,indice,2026-04-16,2026-09-04T15:50:42Z,Coinbase,2,,,engine/technical/README.md,
XRP,crypto,tecnico,rsi14,63.7,,indice,2026-04-17,2026-09-04T15:50:42Z,Coinbase,2,,,engine/technical/README.md,
XRP,crypto,tecnico,rsi14,55.9,,indice,2026-04-18,2026-09-04T15:50:42Z,Coinbase,2,,,engine/technical/README.md,
XRP,crypto,tecnico,rsi14,50.4,,indice,2026-04-19,2026-09-04T15:50:42Z,Coinbase,2,,,engine/technical/README.md,
XRP,crypto,tecnico,rsi14,53.9,,indice,2026-04-20,2026-09-04T15:50:42Z,Coinbase,2,,,engine/technical/README.md,
XRP,crypto,tecnico,rsi14,55.6,,indice,2026-04-21,2026-09-04T15:50:42Z,Coinbase,2,,,engine/technical/README.md,
XRP,crypto,tecnico,rsi14,55.6,,indice,2026-04-22,2026-09-04T15:50:42Z,Coinbase,2,,,engine/technical/README.md,
XRP,crypto,tecnico,rsi14,57.5,,indice,2026-04-23,2026-09-04T15:50:42Z,Coinbase,2,,,engine/technical/README.md,
XRP,crypto,tecnico,rsi14,55.5,,indice,2026-04-24,2026-09-04T15:50:42Z,Coinbase,2,,,engine/technical/README.md,
XRP,crypto,tecnico,rsi14,53.8,,indice,2026-04-25,2026-09-04T15:50:42Z,Coinbase,2,,,engine/technical/README.md,
XRP,crypto,tecnico,rsi14,55.3,,indice,2026-04-26,2026-09-04T15:50:42Z,Coinbase,2,,,engine/technical/README.md,
XRP,crypto,tecnico,rsi14,48.8,,indice,2026-04-27,2026-09-04T15:50:42Z,Coinbase,2,,,engine/technical/README.md,
XRP,crypto,tecnico,rsi14,45.8,,indice,2026-04-28,2026-09-04T15:50:42Z,Coinbase,2,,,engine/technical/README.md,
XRP,crypto,tecnico,rsi14,44.5,,indice,2026-04-29,2026-09-04T15:50:42Z,Coinbase,2,,,engine/technical/README.md,
XRP,crypto,tecnico,rsi14,43.4,,indice,2026-04-30,2026-09-04T15:50:42Z,Coinbase,2,,,engine/technical/README.md,
XRP,crypto,tecnico,rsi14,47.6,,indice,2026-05-01,2026-09-04T15:50:42Z,Coinbase,2,,,engine/technical/README.md,
XRP,crypto,tecnico,rsi14,49.0,,indice,2026-05-02,2026-09-04T15:50:42Z,Coinbase,2,,,engine/technical/README.md,
XRP,crypto,tecnico,rsi14,47.4,,indice,2026-05-03,2026-09-04T15:50:42Z,Coinbase,2,,,engine/technical/README.md,
XRP,crypto,tecnico,rsi14,49.5,,indice,2026-05-04,2026-09-04T15:50:42Z,Coinbase,2,,,engine/technical/README.md,
XRP,crypto,tecnico,rsi14,53.5,,indice,2026-05-05,2026-09-04T15:50:42Z,Coinbase,2,,,engine/technical/README.md,
XRP,crypto,tecnico,rsi14,55.0,,indice,2026-05-06,2026-09-04T15:50:42Z,Coinbase,2,,,engine/technical/README.md,
XRP,crypto,tecnico,rsi14,47.1,,indice,2026-05-07,2026-09-04T15:50:42Z,Coinbase,2,,,engine/technical/README.md,
XRP,crypto,tecnico,rsi14,52.3,,indice,2026-05-08,2026-09-04T15:50:42Z,Coinbase,2,,,engine/technical/README.md,
XRP,crypto,tecnico,rsi14,52.6,,indice,2026-05-09,2026-09-04T15:50:42Z,Coinbase,2,,,engine/technical/README.md,
XRP,crypto,tecnico,rsi14,62.2,,indice,2026-05-10,2026-09-04T15:50:42Z,Coinbase,2,,,engine/technical/README.md,
XRP,crypto,tecnico,rsi14,62.4,,indice,2026-05-11,2026-09-04T15:50:42Z,Coinbase,2,,,engine/technical/README.md,
XRP,crypto,tecnico,rsi14,54.9,,indice,2026-05-12,2026-09-04T15:50:42Z,Coinbase,2,,,engine/technical/README.md,
XRP,crypto,tecnico,rsi14,53.1,,indice,2026-05-13,2026-09-04T15:50:42Z,Coinbase,2,,,engine/technical/README.md,
XRP,crypto,tecnico,rsi14,62.9,,indice,2026-05-14,2026-09-04T15:50:42Z,Coinbase,2,,,engine/technical/README.md,
XRP,crypto,tecnico,rsi14,54.5,,indice,2026-05-15,2026-09-04T15:50:42Z,Coinbase,2,,,engine/technical/README.md,
XRP,crypto,tecnico,rsi14,50.8,,indice,2026-05-16,2026-09-04T15:50:42Z,Coinbase,2,,,engine/technical/README.md,
XRP,crypto,tecnico,rsi14,48.8,,indice,2026-05-17,2026-09-04T15:50:42Z,Coinbase,2,,,engine/technical/README.md,
XRP,crypto,tecnico,rsi14,46.2,,indice,2026-05-18,2026-09-04T15:50:42Z,Coinbase,2,,,engine/technical/README.md,
XRP,crypto,tecnico,rsi14,42.7,,indice,2026-05-19,2026-09-04T15:50:42Z,Coinbase,2,,,engine/technical/README.md,
XRP,crypto,tecnico,rsi14,43.5,,indice,2026-05-20,2026-09-04T15:50:42Z,Coinbase,2,,,engine/technical/README.md,
XRP,crypto,tecnico,rsi14,45.1,,indice,2026-05-21,2026-09-04T15:50:42Z,Coinbase,2,,,engine/technical/README.md,
XRP,crypto,tecnico,rsi14,39.4,,indice,2026-05-22,2026-09-04T15:50:42Z,Coinbase,2,,,engine/technical/README.md,
XRP,crypto,tecnico,rsi14,44.1,,indice,2026-05-23,2026-09-04T15:50:42Z,Coinbase,2,,,engine/technical/README.md,
XRP,crypto,tecnico,rsi14,42.4,,indice,2026-05-24,2026-09-04T15:50:42Z,Coinbase,2,,,engine/technical/README.md,
XRP,crypto,tecnico,rsi14,42.2,,indice,2026-05-25,2026-09-04T15:50:42Z,Coinbase,2,,,engine/technical/README.md,
XRP,crypto,tecnico,rsi14,38.9,,indice,2026-05-26,2026-09-04T15:50:42Z,Coinbase,2,,,engine/technical/README.md,
XRP,crypto,tecnico,rsi14,36.0,,indice,2026-05-27,2026-09-04T15:50:42Z,Coinbase,2,,,engine/technical/README.md,
XRP,crypto,tecnico,rsi14,37.7,,indice,2026-05-28,2026-09-04T15:50:42Z,Coinbase,2,,,engine/technical/README.md,
XRP,crypto,tecnico,rsi14,40.8,,indice,2026-05-29,2026-09-04T15:50:42Z,Coinbase,2,,,engine/technical/README.md,
XRP,crypto,tecnico,rsi14,43.3,,indice,2026-05-30,2026-09-04T15:50:42Z,Coinbase,2,,,engine/technical/README.md,
XRP,crypto,tecnico,rsi14,42.1,,indice,2026-05-31,2026-09-04T15:50:42Z,Coinbase,2,,,engine/technical/README.md,
XRP,crypto,tecnico,rsi14,35.9,,indice,2026-06-01,2026-09-04T15:50:42Z,Coinbase,2,,,engine/technical/README.md,
XRP,crypto,tecnico,rsi14,26.8,,indice,2026-06-02,2026-09-04T15:50:42Z,Coinbase,2,,,engine/technical/README.md,
XRP,crypto,tecnico,rsi14,25.9,,indice,2026-06-03,2026-09-04T15:50:42Z,Coinbase,2,,,engine/technical/README.md,
XRP,crypto,tecnico,rsi14,23.2,,indice,2026-06-04,2026-09-04T15:50:42Z,Coinbase,2,,,engine/technical/README.md,
XRP,crypto,tecnico,rsi14,19.3,,indice,2026-06-05,2026-09-04T15:50:42Z,Coinbase,2,,,engine/technical/README.md,
XRP,crypto,tecnico,rsi14,19.1,,indice,2026-06-06,2026-09-04T15:50:42Z,Coinbase,2,,,engine/technical/README.md,
XRP,crypto,tecnico,rsi14,32.4,,indice,2026-06-07,2026-09-04T15:50:42Z,Coinbase,2,,,engine/technical/README.md,
XRP,crypto,tecnico,rsi14,34.7,,indice,2026-06-08,2026-09-04T15:50:42Z,Coinbase,2,,,engine/technical/README.md,
XRP,crypto,tecnico,rsi14,31.7,,indice,2026-06-09,2026-09-04T15:50:42Z,Coinbase,2,,,engine/technical/README.md,
XRP,crypto,tecnico,rsi14,28.2,,indice,2026-06-10,2026-09-04T15:50:42Z,Coinbase,2,,,engine/technical/README.md,
XRP,crypto,tecnico,rsi14,35.8,,indice,2026-06-11,2026-09-04T15:50:42Z,Coinbase,2,,,engine/technical/README.md,
XRP,crypto,tecnico,rsi14,35.0,,indice,2026-06-12,2026-09-04T15:50:42Z,Coinbase,2,,,engine/technical/README.md,
XRP,crypto,tecnico,rsi14,38.3,,indice,2026-06-13,2026-09-04T15:50:42Z,Coinbase,2,,,engine/technical/README.md,
XRP,crypto,tecnico,rsi14,43.7,,indice,2026-06-14,2026-09-04T15:50:42Z,Coinbase,2,,,engine/technical/README.md,
XRP,crypto,tecnico,rsi14,51.1,,indice,2026-06-15,2026-09-04T15:50:42Z,Coinbase,2,,,engine/technical/README.md,
XRP,crypto,tecnico,rsi14,48.1,,indice,2026-06-16,2026-09-04T15:50:42Z,Coinbase,2,,,engine/technical/README.md,
XRP,crypto,tecnico,rsi14,45.5,,indice,2026-06-17,2026-09-04T15:50:42Z,Coinbase,2,,,engine/technical/README.md,
XRP,crypto,tecnico,rsi14,41.2,,indice,2026-06-18,2026-09-04T15:50:42Z,Coinbase,2,,,engine/technical/README.md,
XRP,crypto,tecnico,rsi14,40.2,,indice,2026-06-19,2026-09-04T15:50:42Z,Coinbase,2,,,engine/technical/README.md,
XRP,crypto,tecnico,rsi14,42.6,,indice,2026-06-20,2026-09-04T15:50:42Z,Coinbase,2,,,engine/technical/README.md,
XRP,crypto,tecnico,rsi14,39.8,,indice,2026-06-21,2026-09-04T15:50:42Z,Coinbase,2,,,engine/technical/README.md,
XRP,crypto,tecnico,rsi14,40.9,,indice,2026-06-22,2026-09-04T15:50:42Z,Coinbase,2,,,engine/technical/README.md,
XRP,crypto,tecnico,rsi14,39.0,,indice,2026-06-23,2026-09-04T15:50:42Z,Coinbase,2,,,engine/technical/README.md,
XRP,crypto,tecnico,rsi14,35.0,,indice,2026-06-24,2026-09-04T15:50:42Z,Coinbase,2,,,engine/technical/README.md,
XRP,crypto,tecnico,rsi14,31.9,,indice,2026-06-25,2026-09-04T15:50:42Z,Coinbase,2,,,engine/technical/README.md,
XRP,crypto,tecnico,rsi14,32.6,,indice,2026-06-26,2026-09-04T15:50:42Z,Coinbase,2,,,engine/technical/README.md,
XRP,crypto,tecnico,rsi14,32.4,,indice,2026-06-27,2026-09-04T15:50:42Z,Coinbase,2,,,engine/technical/README.md,
XRP,crypto,tecnico,rsi14,32.5,,indice,2026-06-28,2026-09-04T15:50:42Z,Coinbase,2,,,engine/technical/README.md,
XRP,crypto,tecnico,rsi14,34.4,,indice,2026-06-29,2026-09-04T15:50:42Z,Coinbase,2,,,engine/technical/README.md,
XRP,crypto,tecnico,rsi14,32.1,,indice,2026-06-30,2026-09-04T15:50:42Z,Coinbase,2,,,engine/technical/README.md,
XRP,crypto,tecnico,rsi14,36.3,,indice,2026-07-01,2026-09-04T15:50:42Z,Coinbase,2,,,engine/technical/README.md,
XRP,crypto,tecnico,rsi14,43.5,,indice,2026-07-02,2026-09-04T15:50:42Z,Coinbase,2,,,engine/technical/README.md,
XRP,crypto,tecnico,rsi14,52.1,,indice,2026-07-03,2026-09-04T15:50:42Z,Coinbase,2,,,engine/technical/README.md,
XRP,crypto,tecnico,rsi14,55.7,,indice,2026-07-04,2026-09-04T15:50:42Z,Coinbase,2,,,engine/technical/README.md,
XRP,crypto,tecnico,rsi14,55.5,,indice,2026-07-05,2026-09-04T15:50:42Z,Coinbase,2,,,engine/technical/README.md,
XRP,crypto,tecnico,rsi14,53.1,,indice,2026-07-06,2026-09-04T15:50:42Z,Coinbase,2,,,engine/technical/README.md,
XRP,crypto,tecnico,rsi14,47.8,,indice,2026-07-07,2026-09-04T15:50:42Z,Coinbase,2,,,engine/technical/README.md,
XRP,crypto,tecnico,rsi14,43.8,,indice,2026-07-08,2026-09-04T15:50:42Z,Coinbase,2,,,engine/technical/README.md,
XRP,crypto,tecnico,rsi14,44.0,,indice,2026-07-09,2026-09-04T15:50:42Z,Coinbase,2,,,engine/technical/README.md,
XRP,crypto,tecnico,rsi14,46.8,,indice,2026-07-10,2026-09-04T15:50:42Z,Coinbase,2,,,engine/technical/README.md,
XRP,crypto,tecnico,rsi14,45.2,,indice,2026-07-11,2026-09-04T15:50:42Z,Coinbase,2,,,engine/technical/README.md,
XRP,crypto,tecnico,rsi14,43.2,,indice,2026-07-12,2026-09-04T15:50:42Z,Coinbase,2,,,engine/technical/README.md,
XRP,crypto,tecnico,rsi14,40.4,,indice,2026-07-13,2026-09-04T15:50:42Z,Coinbase,2,,,engine/technical/README.md,
XRP,crypto,tecnico,rsi14,49.6,,indice,2026-07-14,2026-09-04T15:50:42Z,Coinbase,2,,,engine/technical/README.md,
XRP,crypto,tecnico,rsi14,49.0,,indice,2026-07-15,2026-09-04T15:50:42Z,Coinbase,2,,,engine/technical/README.md,
XRP,crypto,tecnico,rsi14,44.5,,indice,2026-07-16,2026-09-04T15:50:42Z,Coinbase,2,,,engine/technical/README.md,
XRP,crypto,tecnico,rsi14,45.1,,indice,2026-07-17,2026-09-04T15:50:42Z,Coinbase,2,,,engine/technical/README.md,
XRP,crypto,tecnico,rsi14,46.2,,indice,2026-07-18,2026-09-04T15:50:42Z,Coinbase,2,,,engine/technical/README.md,
XRP,crypto,tecnico,rsi14,47.3,,indice,2026-07-19,2026-09-04T15:50:42Z,Coinbase,2,,,engine/technical/README.md,
XRP,crypto,tecnico,rsi14,51.1,,indice,2026-07-20,2026-09-04T11:17:40Z,Kraken,2,100,,engine/technical/README.md,
XRP,crypto,tecnico,rsi14,57.9,,indice,2026-07-21,2026-09-04T15:50:42Z,Coinbase,2,,,engine/technical/README.md,
XRP,crypto,tecnico,rsi14,57.6,,indice,2026-07-22,2026-09-04T15:50:42Z,Coinbase,2,,,engine/technical/README.md,
XRP,crypto,tecnico,rsi14,49.8,,indice,2026-07-23,2026-09-04T15:50:42Z,Coinbase,2,,,engine/technical/README.md,
XRP,crypto,tecnico,rsi14,46.6,,indice,2026-07-24,2026-09-04T15:50:42Z,Coinbase,2,,,engine/technical/README.md,
XRP,crypto,tecnico,rsi14,48.0,,indice,2026-07-25,2026-09-04T15:50:42Z,Coinbase,2,,,engine/technical/README.md,
XRP,crypto,tecnico,rsi14,51.1,,indice,2026-07-26,2026-09-04T15:50:42Z,Coinbase,2,,,engine/technical/README.md,
XRP,crypto,tecnico,rsi14,41.9,,indice,2026-07-27,2026-09-04T15:50:42Z,Coinbase,2,,,engine/technical/README.md,
XRP,crypto,tecnico,rsi14,42.1,,indice,2026-07-28,2026-09-04T15:50:42Z,Coinbase,2,,,engine/technical/README.md,
XRP,crypto,tecnico,rsi14,41.5,,indice,2026-07-29,2026-09-04T15:50:42Z,Coinbase,2,,,engine/technical/README.md,
XRP,crypto,tecnico,rsi14,42.7,,indice,2026-07-30,2026-09-04T15:50:42Z,Coinbase,2,,,engine/technical/README.md,
XRP,crypto,tecnico,rsi14,38.6,,indice,2026-07-31,2026-09-04T15:50:42Z,Coinbase,2,,,engine/technical/README.md,
XRP,crypto,tecnico,rsi14,38.6,,indice,2026-08-01,2026-09-04T15:50:42Z,Coinbase,2,,,engine/technical/README.md,
XRP,crypto,tecnico,rsi14,45.3,,indice,2026-08-02,2026-09-04T15:50:42Z,Coinbase,2,,,engine/technical/README.md,
XRP,crypto,tecnico,rsi14,43.4,,indice,2026-08-03,2026-09-04T15:50:42Z,Coinbase,2,,,engine/technical/README.md,
XRP,crypto,tecnico,rsi14,42.6,,indice,2026-08-04,2026-09-04T15:50:42Z,Coinbase,2,,,engine/technical/README.md,
XRP,crypto,tecnico,rsi14,39.4,,indice,2026-08-05,2026-09-04T15:50:42Z,Coinbase,2,,,engine/technical/README.md,
XRP,crypto,tecnico,rsi14,34.7,,indice,2026-08-06,2026-09-04T15:50:42Z,Coinbase,2,,,engine/technical/README.md,
XRP,crypto,tecnico,rsi14,31.9,,indice,2026-08-07,2026-09-04T15:50:42Z,Coinbase,2,,,engine/technical/README.md,
XRP,crypto,tecnico,rsi14,38.0,,indice,2026-08-08,2026-09-04T15:50:42Z,Coinbase,2,,,engine/technical/README.md,
XRP,crypto,tecnico,rsi14,36.0,,indice,2026-08-09,2026-09-04T15:50:42Z,Coinbase,2,,,engine/technical/README.md,
XRP,crypto,tecnico,rsi14,33.3,,indice,2026-08-10,2026-09-04T15:50:42Z,Coinbase,2,,,engine/technical/README.md,
XRP,crypto,tecnico,rsi14,36.7,,indice,2026-08-11,2026-09-04T15:50:42Z,Coinbase,2,,,engine/technical/README.md,
XRP,crypto,tecnico,rsi14,33.7,,indice,2026-08-12,2026-09-04T15:50:42Z,Coinbase,2,,,engine/technical/README.md,
XRP,crypto,tecnico,rsi14,35.2,,indice,2026-08-13,2026-09-04T15:50:42Z,Coinbase,2,,,engine/technical/README.md,
XRP,crypto,tecnico,rsi14,32.7,,indice,2026-08-14,2026-09-04T15:50:42Z,Coinbase,2,,,engine/technical/README.md,
XRP,crypto,tecnico,rsi14,33.9,,indice,2026-08-15,2026-09-04T15:50:42Z,Coinbase,2,,,engine/technical/README.md,
XRP,crypto,tecnico,rsi14,32.1,,indice,2026-08-16,2026-09-04T15:50:42Z,Coinbase,2,,,engine/technical/README.md,
XRP,crypto,tecnico,rsi14,35.5,,indice,2026-08-17,2026-09-04T15:50:42Z,Coinbase,2,,,engine/technical/README.md,
XRP,crypto,tecnico,rsi14,35.4,,indice,2026-08-18,2026-09-04T15:50:42Z,Coinbase,2,,,engine/technical/README.md,
XRP,crypto,tecnico,rsi14,60.1,,indice,2026-08-19,2026-09-04T15:50:42Z,Coinbase,2,,,engine/technical/README.md,
XRP,crypto,tecnico,rsi14,76.7,,indice,2026-08-20,2026-09-04T15:50:42Z,Coinbase,2,,,engine/technical/README.md,
XRP,crypto,tecnico,rsi14,84.6,,indice,2026-08-21,2026-09-04T15:50:42Z,Coinbase,2,,,engine/technical/README.md,
XRP,crypto,tecnico,rsi14,84.8,,indice,2026-08-22,2026-09-04T15:50:42Z,Coinbase,2,,,engine/technical/README.md,
XRP,crypto,tecnico,rsi14,86.5,,indice,2026-08-23,2026-09-04T15:50:42Z,Coinbase,2,,,engine/technical/README.md,
XRP,crypto,tecnico,rsi14,80.7,,indice,2026-08-24,2026-09-04T15:50:42Z,Coinbase,2,,,engine/technical/README.md,
XRP,crypto,tecnico,rsi14,73.5,,indice,2026-08-25,2026-09-04T15:50:42Z,Coinbase,2,,,engine/technical/README.md,
XRP,crypto,tecnico,rsi14,72.0,,indice,2026-08-26,2026-09-04T15:50:42Z,Coinbase,2,,,engine/technical/README.md,
XRP,crypto,tecnico,rsi14,73.9,,indice,2026-08-27,2026-09-04T15:50:42Z,Coinbase,2,,,engine/technical/README.md,
XRP,crypto,tecnico,rsi14,65.1,,indice,2026-08-28,2026-09-04T15:50:42Z,Coinbase,2,,,engine/technical/README.md,
XRP,crypto,tecnico,rsi14,66.1,,indice,2026-08-29,2026-09-04T15:50:42Z,Coinbase,2,,,engine/technical/README.md,
XRP,crypto,tecnico,rsi14,61.1,,indice,2026-08-30,2026-09-04T15:50:42Z,Coinbase,2,,,engine/technical/README.md,
XRP,crypto,tecnico,rsi14,62.5,,indice,2026-08-31,2026-09-04T15:50:42Z,Coinbase,2,,,engine/technical/README.md,
XRP,crypto,tecnico,rsi14,59.3,,indice,2026-09-01,2026-09-04T15:50:42Z,Coinbase,2,,,engine/technical/README.md,
XRP,crypto,tecnico,rsi14,59.1,,indice,2026-09-02,2026-09-04T15:50:42Z,Coinbase,2,,,engine/technical/README.md,
XRP,crypto,tecnico,rsi14,66.6,,indice,2026-09-03,2026-09-04T15:50:42Z,Coinbase,2,,,engine/technical/README.md,
XRP,crypto,tecnico,rsi14,66.8,,indice,2026-09-04,2026-09-04T10:11:47Z,Kraken,2,100,,engine/technical/README.md,
XRP,crypto,tecnico,sma100,1.979879,,EUR,2026-01-01,2026-09-04T15:50:42Z,Coinbase,2,,,engine/technical/README.md,
XRP,crypto,tecnico,sma100,1.972078,,EUR,2026-01-02,2026-09-04T15:50:42Z,Coinbase,2,,,engine/technical/README.md,
XRP,crypto,tecnico,sma100,1.965773,,EUR,2026-01-03,2026-09-04T15:50:42Z,Coinbase,2,,,engine/technical/README.md,
XRP,crypto,tecnico,sma100,1.95982,,EUR,2026-01-04,2026-09-04T15:50:42Z,Coinbase,2,,,engine/technical/README.md,
XRP,crypto,tecnico,sma100,1.95587,,EUR,2026-01-05,2026-09-04T15:50:42Z,Coinbase,2,,,engine/technical/README.md,
XRP,crypto,tecnico,sma100,1.951047,,EUR,2026-01-06,2026-09-04T15:50:42Z,Coinbase,2,,,engine/technical/README.md,
XRP,crypto,tecnico,sma100,1.945041,,EUR,2026-01-07,2026-09-04T15:50:42Z,Coinbase,2,,,engine/technical/README.md,
XRP,crypto,tecnico,sma100,1.938988,,EUR,2026-01-08,2026-09-04T15:50:42Z,Coinbase,2,,,engine/technical/README.md,
XRP,crypto,tecnico,sma100,1.931844,,EUR,2026-01-09,2026-09-04T15:50:42Z,Coinbase,2,,,engine/technical/README.md,
XRP,crypto,tecnico,sma100,1.923894,,EUR,2026-01-10,2026-09-04T15:50:42Z,Coinbase,2,,,engine/technical/README.md,
XRP,crypto,tecnico,sma100,1.915843,,EUR,2026-01-11,2026-09-04T15:50:42Z,Coinbase,2,,,engine/technical/README.md,
XRP,crypto,tecnico,sma100,1.908199,,EUR,2026-01-12,2026-09-04T15:50:42Z,Coinbase,2,,,engine/technical/README.md,
XRP,crypto,tecnico,sma100,1.90152,,EUR,2026-01-13,2026-09-04T15:50:42Z,Coinbase,2,,,engine/technical/README.md,
XRP,crypto,tecnico,sma100,1.894444,,EUR,2026-01-14,2026-09-04T15:50:42Z,Coinbase,2,,,engine/technical/README.md,
XRP,crypto,tecnico,sma100,1.88786,,EUR,2026-01-15,2026-09-04T15:50:42Z,Coinbase,2,,,engine/technical/README.md,
XRP,crypto,tecnico,sma100,1.880917,,EUR,2026-01-16,2026-09-04T15:50:42Z,Coinbase,2,,,engine/technical/README.md,
XRP,crypto,tecnico,sma100,1.874476,,EUR,2026-01-17,2026-09-04T15:50:42Z,Coinbase,2,,,engine/technical/README.md,
XRP,crypto,tecnico,sma100,1.870945,,EUR,2026-01-18,2026-09-04T15:50:42Z,Coinbase,2,,,engine/technical/README.md,
XRP,crypto,tecnico,sma100,1.867201,,EUR,2026-01-19,2026-09-04T15:50:42Z,Coinbase,2,,,engine/technical/README.md,
XRP,crypto,tecnico,sma100,1.861458,,EUR,2026-01-20,2026-09-04T15:50:42Z,Coinbase,2,,,engine/technical/README.md,
XRP,crypto,tecnico,sma100,1.855587,,EUR,2026-01-21,2026-09-04T15:50:42Z,Coinbase,2,,,engine/technical/README.md,
XRP,crypto,tecnico,sma100,1.850329,,EUR,2026-01-22,2026-09-04T15:50:42Z,Coinbase,2,,,engine/technical/README.md,
XRP,crypto,tecnico,sma100,1.845835,,EUR,2026-01-23,2026-09-04T15:50:42Z,Coinbase,2,,,engine/technical/README.md,
XRP,crypto,tecnico,sma100,1.842137,,EUR,2026-01-24,2026-09-04T15:50:42Z,Coinbase,2,,,engine/technical/README.md,
XRP,crypto,tecnico,sma100,1.837892,,EUR,2026-01-25,2026-09-04T15:50:42Z,Coinbase,2,,,engine/technical/README.md,
XRP,crypto,tecnico,sma100,1.833638,,EUR,2026-01-26,2026-09-04T15:50:42Z,Coinbase,2,,,engine/technical/README.md,
XRP,crypto,tecnico,sma100,1.829033,,EUR,2026-01-27,2026-09-04T15:50:42Z,Coinbase,2,,,engine/technical/README.md,
XRP,crypto,tecnico,sma100,1.82355,,EUR,2026-01-28,2026-09-04T15:50:42Z,Coinbase,2,,,engine/technical/README.md,
XRP,crypto,tecnico,sma100,1.817764,,EUR,2026-01-29,2026-09-04T15:50:42Z,Coinbase,2,,,engine/technical/README.md,
XRP,crypto,tecnico,sma100,1.812024,,EUR,2026-01-30,2026-09-04T15:50:42Z,Coinbase,2,,,engine/technical/README.md,
XRP,crypto,tecnico,sma100,1.805331,,EUR,2026-01-31,2026-09-04T15:50:42Z,Coinbase,2,,,engine/technical/README.md,
XRP,crypto,tecnico,sma100,1.797165,,EUR,2026-02-01,2026-09-04T15:50:42Z,Coinbase,2,,,engine/technical/README.md,
XRP,crypto,tecnico,sma100,1.788567,,EUR,2026-02-02,2026-09-04T15:50:42Z,Coinbase,2,,,engine/technical/README.md,
XRP,crypto,tecnico,sma100,1.779171,,EUR,2026-02-03,2026-09-04T15:50:42Z,Coinbase,2,,,engine/technical/README.md,
XRP,crypto,tecnico,sma100,1.769362,,EUR,2026-02-04,2026-09-04T15:50:42Z,Coinbase,2,,,engine/technical/README.md,
XRP,crypto,tecnico,sma100,1.757334,,EUR,2026-02-05,2026-09-04T15:50:42Z,Coinbase,2,,,engine/technical/README.md,
XRP,crypto,tecnico,sma100,1.747803,,EUR,2026-02-06,2026-09-04T15:50:42Z,Coinbase,2,,,engine/technical/README.md,
XRP,crypto,tecnico,sma100,1.738788,,EUR,2026-02-07,2026-09-04T15:50:42Z,Coinbase,2,,,engine/technical/README.md,
XRP,crypto,tecnico,sma100,1.729159,,EUR,2026-02-08,2026-09-04T15:50:42Z,Coinbase,2,,,engine/technical/README.md,
XRP,crypto,tecnico,sma100,1.719558,,EUR,2026-02-09,2026-09-04T15:50:42Z,Coinbase,2,,,engine/technical/README.md,
XRP,crypto,tecnico,sma100,1.70943,,EUR,2026-02-10,2026-09-04T15:50:42Z,Coinbase,2,,,engine/technical/README.md,
XRP,crypto,tecnico,sma100,1.700911,,EUR,2026-02-11,2026-09-04T15:50:42Z,Coinbase,2,,,engine/technical/README.md,
XRP,crypto,tecnico,sma100,1.693204,,EUR,2026-02-12,2026-09-04T15:50:42Z,Coinbase,2,,,engine/technical/README.md,
XRP,crypto,tecnico,sma100,1.684674,,EUR,2026-02-13,2026-09-04T15:50:42Z,Coinbase,2,,,engine/technical/README.md,
XRP,crypto,tecnico,sma100,1.678278,,EUR,2026-02-14,2026-09-04T15:50:42Z,Coinbase,2,,,engine/technical/README.md,
XRP,crypto,tecnico,sma100,1.670673,,EUR,2026-02-15,2026-09-04T15:50:42Z,Coinbase,2,,,engine/technical/README.md,
XRP,crypto,tecnico,sma100,1.663458,,EUR,2026-02-16,2026-09-04T15:50:42Z,Coinbase,2,,,engine/technical/README.md,
XRP,crypto,tecnico,sma100,1.655418,,EUR,2026-02-17,2026-09-04T15:50:42Z,Coinbase,2,,,engine/technical/README.md,
XRP,crypto,tecnico,sma100,1.645627,,EUR,2026-02-18,2026-09-04T15:50:42Z,Coinbase,2,,,engine/technical/README.md,
XRP,crypto,tecnico,sma100,1.636929,,EUR,2026-02-19,2026-09-04T15:50:42Z,Coinbase,2,,,engine/technical/README.md,
XRP,crypto,tecnico,sma100,1.628451,,EUR,2026-02-20,2026-09-04T15:50:42Z,Coinbase,2,,,engine/technical/README.md,
XRP,crypto,tecnico,sma100,1.620625,,EUR,2026-02-21,2026-09-04T15:50:42Z,Coinbase,2,,,engine/technical/README.md,
XRP,crypto,tecnico,sma100,1.613103,,EUR,2026-02-22,2026-09-04T15:50:42Z,Coinbase,2,,,engine/technical/README.md,
XRP,crypto,tecnico,sma100,1.605339,,EUR,2026-02-23,2026-09-04T15:50:42Z,Coinbase,2,,,engine/technical/README.md,
XRP,crypto,tecnico,sma100,1.597745,,EUR,2026-02-24,2026-09-04T15:50:42Z,Coinbase,2,,,engine/technical/README.md,
XRP,crypto,tecnico,sma100,1.591265,,EUR,2026-02-25,2026-09-04T15:50:42Z,Coinbase,2,,,engine/technical/README.md,
XRP,crypto,tecnico,sma100,1.584022,,EUR,2026-02-26,2026-09-04T15:50:42Z,Coinbase,2,,,engine/technical/README.md,
XRP,crypto,tecnico,sma100,1.577258,,EUR,2026-02-27,2026-09-04T15:50:42Z,Coinbase,2,,,engine/technical/README.md,
XRP,crypto,tecnico,sma100,1.571552,,EUR,2026-02-28,2026-09-04T15:50:42Z,Coinbase,2,,,engine/technical/README.md,
XRP,crypto,tecnico,sma100,1.566115,,EUR,2026-03-01,2026-09-04T15:50:42Z,Coinbase,2,,,engine/technical/README.md,
XRP,crypto,tecnico,sma100,1.561056,,EUR,2026-03-02,2026-09-04T15:50:42Z,Coinbase,2,,,engine/technical/README.md,
XRP,crypto,tecnico,sma100,1.554969,,EUR,2026-03-03,2026-09-04T15:50:42Z,Coinbase,2,,,engine/technical/README.md,
XRP,crypto,tecnico,sma100,1.547935,,EUR,2026-03-04,2026-09-04T15:50:42Z,Coinbase,2,,,engine/technical/README.md,
XRP,crypto,tecnico,sma100,1.540992,,EUR,2026-03-05,2026-09-04T15:50:42Z,Coinbase,2,,,engine/technical/README.md,
XRP,crypto,tecnico,sma100,1.533582,,EUR,2026-03-06,2026-09-04T15:50:42Z,Coinbase,2,,,engine/technical/README.md,
XRP,crypto,tecnico,sma100,1.526318,,EUR,2026-03-07,2026-09-04T15:50:42Z,Coinbase,2,,,engine/technical/README.md,
XRP,crypto,tecnico,sma100,1.519144,,EUR,2026-03-08,2026-09-04T15:50:42Z,Coinbase,2,,,engine/technical/README.md,
XRP,crypto,tecnico,sma100,1.51189,,EUR,2026-03-09,2026-09-04T15:50:42Z,Coinbase,2,,,engine/technical/README.md,
XRP,crypto,tecnico,sma100,1.505252,,EUR,2026-03-10,2026-09-04T15:50:42Z,Coinbase,2,,,engine/technical/README.md,
XRP,crypto,tecnico,sma100,1.499755,,EUR,2026-03-11,2026-09-04T15:50:42Z,Coinbase,2,,,engine/technical/README.md,
XRP,crypto,tecnico,sma100,1.493256,,EUR,2026-03-12,2026-09-04T15:50:42Z,Coinbase,2,,,engine/technical/README.md,
XRP,crypto,tecnico,sma100,1.486625,,EUR,2026-03-13,2026-09-04T15:50:42Z,Coinbase,2,,,engine/technical/README.md,
XRP,crypto,tecnico,sma100,1.480948,,EUR,2026-03-14,2026-09-04T15:50:42Z,Coinbase,2,,,engine/technical/README.md,
XRP,crypto,tecnico,sma100,1.476145,,EUR,2026-03-15,2026-09-04T15:50:42Z,Coinbase,2,,,engine/technical/README.md,
XRP,crypto,tecnico,sma100,1.472102,,EUR,2026-03-16,2026-09-04T15:50:42Z,Coinbase,2,,,engine/technical/README.md,
XRP,crypto,tecnico,sma100,1.467747,,EUR,2026-03-17,2026-09-04T15:50:42Z,Coinbase,2,,,engine/technical/README.md,
XRP,crypto,tecnico,sma100,1.46271,,EUR,2026-03-18,2026-09-04T15:50:42Z,Coinbase,2,,,engine/technical/README.md,
XRP,crypto,tecnico,sma100,1.457109,,EUR,2026-03-19,2026-09-04T15:50:42Z,Coinbase,2,,,engine/technical/README.md,
XRP,crypto,tecnico,sma100,1.452141,,EUR,2026-03-20,2026-09-04T15:50:42Z,Coinbase,2,,,engine/technical/README.md,
XRP,crypto,tecnico,sma100,1.446997,,EUR,2026-03-21,2026-09-04T15:50:42Z,Coinbase,2,,,engine/technical/README.md,
XRP,crypto,tecnico,sma100,1.441852,,EUR,2026-03-22,2026-09-04T15:50:42Z,Coinbase,2,,,engine/technical/README.md,
XRP,crypto,tecnico,sma100,1.436945,,EUR,2026-03-23,2026-09-04T15:50:42Z,Coinbase,2,,,engine/technical/README.md,
XRP,crypto,tecnico,sma100,1.432233,,EUR,2026-03-24,2026-09-04T15:50:42Z,Coinbase,2,,,engine/technical/README.md,
XRP,crypto,tecnico,sma100,1.428304,,EUR,2026-03-25,2026-09-04T15:50:42Z,Coinbase,2,,,engine/technical/README.md,
XRP,crypto,tecnico,sma100,1.423717,,EUR,2026-03-26,2026-09-04T15:50:42Z,Coinbase,2,,,engine/technical/README.md,
XRP,crypto,tecnico,sma100,1.419376,,EUR,2026-03-27,2026-09-04T15:50:42Z,Coinbase,2,,,engine/technical/README.md,
XRP,crypto,tecnico,sma100,1.415542,,EUR,2026-03-28,2026-09-04T15:50:42Z,Coinbase,2,,,engine/technical/README.md,
XRP,crypto,tecnico,sma100,1.4108,,EUR,2026-03-29,2026-09-04T15:50:42Z,Coinbase,2,,,engine/technical/README.md,
XRP,crypto,tecnico,sma100,1.405833,,EUR,2026-03-30,2026-09-04T15:50:42Z,Coinbase,2,,,engine/technical/README.md,
XRP,crypto,tecnico,sma100,1.401004,,EUR,2026-03-31,2026-09-04T15:50:42Z,Coinbase,2,,,engine/technical/README.md,
XRP,crypto,tecnico,sma100,1.396455,,EUR,2026-04-01,2026-09-04T15:50:42Z,Coinbase,2,,,engine/technical/README.md,
XRP,crypto,tecnico,sma100,1.392018,,EUR,2026-04-02,2026-09-04T15:50:42Z,Coinbase,2,,,engine/technical/README.md,
XRP,crypto,tecnico,sma100,1.387665,,EUR,2026-04-03,2026-09-04T15:50:42Z,Coinbase,2,,,engine/technical/README.md,
XRP,crypto,tecnico,sma100,1.383539,,EUR,2026-04-04,2026-09-04T15:50:42Z,Coinbase,2,,,engine/technical/README.md,
XRP,crypto,tecnico,sma100,1.37943,,EUR,2026-04-05,2026-09-04T15:50:42Z,Coinbase,2,,,engine/technical/README.md,
XRP,crypto,tecnico,sma100,1.374953,,EUR,2026-04-06,2026-09-04T15:50:42Z,Coinbase,2,,,engine/technical/README.md,
XRP,crypto,tecnico,sma100,1.370932,,EUR,2026-04-07,2026-09-04T15:50:42Z,Coinbase,2,,,engine/technical/README.md,
XRP,crypto,tecnico,sma100,1.366747,,EUR,2026-04-08,2026-09-04T15:50:42Z,Coinbase,2,,,engine/technical/README.md,
XRP,crypto,tecnico,sma100,1.362276,,EUR,2026-04-09,2026-09-04T15:50:42Z,Coinbase,2,,,engine/technical/README.md,
XRP,crypto,tecnico,sma100,1.358194,,EUR,2026-04-10,2026-09-04T15:50:42Z,Coinbase,2,,,engine/technical/README.md,
XRP,crypto,tecnico,sma100,1.353779,,EUR,2026-04-11,2026-09-04T15:50:42Z,Coinbase,2,,,engine/technical/README.md,
XRP,crypto,tecnico,sma100,1.347979,,EUR,2026-04-12,2026-09-04T15:50:42Z,Coinbase,2,,,engine/technical/README.md,
XRP,crypto,tecnico,sma100,1.342442,,EUR,2026-04-13,2026-09-04T15:50:42Z,Coinbase,2,,,engine/technical/README.md,
XRP,crypto,tecnico,sma100,1.336128,,EUR,2026-04-14,2026-09-04T15:50:42Z,Coinbase,2,,,engine/technical/README.md,
XRP,crypto,tecnico,sma100,1.327875,,EUR,2026-04-15,2026-09-04T15:50:42Z,Coinbase,2,,,engine/technical/README.md,
XRP,crypto,tecnico,sma100,1.320523,,EUR,2026-04-16,2026-09-04T15:50:42Z,Coinbase,2,,,engine/technical/README.md,
XRP,crypto,tecnico,sma100,1.31454,,EUR,2026-04-17,2026-09-04T15:50:42Z,Coinbase,2,,,engine/technical/README.md,
XRP,crypto,tecnico,sma100,1.30852,,EUR,2026-04-18,2026-09-04T15:50:42Z,Coinbase,2,,,engine/technical/README.md,
XRP,crypto,tecnico,sma100,1.302411,,EUR,2026-04-19,2026-09-04T15:50:42Z,Coinbase,2,,,engine/technical/README.md,
XRP,crypto,tecnico,sma100,1.296545,,EUR,2026-04-20,2026-09-04T15:50:42Z,Coinbase,2,,,engine/technical/README.md,
XRP,crypto,tecnico,sma100,1.290925,,EUR,2026-04-21,2026-09-04T15:50:42Z,Coinbase,2,,,engine/technical/README.md,
XRP,crypto,tecnico,sma100,1.285553,,EUR,2026-04-22,2026-09-04T15:50:42Z,Coinbase,2,,,engine/technical/README.md,
XRP,crypto,tecnico,sma100,1.279299,,EUR,2026-04-23,2026-09-04T15:50:42Z,Coinbase,2,,,engine/technical/README.md,
XRP,crypto,tecnico,sma100,1.273156,,EUR,2026-04-24,2026-09-04T15:50:42Z,Coinbase,2,,,engine/technical/README.md,
XRP,crypto,tecnico,sma100,1.267414,,EUR,2026-04-25,2026-09-04T15:50:42Z,Coinbase,2,,,engine/technical/README.md,
XRP,crypto,tecnico,sma100,1.261826,,EUR,2026-04-26,2026-09-04T15:50:42Z,Coinbase,2,,,engine/technical/README.md,
XRP,crypto,tecnico,sma100,1.255975,,EUR,2026-04-27,2026-09-04T15:50:42Z,Coinbase,2,,,engine/technical/README.md,
XRP,crypto,tecnico,sma100,1.250636,,EUR,2026-04-28,2026-09-04T15:50:42Z,Coinbase,2,,,engine/technical/README.md,
XRP,crypto,tecnico,sma100,1.245303,,EUR,2026-04-29,2026-09-04T15:50:42Z,Coinbase,2,,,engine/technical/README.md,
XRP,crypto,tecnico,sma100,1.24086,,EUR,2026-04-30,2026-09-04T15:50:42Z,Coinbase,2,,,engine/technical/README.md,
XRP,crypto,tecnico,sma100,1.236003,,EUR,2026-05-01,2026-09-04T15:50:42Z,Coinbase,2,,,engine/technical/README.md,
XRP,crypto,tecnico,sma100,1.231553,,EUR,2026-05-02,2026-09-04T15:50:42Z,Coinbase,2,,,engine/technical/README.md,
XRP,crypto,tecnico,sma100,1.227151,,EUR,2026-05-03,2026-09-04T15:50:42Z,Coinbase,2,,,engine/technical/README.md,
XRP,crypto,tecnico,sma100,1.222882,,EUR,2026-05-04,2026-09-04T15:50:42Z,Coinbase,2,,,engine/technical/README.md,
XRP,crypto,tecnico,sma100,1.219478,,EUR,2026-05-05,2026-09-04T15:50:42Z,Coinbase,2,,,engine/technical/README.md,
XRP,crypto,tecnico,sma100,1.215581,,EUR,2026-05-06,2026-09-04T15:50:42Z,Coinbase,2,,,engine/technical/README.md,
XRP,crypto,tecnico,sma100,1.211484,,EUR,2026-05-07,2026-09-04T15:50:42Z,Coinbase,2,,,engine/technical/README.md,
XRP,crypto,tecnico,sma100,1.207575,,EUR,2026-05-08,2026-09-04T15:50:42Z,Coinbase,2,,,engine/technical/README.md,
XRP,crypto,tecnico,sma100,1.204531,,EUR,2026-05-09,2026-09-04T15:50:42Z,Coinbase,2,,,engine/technical/README.md,
XRP,crypto,tecnico,sma100,1.202423,,EUR,2026-05-10,2026-09-04T15:50:42Z,Coinbase,2,,,engine/technical/README.md,
XRP,crypto,tecnico,sma100,1.201033,,EUR,2026-05-11,2026-09-04T15:50:42Z,Coinbase,2,,,engine/technical/README.md,
XRP,crypto,tecnico,sma100,1.199872,,EUR,2026-05-12,2026-09-04T15:50:42Z,Coinbase,2,,,engine/technical/README.md,
XRP,crypto,tecnico,sma100,1.198331,,EUR,2026-05-13,2026-09-04T15:50:42Z,Coinbase,2,,,engine/technical/README.md,
XRP,crypto,tecnico,sma100,1.197718,,EUR,2026-05-14,2026-09-04T15:50:42Z,Coinbase,2,,,engine/technical/README.md,
XRP,crypto,tecnico,sma100,1.197288,,EUR,2026-05-15,2026-09-04T15:50:42Z,Coinbase,2,,,engine/technical/README.md,
XRP,crypto,tecnico,sma100,1.199153,,EUR,2026-05-16,2026-09-04T15:50:42Z,Coinbase,2,,,engine/technical/README.md,
XRP,crypto,tecnico,sma100,1.198768,,EUR,2026-05-17,2026-09-04T15:50:42Z,Coinbase,2,,,engine/technical/README.md,
XRP,crypto,tecnico,sma100,1.198625,,EUR,2026-05-18,2026-09-04T15:50:42Z,Coinbase,2,,,engine/technical/README.md,
XRP,crypto,tecnico,sma100,1.198247,,EUR,2026-05-19,2026-09-04T15:50:42Z,Coinbase,2,,,engine/technical/README.md,
XRP,crypto,tecnico,sma100,1.197922,,EUR,2026-05-20,2026-09-04T15:50:42Z,Coinbase,2,,,engine/technical/README.md,
XRP,crypto,tecnico,sma100,1.197973,,EUR,2026-05-21,2026-09-04T15:50:42Z,Coinbase,2,,,engine/technical/README.md,
XRP,crypto,tecnico,sma100,1.197944,,EUR,2026-05-22,2026-09-04T15:50:42Z,Coinbase,2,,,engine/technical/README.md,
XRP,crypto,tecnico,sma100,1.198173,,EUR,2026-05-23,2026-09-04T15:50:42Z,Coinbase,2,,,engine/technical/README.md,
XRP,crypto,tecnico,sma100,1.19792,,EUR,2026-05-24,2026-09-04T15:50:42Z,Coinbase,2,,,engine/technical/README.md,
XRP,crypto,tecnico,sma100,1.196777,,EUR,2026-05-25,2026-09-04T15:50:42Z,Coinbase,2,,,engine/technical/README.md,
XRP,crypto,tecnico,sma100,1.195754,,EUR,2026-05-26,2026-09-04T15:50:42Z,Coinbase,2,,,engine/technical/README.md,
XRP,crypto,tecnico,sma100,1.194454,,EUR,2026-05-27,2026-09-04T15:50:42Z,Coinbase,2,,,engine/technical/README.md,
XRP,crypto,tecnico,sma100,1.193304,,EUR,2026-05-28,2026-09-04T15:50:42Z,Coinbase,2,,,engine/technical/README.md,
XRP,crypto,tecnico,sma100,1.192644,,EUR,2026-05-29,2026-09-04T15:50:42Z,Coinbase,2,,,engine/technical/README.md,
XRP,crypto,tecnico,sma100,1.192196,,EUR,2026-05-30,2026-09-04T15:50:42Z,Coinbase,2,,,engine/technical/README.md,
XRP,crypto,tecnico,sma100,1.191507,,EUR,2026-05-31,2026-09-04T15:50:42Z,Coinbase,2,,,engine/technical/README.md,
XRP,crypto,tecnico,sma100,1.190482,,EUR,2026-06-01,2026-09-04T15:50:42Z,Coinbase,2,,,engine/technical/README.md,
XRP,crypto,tecnico,sma100,1.189132,,EUR,2026-06-02,2026-09-04T15:50:42Z,Coinbase,2,,,engine/technical/README.md,
XRP,crypto,tecnico,sma100,1.187982,,EUR,2026-06-03,2026-09-04T15:50:42Z,Coinbase,2,,,engine/technical/README.md,
XRP,crypto,tecnico,sma100,1.186579,,EUR,2026-06-04,2026-09-04T15:50:42Z,Coinbase,2,,,engine/technical/README.md,
XRP,crypto,tecnico,sma100,1.183981,,EUR,2026-06-05,2026-09-04T15:50:42Z,Coinbase,2,,,engine/technical/README.md,
XRP,crypto,tecnico,sma100,1.181602,,EUR,2026-06-06,2026-09-04T15:50:42Z,Coinbase,2,,,engine/technical/README.md,
XRP,crypto,tecnico,sma100,1.180141,,EUR,2026-06-07,2026-09-04T15:50:42Z,Coinbase,2,,,engine/technical/README.md,
XRP,crypto,tecnico,sma100,1.178612,,EUR,2026-06-08,2026-09-04T15:50:42Z,Coinbase,2,,,engine/technical/README.md,
XRP,crypto,tecnico,sma100,1.176978,,EUR,2026-06-09,2026-09-04T15:50:42Z,Coinbase,2,,,engine/technical/README.md,
XRP,crypto,tecnico,sma100,1.174598,,EUR,2026-06-10,2026-09-04T15:50:42Z,Coinbase,2,,,engine/technical/README.md,
XRP,crypto,tecnico,sma100,1.172746,,EUR,2026-06-11,2026-09-04T15:50:42Z,Coinbase,2,,,engine/technical/README.md,
XRP,crypto,tecnico,sma100,1.17023,,EUR,2026-06-12,2026-09-04T15:50:42Z,Coinbase,2,,,engine/technical/README.md,
XRP,crypto,tecnico,sma100,1.168084,,EUR,2026-06-13,2026-09-04T15:50:42Z,Coinbase,2,,,engine/technical/README.md,
XRP,crypto,tecnico,sma100,1.166565,,EUR,2026-06-14,2026-09-04T15:50:42Z,Coinbase,2,,,engine/technical/README.md,
XRP,crypto,tecnico,sma100,1.165537,,EUR,2026-06-15,2026-09-04T15:50:42Z,Coinbase,2,,,engine/technical/README.md,
XRP,crypto,tecnico,sma100,1.164379,,EUR,2026-06-16,2026-09-04T15:50:42Z,Coinbase,2,,,engine/technical/README.md,
XRP,crypto,tecnico,sma100,1.16294,,EUR,2026-06-17,2026-09-04T15:50:42Z,Coinbase,2,,,engine/technical/README.md,
XRP,crypto,tecnico,sma100,1.160978,,EUR,2026-06-18,2026-09-04T15:50:42Z,Coinbase,2,,,engine/technical/README.md,
XRP,crypto,tecnico,sma100,1.158882,,EUR,2026-06-19,2026-09-04T15:50:42Z,Coinbase,2,,,engine/technical/README.md,
XRP,crypto,tecnico,sma100,1.156883,,EUR,2026-06-20,2026-09-04T15:50:42Z,Coinbase,2,,,engine/technical/README.md,
XRP,crypto,tecnico,sma100,1.154466,,EUR,2026-06-21,2026-09-04T15:50:42Z,Coinbase,2,,,engine/technical/README.md,
XRP,crypto,tecnico,sma100,1.152007,,EUR,2026-06-22,2026-09-04T15:50:42Z,Coinbase,2,,,engine/technical/README.md,
XRP,crypto,tecnico,sma100,1.149069,,EUR,2026-06-23,2026-09-04T15:50:42Z,Coinbase,2,,,engine/technical/README.md,
XRP,crypto,tecnico,sma100,1.145103,,EUR,2026-06-24,2026-09-04T15:50:42Z,Coinbase,2,,,engine/technical/README.md,
XRP,crypto,tecnico,sma100,1.14111,,EUR,2026-06-25,2026-09-04T15:50:42Z,Coinbase,2,,,engine/technical/README.md,
XRP,crypto,tecnico,sma100,1.137543,,EUR,2026-06-26,2026-09-04T15:50:42Z,Coinbase,2,,,engine/technical/README.md,
XRP,crypto,tecnico,sma100,1.134227,,EUR,2026-06-27,2026-09-04T15:50:42Z,Coinbase,2,,,engine/technical/README.md,
XRP,crypto,tecnico,sma100,1.13093,,EUR,2026-06-28,2026-09-04T15:50:42Z,Coinbase,2,,,engine/technical/README.md,
XRP,crypto,tecnico,sma100,1.128004,,EUR,2026-06-29,2026-09-04T15:50:42Z,Coinbase,2,,,engine/technical/README.md,
XRP,crypto,tecnico,sma100,1.125128,,EUR,2026-06-30,2026-09-04T15:50:42Z,Coinbase,2,,,engine/technical/README.md,
XRP,crypto,tecnico,sma100,1.122033,,EUR,2026-07-01,2026-09-04T15:50:42Z,Coinbase,2,,,engine/technical/README.md,
XRP,crypto,tecnico,sma100,1.119366,,EUR,2026-07-02,2026-09-04T15:50:42Z,Coinbase,2,,,engine/technical/README.md,
XRP,crypto,tecnico,sma100,1.117053,,EUR,2026-07-03,2026-09-04T15:50:42Z,Coinbase,2,,,engine/technical/README.md,
XRP,crypto,tecnico,sma100,1.115376,,EUR,2026-07-04,2026-09-04T15:50:42Z,Coinbase,2,,,engine/technical/README.md,
XRP,crypto,tecnico,sma100,1.113974,,EUR,2026-07-05,2026-09-04T15:50:42Z,Coinbase,2,,,engine/technical/README.md,
XRP,crypto,tecnico,sma100,1.112392,,EUR,2026-07-06,2026-09-04T15:50:42Z,Coinbase,2,,,engine/technical/README.md,
XRP,crypto,tecnico,sma100,1.110601,,EUR,2026-07-07,2026-09-04T15:50:42Z,Coinbase,2,,,engine/technical/README.md,
XRP,crypto,tecnico,sma100,1.1086,,EUR,2026-07-08,2026-09-04T15:50:42Z,Coinbase,2,,,engine/technical/README.md,
XRP,crypto,tecnico,sma100,1.106582,,EUR,2026-07-09,2026-09-04T15:50:42Z,Coinbase,2,,,engine/technical/README.md,
XRP,crypto,tecnico,sma100,1.104622,,EUR,2026-07-10,2026-09-04T15:50:42Z,Coinbase,2,,,engine/technical/README.md,
XRP,crypto,tecnico,sma100,1.102784,,EUR,2026-07-11,2026-09-04T15:50:42Z,Coinbase,2,,,engine/technical/README.md,
XRP,crypto,tecnico,sma100,1.100841,,EUR,2026-07-12,2026-09-04T15:50:42Z,Coinbase,2,,,engine/technical/README.md,
XRP,crypto,tecnico,sma100,1.098788,,EUR,2026-07-13,2026-09-04T15:50:42Z,Coinbase,2,,,engine/technical/README.md,
XRP,crypto,tecnico,sma100,1.096969,,EUR,2026-07-14,2026-09-04T15:50:42Z,Coinbase,2,,,engine/technical/README.md,
XRP,crypto,tecnico,sma100,1.09523,,EUR,2026-07-15,2026-09-04T15:50:42Z,Coinbase,2,,,engine/technical/README.md,
XRP,crypto,tecnico,sma100,1.092914,,EUR,2026-07-16,2026-09-04T15:50:42Z,Coinbase,2,,,engine/technical/README.md,
XRP,crypto,tecnico,sma100,1.09091,,EUR,2026-07-17,2026-09-04T15:50:42Z,Coinbase,2,,,engine/technical/README.md,
XRP,crypto,tecnico,sma100,1.08897,,EUR,2026-07-18,2026-09-04T15:50:42Z,Coinbase,2,,,engine/technical/README.md,
XRP,crypto,tecnico,sma100,1.08699,,EUR,2026-07-19,2026-09-04T15:50:42Z,Coinbase,2,,,engine/technical/README.md,
XRP,crypto,tecnico,sma100,1.085027,,EUR,2026-07-20,2026-09-04T11:17:40Z,Kraken,2,100,,engine/technical/README.md,
XRP,crypto,tecnico,sma100,1.083829,,EUR,2026-07-21,2026-09-04T15:50:42Z,Coinbase,2,,,engine/technical/README.md,
XRP,crypto,tecnico,sma100,1.08214,,EUR,2026-07-22,2026-09-04T15:50:42Z,Coinbase,2,,,engine/technical/README.md,
XRP,crypto,tecnico,sma100,1.080321,,EUR,2026-07-23,2026-09-04T15:50:42Z,Coinbase,2,,,engine/technical/README.md,
XRP,crypto,tecnico,sma100,1.078122,,EUR,2026-07-24,2026-09-04T15:50:42Z,Coinbase,2,,,engine/technical/README.md,
XRP,crypto,tecnico,sma100,1.075432,,EUR,2026-07-25,2026-09-04T15:50:42Z,Coinbase,2,,,engine/technical/README.md,
XRP,crypto,tecnico,sma100,1.072638,,EUR,2026-07-26,2026-09-04T15:50:42Z,Coinbase,2,,,engine/technical/README.md,
XRP,crypto,tecnico,sma100,1.069823,,EUR,2026-07-27,2026-09-04T15:50:42Z,Coinbase,2,,,engine/technical/README.md,
XRP,crypto,tecnico,sma100,1.06732,,EUR,2026-07-28,2026-09-04T15:50:42Z,Coinbase,2,,,engine/technical/README.md,
XRP,crypto,tecnico,sma100,1.064578,,EUR,2026-07-29,2026-09-04T15:50:42Z,Coinbase,2,,,engine/technical/README.md,
XRP,crypto,tecnico,sma100,1.061761,,EUR,2026-07-30,2026-09-04T15:50:42Z,Coinbase,2,,,engine/technical/README.md,
XRP,crypto,tecnico,sma100,1.058767,,EUR,2026-07-31,2026-09-04T15:50:42Z,Coinbase,2,,,engine/technical/README.md,
XRP,crypto,tecnico,sma100,1.055653,,EUR,2026-08-01,2026-09-04T15:50:42Z,Coinbase,2,,,engine/technical/README.md,
XRP,crypto,tecnico,sma100,1.052829,,EUR,2026-08-02,2026-09-04T15:50:42Z,Coinbase,2,,,engine/technical/README.md,
XRP,crypto,tecnico,sma100,1.050007,,EUR,2026-08-03,2026-09-04T15:50:42Z,Coinbase,2,,,engine/technical/README.md,
XRP,crypto,tecnico,sma100,1.047079,,EUR,2026-08-04,2026-09-04T15:50:42Z,Coinbase,2,,,engine/technical/README.md,
XRP,crypto,tecnico,sma100,1.044323,,EUR,2026-08-05,2026-09-04T15:50:42Z,Coinbase,2,,,engine/technical/README.md,
XRP,crypto,tecnico,sma100,1.041514,,EUR,2026-08-06,2026-09-04T15:50:42Z,Coinbase,2,,,engine/technical/README.md,
XRP,crypto,tecnico,sma100,1.038624,,EUR,2026-08-07,2026-09-04T15:50:42Z,Coinbase,2,,,engine/technical/README.md,
XRP,crypto,tecnico,sma100,1.035955,,EUR,2026-08-08,2026-09-04T15:50:42Z,Coinbase,2,,,engine/technical/README.md,
XRP,crypto,tecnico,sma100,1.033025,,EUR,2026-08-09,2026-09-04T15:50:42Z,Coinbase,2,,,engine/technical/README.md,
XRP,crypto,tecnico,sma100,1.029901,,EUR,2026-08-10,2026-09-04T15:50:42Z,Coinbase,2,,,engine/technical/README.md,
XRP,crypto,tecnico,sma100,1.026932,,EUR,2026-08-11,2026-09-04T15:50:42Z,Coinbase,2,,,engine/technical/README.md,
XRP,crypto,tecnico,sma100,1.023743,,EUR,2026-08-12,2026-09-04T15:50:42Z,Coinbase,2,,,engine/technical/README.md,
XRP,crypto,tecnico,sma100,1.020431,,EUR,2026-08-13,2026-09-04T15:50:42Z,Coinbase,2,,,engine/technical/README.md,
XRP,crypto,tecnico,sma100,1.016938,,EUR,2026-08-14,2026-09-04T15:50:42Z,Coinbase,2,,,engine/technical/README.md,
XRP,crypto,tecnico,sma100,1.013777,,EUR,2026-08-15,2026-09-04T15:50:42Z,Coinbase,2,,,engine/technical/README.md,
XRP,crypto,tecnico,sma100,1.010317,,EUR,2026-08-16,2026-09-04T15:50:42Z,Coinbase,2,,,engine/technical/README.md,
XRP,crypto,tecnico,sma100,1.006923,,EUR,2026-08-17,2026-09-04T15:50:42Z,Coinbase,2,,,engine/technical/README.md,
XRP,crypto,tecnico,sma100,1.003047,,EUR,2026-08-18,2026-09-04T15:50:42Z,Coinbase,2,,,engine/technical/README.md,
XRP,crypto,tecnico,sma100,0.999964,,EUR,2026-08-19,2026-09-04T15:50:42Z,Coinbase,2,,,engine/technical/README.md,
XRP,crypto,tecnico,sma100,0.998557,,EUR,2026-08-20,2026-09-04T15:50:42Z,Coinbase,2,,,engine/technical/README.md,
XRP,crypto,tecnico,sma100,0.998813,,EUR,2026-08-21,2026-09-04T15:50:42Z,Coinbase,2,,,engine/technical/README.md,
XRP,crypto,tecnico,sma100,0.99857,,EUR,2026-08-22,2026-09-04T15:50:42Z,Coinbase,2,,,engine/technical/README.md,
XRP,crypto,tecnico,sma100,0.999219,,EUR,2026-08-23,2026-09-04T15:50:42Z,Coinbase,2,,,engine/technical/README.md,
XRP,crypto,tecnico,sma100,0.99975,,EUR,2026-08-24,2026-09-04T15:50:42Z,Coinbase,2,,,engine/technical/README.md,
XRP,crypto,tecnico,sma100,0.999971,,EUR,2026-08-25,2026-09-04T15:50:42Z,Coinbase,2,,,engine/technical/README.md,
XRP,crypto,tecnico,sma100,1.000245,,EUR,2026-08-26,2026-09-04T15:50:42Z,Coinbase,2,,,engine/technical/README.md,
XRP,crypto,tecnico,sma100,1.001011,,EUR,2026-08-27,2026-09-04T15:50:42Z,Coinbase,2,,,engine/technical/README.md,
XRP,crypto,tecnico,sma100,1.001191,,EUR,2026-08-28,2026-09-04T15:50:42Z,Coinbase,2,,,engine/technical/README.md,
XRP,crypto,tecnico,sma100,1.00143,,EUR,2026-08-29,2026-09-04T15:50:42Z,Coinbase,2,,,engine/technical/README.md,
XRP,crypto,tecnico,sma100,1.001648,,EUR,2026-08-30,2026-09-04T15:50:42Z,Coinbase,2,,,engine/technical/README.md,
XRP,crypto,tecnico,sma100,1.001823,,EUR,2026-08-31,2026-09-04T15:50:42Z,Coinbase,2,,,engine/technical/README.md,
XRP,crypto,tecnico,sma100,1.00188,,EUR,2026-09-01,2026-09-04T15:50:42Z,Coinbase,2,,,engine/technical/README.md,
XRP,crypto,tecnico,sma100,1.001932,,EUR,2026-09-02,2026-09-04T15:50:42Z,Coinbase,2,,,engine/technical/README.md,
XRP,crypto,tecnico,sma100,1.00299,,EUR,2026-09-03,2026-09-04T15:50:42Z,Coinbase,2,,,engine/technical/README.md,
XRP,crypto,tecnico,sma100,1.004192,,EUR,2026-09-04,2026-09-04T10:11:47Z,Kraken,2,100,,engine/technical/README.md,
XRP,crypto,tecnico,sma20,1.606475,,EUR,2026-01-01,2026-09-04T15:50:42Z,Coinbase,2,,,engine/technical/README.md,
XRP,crypto,tecnico,sma20,1.60595,,EUR,2026-01-02,2026-09-04T15:50:42Z,Coinbase,2,,,engine/technical/README.md,
XRP,crypto,tecnico,sma20,1.60762,,EUR,2026-01-03,2026-09-04T15:50:42Z,Coinbase,2,,,engine/technical/README.md,
XRP,crypto,tecnico,sma20,1.61613,,EUR,2026-01-04,2026-09-04T15:50:42Z,Coinbase,2,,,engine/technical/README.md,
XRP,crypto,tecnico,sma20,1.63446,,EUR,2026-01-05,2026-09-04T15:50:42Z,Coinbase,2,,,engine/technical/README.md,
XRP,crypto,tecnico,sma20,1.653645,,EUR,2026-01-06,2026-09-04T15:50:42Z,Coinbase,2,,,engine/technical/README.md,
XRP,crypto,tecnico,sma20,1.66922,,EUR,2026-01-07,2026-09-04T15:50:42Z,Coinbase,2,,,engine/technical/README.md,
XRP,crypto,tecnico,sma20,1.678795,,EUR,2026-01-08,2026-09-04T15:50:42Z,Coinbase,2,,,engine/technical/README.md,
XRP,crypto,tecnico,sma20,1.68616,,EUR,2026-01-09,2026-09-04T15:50:42Z,Coinbase,2,,,engine/technical/README.md,
XRP,crypto,tecnico,sma20,1.693935,,EUR,2026-01-10,2026-09-04T15:50:42Z,Coinbase,2,,,engine/technical/README.md,
XRP,crypto,tecnico,sma20,1.70216,,EUR,2026-01-11,2026-09-04T15:50:42Z,Coinbase,2,,,engine/technical/README.md,
XRP,crypto,tecnico,sma20,1.71069,,EUR,2026-01-12,2026-09-04T15:50:42Z,Coinbase,2,,,engine/technical/README.md,
XRP,crypto,tecnico,sma20,1.72458,,EUR,2026-01-13,2026-09-04T15:50:42Z,Coinbase,2,,,engine/technical/README.md,
XRP,crypto,tecnico,sma20,1.738735,,EUR,2026-01-14,2026-09-04T15:50:42Z,Coinbase,2,,,engine/technical/README.md,
XRP,crypto,tecnico,sma20,1.74997,,EUR,2026-01-15,2026-09-04T15:50:42Z,Coinbase,2,,,engine/technical/README.md,
XRP,crypto,tecnico,sma20,1.759495,,EUR,2026-01-16,2026-09-04T15:50:42Z,Coinbase,2,,,engine/technical/README.md,
XRP,crypto,tecnico,sma20,1.769285,,EUR,2026-01-17,2026-09-04T15:50:42Z,Coinbase,2,,,engine/technical/README.md,
XRP,crypto,tecnico,sma20,1.776385,,EUR,2026-01-18,2026-09-04T15:50:42Z,Coinbase,2,,,engine/technical/README.md,
XRP,crypto,tecnico,sma20,1.781825,,EUR,2026-01-19,2026-09-04T15:50:42Z,Coinbase,2,,,engine/technical/README.md,
XRP,crypto,tecnico,sma20,1.78407,,EUR,2026-01-20,2026-09-04T15:50:42Z,Coinbase,2,,,engine/technical/README.md,
XRP,crypto,tecnico,sma20,1.787605,,EUR,2026-01-21,2026-09-04T15:50:42Z,Coinbase,2,,,engine/technical/README.md,
XRP,crypto,tecnico,sma20,1.78359,,EUR,2026-01-22,2026-09-04T15:50:42Z,Coinbase,2,,,engine/technical/README.md,
XRP,crypto,tecnico,sma20,1.778555,,EUR,2026-01-23,2026-09-04T15:50:42Z,Coinbase,2,,,engine/technical/README.md,
XRP,crypto,tecnico,sma20,1.770095,,EUR,2026-01-24,2026-09-04T15:50:42Z,Coinbase,2,,,engine/technical/README.md,
XRP,crypto,tecnico,sma20,1.747175,,EUR,2026-01-25,2026-09-04T15:50:42Z,Coinbase,2,,,engine/technical/README.md,
XRP,crypto,tecnico,sma20,1.72884,,EUR,2026-01-26,2026-09-04T15:50:42Z,Coinbase,2,,,engine/technical/README.md,
XRP,crypto,tecnico,sma20,1.715745,,EUR,2026-01-27,2026-09-04T15:50:42Z,Coinbase,2,,,engine/technical/README.md,
XRP,crypto,tecnico,sma20,1.70444,,EUR,2026-01-28,2026-09-04T15:50:42Z,Coinbase,2,,,engine/technical/README.md,
XRP,crypto,tecnico,sma20,1.68994,,EUR,2026-01-29,2026-09-04T15:50:42Z,Coinbase,2,,,engine/technical/README.md,
XRP,crypto,tecnico,sma20,1.673295,,EUR,2026-01-30,2026-09-04T15:50:42Z,Coinbase,2,,,engine/technical/README.md,
XRP,crypto,tecnico,sma20,1.653815,,EUR,2026-01-31,2026-09-04T15:50:42Z,Coinbase,2,,,engine/technical/README.md,
XRP,crypto,tecnico,sma20,1.633005,,EUR,2026-02-01,2026-09-04T15:50:42Z,Coinbase,2,,,engine/technical/README.md,
XRP,crypto,tecnico,sma20,1.608735,,EUR,2026-02-02,2026-09-04T15:50:42Z,Coinbase,2,,,engine/technical/README.md,
XRP,crypto,tecnico,sma20,1.58358,,EUR,2026-02-03,2026-09-04T15:50:42Z,Coinbase,2,,,engine/technical/README.md,
XRP,crypto,tecnico,sma20,1.558005,,EUR,2026-02-04,2026-09-04T15:50:42Z,Coinbase,2,,,engine/technical/README.md,
XRP,crypto,tecnico,sma20,1.520415,,EUR,2026-02-05,2026-09-04T15:50:42Z,Coinbase,2,,,engine/technical/README.md,
XRP,crypto,tecnico,sma20,1.493705,,EUR,2026-02-06,2026-09-04T15:50:42Z,Coinbase,2,,,engine/technical/README.md,
XRP,crypto,tecnico,sma20,1.4684,,EUR,2026-02-07,2026-09-04T15:50:42Z,Coinbase,2,,,engine/technical/README.md,
XRP,crypto,tecnico,sma20,1.443625,,EUR,2026-02-08,2026-09-04T15:50:42Z,Coinbase,2,,,engine/technical/README.md,
XRP,crypto,tecnico,sma20,1.42349,,EUR,2026-02-09,2026-09-04T15:50:42Z,Coinbase,2,,,engine/technical/README.md,
XRP,crypto,tecnico,sma20,1.39891,,EUR,2026-02-10,2026-09-04T15:50:42Z,Coinbase,2,,,engine/technical/README.md,
XRP,crypto,tecnico,sma20,1.37487,,EUR,2026-02-11,2026-09-04T15:50:42Z,Coinbase,2,,,engine/technical/README.md,
XRP,crypto,tecnico,sma20,1.35111,,EUR,2026-02-12,2026-09-04T15:50:42Z,Coinbase,2,,,engine/technical/README.md,
XRP,crypto,tecnico,sma20,1.329555,,EUR,2026-02-13,2026-09-04T15:50:42Z,Coinbase,2,,,engine/technical/README.md,
XRP,crypto,tecnico,sma20,1.315915,,EUR,2026-02-14,2026-09-04T15:50:42Z,Coinbase,2,,,engine/technical/README.md,
XRP,crypto,tecnico,sma20,1.29795,,EUR,2026-02-15,2026-09-04T15:50:42Z,Coinbase,2,,,engine/technical/README.md,
XRP,crypto,tecnico,sma20,1.281045,,EUR,2026-02-16,2026-09-04T15:50:42Z,Coinbase,2,,,engine/technical/README.md,
XRP,crypto,tecnico,sma20,1.263545,,EUR,2026-02-17,2026-09-04T15:50:42Z,Coinbase,2,,,engine/technical/README.md,
XRP,crypto,tecnico,sma20,1.248415,,EUR,2026-02-18,2026-09-04T15:50:42Z,Coinbase,2,,,engine/technical/README.md,
XRP,crypto,tecnico,sma20,1.23496,,EUR,2026-02-19,2026-09-04T15:50:42Z,Coinbase,2,,,engine/technical/README.md,
XRP,crypto,tecnico,sma20,1.225945,,EUR,2026-02-20,2026-09-04T15:50:42Z,Coinbase,2,,,engine/technical/README.md,
XRP,crypto,tecnico,sma20,1.21956,,EUR,2026-02-21,2026-09-04T15:50:42Z,Coinbase,2,,,engine/technical/README.md,
XRP,crypto,tecnico,sma20,1.209795,,EUR,2026-02-22,2026-09-04T15:50:42Z,Coinbase,2,,,engine/technical/README.md,
XRP,crypto,tecnico,sma20,1.20051,,EUR,2026-02-23,2026-09-04T15:50:42Z,Coinbase,2,,,engine/technical/README.md,
XRP,crypto,tecnico,sma20,1.193855,,EUR,2026-02-24,2026-09-04T15:50:42Z,Coinbase,2,,,engine/technical/README.md,
XRP,crypto,tecnico,sma20,1.203005,,EUR,2026-02-25,2026-09-04T15:50:42Z,Coinbase,2,,,engine/technical/README.md,
XRP,crypto,tecnico,sma20,1.200205,,EUR,2026-02-26,2026-09-04T15:50:42Z,Coinbase,2,,,engine/technical/README.md,
XRP,crypto,tecnico,sma20,1.19734,,EUR,2026-02-27,2026-09-04T15:50:42Z,Coinbase,2,,,engine/technical/README.md,
XRP,crypto,tecnico,sma20,1.195165,,EUR,2026-02-28,2026-09-04T15:50:42Z,Coinbase,2,,,engine/technical/README.md,
XRP,crypto,tecnico,sma20,1.19228,,EUR,2026-03-01,2026-09-04T15:50:42Z,Coinbase,2,,,engine/technical/README.md,
XRP,crypto,tecnico,sma20,1.192855,,EUR,2026-03-02,2026-09-04T15:50:42Z,Coinbase,2,,,engine/technical/README.md,
XRP,crypto,tecnico,sma20,1.193775,,EUR,2026-03-03,2026-09-04T15:50:42Z,Coinbase,2,,,engine/technical/README.md,
XRP,crypto,tecnico,sma20,1.197945,,EUR,2026-03-04,2026-09-04T15:50:42Z,Coinbase,2,,,engine/technical/README.md,
XRP,crypto,tecnico,sma20,1.199135,,EUR,2026-03-05,2026-09-04T15:50:42Z,Coinbase,2,,,engine/technical/README.md,
XRP,crypto,tecnico,sma20,1.19418,,EUR,2026-03-06,2026-09-04T15:50:42Z,Coinbase,2,,,engine/technical/README.md,
XRP,crypto,tecnico,sma20,1.190555,,EUR,2026-03-07,2026-09-04T15:50:42Z,Coinbase,2,,,engine/technical/README.md,
XRP,crypto,tecnico,sma20,1.186045,,EUR,2026-03-08,2026-09-04T15:50:42Z,Coinbase,2,,,engine/technical/README.md,
XRP,crypto,tecnico,sma20,1.18251,,EUR,2026-03-09,2026-09-04T15:50:42Z,Coinbase,2,,,engine/technical/README.md,
XRP,crypto,tecnico,sma20,1.181915,,EUR,2026-03-10,2026-09-04T15:50:42Z,Coinbase,2,,,engine/technical/README.md,
XRP,crypto,tecnico,sma20,1.18218,,EUR,2026-03-11,2026-09-04T15:50:42Z,Coinbase,2,,,engine/technical/README.md,
XRP,crypto,tecnico,sma20,1.18166,,EUR,2026-03-12,2026-09-04T15:50:42Z,Coinbase,2,,,engine/technical/README.md,
XRP,crypto,tecnico,sma20,1.18216,,EUR,2026-03-13,2026-09-04T15:50:42Z,Coinbase,2,,,engine/technical/README.md,
XRP,crypto,tecnico,sma20,1.184965,,EUR,2026-03-14,2026-09-04T15:50:42Z,Coinbase,2,,,engine/technical/README.md,
XRP,crypto,tecnico,sma20,1.190935,,EUR,2026-03-15,2026-09-04T15:50:42Z,Coinbase,2,,,engine/technical/README.md,
XRP,crypto,tecnico,sma20,1.200705,,EUR,2026-03-16,2026-09-04T15:50:42Z,Coinbase,2,,,engine/technical/README.md,
XRP,crypto,tecnico,sma20,1.20588,,EUR,2026-03-17,2026-09-04T15:50:42Z,Coinbase,2,,,engine/technical/README.md,
XRP,crypto,tecnico,sma20,1.21031,,EUR,2026-03-18,2026-09-04T15:50:42Z,Coinbase,2,,,engine/technical/README.md,
XRP,crypto,tecnico,sma20,1.215395,,EUR,2026-03-19,2026-09-04T15:50:42Z,Coinbase,2,,,engine/technical/README.md,
XRP,crypto,tecnico,sma20,1.219535,,EUR,2026-03-20,2026-09-04T15:50:42Z,Coinbase,2,,,engine/technical/README.md,
XRP,crypto,tecnico,sma20,1.22295,,EUR,2026-03-21,2026-09-04T15:50:42Z,Coinbase,2,,,engine/technical/README.md,
XRP,crypto,tecnico,sma20,1.223415,,EUR,2026-03-22,2026-09-04T15:50:42Z,Coinbase,2,,,engine/technical/README.md,
XRP,crypto,tecnico,sma20,1.22654,,EUR,2026-03-23,2026-09-04T15:50:42Z,Coinbase,2,,,engine/technical/README.md,
XRP,crypto,tecnico,sma20,1.225935,,EUR,2026-03-24,2026-09-04T15:50:42Z,Coinbase,2,,,engine/technical/README.md,
XRP,crypto,tecnico,sma20,1.226605,,EUR,2026-03-25,2026-09-04T15:50:42Z,Coinbase,2,,,engine/technical/README.md,
XRP,crypto,tecnico,sma20,1.226855,,EUR,2026-03-26,2026-09-04T15:50:42Z,Coinbase,2,,,engine/technical/README.md,
XRP,crypto,tecnico,sma20,1.22589,,EUR,2026-03-27,2026-09-04T15:50:42Z,Coinbase,2,,,engine/technical/README.md,
XRP,crypto,tecnico,sma20,1.225655,,EUR,2026-03-28,2026-09-04T15:50:42Z,Coinbase,2,,,engine/technical/README.md,
XRP,crypto,tecnico,sma20,1.22471,,EUR,2026-03-29,2026-09-04T15:50:42Z,Coinbase,2,,,engine/technical/README.md,
XRP,crypto,tecnico,sma20,1.222735,,EUR,2026-03-30,2026-09-04T15:50:42Z,Coinbase,2,,,engine/technical/README.md,
XRP,crypto,tecnico,sma20,1.22065,,EUR,2026-03-31,2026-09-04T15:50:42Z,Coinbase,2,,,engine/technical/README.md,
XRP,crypto,tecnico,sma20,1.218695,,EUR,2026-04-01,2026-09-04T15:50:42Z,Coinbase,2,,,engine/technical/README.md,
XRP,crypto,tecnico,sma20,1.214675,,EUR,2026-04-02,2026-09-04T15:50:42Z,Coinbase,2,,,engine/technical/README.md,
XRP,crypto,tecnico,sma20,1.21025,,EUR,2026-04-03,2026-09-04T15:50:42Z,Coinbase,2,,,engine/technical/README.md,
XRP,crypto,tecnico,sma20,1.203935,,EUR,2026-04-04,2026-09-04T15:50:42Z,Coinbase,2,,,engine/technical/README.md,
XRP,crypto,tecnico,sma20,1.194615,,EUR,2026-04-05,2026-09-04T15:50:42Z,Coinbase,2,,,engine/technical/README.md,
XRP,crypto,tecnico,sma20,1.18597,,EUR,2026-04-06,2026-09-04T15:50:42Z,Coinbase,2,,,engine/technical/README.md,
XRP,crypto,tecnico,sma20,1.181155,,EUR,2026-04-07,2026-09-04T15:50:42Z,Coinbase,2,,,engine/technical/README.md,
XRP,crypto,tecnico,sma20,1.176215,,EUR,2026-04-08,2026-09-04T15:50:42Z,Coinbase,2,,,engine/technical/README.md,
XRP,crypto,tecnico,sma20,1.17123,,EUR,2026-04-09,2026-09-04T15:50:42Z,Coinbase,2,,,engine/technical/README.md,
XRP,crypto,tecnico,sma20,1.16818,,EUR,2026-04-10,2026-09-04T15:50:42Z,Coinbase,2,,,engine/technical/README.md,
XRP,crypto,tecnico,sma20,1.16611,,EUR,2026-04-11,2026-09-04T15:50:42Z,Coinbase,2,,,engine/technical/README.md,
XRP,crypto,tecnico,sma20,1.16112,,EUR,2026-04-12,2026-09-04T15:50:42Z,Coinbase,2,,,engine/technical/README.md,
XRP,crypto,tecnico,sma20,1.158665,,EUR,2026-04-13,2026-09-04T15:50:42Z,Coinbase,2,,,engine/technical/README.md,
XRP,crypto,tecnico,sma20,1.15525,,EUR,2026-04-14,2026-09-04T15:50:42Z,Coinbase,2,,,engine/technical/README.md,
XRP,crypto,tecnico,sma20,1.15525,,EUR,2026-04-15,2026-09-04T15:50:42Z,Coinbase,2,,,engine/technical/README.md,
XRP,crypto,tecnico,sma20,1.15938,,EUR,2026-04-16,2026-09-04T15:50:42Z,Coinbase,2,,,engine/technical/README.md,
XRP,crypto,tecnico,sma20,1.16421,,EUR,2026-04-17,2026-09-04T15:50:42Z,Coinbase,2,,,engine/technical/README.md,
XRP,crypto,tecnico,sma20,1.167395,,EUR,2026-04-18,2026-09-04T15:50:42Z,Coinbase,2,,,engine/technical/README.md,
XRP,crypto,tecnico,sma20,1.16905,,EUR,2026-04-19,2026-09-04T15:50:42Z,Coinbase,2,,,engine/technical/README.md,
XRP,crypto,tecnico,sma20,1.17164,,EUR,2026-04-20,2026-09-04T15:50:42Z,Coinbase,2,,,engine/technical/README.md,
XRP,crypto,tecnico,sma20,1.17451,,EUR,2026-04-21,2026-09-04T15:50:42Z,Coinbase,2,,,engine/technical/README.md,
XRP,crypto,tecnico,sma20,1.178365,,EUR,2026-04-22,2026-09-04T15:50:42Z,Coinbase,2,,,engine/technical/README.md,
XRP,crypto,tecnico,sma20,1.18275,,EUR,2026-04-23,2026-09-04T15:50:42Z,Coinbase,2,,,engine/technical/README.md,
XRP,crypto,tecnico,sma20,1.18682,,EUR,2026-04-24,2026-09-04T15:50:42Z,Coinbase,2,,,engine/technical/README.md,
XRP,crypto,tecnico,sma20,1.18989,,EUR,2026-04-25,2026-09-04T15:50:42Z,Coinbase,2,,,engine/technical/README.md,
XRP,crypto,tecnico,sma20,1.19386,,EUR,2026-04-26,2026-09-04T15:50:42Z,Coinbase,2,,,engine/technical/README.md,
XRP,crypto,tecnico,sma20,1.1945,,EUR,2026-04-27,2026-09-04T15:50:42Z,Coinbase,2,,,engine/technical/README.md,
XRP,crypto,tecnico,sma20,1.19583,,EUR,2026-04-28,2026-09-04T15:50:42Z,Coinbase,2,,,engine/technical/README.md,
XRP,crypto,tecnico,sma20,1.19696,,EUR,2026-04-29,2026-09-04T15:50:42Z,Coinbase,2,,,engine/technical/README.md,
XRP,crypto,tecnico,sma20,1.1974,,EUR,2026-04-30,2026-09-04T15:50:42Z,Coinbase,2,,,engine/technical/README.md,
XRP,crypto,tecnico,sma20,1.198725,,EUR,2026-05-01,2026-09-04T15:50:42Z,Coinbase,2,,,engine/technical/README.md,
XRP,crypto,tecnico,sma20,1.20146,,EUR,2026-05-02,2026-09-04T15:50:42Z,Coinbase,2,,,engine/technical/README.md,
XRP,crypto,tecnico,sma20,1.2021,,EUR,2026-05-03,2026-09-04T15:50:42Z,Coinbase,2,,,engine/technical/README.md,
XRP,crypto,tecnico,sma20,1.203865,,EUR,2026-05-04,2026-09-04T15:50:42Z,Coinbase,2,,,engine/technical/README.md,
XRP,crypto,tecnico,sma20,1.20519,,EUR,2026-05-05,2026-09-04T15:50:42Z,Coinbase,2,,,engine/technical/README.md,
XRP,crypto,tecnico,sma20,1.20413,,EUR,2026-05-06,2026-09-04T15:50:42Z,Coinbase,2,,,engine/technical/README.md,
XRP,crypto,tecnico,sma20,1.200465,,EUR,2026-05-07,2026-09-04T15:50:42Z,Coinbase,2,,,engine/technical/README.md,
XRP,crypto,tecnico,sma20,1.199715,,EUR,2026-05-08,2026-09-04T15:50:42Z,Coinbase,2,,,engine/technical/README.md,
XRP,crypto,tecnico,sma20,1.20054,,EUR,2026-05-09,2026-09-04T15:50:42Z,Coinbase,2,,,engine/technical/README.md,
XRP,crypto,tecnico,sma20,1.202685,,EUR,2026-05-10,2026-09-04T15:50:42Z,Coinbase,2,,,engine/technical/README.md,
XRP,crypto,tecnico,sma20,1.204355,,EUR,2026-05-11,2026-09-04T15:50:42Z,Coinbase,2,,,engine/technical/README.md,
XRP,crypto,tecnico,sma20,1.2046,,EUR,2026-05-12,2026-09-04T15:50:42Z,Coinbase,2,,,engine/technical/README.md,
XRP,crypto,tecnico,sma20,1.203895,,EUR,2026-05-13,2026-09-04T15:50:42Z,Coinbase,2,,,engine/technical/README.md,
XRP,crypto,tecnico,sma20,1.20639,,EUR,2026-05-14,2026-09-04T15:50:42Z,Coinbase,2,,,engine/technical/README.md,
XRP,crypto,tecnico,sma20,1.207375,,EUR,2026-05-15,2026-09-04T15:50:42Z,Coinbase,2,,,engine/technical/README.md,
XRP,crypto,tecnico,sma20,1.20705,,EUR,2026-05-16,2026-09-04T15:50:42Z,Coinbase,2,,,engine/technical/README.md,
XRP,crypto,tecnico,sma20,1.20767,,EUR,2026-05-17,2026-09-04T15:50:42Z,Coinbase,2,,,engine/technical/README.md,
XRP,crypto,tecnico,sma20,1.208345,,EUR,2026-05-18,2026-09-04T15:50:42Z,Coinbase,2,,,engine/technical/README.md,
XRP,crypto,tecnico,sma20,1.208345,,EUR,2026-05-19,2026-09-04T15:50:42Z,Coinbase,2,,,engine/technical/README.md,
XRP,crypto,tecnico,sma20,1.2088,,EUR,2026-05-20,2026-09-04T15:50:42Z,Coinbase,2,,,engine/technical/README.md,
XRP,crypto,tecnico,sma20,1.20876,,EUR,2026-05-21,2026-09-04T15:50:42Z,Coinbase,2,,,engine/technical/README.md,
XRP,crypto,tecnico,sma20,1.206825,,EUR,2026-05-22,2026-09-04T15:50:42Z,Coinbase,2,,,engine/technical/README.md,
XRP,crypto,tecnico,sma20,1.20622,,EUR,2026-05-23,2026-09-04T15:50:42Z,Coinbase,2,,,engine/technical/README.md,
XRP,crypto,tecnico,sma20,1.204745,,EUR,2026-05-24,2026-09-04T15:50:42Z,Coinbase,2,,,engine/technical/README.md,
XRP,crypto,tecnico,sma20,1.20241,,EUR,2026-05-25,2026-09-04T15:50:42Z,Coinbase,2,,,engine/technical/README.md,
XRP,crypto,tecnico,sma20,1.198815,,EUR,2026-05-26,2026-09-04T15:50:42Z,Coinbase,2,,,engine/technical/README.md,
XRP,crypto,tecnico,sma20,1.195895,,EUR,2026-05-27,2026-09-04T15:50:42Z,Coinbase,2,,,engine/technical/README.md,
XRP,crypto,tecnico,sma20,1.19219,,EUR,2026-05-28,2026-09-04T15:50:42Z,Coinbase,2,,,engine/technical/README.md,
XRP,crypto,tecnico,sma20,1.18898,,EUR,2026-05-29,2026-09-04T15:50:42Z,Coinbase,2,,,engine/technical/README.md,
XRP,crypto,tecnico,sma20,1.183825,,EUR,2026-05-30,2026-09-04T15:50:42Z,Coinbase,2,,,engine/technical/README.md,
XRP,crypto,tecnico,sma20,1.178315,,EUR,2026-05-31,2026-09-04T15:50:42Z,Coinbase,2,,,engine/technical/README.md,
XRP,crypto,tecnico,sma20,1.17261,,EUR,2026-06-01,2026-09-04T15:50:42Z,Coinbase,2,,,engine/technical/README.md,
XRP,crypto,tecnico,sma20,1.1638,,EUR,2026-06-02,2026-09-04T15:50:42Z,Coinbase,2,,,engine/technical/README.md,
XRP,crypto,tecnico,sma20,1.15183,,EUR,2026-06-03,2026-09-04T15:50:42Z,Coinbase,2,,,engine/technical/README.md,
XRP,crypto,tecnico,sma20,1.14031,,EUR,2026-06-04,2026-09-04T15:50:42Z,Coinbase,2,,,engine/technical/README.md,
XRP,crypto,tecnico,sma20,1.127145,,EUR,2026-06-05,2026-09-04T15:50:42Z,Coinbase,2,,,engine/technical/README.md,
XRP,crypto,tecnico,sma20,1.114375,,EUR,2026-06-06,2026-09-04T15:50:42Z,Coinbase,2,,,engine/technical/README.md,
XRP,crypto,tecnico,sma20,1.10492,,EUR,2026-06-07,2026-09-04T15:50:42Z,Coinbase,2,,,engine/technical/README.md,
XRP,crypto,tecnico,sma20,1.09699,,EUR,2026-06-08,2026-09-04T15:50:42Z,Coinbase,2,,,engine/technical/README.md,
XRP,crypto,tecnico,sma20,1.08756,,EUR,2026-06-09,2026-09-04T15:50:42Z,Coinbase,2,,,engine/technical/README.md,
XRP,crypto,tecnico,sma20,1.07598,,EUR,2026-06-10,2026-09-04T15:50:42Z,Coinbase,2,,,engine/technical/README.md,
XRP,crypto,tecnico,sma20,1.067785,,EUR,2026-06-11,2026-09-04T15:50:42Z,Coinbase,2,,,engine/technical/README.md,
XRP,crypto,tecnico,sma20,1.05823,,EUR,2026-06-12,2026-09-04T15:50:42Z,Coinbase,2,,,engine/technical/README.md,
XRP,crypto,tecnico,sma20,1.049955,,EUR,2026-06-13,2026-09-04T15:50:42Z,Coinbase,2,,,engine/technical/README.md,
XRP,crypto,tecnico,sma20,1.04312,,EUR,2026-06-14,2026-09-04T15:50:42Z,Coinbase,2,,,engine/technical/README.md,
XRP,crypto,tecnico,sma20,1.03947,,EUR,2026-06-15,2026-09-04T15:50:42Z,Coinbase,2,,,engine/technical/README.md,
XRP,crypto,tecnico,sma20,1.03567,,EUR,2026-06-16,2026-09-04T15:50:42Z,Coinbase,2,,,engine/technical/README.md,
XRP,crypto,tecnico,sma20,1.03069,,EUR,2026-06-17,2026-09-04T15:50:42Z,Coinbase,2,,,engine/technical/README.md,
XRP,crypto,tecnico,sma20,1.023585,,EUR,2026-06-18,2026-09-04T15:50:42Z,Coinbase,2,,,engine/technical/README.md,
XRP,crypto,tecnico,sma20,1.01561,,EUR,2026-06-19,2026-09-04T15:50:42Z,Coinbase,2,,,engine/technical/README.md,
XRP,crypto,tecnico,sma20,1.00854,,EUR,2026-06-20,2026-09-04T15:50:42Z,Coinbase,2,,,engine/technical/README.md,
XRP,crypto,tecnico,sma20,1.00208,,EUR,2026-06-21,2026-09-04T15:50:42Z,Coinbase,2,,,engine/technical/README.md,
XRP,crypto,tecnico,sma20,0.99934,,EUR,2026-06-22,2026-09-04T15:50:42Z,Coinbase,2,,,engine/technical/README.md,
XRP,crypto,tecnico,sma20,0.99637,,EUR,2026-06-23,2026-09-04T15:50:42Z,Coinbase,2,,,engine/technical/README.md,
XRP,crypto,tecnico,sma20,0.993325,,EUR,2026-06-24,2026-09-04T15:50:42Z,Coinbase,2,,,engine/technical/README.md,
XRP,crypto,tecnico,sma20,0.991525,,EUR,2026-06-25,2026-09-04T15:50:42Z,Coinbase,2,,,engine/technical/README.md,
XRP,crypto,tecnico,sma20,0.990015,,EUR,2026-06-26,2026-09-04T15:50:42Z,Coinbase,2,,,engine/technical/README.md,
XRP,crypto,tecnico,sma20,0.985825,,EUR,2026-06-27,2026-09-04T15:50:42Z,Coinbase,2,,,engine/technical/README.md,
XRP,crypto,tecnico,sma20,0.981125,,EUR,2026-06-28,2026-09-04T15:50:42Z,Coinbase,2,,,engine/technical/README.md,
XRP,crypto,tecnico,sma20,0.97808,,EUR,2026-06-29,2026-09-04T15:50:42Z,Coinbase,2,,,engine/technical/README.md,
XRP,crypto,tecnico,sma20,0.976065,,EUR,2026-06-30,2026-09-04T15:50:42Z,Coinbase,2,,,engine/technical/README.md,
XRP,crypto,tecnico,sma20,0.972975,,EUR,2026-07-01,2026-09-04T15:50:42Z,Coinbase,2,,,engine/technical/README.md,
XRP,crypto,tecnico,sma20,0.971615,,EUR,2026-07-02,2026-09-04T15:50:42Z,Coinbase,2,,,engine/technical/README.md,
XRP,crypto,tecnico,sma20,0.97145,,EUR,2026-07-03,2026-09-04T15:50:42Z,Coinbase,2,,,engine/technical/README.md,
XRP,crypto,tecnico,sma20,0.97091,,EUR,2026-07-04,2026-09-04T15:50:42Z,Coinbase,2,,,engine/technical/README.md,
XRP,crypto,tecnico,sma20,0.968075,,EUR,2026-07-05,2026-09-04T15:50:42Z,Coinbase,2,,,engine/technical/README.md,
XRP,crypto,tecnico,sma20,0.96572,,EUR,2026-07-06,2026-09-04T15:50:42Z,Coinbase,2,,,engine/technical/README.md,
XRP,crypto,tecnico,sma20,0.963015,,EUR,2026-07-07,2026-09-04T15:50:42Z,Coinbase,2,,,engine/technical/README.md,
XRP,crypto,tecnico,sma20,0.960845,,EUR,2026-07-08,2026-09-04T15:50:42Z,Coinbase,2,,,engine/technical/README.md,
XRP,crypto,tecnico,sma20,0.95915,,EUR,2026-07-09,2026-09-04T15:50:42Z,Coinbase,2,,,engine/technical/README.md,
XRP,crypto,tecnico,sma20,0.95739,,EUR,2026-07-10,2026-09-04T15:50:42Z,Coinbase,2,,,engine/technical/README.md,
XRP,crypto,tecnico,sma20,0.956265,,EUR,2026-07-11,2026-09-04T15:50:42Z,Coinbase,2,,,engine/technical/README.md,
XRP,crypto,tecnico,sma20,0.95442,,EUR,2026-07-12,2026-09-04T15:50:42Z,Coinbase,2,,,engine/technical/README.md,
XRP,crypto,tecnico,sma20,0.95253,,EUR,2026-07-13,2026-09-04T15:50:42Z,Coinbase,2,,,engine/technical/README.md,
XRP,crypto,tecnico,sma20,0.953945,,EUR,2026-07-14,2026-09-04T15:50:42Z,Coinbase,2,,,engine/technical/README.md,
XRP,crypto,tecnico,sma20,0.95657,,EUR,2026-07-15,2026-09-04T15:50:42Z,Coinbase,2,,,engine/technical/README.md,
XRP,crypto,tecnico,sma20,0.95801,,EUR,2026-07-16,2026-09-04T15:50:42Z,Coinbase,2,,,engine/technical/README.md,
XRP,crypto,tecnico,sma20,0.95963,,EUR,2026-07-17,2026-09-04T15:50:42Z,Coinbase,2,,,engine/technical/README.md,
XRP,crypto,tecnico,sma20,0.96143,,EUR,2026-07-18,2026-09-04T15:50:42Z,Coinbase,2,,,engine/technical/README.md,
XRP,crypto,tecnico,sma20,0.96311,,EUR,2026-07-19,2026-09-04T15:50:42Z,Coinbase,2,,,engine/technical/README.md,
XRP,crypto,tecnico,sma20,0.966254,,EUR,2026-07-20,2026-09-04T11:17:40Z,Kraken,2,100,,engine/technical/README.md,
XRP,crypto,tecnico,sma20,0.9701,,EUR,2026-07-21,2026-09-04T15:50:42Z,Coinbase,2,,,engine/technical/README.md,
XRP,crypto,tecnico,sma20,0.972535,,EUR,2026-07-22,2026-09-04T15:50:42Z,Coinbase,2,,,engine/technical/README.md,
XRP,crypto,tecnico,sma20,0.97159,,EUR,2026-07-23,2026-09-04T15:50:42Z,Coinbase,2,,,engine/technical/README.md,
XRP,crypto,tecnico,sma20,0.96898,,EUR,2026-07-24,2026-09-04T15:50:42Z,Coinbase,2,,,engine/technical/README.md,
XRP,crypto,tecnico,sma20,0.96667,,EUR,2026-07-25,2026-09-04T15:50:42Z,Coinbase,2,,,engine/technical/README.md,
XRP,crypto,tecnico,sma20,0.96544,,EUR,2026-07-26,2026-09-04T15:50:42Z,Coinbase,2,,,engine/technical/README.md,
XRP,crypto,tecnico,sma20,0.963505,,EUR,2026-07-27,2026-09-04T15:50:42Z,Coinbase,2,,,engine/technical/README.md,
XRP,crypto,tecnico,sma20,0.96265,,EUR,2026-07-28,2026-09-04T15:50:42Z,Coinbase,2,,,engine/technical/README.md,
XRP,crypto,tecnico,sma20,0.96162,,EUR,2026-07-29,2026-09-04T15:50:42Z,Coinbase,2,,,engine/technical/README.md,
XRP,crypto,tecnico,sma20,0.960205,,EUR,2026-07-30,2026-09-04T15:50:42Z,Coinbase,2,,,engine/technical/README.md,
XRP,crypto,tecnico,sma20,0.95828,,EUR,2026-07-31,2026-09-04T15:50:42Z,Coinbase,2,,,engine/technical/README.md,
XRP,crypto,tecnico,sma20,0.95681,,EUR,2026-08-01,2026-09-04T15:50:42Z,Coinbase,2,,,engine/technical/README.md,
XRP,crypto,tecnico,sma20,0.957025,,EUR,2026-08-02,2026-09-04T15:50:42Z,Coinbase,2,,,engine/technical/README.md,
XRP,crypto,tecnico,sma20,0.95508,,EUR,2026-08-03,2026-09-04T15:50:42Z,Coinbase,2,,,engine/technical/README.md,
XRP,crypto,tecnico,sma20,0.953105,,EUR,2026-08-04,2026-09-04T15:50:42Z,Coinbase,2,,,engine/technical/README.md,
XRP,crypto,tecnico,sma20,0.951545,,EUR,2026-08-05,2026-09-04T15:50:42Z,Coinbase,2,,,engine/technical/README.md,
XRP,crypto,tecnico,sma20,0.94885,,EUR,2026-08-06,2026-09-04T15:50:42Z,Coinbase,2,,,engine/technical/README.md,
XRP,crypto,tecnico,sma20,0.94523,,EUR,2026-08-07,2026-09-04T15:50:42Z,Coinbase,2,,,engine/technical/README.md,
XRP,crypto,tecnico,sma20,0.942225,,EUR,2026-08-08,2026-09-04T15:50:42Z,Coinbase,2,,,engine/technical/README.md,
XRP,crypto,tecnico,sma20,0.93807,,EUR,2026-08-09,2026-09-04T15:50:42Z,Coinbase,2,,,engine/technical/README.md,
XRP,crypto,tecnico,sma20,0.93182,,EUR,2026-08-10,2026-09-04T15:50:42Z,Coinbase,2,,,engine/technical/README.md,
XRP,crypto,tecnico,sma20,0.92606,,EUR,2026-08-11,2026-09-04T15:50:42Z,Coinbase,2,,,engine/technical/README.md,
XRP,crypto,tecnico,sma20,0.920975,,EUR,2026-08-12,2026-09-04T15:50:42Z,Coinbase,2,,,engine/technical/README.md,
XRP,crypto,tecnico,sma20,0.916735,,EUR,2026-08-13,2026-09-04T15:50:42Z,Coinbase,2,,,engine/technical/README.md,
XRP,crypto,tecnico,sma20,0.91166,,EUR,2026-08-14,2026-09-04T15:50:42Z,Coinbase,2,,,engine/technical/README.md,
XRP,crypto,tecnico,sma20,0.90616,,EUR,2026-08-15,2026-09-04T15:50:42Z,Coinbase,2,,,engine/technical/README.md,
XRP,crypto,tecnico,sma20,0.902185,,EUR,2026-08-16,2026-09-04T15:50:42Z,Coinbase,2,,,engine/technical/README.md,
XRP,crypto,tecnico,sma20,0.898555,,EUR,2026-08-17,2026-09-04T15:50:42Z,Coinbase,2,,,engine/technical/README.md,
XRP,crypto,tecnico,sma20,0.89503,,EUR,2026-08-18,2026-09-04T15:50:42Z,Coinbase,2,,,engine/technical/README.md,
XRP,crypto,tecnico,sma20,0.89537,,EUR,2026-08-19,2026-09-04T15:50:42Z,Coinbase,2,,,engine/technical/README.md,
XRP,crypto,tecnico,sma20,0.90355,,EUR,2026-08-20,2026-09-04T15:50:42Z,Coinbase,2,,,engine/technical/README.md,
XRP,crypto,tecnico,sma20,0.919695,,EUR,2026-08-21,2026-09-04T15:50:42Z,Coinbase,2,,,engine/technical/README.md,
XRP,crypto,tecnico,sma20,0.935095,,EUR,2026-08-22,2026-09-04T15:50:42Z,Coinbase,2,,,engine/technical/README.md,
XRP,crypto,tecnico,sma20,0.953435,,EUR,2026-08-23,2026-09-04T15:50:42Z,Coinbase,2,,,engine/technical/README.md,
XRP,crypto,tecnico,sma20,0.970405,,EUR,2026-08-24,2026-09-04T15:50:42Z,Coinbase,2,,,engine/technical/README.md,
XRP,crypto,tecnico,sma20,0.98591,,EUR,2026-08-25,2026-09-04T15:50:42Z,Coinbase,2,,,engine/technical/README.md,
XRP,crypto,tecnico,sma20,1.002,,EUR,2026-08-26,2026-09-04T15:50:42Z,Coinbase,2,,,engine/technical/README.md,
XRP,crypto,tecnico,sma20,1.02028,,EUR,2026-08-27,2026-09-04T15:50:42Z,Coinbase,2,,,engine/technical/README.md,
XRP,crypto,tecnico,sma20,1.03498,,EUR,2026-08-28,2026-09-04T15:50:42Z,Coinbase,2,,,engine/technical/README.md,
XRP,crypto,tecnico,sma20,1.050785,,EUR,2026-08-29,2026-09-04T15:50:42Z,Coinbase,2,,,engine/technical/README.md,
XRP,crypto,tecnico,sma20,1.06556,,EUR,2026-08-30,2026-09-04T15:50:42Z,Coinbase,2,,,engine/technical/README.md,
XRP,crypto,tecnico,sma20,1.080675,,EUR,2026-08-31,2026-09-04T15:50:42Z,Coinbase,2,,,engine/technical/README.md,
XRP,crypto,tecnico,sma20,1.09543,,EUR,2026-09-01,2026-09-04T15:50:42Z,Coinbase,2,,,engine/technical/README.md,
XRP,crypto,tecnico,sma20,1.109915,,EUR,2026-09-02,2026-09-04T15:50:42Z,Coinbase,2,,,engine/technical/README.md,
XRP,crypto,tecnico,sma20,1.129075,,EUR,2026-09-03,2026-09-04T15:50:42Z,Coinbase,2,,,engine/technical/README.md,
XRP,crypto,tecnico,sma20,1.148307,,EUR,2026-09-04,2026-09-04T10:11:47Z,Kraken,2,100,,engine/technical/README.md,
XRP,crypto,tecnico,sma200,2.202227,,EUR,2026-01-01,2026-09-04T15:50:42Z,Coinbase,2,,,engine/technical/README.md,
XRP,crypto,tecnico,sma200,2.201128,,EUR,2026-01-02,2026-09-04T15:50:42Z,Coinbase,2,,,engine/technical/README.md,
XRP,crypto,tecnico,sma200,2.200346,,EUR,2026-01-03,2026-09-04T15:50:42Z,Coinbase,2,,,engine/technical/README.md,
XRP,crypto,tecnico,sma200,2.199818,,EUR,2026-01-04,2026-09-04T15:50:42Z,Coinbase,2,,,engine/technical/README.md,
XRP,crypto,tecnico,sma200,2.200439,,EUR,2026-01-05,2026-09-04T15:50:42Z,Coinbase,2,,,engine/technical/README.md,
XRP,crypto,tecnico,sma200,2.201082,,EUR,2026-01-06,2026-09-04T15:50:42Z,Coinbase,2,,,engine/technical/README.md,
XRP,crypto,tecnico,sma200,2.201393,,EUR,2026-01-07,2026-09-04T15:50:42Z,Coinbase,2,,,engine/technical/README.md,
XRP,crypto,tecnico,sma200,2.201715,,EUR,2026-01-08,2026-09-04T15:50:42Z,Coinbase,2,,,engine/technical/README.md,
XRP,crypto,tecnico,sma200,2.201401,,EUR,2026-01-09,2026-09-04T15:50:42Z,Coinbase,2,,,engine/technical/README.md,
XRP,crypto,tecnico,sma200,2.200948,,EUR,2026-01-10,2026-09-04T15:50:42Z,Coinbase,2,,,engine/technical/README.md,
XRP,crypto,tecnico,sma200,2.200502,,EUR,2026-01-11,2026-09-04T15:50:42Z,Coinbase,2,,,engine/technical/README.md,
XRP,crypto,tecnico,sma200,2.200287,,EUR,2026-01-12,2026-09-04T15:50:42Z,Coinbase,2,,,engine/technical/README.md,
XRP,crypto,tecnico,sma200,2.200429,,EUR,2026-01-13,2026-09-04T15:50:42Z,Coinbase,2,,,engine/technical/README.md,
XRP,crypto,tecnico,sma200,2.200283,,EUR,2026-01-14,2026-09-04T15:50:42Z,Coinbase,2,,,engine/technical/README.md,
XRP,crypto,tecnico,sma200,2.199823,,EUR,2026-01-15,2026-09-04T15:50:42Z,Coinbase,2,,,engine/technical/README.md,
XRP,crypto,tecnico,sma200,2.199243,,EUR,2026-01-16,2026-09-04T15:50:42Z,Coinbase,2,,,engine/technical/README.md,
XRP,crypto,tecnico,sma200,2.198937,,EUR,2026-01-17,2026-09-04T15:50:42Z,Coinbase,2,,,engine/technical/README.md,
XRP,crypto,tecnico,sma200,2.19804,,EUR,2026-01-18,2026-09-04T15:50:42Z,Coinbase,2,,,engine/technical/README.md,
XRP,crypto,tecnico,sma200,2.196975,,EUR,2026-01-19,2026-09-04T15:50:42Z,Coinbase,2,,,engine/technical/README.md,
XRP,crypto,tecnico,sma200,2.195594,,EUR,2026-01-20,2026-09-04T15:50:42Z,Coinbase,2,,,engine/technical/README.md,
XRP,crypto,tecnico,sma200,2.194513,,EUR,2026-01-21,2026-09-04T15:50:42Z,Coinbase,2,,,engine/technical/README.md,
XRP,crypto,tecnico,sma200,2.193042,,EUR,2026-01-22,2026-09-04T15:50:42Z,Coinbase,2,,,engine/technical/README.md,
XRP,crypto,tecnico,sma200,2.191481,,EUR,2026-01-23,2026-09-04T15:50:42Z,Coinbase,2,,,engine/technical/README.md,
XRP,crypto,tecnico,sma200,2.189709,,EUR,2026-01-24,2026-09-04T15:50:42Z,Coinbase,2,,,engine/technical/README.md,
XRP,crypto,tecnico,sma200,2.187201,,EUR,2026-01-25,2026-09-04T15:50:42Z,Coinbase,2,,,engine/technical/README.md,
XRP,crypto,tecnico,sma200,2.184359,,EUR,2026-01-26,2026-09-04T15:50:42Z,Coinbase,2,,,engine/technical/README.md,
XRP,crypto,tecnico,sma200,2.180686,,EUR,2026-01-27,2026-09-04T15:50:42Z,Coinbase,2,,,engine/technical/README.md,
XRP,crypto,tecnico,sma200,2.177004,,EUR,2026-01-28,2026-09-04T15:50:42Z,Coinbase,2,,,engine/technical/README.md,
XRP,crypto,tecnico,sma200,2.172443,,EUR,2026-01-29,2026-09-04T15:50:42Z,Coinbase,2,,,engine/technical/README.md,
XRP,crypto,tecnico,sma200,2.167092,,EUR,2026-01-30,2026-09-04T15:50:42Z,Coinbase,2,,,engine/technical/README.md,
XRP,crypto,tecnico,sma200,2.161497,,EUR,2026-01-31,2026-09-04T15:50:42Z,Coinbase,2,,,engine/technical/README.md,
XRP,crypto,tecnico,sma200,2.155141,,EUR,2026-02-01,2026-09-04T15:50:42Z,Coinbase,2,,,engine/technical/README.md,
XRP,crypto,tecnico,sma200,2.14702,,EUR,2026-02-02,2026-09-04T15:50:42Z,Coinbase,2,,,engine/technical/README.md,
XRP,crypto,tecnico,sma200,2.139012,,EUR,2026-02-03,2026-09-04T15:50:42Z,Coinbase,2,,,engine/technical/README.md,
XRP,crypto,tecnico,sma200,2.130671,,EUR,2026-02-04,2026-09-04T15:50:42Z,Coinbase,2,,,engine/technical/README.md,
XRP,crypto,tecnico,sma200,2.12097,,EUR,2026-02-05,2026-09-04T15:50:42Z,Coinbase,2,,,engine/technical/README.md,
XRP,crypto,tecnico,sma200,2.112007,,EUR,2026-02-06,2026-09-04T15:50:42Z,Coinbase,2,,,engine/technical/README.md,
XRP,crypto,tecnico,sma200,2.102911,,EUR,2026-02-07,2026-09-04T15:50:42Z,Coinbase,2,,,engine/technical/README.md,
XRP,crypto,tecnico,sma200,2.095446,,EUR,2026-02-08,2026-09-04T15:50:42Z,Coinbase,2,,,engine/technical/README.md,
XRP,crypto,tecnico,sma200,2.0881,,EUR,2026-02-09,2026-09-04T15:50:42Z,Coinbase,2,,,engine/technical/README.md,
XRP,crypto,tecnico,sma200,2.080617,,EUR,2026-02-10,2026-09-04T15:50:42Z,Coinbase,2,,,engine/technical/README.md,
XRP,crypto,tecnico,sma200,2.0729,,EUR,2026-02-11,2026-09-04T15:50:42Z,Coinbase,2,,,engine/technical/README.md,
XRP,crypto,tecnico,sma200,2.064855,,EUR,2026-02-12,2026-09-04T15:50:42Z,Coinbase,2,,,engine/technical/README.md,
XRP,crypto,tecnico,sma200,2.057334,,EUR,2026-02-13,2026-09-04T15:50:42Z,Coinbase,2,,,engine/technical/README.md,
XRP,crypto,tecnico,sma200,2.050167,,EUR,2026-02-14,2026-09-04T15:50:42Z,Coinbase,2,,,engine/technical/README.md,
XRP,crypto,tecnico,sma200,2.042839,,EUR,2026-02-15,2026-09-04T15:50:42Z,Coinbase,2,,,engine/technical/README.md,
XRP,crypto,tecnico,sma200,2.035871,,EUR,2026-02-16,2026-09-04T15:50:42Z,Coinbase,2,,,engine/technical/README.md,
XRP,crypto,tecnico,sma200,2.029307,,EUR,2026-02-17,2026-09-04T15:50:42Z,Coinbase,2,,,engine/technical/README.md,
XRP,crypto,tecnico,sma200,2.023395,,EUR,2026-02-18,2026-09-04T15:50:42Z,Coinbase,2,,,engine/technical/README.md,
XRP,crypto,tecnico,sma200,2.016637,,EUR,2026-02-19,2026-09-04T15:50:42Z,Coinbase,2,,,engine/technical/README.md,
XRP,crypto,tecnico,sma200,2.009433,,EUR,2026-02-20,2026-09-04T15:50:42Z,Coinbase,2,,,engine/technical/README.md,
XRP,crypto,tecnico,sma200,2.002713,,EUR,2026-02-21,2026-09-04T15:50:42Z,Coinbase,2,,,engine/technical/README.md,
XRP,crypto,tecnico,sma200,1.995773,,EUR,2026-02-22,2026-09-04T15:50:42Z,Coinbase,2,,,engine/technical/README.md,
XRP,crypto,tecnico,sma200,1.987301,,EUR,2026-02-23,2026-09-04T15:50:42Z,Coinbase,2,,,engine/technical/README.md,
XRP,crypto,tecnico,sma200,1.978926,,EUR,2026-02-24,2026-09-04T15:50:42Z,Coinbase,2,,,engine/technical/README.md,
XRP,crypto,tecnico,sma200,1.971194,,EUR,2026-02-25,2026-09-04T15:50:42Z,Coinbase,2,,,engine/technical/README.md,
XRP,crypto,tecnico,sma200,1.963477,,EUR,2026-02-26,2026-09-04T15:50:42Z,Coinbase,2,,,engine/technical/README.md,
XRP,crypto,tecnico,sma200,1.955745,,EUR,2026-02-27,2026-09-04T15:50:42Z,Coinbase,2,,,engine/technical/README.md,
XRP,crypto,tecnico,sma200,1.947605,,EUR,2026-02-28,2026-09-04T15:50:42Z,Coinbase,2,,,engine/technical/README.md,
XRP,crypto,tecnico,sma200,1.939423,,EUR,2026-03-01,2026-09-04T15:50:42Z,Coinbase,2,,,engine/technical/README.md,
XRP,crypto,tecnico,sma200,1.932141,,EUR,2026-03-02,2026-09-04T15:50:42Z,Coinbase,2,,,engine/technical/README.md,
XRP,crypto,tecnico,sma200,1.924832,,EUR,2026-03-03,2026-09-04T15:50:42Z,Coinbase,2,,,engine/technical/README.md,
XRP,crypto,tecnico,sma200,1.917695,,EUR,2026-03-04,2026-09-04T15:50:42Z,Coinbase,2,,,engine/technical/README.md,
XRP,crypto,tecnico,sma200,1.910546,,EUR,2026-03-05,2026-09-04T15:50:42Z,Coinbase,2,,,engine/technical/README.md,
XRP,crypto,tecnico,sma200,1.903292,,EUR,2026-03-06,2026-09-04T15:50:42Z,Coinbase,2,,,engine/technical/README.md,
XRP,crypto,tecnico,sma200,1.896857,,EUR,2026-03-07,2026-09-04T15:50:42Z,Coinbase,2,,,engine/technical/README.md,
XRP,crypto,tecnico,sma200,1.890007,,EUR,2026-03-08,2026-09-04T15:50:42Z,Coinbase,2,,,engine/technical/README.md,
XRP,crypto,tecnico,sma200,1.883603,,EUR,2026-03-09,2026-09-04T15:50:42Z,Coinbase,2,,,engine/technical/README.md,
XRP,crypto,tecnico,sma200,1.876536,,EUR,2026-03-10,2026-09-04T15:50:42Z,Coinbase,2,,,engine/technical/README.md,
XRP,crypto,tecnico,sma200,1.869594,,EUR,2026-03-11,2026-09-04T15:50:42Z,Coinbase,2,,,engine/technical/README.md,
XRP,crypto,tecnico,sma200,1.862695,,EUR,2026-03-12,2026-09-04T15:50:42Z,Coinbase,2,,,engine/technical/README.md,
XRP,crypto,tecnico,sma200,1.856507,,EUR,2026-03-13,2026-09-04T15:50:42Z,Coinbase,2,,,engine/technical/README.md,
XRP,crypto,tecnico,sma200,1.849728,,EUR,2026-03-14,2026-09-04T15:50:42Z,Coinbase,2,,,engine/technical/README.md,
XRP,crypto,tecnico,sma200,1.843322,,EUR,2026-03-15,2026-09-04T15:50:42Z,Coinbase,2,,,engine/technical/README.md,
XRP,crypto,tecnico,sma200,1.837326,,EUR,2026-03-16,2026-09-04T15:50:42Z,Coinbase,2,,,engine/technical/README.md,
XRP,crypto,tecnico,sma200,1.831844,,EUR,2026-03-17,2026-09-04T15:50:42Z,Coinbase,2,,,engine/technical/README.md,
XRP,crypto,tecnico,sma200,1.826164,,EUR,2026-03-18,2026-09-04T15:50:42Z,Coinbase,2,,,engine/technical/README.md,
XRP,crypto,tecnico,sma200,1.820549,,EUR,2026-03-19,2026-09-04T15:50:42Z,Coinbase,2,,,engine/technical/README.md,
XRP,crypto,tecnico,sma200,1.815012,,EUR,2026-03-20,2026-09-04T15:50:42Z,Coinbase,2,,,engine/technical/README.md,
XRP,crypto,tecnico,sma200,1.808812,,EUR,2026-03-21,2026-09-04T15:50:42Z,Coinbase,2,,,engine/technical/README.md,
XRP,crypto,tecnico,sma200,1.802601,,EUR,2026-03-22,2026-09-04T15:50:42Z,Coinbase,2,,,engine/technical/README.md,
XRP,crypto,tecnico,sma200,1.796779,,EUR,2026-03-23,2026-09-04T15:50:42Z,Coinbase,2,,,engine/technical/README.md,
XRP,crypto,tecnico,sma200,1.790854,,EUR,2026-03-24,2026-09-04T15:50:42Z,Coinbase,2,,,engine/technical/README.md,
XRP,crypto,tecnico,sma200,1.78497,,EUR,2026-03-25,2026-09-04T15:50:42Z,Coinbase,2,,,engine/technical/README.md,
XRP,crypto,tecnico,sma200,1.77858,,EUR,2026-03-26,2026-09-04T15:50:42Z,Coinbase,2,,,engine/technical/README.md,
XRP,crypto,tecnico,sma200,1.77172,,EUR,2026-03-27,2026-09-04T15:50:42Z,Coinbase,2,,,engine/technical/README.md,
XRP,crypto,tecnico,sma200,1.764917,,EUR,2026-03-28,2026-09-04T15:50:42Z,Coinbase,2,,,engine/technical/README.md,
XRP,crypto,tecnico,sma200,1.757951,,EUR,2026-03-29,2026-09-04T15:50:42Z,Coinbase,2,,,engine/technical/README.md,
XRP,crypto,tecnico,sma200,1.750767,,EUR,2026-03-30,2026-09-04T15:50:42Z,Coinbase,2,,,engine/technical/README.md,
XRP,crypto,tecnico,sma200,1.743328,,EUR,2026-03-31,2026-09-04T15:50:42Z,Coinbase,2,,,engine/technical/README.md,
XRP,crypto,tecnico,sma200,1.73589,,EUR,2026-04-01,2026-09-04T15:50:42Z,Coinbase,2,,,engine/technical/README.md,
XRP,crypto,tecnico,sma200,1.728695,,EUR,2026-04-02,2026-09-04T15:50:42Z,Coinbase,2,,,engine/technical/README.md,
XRP,crypto,tecnico,sma200,1.721681,,EUR,2026-04-03,2026-09-04T15:50:42Z,Coinbase,2,,,engine/technical/README.md,
XRP,crypto,tecnico,sma200,1.714592,,EUR,2026-04-04,2026-09-04T15:50:42Z,Coinbase,2,,,engine/technical/README.md,
XRP,crypto,tecnico,sma200,1.707319,,EUR,2026-04-05,2026-09-04T15:50:42Z,Coinbase,2,,,engine/technical/README.md,
XRP,crypto,tecnico,sma200,1.699993,,EUR,2026-04-06,2026-09-04T15:50:42Z,Coinbase,2,,,engine/technical/README.md,
XRP,crypto,tecnico,sma200,1.693157,,EUR,2026-04-07,2026-09-04T15:50:42Z,Coinbase,2,,,engine/technical/README.md,
XRP,crypto,tecnico,sma200,1.686233,,EUR,2026-04-08,2026-09-04T15:50:42Z,Coinbase,2,,,engine/technical/README.md,
XRP,crypto,tecnico,sma200,1.679318,,EUR,2026-04-09,2026-09-04T15:50:42Z,Coinbase,2,,,engine/technical/README.md,
XRP,crypto,tecnico,sma200,1.673005,,EUR,2026-04-10,2026-09-04T15:50:42Z,Coinbase,2,,,engine/technical/README.md,
XRP,crypto,tecnico,sma200,1.666829,,EUR,2026-04-11,2026-09-04T15:50:42Z,Coinbase,2,,,engine/technical/README.md,
XRP,crypto,tecnico,sma200,1.660028,,EUR,2026-04-12,2026-09-04T15:50:42Z,Coinbase,2,,,engine/technical/README.md,
XRP,crypto,tecnico,sma200,1.654107,,EUR,2026-04-13,2026-09-04T15:50:42Z,Coinbase,2,,,engine/technical/README.md,
XRP,crypto,tecnico,sma200,1.647974,,EUR,2026-04-14,2026-09-04T15:50:42Z,Coinbase,2,,,engine/technical/README.md,
XRP,crypto,tecnico,sma200,1.641872,,EUR,2026-04-15,2026-09-04T15:50:42Z,Coinbase,2,,,engine/technical/README.md,
XRP,crypto,tecnico,sma200,1.635785,,EUR,2026-04-16,2026-09-04T15:50:42Z,Coinbase,2,,,engine/technical/README.md,
XRP,crypto,tecnico,sma200,1.62979,,EUR,2026-04-17,2026-09-04T15:50:42Z,Coinbase,2,,,engine/technical/README.md,
XRP,crypto,tecnico,sma200,1.623754,,EUR,2026-04-18,2026-09-04T15:50:42Z,Coinbase,2,,,engine/technical/README.md,
XRP,crypto,tecnico,sma200,1.617127,,EUR,2026-04-19,2026-09-04T15:50:42Z,Coinbase,2,,,engine/technical/README.md,
XRP,crypto,tecnico,sma200,1.610219,,EUR,2026-04-20,2026-09-04T15:50:42Z,Coinbase,2,,,engine/technical/README.md,
XRP,crypto,tecnico,sma200,1.603384,,EUR,2026-04-21,2026-09-04T15:50:42Z,Coinbase,2,,,engine/technical/README.md,
XRP,crypto,tecnico,sma200,1.596876,,EUR,2026-04-22,2026-09-04T15:50:42Z,Coinbase,2,,,engine/technical/README.md,
XRP,crypto,tecnico,sma200,1.590409,,EUR,2026-04-23,2026-09-04T15:50:42Z,Coinbase,2,,,engine/technical/README.md,
XRP,crypto,tecnico,sma200,1.5838,,EUR,2026-04-24,2026-09-04T15:50:42Z,Coinbase,2,,,engine/technical/README.md,
XRP,crypto,tecnico,sma200,1.577637,,EUR,2026-04-25,2026-09-04T15:50:42Z,Coinbase,2,,,engine/technical/README.md,
XRP,crypto,tecnico,sma200,1.571371,,EUR,2026-04-26,2026-09-04T15:50:42Z,Coinbase,2,,,engine/technical/README.md,
XRP,crypto,tecnico,sma200,1.565225,,EUR,2026-04-27,2026-09-04T15:50:42Z,Coinbase,2,,,engine/technical/README.md,
XRP,crypto,tecnico,sma200,1.560791,,EUR,2026-04-28,2026-09-04T15:50:42Z,Coinbase,2,,,engine/technical/README.md,
XRP,crypto,tecnico,sma200,1.556252,,EUR,2026-04-29,2026-09-04T15:50:42Z,Coinbase,2,,,engine/technical/README.md,
XRP,crypto,tecnico,sma200,1.551159,,EUR,2026-04-30,2026-09-04T15:50:42Z,Coinbase,2,,,engine/technical/README.md,
XRP,crypto,tecnico,sma200,1.545795,,EUR,2026-05-01,2026-09-04T15:50:42Z,Coinbase,2,,,engine/technical/README.md,
XRP,crypto,tecnico,sma200,1.540941,,EUR,2026-05-02,2026-09-04T15:50:42Z,Coinbase,2,,,engine/technical/README.md,
XRP,crypto,tecnico,sma200,1.536493,,EUR,2026-05-03,2026-09-04T15:50:42Z,Coinbase,2,,,engine/technical/README.md,
XRP,crypto,tecnico,sma200,1.53251,,EUR,2026-05-04,2026-09-04T15:50:42Z,Coinbase,2,,,engine/technical/README.md,
XRP,crypto,tecnico,sma200,1.528685,,EUR,2026-05-05,2026-09-04T15:50:42Z,Coinbase,2,,,engine/technical/README.md,
XRP,crypto,tecnico,sma200,1.52461,,EUR,2026-05-06,2026-09-04T15:50:42Z,Coinbase,2,,,engine/technical/README.md,
XRP,crypto,tecnico,sma200,1.520259,,EUR,2026-05-07,2026-09-04T15:50:42Z,Coinbase,2,,,engine/technical/README.md,
XRP,crypto,tecnico,sma200,1.515563,,EUR,2026-05-08,2026-09-04T15:50:42Z,Coinbase,2,,,engine/technical/README.md,
XRP,crypto,tecnico,sma200,1.511148,,EUR,2026-05-09,2026-09-04T15:50:42Z,Coinbase,2,,,engine/technical/README.md,
XRP,crypto,tecnico,sma200,1.507224,,EUR,2026-05-10,2026-09-04T15:50:42Z,Coinbase,2,,,engine/technical/README.md,
XRP,crypto,tecnico,sma200,1.503182,,EUR,2026-05-11,2026-09-04T15:50:42Z,Coinbase,2,,,engine/technical/README.md,
XRP,crypto,tecnico,sma200,1.498519,,EUR,2026-05-12,2026-09-04T15:50:42Z,Coinbase,2,,,engine/technical/README.md,
XRP,crypto,tecnico,sma200,1.493449,,EUR,2026-05-13,2026-09-04T15:50:42Z,Coinbase,2,,,engine/technical/README.md,
XRP,crypto,tecnico,sma200,1.488445,,EUR,2026-05-14,2026-09-04T15:50:42Z,Coinbase,2,,,engine/technical/README.md,
XRP,crypto,tecnico,sma200,1.483325,,EUR,2026-05-15,2026-09-04T15:50:42Z,Coinbase,2,,,engine/technical/README.md,
XRP,crypto,tecnico,sma200,1.478244,,EUR,2026-05-16,2026-09-04T15:50:42Z,Coinbase,2,,,engine/technical/README.md,
XRP,crypto,tecnico,sma200,1.473286,,EUR,2026-05-17,2026-09-04T15:50:42Z,Coinbase,2,,,engine/technical/README.md,
XRP,crypto,tecnico,sma200,1.468707,,EUR,2026-05-18,2026-09-04T15:50:42Z,Coinbase,2,,,engine/technical/README.md,
XRP,crypto,tecnico,sma200,1.463703,,EUR,2026-05-19,2026-09-04T15:50:42Z,Coinbase,2,,,engine/technical/README.md,
XRP,crypto,tecnico,sma200,1.45874,,EUR,2026-05-20,2026-09-04T15:50:42Z,Coinbase,2,,,engine/technical/README.md,
XRP,crypto,tecnico,sma200,1.453701,,EUR,2026-05-21,2026-09-04T15:50:42Z,Coinbase,2,,,engine/technical/README.md,
XRP,crypto,tecnico,sma200,1.449427,,EUR,2026-05-22,2026-09-04T15:50:42Z,Coinbase,2,,,engine/technical/README.md,
XRP,crypto,tecnico,sma200,1.445688,,EUR,2026-05-23,2026-09-04T15:50:42Z,Coinbase,2,,,engine/technical/README.md,
XRP,crypto,tecnico,sma200,1.441297,,EUR,2026-05-24,2026-09-04T15:50:42Z,Coinbase,2,,,engine/technical/README.md,
XRP,crypto,tecnico,sma200,1.437527,,EUR,2026-05-25,2026-09-04T15:50:42Z,Coinbase,2,,,engine/technical/README.md,
XRP,crypto,tecnico,sma200,1.433213,,EUR,2026-05-26,2026-09-04T15:50:42Z,Coinbase,2,,,engine/technical/README.md,
XRP,crypto,tecnico,sma200,1.428956,,EUR,2026-05-27,2026-09-04T15:50:42Z,Coinbase,2,,,engine/technical/README.md,
XRP,crypto,tecnico,sma200,1.424361,,EUR,2026-05-28,2026-09-04T15:50:42Z,Coinbase,2,,,engine/technical/README.md,
XRP,crypto,tecnico,sma200,1.419135,,EUR,2026-05-29,2026-09-04T15:50:42Z,Coinbase,2,,,engine/technical/README.md,
XRP,crypto,tecnico,sma200,1.414562,,EUR,2026-05-30,2026-09-04T15:50:42Z,Coinbase,2,,,engine/technical/README.md,
XRP,crypto,tecnico,sma200,1.409979,,EUR,2026-05-31,2026-09-04T15:50:42Z,Coinbase,2,,,engine/technical/README.md,
XRP,crypto,tecnico,sma200,1.405553,,EUR,2026-06-01,2026-09-04T15:50:42Z,Coinbase,2,,,engine/technical/README.md,
XRP,crypto,tecnico,sma200,1.401117,,EUR,2026-06-02,2026-09-04T15:50:42Z,Coinbase,2,,,engine/technical/README.md,
XRP,crypto,tecnico,sma200,1.39666,,EUR,2026-06-03,2026-09-04T15:50:42Z,Coinbase,2,,,engine/technical/README.md,
XRP,crypto,tecnico,sma200,1.392162,,EUR,2026-06-04,2026-09-04T15:50:42Z,Coinbase,2,,,engine/technical/README.md,
XRP,crypto,tecnico,sma200,1.387623,,EUR,2026-06-05,2026-09-04T15:50:42Z,Coinbase,2,,,engine/technical/README.md,
XRP,crypto,tecnico,sma200,1.382812,,EUR,2026-06-06,2026-09-04T15:50:42Z,Coinbase,2,,,engine/technical/README.md,
XRP,crypto,tecnico,sma200,1.378699,,EUR,2026-06-07,2026-09-04T15:50:42Z,Coinbase,2,,,engine/technical/README.md,
XRP,crypto,tecnico,sma200,1.375082,,EUR,2026-06-08,2026-09-04T15:50:42Z,Coinbase,2,,,engine/technical/README.md,
XRP,crypto,tecnico,sma200,1.371546,,EUR,2026-06-09,2026-09-04T15:50:42Z,Coinbase,2,,,engine/technical/README.md,
XRP,crypto,tecnico,sma200,1.367827,,EUR,2026-06-10,2026-09-04T15:50:42Z,Coinbase,2,,,engine/technical/README.md,
XRP,crypto,tecnico,sma200,1.363857,,EUR,2026-06-11,2026-09-04T15:50:42Z,Coinbase,2,,,engine/technical/README.md,
XRP,crypto,tecnico,sma200,1.359082,,EUR,2026-06-12,2026-09-04T15:50:42Z,Coinbase,2,,,engine/technical/README.md,
XRP,crypto,tecnico,sma200,1.354538,,EUR,2026-06-13,2026-09-04T15:50:42Z,Coinbase,2,,,engine/technical/README.md,
XRP,crypto,tecnico,sma200,1.350073,,EUR,2026-06-14,2026-09-04T15:50:42Z,Coinbase,2,,,engine/technical/README.md,
XRP,crypto,tecnico,sma200,1.345927,,EUR,2026-06-15,2026-09-04T15:50:42Z,Coinbase,2,,,engine/technical/README.md,
XRP,crypto,tecnico,sma200,1.341762,,EUR,2026-06-16,2026-09-04T15:50:42Z,Coinbase,2,,,engine/technical/README.md,
XRP,crypto,tecnico,sma200,1.337415,,EUR,2026-06-17,2026-09-04T15:50:42Z,Coinbase,2,,,engine/technical/README.md,
XRP,crypto,tecnico,sma200,1.333115,,EUR,2026-06-18,2026-09-04T15:50:42Z,Coinbase,2,,,engine/technical/README.md,
XRP,crypto,tecnico,sma200,1.329319,,EUR,2026-06-19,2026-09-04T15:50:42Z,Coinbase,2,,,engine/technical/README.md,
XRP,crypto,tecnico,sma200,1.32507,,EUR,2026-06-20,2026-09-04T15:50:42Z,Coinbase,2,,,engine/technical/README.md,
XRP,crypto,tecnico,sma200,1.320546,,EUR,2026-06-21,2026-09-04T15:50:42Z,Coinbase,2,,,engine/technical/README.md,
XRP,crypto,tecnico,sma200,1.316478,,EUR,2026-06-22,2026-09-04T15:50:42Z,Coinbase,2,,,engine/technical/README.md,
XRP,crypto,tecnico,sma200,1.312607,,EUR,2026-06-23,2026-09-04T15:50:42Z,Coinbase,2,,,engine/technical/README.md,
XRP,crypto,tecnico,sma200,1.308603,,EUR,2026-06-24,2026-09-04T15:50:42Z,Coinbase,2,,,engine/technical/README.md,
XRP,crypto,tecnico,sma200,1.304429,,EUR,2026-06-25,2026-09-04T15:50:42Z,Coinbase,2,,,engine/technical/README.md,
XRP,crypto,tecnico,sma200,1.300127,,EUR,2026-06-26,2026-09-04T15:50:42Z,Coinbase,2,,,engine/technical/README.md,
XRP,crypto,tecnico,sma200,1.295668,,EUR,2026-06-27,2026-09-04T15:50:42Z,Coinbase,2,,,engine/technical/README.md,
XRP,crypto,tecnico,sma200,1.291536,,EUR,2026-06-28,2026-09-04T15:50:42Z,Coinbase,2,,,engine/technical/README.md,
XRP,crypto,tecnico,sma200,1.287501,,EUR,2026-06-29,2026-09-04T15:50:42Z,Coinbase,2,,,engine/technical/README.md,
XRP,crypto,tecnico,sma200,1.28349,,EUR,2026-06-30,2026-09-04T15:50:42Z,Coinbase,2,,,engine/technical/README.md,
XRP,crypto,tecnico,sma200,1.279489,,EUR,2026-07-01,2026-09-04T15:50:42Z,Coinbase,2,,,engine/technical/README.md,
XRP,crypto,tecnico,sma200,1.2758,,EUR,2026-07-02,2026-09-04T15:50:42Z,Coinbase,2,,,engine/technical/README.md,
XRP,crypto,tecnico,sma200,1.272679,,EUR,2026-07-03,2026-09-04T15:50:42Z,Coinbase,2,,,engine/technical/README.md,
XRP,crypto,tecnico,sma200,1.269547,,EUR,2026-07-04,2026-09-04T15:50:42Z,Coinbase,2,,,engine/technical/README.md,
XRP,crypto,tecnico,sma200,1.266675,,EUR,2026-07-05,2026-09-04T15:50:42Z,Coinbase,2,,,engine/technical/README.md,
XRP,crypto,tecnico,sma200,1.263967,,EUR,2026-07-06,2026-09-04T15:50:42Z,Coinbase,2,,,engine/technical/README.md,
XRP,crypto,tecnico,sma200,1.260701,,EUR,2026-07-07,2026-09-04T15:50:42Z,Coinbase,2,,,engine/technical/README.md,
XRP,crypto,tecnico,sma200,1.257216,,EUR,2026-07-08,2026-09-04T15:50:42Z,Coinbase,2,,,engine/technical/README.md,
XRP,crypto,tecnico,sma200,1.253793,,EUR,2026-07-09,2026-09-04T15:50:42Z,Coinbase,2,,,engine/technical/README.md,
XRP,crypto,tecnico,sma200,1.250538,,EUR,2026-07-10,2026-09-04T15:50:42Z,Coinbase,2,,,engine/technical/README.md,
XRP,crypto,tecnico,sma200,1.247401,,EUR,2026-07-11,2026-09-04T15:50:42Z,Coinbase,2,,,engine/technical/README.md,
XRP,crypto,tecnico,sma200,1.244253,,EUR,2026-07-12,2026-09-04T15:50:42Z,Coinbase,2,,,engine/technical/README.md,
XRP,crypto,tecnico,sma200,1.241164,,EUR,2026-07-13,2026-09-04T15:50:42Z,Coinbase,2,,,engine/technical/README.md,
XRP,crypto,tecnico,sma200,1.2382,,EUR,2026-07-14,2026-09-04T15:50:42Z,Coinbase,2,,,engine/technical/README.md,
XRP,crypto,tecnico,sma200,1.235092,,EUR,2026-07-15,2026-09-04T15:50:42Z,Coinbase,2,,,engine/technical/README.md,
XRP,crypto,tecnico,sma200,1.231923,,EUR,2026-07-16,2026-09-04T15:50:42Z,Coinbase,2,,,engine/technical/README.md,
XRP,crypto,tecnico,sma200,1.228829,,EUR,2026-07-17,2026-09-04T15:50:42Z,Coinbase,2,,,engine/technical/README.md,
XRP,crypto,tecnico,sma200,1.225623,,EUR,2026-07-18,2026-09-04T15:50:42Z,Coinbase,2,,,engine/technical/README.md,
XRP,crypto,tecnico,sma200,1.222592,,EUR,2026-07-19,2026-09-04T15:50:42Z,Coinbase,2,,,engine/technical/README.md,
XRP,crypto,tecnico,sma200,1.219354,,EUR,2026-07-20,2026-09-04T11:17:40Z,Kraken,2,100,,engine/technical/README.md,
XRP,crypto,tecnico,sma200,1.215904,,EUR,2026-07-21,2026-09-04T15:50:42Z,Coinbase,2,,,engine/technical/README.md,
XRP,crypto,tecnico,sma200,1.212291,,EUR,2026-07-22,2026-09-04T15:50:42Z,Coinbase,2,,,engine/technical/README.md,
XRP,crypto,tecnico,sma200,1.208225,,EUR,2026-07-23,2026-09-04T15:50:42Z,Coinbase,2,,,engine/technical/README.md,
XRP,crypto,tecnico,sma200,1.202999,,EUR,2026-07-24,2026-09-04T15:50:42Z,Coinbase,2,,,engine/technical/README.md,
XRP,crypto,tecnico,sma200,1.197978,,EUR,2026-07-25,2026-09-04T15:50:42Z,Coinbase,2,,,engine/technical/README.md,
XRP,crypto,tecnico,sma200,1.193589,,EUR,2026-07-26,2026-09-04T15:50:42Z,Coinbase,2,,,engine/technical/README.md,
XRP,crypto,tecnico,sma200,1.189172,,EUR,2026-07-27,2026-09-04T15:50:42Z,Coinbase,2,,,engine/technical/README.md,
XRP,crypto,tecnico,sma200,1.184866,,EUR,2026-07-28,2026-09-04T15:50:42Z,Coinbase,2,,,engine/technical/README.md,
XRP,crypto,tecnico,sma200,1.180562,,EUR,2026-07-29,2026-09-04T15:50:42Z,Coinbase,2,,,engine/technical/README.md,
XRP,crypto,tecnico,sma200,1.176343,,EUR,2026-07-30,2026-09-04T15:50:42Z,Coinbase,2,,,engine/technical/README.md,
XRP,crypto,tecnico,sma200,1.17216,,EUR,2026-07-31,2026-09-04T15:50:42Z,Coinbase,2,,,engine/technical/README.md,
XRP,crypto,tecnico,sma200,1.167476,,EUR,2026-08-01,2026-09-04T15:50:42Z,Coinbase,2,,,engine/technical/README.md,
XRP,crypto,tecnico,sma200,1.162993,,EUR,2026-08-02,2026-09-04T15:50:42Z,Coinbase,2,,,engine/technical/README.md,
XRP,crypto,tecnico,sma200,1.158711,,EUR,2026-08-03,2026-09-04T15:50:42Z,Coinbase,2,,,engine/technical/README.md,
XRP,crypto,tecnico,sma200,1.154453,,EUR,2026-08-04,2026-09-04T15:50:42Z,Coinbase,2,,,engine/technical/README.md,
XRP,crypto,tecnico,sma200,1.150149,,EUR,2026-08-05,2026-09-04T15:50:42Z,Coinbase,2,,,engine/technical/README.md,
XRP,crypto,tecnico,sma200,1.146075,,EUR,2026-08-06,2026-09-04T15:50:42Z,Coinbase,2,,,engine/technical/README.md,
XRP,crypto,tecnico,sma200,1.141964,,EUR,2026-08-07,2026-09-04T15:50:42Z,Coinbase,2,,,engine/technical/README.md,
XRP,crypto,tecnico,sma200,1.138408,,EUR,2026-08-08,2026-09-04T15:50:42Z,Coinbase,2,,,engine/technical/README.md,
XRP,crypto,tecnico,sma200,1.134514,,EUR,2026-08-09,2026-09-04T15:50:42Z,Coinbase,2,,,engine/technical/README.md,
XRP,crypto,tecnico,sma200,1.130727,,EUR,2026-08-10,2026-09-04T15:50:42Z,Coinbase,2,,,engine/technical/README.md,
XRP,crypto,tecnico,sma200,1.127042,,EUR,2026-08-11,2026-09-04T15:50:42Z,Coinbase,2,,,engine/technical/README.md,
XRP,crypto,tecnico,sma200,1.123313,,EUR,2026-08-12,2026-09-04T15:50:42Z,Coinbase,2,,,engine/technical/README.md,
XRP,crypto,tecnico,sma200,1.119955,,EUR,2026-08-13,2026-09-04T15:50:42Z,Coinbase,2,,,engine/technical/README.md,
XRP,crypto,tecnico,sma200,1.11626,,EUR,2026-08-14,2026-09-04T15:50:42Z,Coinbase,2,,,engine/technical/README.md,
XRP,crypto,tecnico,sma200,1.112631,,EUR,2026-08-15,2026-09-04T15:50:42Z,Coinbase,2,,,engine/technical/README.md,
XRP,crypto,tecnico,sma200,1.108946,,EUR,2026-08-16,2026-09-04T15:50:42Z,Coinbase,2,,,engine/technical/README.md,
XRP,crypto,tecnico,sma200,1.105727,,EUR,2026-08-17,2026-09-04T15:50:42Z,Coinbase,2,,,engine/technical/README.md,
XRP,crypto,tecnico,sma200,1.102735,,EUR,2026-08-18,2026-09-04T15:50:42Z,Coinbase,2,,,engine/technical/README.md,
XRP,crypto,tecnico,sma200,1.100499,,EUR,2026-08-19,2026-09-04T15:50:42Z,Coinbase,2,,,engine/technical/README.md,
XRP,crypto,tecnico,sma200,1.099215,,EUR,2026-08-20,2026-09-04T15:50:42Z,Coinbase,2,,,engine/technical/README.md,
XRP,crypto,tecnico,sma200,1.098572,,EUR,2026-08-21,2026-09-04T15:50:42Z,Coinbase,2,,,engine/technical/README.md,
XRP,crypto,tecnico,sma200,1.098144,,EUR,2026-08-22,2026-09-04T15:50:42Z,Coinbase,2,,,engine/technical/README.md,
XRP,crypto,tecnico,sma200,1.098254,,EUR,2026-08-23,2026-09-04T15:50:42Z,Coinbase,2,,,engine/technical/README.md,
XRP,crypto,tecnico,sma200,1.099452,,EUR,2026-08-24,2026-09-04T15:50:42Z,Coinbase,2,,,engine/technical/README.md,
XRP,crypto,tecnico,sma200,1.09937,,EUR,2026-08-25,2026-09-04T15:50:42Z,Coinbase,2,,,engine/technical/README.md,
XRP,crypto,tecnico,sma200,1.099435,,EUR,2026-08-26,2026-09-04T15:50:42Z,Coinbase,2,,,engine/technical/README.md,
XRP,crypto,tecnico,sma200,1.099629,,EUR,2026-08-27,2026-09-04T15:50:42Z,Coinbase,2,,,engine/technical/README.md,
XRP,crypto,tecnico,sma200,1.099557,,EUR,2026-08-28,2026-09-04T15:50:42Z,Coinbase,2,,,engine/technical/README.md,
XRP,crypto,tecnico,sma200,1.099702,,EUR,2026-08-29,2026-09-04T15:50:42Z,Coinbase,2,,,engine/technical/README.md,
XRP,crypto,tecnico,sma200,1.099796,,EUR,2026-08-30,2026-09-04T15:50:42Z,Coinbase,2,,,engine/technical/README.md,
XRP,crypto,tecnico,sma200,1.099998,,EUR,2026-08-31,2026-09-04T15:50:42Z,Coinbase,2,,,engine/technical/README.md,
XRP,crypto,tecnico,sma200,1.0999,,EUR,2026-09-01,2026-09-04T15:50:42Z,Coinbase,2,,,engine/technical/README.md,
XRP,crypto,tecnico,sma200,1.099355,,EUR,2026-09-02,2026-09-04T15:50:42Z,Coinbase,2,,,engine/technical/README.md,
XRP,crypto,tecnico,sma200,1.099372,,EUR,2026-09-03,2026-09-04T15:50:42Z,Coinbase,2,,,engine/technical/README.md,
XRP,crypto,tecnico,sma200,1.099257,,EUR,2026-09-04,2026-09-04T10:11:47Z,Kraken,2,100,,engine/technical/README.md,
XRP,crypto,tecnico,sma50,1.739996,,EUR,2026-01-01,2026-09-04T15:50:42Z,Coinbase,2,,,engine/technical/README.md,
XRP,crypto,tecnico,sma50,1.734344,,EUR,2026-01-02,2026-09-04T15:50:42Z,Coinbase,2,,,engine/technical/README.md,
XRP,crypto,tecnico,sma50,1.730216,,EUR,2026-01-03,2026-09-04T15:50:42Z,Coinbase,2,,,engine/technical/README.md,
XRP,crypto,tecnico,sma50,1.727436,,EUR,2026-01-04,2026-09-04T15:50:42Z,Coinbase,2,,,engine/technical/README.md,
XRP,crypto,tecnico,sma50,1.729438,,EUR,2026-01-05,2026-09-04T15:50:42Z,Coinbase,2,,,engine/technical/README.md,
XRP,crypto,tecnico,sma50,1.731592,,EUR,2026-01-06,2026-09-04T15:50:42Z,Coinbase,2,,,engine/technical/README.md,
XRP,crypto,tecnico,sma50,1.730408,,EUR,2026-01-07,2026-09-04T15:50:42Z,Coinbase,2,,,engine/technical/README.md,
XRP,crypto,tecnico,sma50,1.730314,,EUR,2026-01-08,2026-09-04T15:50:42Z,Coinbase,2,,,engine/technical/README.md,
XRP,crypto,tecnico,sma50,1.731556,,EUR,2026-01-09,2026-09-04T15:50:42Z,Coinbase,2,,,engine/technical/README.md,
XRP,crypto,tecnico,sma50,1.733604,,EUR,2026-01-10,2026-09-04T15:50:42Z,Coinbase,2,,,engine/technical/README.md,
XRP,crypto,tecnico,sma50,1.735366,,EUR,2026-01-11,2026-09-04T15:50:42Z,Coinbase,2,,,engine/technical/README.md,
XRP,crypto,tecnico,sma50,1.734924,,EUR,2026-01-12,2026-09-04T15:50:42Z,Coinbase,2,,,engine/technical/README.md,
XRP,crypto,tecnico,sma50,1.733404,,EUR,2026-01-13,2026-09-04T15:50:42Z,Coinbase,2,,,engine/technical/README.md,
XRP,crypto,tecnico,sma50,1.732076,,EUR,2026-01-14,2026-09-04T15:50:42Z,Coinbase,2,,,engine/technical/README.md,
XRP,crypto,tecnico,sma50,1.729564,,EUR,2026-01-15,2026-09-04T15:50:42Z,Coinbase,2,,,engine/technical/README.md,
XRP,crypto,tecnico,sma50,1.727268,,EUR,2026-01-16,2026-09-04T15:50:42Z,Coinbase,2,,,engine/technical/README.md,
XRP,crypto,tecnico,sma50,1.725226,,EUR,2026-01-17,2026-09-04T15:50:42Z,Coinbase,2,,,engine/technical/README.md,
XRP,crypto,tecnico,sma50,1.721488,,EUR,2026-01-18,2026-09-04T15:50:42Z,Coinbase,2,,,engine/technical/README.md,
XRP,crypto,tecnico,sma50,1.718428,,EUR,2026-01-19,2026-09-04T15:50:42Z,Coinbase,2,,,engine/technical/README.md,
XRP,crypto,tecnico,sma50,1.715654,,EUR,2026-01-20,2026-09-04T15:50:42Z,Coinbase,2,,,engine/technical/README.md,
XRP,crypto,tecnico,sma50,1.711984,,EUR,2026-01-21,2026-09-04T15:50:42Z,Coinbase,2,,,engine/technical/README.md,
XRP,crypto,tecnico,sma50,1.706916,,EUR,2026-01-22,2026-09-04T15:50:42Z,Coinbase,2,,,engine/technical/README.md,
XRP,crypto,tecnico,sma50,1.703342,,EUR,2026-01-23,2026-09-04T15:50:42Z,Coinbase,2,,,engine/technical/README.md,
XRP,crypto,tecnico,sma50,1.700712,,EUR,2026-01-24,2026-09-04T15:50:42Z,Coinbase,2,,,engine/technical/README.md,
XRP,crypto,tecnico,sma50,1.69674,,EUR,2026-01-25,2026-09-04T15:50:42Z,Coinbase,2,,,engine/technical/README.md,
XRP,crypto,tecnico,sma50,1.69374,,EUR,2026-01-26,2026-09-04T15:50:42Z,Coinbase,2,,,engine/technical/README.md,
XRP,crypto,tecnico,sma50,1.689958,,EUR,2026-01-27,2026-09-04T15:50:42Z,Coinbase,2,,,engine/technical/README.md,
XRP,crypto,tecnico,sma50,1.685634,,EUR,2026-01-28,2026-09-04T15:50:42Z,Coinbase,2,,,engine/technical/README.md,
XRP,crypto,tecnico,sma50,1.680896,,EUR,2026-01-29,2026-09-04T15:50:42Z,Coinbase,2,,,engine/technical/README.md,
XRP,crypto,tecnico,sma50,1.675506,,EUR,2026-01-30,2026-09-04T15:50:42Z,Coinbase,2,,,engine/technical/README.md,
XRP,crypto,tecnico,sma50,1.669118,,EUR,2026-01-31,2026-09-04T15:50:42Z,Coinbase,2,,,engine/technical/README.md,
XRP,crypto,tecnico,sma50,1.661462,,EUR,2026-02-01,2026-09-04T15:50:42Z,Coinbase,2,,,engine/technical/README.md,
XRP,crypto,tecnico,sma50,1.65512,,EUR,2026-02-02,2026-09-04T15:50:42Z,Coinbase,2,,,engine/technical/README.md,
XRP,crypto,tecnico,sma50,1.64949,,EUR,2026-02-03,2026-09-04T15:50:42Z,Coinbase,2,,,engine/technical/README.md,
XRP,crypto,tecnico,sma50,1.642294,,EUR,2026-02-04,2026-09-04T15:50:42Z,Coinbase,2,,,engine/technical/README.md,
XRP,crypto,tecnico,sma50,1.631194,,EUR,2026-02-05,2026-09-04T15:50:42Z,Coinbase,2,,,engine/technical/README.md,
XRP,crypto,tecnico,sma50,1.625242,,EUR,2026-02-06,2026-09-04T15:50:42Z,Coinbase,2,,,engine/technical/README.md,
XRP,crypto,tecnico,sma50,1.616784,,EUR,2026-02-07,2026-09-04T15:50:42Z,Coinbase,2,,,engine/technical/README.md,
XRP,crypto,tecnico,sma50,1.607946,,EUR,2026-02-08,2026-09-04T15:50:42Z,Coinbase,2,,,engine/technical/README.md,
XRP,crypto,tecnico,sma50,1.599288,,EUR,2026-02-09,2026-09-04T15:50:42Z,Coinbase,2,,,engine/technical/README.md,
XRP,crypto,tecnico,sma50,1.590468,,EUR,2026-02-10,2026-09-04T15:50:42Z,Coinbase,2,,,engine/technical/README.md,
XRP,crypto,tecnico,sma50,1.58178,,EUR,2026-02-11,2026-09-04T15:50:42Z,Coinbase,2,,,engine/technical/README.md,
XRP,crypto,tecnico,sma50,1.57312,,EUR,2026-02-12,2026-09-04T15:50:42Z,Coinbase,2,,,engine/technical/README.md,
XRP,crypto,tecnico,sma50,1.565748,,EUR,2026-02-13,2026-09-04T15:50:42Z,Coinbase,2,,,engine/technical/README.md,
XRP,crypto,tecnico,sma50,1.559916,,EUR,2026-02-14,2026-09-04T15:50:42Z,Coinbase,2,,,engine/technical/README.md,
XRP,crypto,tecnico,sma50,1.552944,,EUR,2026-02-15,2026-09-04T15:50:42Z,Coinbase,2,,,engine/technical/README.md,
XRP,crypto,tecnico,sma50,1.546358,,EUR,2026-02-16,2026-09-04T15:50:42Z,Coinbase,2,,,engine/technical/README.md,
XRP,crypto,tecnico,sma50,1.539842,,EUR,2026-02-17,2026-09-04T15:50:42Z,Coinbase,2,,,engine/technical/README.md,
XRP,crypto,tecnico,sma50,1.53204,,EUR,2026-02-18,2026-09-04T15:50:42Z,Coinbase,2,,,engine/technical/README.md,
XRP,crypto,tecnico,sma50,1.524612,,EUR,2026-02-19,2026-09-04T15:50:42Z,Coinbase,2,,,engine/technical/README.md,
XRP,crypto,tecnico,sma50,1.516906,,EUR,2026-02-20,2026-09-04T15:50:42Z,Coinbase,2,,,engine/technical/README.md,
XRP,crypto,tecnico,sma50,1.506906,,EUR,2026-02-21,2026-09-04T15:50:42Z,Coinbase,2,,,engine/technical/README.md,
XRP,crypto,tecnico,sma50,1.49599,,EUR,2026-02-22,2026-09-04T15:50:42Z,Coinbase,2,,,engine/technical/README.md,
XRP,crypto,tecnico,sma50,1.483242,,EUR,2026-02-23,2026-09-04T15:50:42Z,Coinbase,2,,,engine/technical/README.md,
XRP,crypto,tecnico,sma50,1.466052,,EUR,2026-02-24,2026-09-04T15:50:42Z,Coinbase,2,,,engine/technical/README.md,
XRP,crypto,tecnico,sma50,1.450938,,EUR,2026-02-25,2026-09-04T15:50:42Z,Coinbase,2,,,engine/technical/README.md,
XRP,crypto,tecnico,sma50,1.437636,,EUR,2026-02-26,2026-09-04T15:50:42Z,Coinbase,2,,,engine/technical/README.md,
XRP,crypto,tecnico,sma50,1.424202,,EUR,2026-02-27,2026-09-04T15:50:42Z,Coinbase,2,,,engine/technical/README.md,
XRP,crypto,tecnico,sma50,1.411548,,EUR,2026-02-28,2026-09-04T15:50:42Z,Coinbase,2,,,engine/technical/README.md,
XRP,crypto,tecnico,sma50,1.398626,,EUR,2026-03-01,2026-09-04T15:50:42Z,Coinbase,2,,,engine/technical/README.md,
XRP,crypto,tecnico,sma50,1.386746,,EUR,2026-03-02,2026-09-04T15:50:42Z,Coinbase,2,,,engine/technical/README.md,
XRP,crypto,tecnico,sma50,1.375014,,EUR,2026-03-03,2026-09-04T15:50:42Z,Coinbase,2,,,engine/technical/README.md,
XRP,crypto,tecnico,sma50,1.362466,,EUR,2026-03-04,2026-09-04T15:50:42Z,Coinbase,2,,,engine/technical/README.md,
XRP,crypto,tecnico,sma50,1.349908,,EUR,2026-03-05,2026-09-04T15:50:42Z,Coinbase,2,,,engine/technical/README.md,
XRP,crypto,tecnico,sma50,1.3376,,EUR,2026-03-06,2026-09-04T15:50:42Z,Coinbase,2,,,engine/technical/README.md,
XRP,crypto,tecnico,sma50,1.325368,,EUR,2026-03-07,2026-09-04T15:50:42Z,Coinbase,2,,,engine/technical/README.md,
XRP,crypto,tecnico,sma50,1.313062,,EUR,2026-03-08,2026-09-04T15:50:42Z,Coinbase,2,,,engine/technical/README.md,
XRP,crypto,tecnico,sma50,1.302292,,EUR,2026-03-09,2026-09-04T15:50:42Z,Coinbase,2,,,engine/technical/README.md,
XRP,crypto,tecnico,sma50,1.292076,,EUR,2026-03-10,2026-09-04T15:50:42Z,Coinbase,2,,,engine/technical/README.md,
XRP,crypto,tecnico,sma50,1.283856,,EUR,2026-03-11,2026-09-04T15:50:42Z,Coinbase,2,,,engine/technical/README.md,
XRP,crypto,tecnico,sma50,1.274528,,EUR,2026-03-12,2026-09-04T15:50:42Z,Coinbase,2,,,engine/technical/README.md,
XRP,crypto,tecnico,sma50,1.266334,,EUR,2026-03-13,2026-09-04T15:50:42Z,Coinbase,2,,,engine/technical/README.md,
XRP,crypto,tecnico,sma50,1.258554,,EUR,2026-03-14,2026-09-04T15:50:42Z,Coinbase,2,,,engine/technical/README.md,
XRP,crypto,tecnico,sma50,1.251578,,EUR,2026-03-15,2026-09-04T15:50:42Z,Coinbase,2,,,engine/technical/README.md,
XRP,crypto,tecnico,sma50,1.247464,,EUR,2026-03-16,2026-09-04T15:50:42Z,Coinbase,2,,,engine/technical/README.md,
XRP,crypto,tecnico,sma50,1.241754,,EUR,2026-03-17,2026-09-04T15:50:42Z,Coinbase,2,,,engine/technical/README.md,
XRP,crypto,tecnico,sma50,1.235462,,EUR,2026-03-18,2026-09-04T15:50:42Z,Coinbase,2,,,engine/technical/README.md,
XRP,crypto,tecnico,sma50,1.228584,,EUR,2026-03-19,2026-09-04T15:50:42Z,Coinbase,2,,,engine/technical/README.md,
XRP,crypto,tecnico,sma50,1.223386,,EUR,2026-03-20,2026-09-04T15:50:42Z,Coinbase,2,,,engine/technical/README.md,
XRP,crypto,tecnico,sma50,1.218488,,EUR,2026-03-21,2026-09-04T15:50:42Z,Coinbase,2,,,engine/technical/README.md,
XRP,crypto,tecnico,sma50,1.214586,,EUR,2026-03-22,2026-09-04T15:50:42Z,Coinbase,2,,,engine/technical/README.md,
XRP,crypto,tecnico,sma50,1.212428,,EUR,2026-03-23,2026-09-04T15:50:42Z,Coinbase,2,,,engine/technical/README.md,
XRP,crypto,tecnico,sma50,1.209346,,EUR,2026-03-24,2026-09-04T15:50:42Z,Coinbase,2,,,engine/technical/README.md,
XRP,crypto,tecnico,sma50,1.207118,,EUR,2026-03-25,2026-09-04T15:50:42Z,Coinbase,2,,,engine/technical/README.md,
XRP,crypto,tecnico,sma50,1.20514,,EUR,2026-03-26,2026-09-04T15:50:42Z,Coinbase,2,,,engine/technical/README.md,
XRP,crypto,tecnico,sma50,1.207558,,EUR,2026-03-27,2026-09-04T15:50:42Z,Coinbase,2,,,engine/technical/README.md,
XRP,crypto,tecnico,sma50,1.205842,,EUR,2026-03-28,2026-09-04T15:50:42Z,Coinbase,2,,,engine/technical/README.md,
XRP,crypto,tecnico,sma50,1.204816,,EUR,2026-03-29,2026-09-04T15:50:42Z,Coinbase,2,,,engine/technical/README.md,
XRP,crypto,tecnico,sma50,1.20372,,EUR,2026-03-30,2026-09-04T15:50:42Z,Coinbase,2,,,engine/technical/README.md,
XRP,crypto,tecnico,sma50,1.20272,,EUR,2026-03-31,2026-09-04T15:50:42Z,Coinbase,2,,,engine/technical/README.md,
XRP,crypto,tecnico,sma50,1.202442,,EUR,2026-04-01,2026-09-04T15:50:42Z,Coinbase,2,,,engine/technical/README.md,
XRP,crypto,tecnico,sma50,1.202256,,EUR,2026-04-02,2026-09-04T15:50:42Z,Coinbase,2,,,engine/technical/README.md,
XRP,crypto,tecnico,sma50,1.20221,,EUR,2026-04-03,2026-09-04T15:50:42Z,Coinbase,2,,,engine/technical/README.md,
XRP,crypto,tecnico,sma50,1.20133,,EUR,2026-04-04,2026-09-04T15:50:42Z,Coinbase,2,,,engine/technical/README.md,
XRP,crypto,tecnico,sma50,1.198944,,EUR,2026-04-05,2026-09-04T15:50:42Z,Coinbase,2,,,engine/technical/README.md,
XRP,crypto,tecnico,sma50,1.196962,,EUR,2026-04-06,2026-09-04T15:50:42Z,Coinbase,2,,,engine/technical/README.md,
XRP,crypto,tecnico,sma50,1.195506,,EUR,2026-04-07,2026-09-04T15:50:42Z,Coinbase,2,,,engine/technical/README.md,
XRP,crypto,tecnico,sma50,1.193652,,EUR,2026-04-08,2026-09-04T15:50:42Z,Coinbase,2,,,engine/technical/README.md,
XRP,crypto,tecnico,sma50,1.192512,,EUR,2026-04-09,2026-09-04T15:50:42Z,Coinbase,2,,,engine/technical/README.md,
XRP,crypto,tecnico,sma50,1.191776,,EUR,2026-04-10,2026-09-04T15:50:42Z,Coinbase,2,,,engine/technical/README.md,
XRP,crypto,tecnico,sma50,1.190652,,EUR,2026-04-11,2026-09-04T15:50:42Z,Coinbase,2,,,engine/technical/README.md,
XRP,crypto,tecnico,sma50,1.189052,,EUR,2026-04-12,2026-09-04T15:50:42Z,Coinbase,2,,,engine/technical/README.md,
XRP,crypto,tecnico,sma50,1.188894,,EUR,2026-04-13,2026-09-04T15:50:42Z,Coinbase,2,,,engine/technical/README.md,
XRP,crypto,tecnico,sma50,1.189014,,EUR,2026-04-14,2026-09-04T15:50:42Z,Coinbase,2,,,engine/technical/README.md,
XRP,crypto,tecnico,sma50,1.189698,,EUR,2026-04-15,2026-09-04T15:50:42Z,Coinbase,2,,,engine/technical/README.md,
XRP,crypto,tecnico,sma50,1.190108,,EUR,2026-04-16,2026-09-04T15:50:42Z,Coinbase,2,,,engine/technical/README.md,
XRP,crypto,tecnico,sma50,1.191444,,EUR,2026-04-17,2026-09-04T15:50:42Z,Coinbase,2,,,engine/technical/README.md,
XRP,crypto,tecnico,sma50,1.192838,,EUR,2026-04-18,2026-09-04T15:50:42Z,Coinbase,2,,,engine/technical/README.md,
XRP,crypto,tecnico,sma50,1.193274,,EUR,2026-04-19,2026-09-04T15:50:42Z,Coinbase,2,,,engine/technical/README.md,
XRP,crypto,tecnico,sma50,1.194464,,EUR,2026-04-20,2026-09-04T15:50:42Z,Coinbase,2,,,engine/technical/README.md,
XRP,crypto,tecnico,sma50,1.195104,,EUR,2026-04-21,2026-09-04T15:50:42Z,Coinbase,2,,,engine/technical/README.md,
XRP,crypto,tecnico,sma50,1.196092,,EUR,2026-04-22,2026-09-04T15:50:42Z,Coinbase,2,,,engine/technical/README.md,
XRP,crypto,tecnico,sma50,1.196132,,EUR,2026-04-23,2026-09-04T15:50:42Z,Coinbase,2,,,engine/technical/README.md,
XRP,crypto,tecnico,sma50,1.196404,,EUR,2026-04-24,2026-09-04T15:50:42Z,Coinbase,2,,,engine/technical/README.md,
XRP,crypto,tecnico,sma50,1.197228,,EUR,2026-04-25,2026-09-04T15:50:42Z,Coinbase,2,,,engine/technical/README.md,
XRP,crypto,tecnico,sma50,1.198284,,EUR,2026-04-26,2026-09-04T15:50:42Z,Coinbase,2,,,engine/technical/README.md,
XRP,crypto,tecnico,sma50,1.198888,,EUR,2026-04-27,2026-09-04T15:50:42Z,Coinbase,2,,,engine/technical/README.md,
XRP,crypto,tecnico,sma50,1.19898,,EUR,2026-04-28,2026-09-04T15:50:42Z,Coinbase,2,,,engine/technical/README.md,
XRP,crypto,tecnico,sma50,1.19853,,EUR,2026-04-29,2026-09-04T15:50:42Z,Coinbase,2,,,engine/technical/README.md,
XRP,crypto,tecnico,sma50,1.197864,,EUR,2026-04-30,2026-09-04T15:50:42Z,Coinbase,2,,,engine/technical/README.md,
XRP,crypto,tecnico,sma50,1.197478,,EUR,2026-05-01,2026-09-04T15:50:42Z,Coinbase,2,,,engine/technical/README.md,
XRP,crypto,tecnico,sma50,1.196772,,EUR,2026-05-02,2026-09-04T15:50:42Z,Coinbase,2,,,engine/technical/README.md,
XRP,crypto,tecnico,sma50,1.195748,,EUR,2026-05-03,2026-09-04T15:50:42Z,Coinbase,2,,,engine/technical/README.md,
XRP,crypto,tecnico,sma50,1.194186,,EUR,2026-05-04,2026-09-04T15:50:42Z,Coinbase,2,,,engine/technical/README.md,
XRP,crypto,tecnico,sma50,1.191492,,EUR,2026-05-05,2026-09-04T15:50:42Z,Coinbase,2,,,engine/technical/README.md,
XRP,crypto,tecnico,sma50,1.189408,,EUR,2026-05-06,2026-09-04T15:50:42Z,Coinbase,2,,,engine/technical/README.md,
XRP,crypto,tecnico,sma50,1.187506,,EUR,2026-05-07,2026-09-04T15:50:42Z,Coinbase,2,,,engine/technical/README.md,
XRP,crypto,tecnico,sma50,1.186566,,EUR,2026-05-08,2026-09-04T15:50:42Z,Coinbase,2,,,engine/technical/README.md,
XRP,crypto,tecnico,sma50,1.185676,,EUR,2026-05-09,2026-09-04T15:50:42Z,Coinbase,2,,,engine/technical/README.md,
XRP,crypto,tecnico,sma50,1.186358,,EUR,2026-05-10,2026-09-04T15:50:42Z,Coinbase,2,,,engine/technical/README.md,
XRP,crypto,tecnico,sma50,1.18748,,EUR,2026-05-11,2026-09-04T15:50:42Z,Coinbase,2,,,engine/technical/README.md,
XRP,crypto,tecnico,sma50,1.187316,,EUR,2026-05-12,2026-09-04T15:50:42Z,Coinbase,2,,,engine/technical/README.md,
XRP,crypto,tecnico,sma50,1.187316,,EUR,2026-05-13,2026-09-04T15:50:42Z,Coinbase,2,,,engine/technical/README.md,
XRP,crypto,tecnico,sma50,1.188318,,EUR,2026-05-14,2026-09-04T15:50:42Z,Coinbase,2,,,engine/technical/README.md,
XRP,crypto,tecnico,sma50,1.189436,,EUR,2026-05-15,2026-09-04T15:50:42Z,Coinbase,2,,,engine/technical/README.md,
XRP,crypto,tecnico,sma50,1.190748,,EUR,2026-05-16,2026-09-04T15:50:42Z,Coinbase,2,,,engine/technical/README.md,
XRP,crypto,tecnico,sma50,1.191694,,EUR,2026-05-17,2026-09-04T15:50:42Z,Coinbase,2,,,engine/technical/README.md,
XRP,crypto,tecnico,sma50,1.192434,,EUR,2026-05-18,2026-09-04T15:50:42Z,Coinbase,2,,,engine/technical/README.md,
XRP,crypto,tecnico,sma50,1.192774,,EUR,2026-05-19,2026-09-04T15:50:42Z,Coinbase,2,,,engine/technical/README.md,
XRP,crypto,tecnico,sma50,1.193124,,EUR,2026-05-20,2026-09-04T15:50:42Z,Coinbase,2,,,engine/technical/README.md,
XRP,crypto,tecnico,sma50,1.193504,,EUR,2026-05-21,2026-09-04T15:50:42Z,Coinbase,2,,,engine/technical/README.md,
XRP,crypto,tecnico,sma50,1.193632,,EUR,2026-05-22,2026-09-04T15:50:42Z,Coinbase,2,,,engine/technical/README.md,
XRP,crypto,tecnico,sma50,1.194136,,EUR,2026-05-23,2026-09-04T15:50:42Z,Coinbase,2,,,engine/technical/README.md,
XRP,crypto,tecnico,sma50,1.19451,,EUR,2026-05-24,2026-09-04T15:50:42Z,Coinbase,2,,,engine/technical/README.md,
XRP,crypto,tecnico,sma50,1.19461,,EUR,2026-05-25,2026-09-04T15:50:42Z,Coinbase,2,,,engine/technical/README.md,
XRP,crypto,tecnico,sma50,1.194546,,EUR,2026-05-26,2026-09-04T15:50:42Z,Coinbase,2,,,engine/technical/README.md,
XRP,crypto,tecnico,sma50,1.193402,,EUR,2026-05-27,2026-09-04T15:50:42Z,Coinbase,2,,,engine/technical/README.md,
XRP,crypto,tecnico,sma50,1.192956,,EUR,2026-05-28,2026-09-04T15:50:42Z,Coinbase,2,,,engine/technical/README.md,
XRP,crypto,tecnico,sma50,1.192776,,EUR,2026-05-29,2026-09-04T15:50:42Z,Coinbase,2,,,engine/technical/README.md,
XRP,crypto,tecnico,sma50,1.192616,,EUR,2026-05-30,2026-09-04T15:50:42Z,Coinbase,2,,,engine/technical/README.md,
XRP,crypto,tecnico,sma50,1.192362,,EUR,2026-05-31,2026-09-04T15:50:42Z,Coinbase,2,,,engine/technical/README.md,
XRP,crypto,tecnico,sma50,1.191912,,EUR,2026-06-01,2026-09-04T15:50:42Z,Coinbase,2,,,engine/technical/README.md,
XRP,crypto,tecnico,sma50,1.18937,,EUR,2026-06-02,2026-09-04T15:50:42Z,Coinbase,2,,,engine/technical/README.md,
XRP,crypto,tecnico,sma50,1.18695,,EUR,2026-06-03,2026-09-04T15:50:42Z,Coinbase,2,,,engine/technical/README.md,
XRP,crypto,tecnico,sma50,1.18346,,EUR,2026-06-04,2026-09-04T15:50:42Z,Coinbase,2,,,engine/technical/README.md,
XRP,crypto,tecnico,sma50,1.177854,,EUR,2026-06-05,2026-09-04T15:50:42Z,Coinbase,2,,,engine/technical/README.md,
XRP,crypto,tecnico,sma50,1.17176,,EUR,2026-06-06,2026-09-04T15:50:42Z,Coinbase,2,,,engine/technical/README.md,
XRP,crypto,tecnico,sma50,1.167444,,EUR,2026-06-07,2026-09-04T15:50:42Z,Coinbase,2,,,engine/technical/README.md,
XRP,crypto,tecnico,sma50,1.16395,,EUR,2026-06-08,2026-09-04T15:50:42Z,Coinbase,2,,,engine/technical/README.md,
XRP,crypto,tecnico,sma50,1.159492,,EUR,2026-06-09,2026-09-04T15:50:42Z,Coinbase,2,,,engine/technical/README.md,
XRP,crypto,tecnico,sma50,1.154092,,EUR,2026-06-10,2026-09-04T15:50:42Z,Coinbase,2,,,engine/technical/README.md,
XRP,crypto,tecnico,sma50,1.1494,,EUR,2026-06-11,2026-09-04T15:50:42Z,Coinbase,2,,,engine/technical/README.md,
XRP,crypto,tecnico,sma50,1.144328,,EUR,2026-06-12,2026-09-04T15:50:42Z,Coinbase,2,,,engine/technical/README.md,
XRP,crypto,tecnico,sma50,1.139764,,EUR,2026-06-13,2026-09-04T15:50:42Z,Coinbase,2,,,engine/technical/README.md,
XRP,crypto,tecnico,sma50,1.135902,,EUR,2026-06-14,2026-09-04T15:50:42Z,Coinbase,2,,,engine/technical/README.md,
XRP,crypto,tecnico,sma50,1.13279,,EUR,2026-06-15,2026-09-04T15:50:42Z,Coinbase,2,,,engine/technical/README.md,
XRP,crypto,tecnico,sma50,1.12987,,EUR,2026-06-16,2026-09-04T15:50:42Z,Coinbase,2,,,engine/technical/README.md,
XRP,crypto,tecnico,sma50,1.1269,,EUR,2026-06-17,2026-09-04T15:50:42Z,Coinbase,2,,,engine/technical/README.md,
XRP,crypto,tecnico,sma50,1.123426,,EUR,2026-06-18,2026-09-04T15:50:42Z,Coinbase,2,,,engine/technical/README.md,
XRP,crypto,tecnico,sma50,1.1199,,EUR,2026-06-19,2026-09-04T15:50:42Z,Coinbase,2,,,engine/technical/README.md,
XRP,crypto,tecnico,sma50,1.116288,,EUR,2026-06-20,2026-09-04T15:50:42Z,Coinbase,2,,,engine/technical/README.md,
XRP,crypto,tecnico,sma50,1.11216,,EUR,2026-06-21,2026-09-04T15:50:42Z,Coinbase,2,,,engine/technical/README.md,
XRP,crypto,tecnico,sma50,1.108266,,EUR,2026-06-22,2026-09-04T15:50:42Z,Coinbase,2,,,engine/technical/README.md,
XRP,crypto,tecnico,sma50,1.103952,,EUR,2026-06-23,2026-09-04T15:50:42Z,Coinbase,2,,,engine/technical/README.md,
XRP,crypto,tecnico,sma50,1.098714,,EUR,2026-06-24,2026-09-04T15:50:42Z,Coinbase,2,,,engine/technical/README.md,
XRP,crypto,tecnico,sma50,1.092812,,EUR,2026-06-25,2026-09-04T15:50:42Z,Coinbase,2,,,engine/technical/README.md,
XRP,crypto,tecnico,sma50,1.08758,,EUR,2026-06-26,2026-09-04T15:50:42Z,Coinbase,2,,,engine/technical/README.md,
XRP,crypto,tecnico,sma50,1.081888,,EUR,2026-06-27,2026-09-04T15:50:42Z,Coinbase,2,,,engine/technical/README.md,
XRP,crypto,tecnico,sma50,1.076184,,EUR,2026-06-28,2026-09-04T15:50:42Z,Coinbase,2,,,engine/technical/README.md,
XRP,crypto,tecnico,sma50,1.06965,,EUR,2026-06-29,2026-09-04T15:50:42Z,Coinbase,2,,,engine/technical/README.md,
XRP,crypto,tecnico,sma50,1.062776,,EUR,2026-06-30,2026-09-04T15:50:42Z,Coinbase,2,,,engine/technical/README.md,
XRP,crypto,tecnico,sma50,1.05675,,EUR,2026-07-01,2026-09-04T15:50:42Z,Coinbase,2,,,engine/technical/README.md,
XRP,crypto,tecnico,sma50,1.051416,,EUR,2026-07-02,2026-09-04T15:50:42Z,Coinbase,2,,,engine/technical/README.md,
XRP,crypto,tecnico,sma50,1.045788,,EUR,2026-07-03,2026-09-04T15:50:42Z,Coinbase,2,,,engine/technical/README.md,
XRP,crypto,tecnico,sma50,1.041316,,EUR,2026-07-04,2026-09-04T15:50:42Z,Coinbase,2,,,engine/technical/README.md,
XRP,crypto,tecnico,sma50,1.0372,,EUR,2026-07-05,2026-09-04T15:50:42Z,Coinbase,2,,,engine/technical/README.md,
XRP,crypto,tecnico,sma50,1.03309,,EUR,2026-07-06,2026-09-04T15:50:42Z,Coinbase,2,,,engine/technical/README.md,
XRP,crypto,tecnico,sma50,1.028768,,EUR,2026-07-07,2026-09-04T15:50:42Z,Coinbase,2,,,engine/technical/README.md,
XRP,crypto,tecnico,sma50,1.024426,,EUR,2026-07-08,2026-09-04T15:50:42Z,Coinbase,2,,,engine/technical/README.md,
XRP,crypto,tecnico,sma50,1.02004,,EUR,2026-07-09,2026-09-04T15:50:42Z,Coinbase,2,,,engine/technical/README.md,
XRP,crypto,tecnico,sma50,1.01574,,EUR,2026-07-10,2026-09-04T15:50:42Z,Coinbase,2,,,engine/technical/README.md,
XRP,crypto,tecnico,sma50,1.011936,,EUR,2026-07-11,2026-09-04T15:50:42Z,Coinbase,2,,,engine/technical/README.md,
XRP,crypto,tecnico,sma50,1.007546,,EUR,2026-07-12,2026-09-04T15:50:42Z,Coinbase,2,,,engine/technical/README.md,
XRP,crypto,tecnico,sma50,1.003066,,EUR,2026-07-13,2026-09-04T15:50:42Z,Coinbase,2,,,engine/technical/README.md,
XRP,crypto,tecnico,sma50,0.999328,,EUR,2026-07-14,2026-09-04T15:50:42Z,Coinbase,2,,,engine/technical/README.md,
XRP,crypto,tecnico,sma50,0.995914,,EUR,2026-07-15,2026-09-04T15:50:42Z,Coinbase,2,,,engine/technical/README.md,
XRP,crypto,tecnico,sma50,0.992426,,EUR,2026-07-16,2026-09-04T15:50:42Z,Coinbase,2,,,engine/technical/README.md,
XRP,crypto,tecnico,sma50,0.988864,,EUR,2026-07-17,2026-09-04T15:50:42Z,Coinbase,2,,,engine/technical/README.md,
XRP,crypto,tecnico,sma50,0.985164,,EUR,2026-07-18,2026-09-04T15:50:42Z,Coinbase,2,,,engine/technical/README.md,
XRP,crypto,tecnico,sma50,0.981364,,EUR,2026-07-19,2026-09-04T15:50:42Z,Coinbase,2,,,engine/technical/README.md,
XRP,crypto,tecnico,sma50,0.977907,,EUR,2026-07-20,2026-09-04T11:17:40Z,Kraken,2,100,,engine/technical/README.md,
XRP,crypto,tecnico,sma50,0.975746,,EUR,2026-07-21,2026-09-04T15:50:42Z,Coinbase,2,,,engine/technical/README.md,
XRP,crypto,tecnico,sma50,0.97491,,EUR,2026-07-22,2026-09-04T15:50:42Z,Coinbase,2,,,engine/technical/README.md,
XRP,crypto,tecnico,sma50,0.973692,,EUR,2026-07-23,2026-09-04T15:50:42Z,Coinbase,2,,,engine/technical/README.md,
XRP,crypto,tecnico,sma50,0.972784,,EUR,2026-07-24,2026-09-04T15:50:42Z,Coinbase,2,,,engine/technical/README.md,
XRP,crypto,tecnico,sma50,0.97301,,EUR,2026-07-25,2026-09-04T15:50:42Z,Coinbase,2,,,engine/technical/README.md,
XRP,crypto,tecnico,sma50,0.973516,,EUR,2026-07-26,2026-09-04T15:50:42Z,Coinbase,2,,,engine/technical/README.md,
XRP,crypto,tecnico,sma50,0.972202,,EUR,2026-07-27,2026-09-04T15:50:42Z,Coinbase,2,,,engine/technical/README.md,
XRP,crypto,tecnico,sma50,0.97069,,EUR,2026-07-28,2026-09-04T15:50:42Z,Coinbase,2,,,engine/technical/README.md,
XRP,crypto,tecnico,sma50,0.969664,,EUR,2026-07-29,2026-09-04T15:50:42Z,Coinbase,2,,,engine/technical/README.md,
XRP,crypto,tecnico,sma50,0.96943,,EUR,2026-07-30,2026-09-04T15:50:42Z,Coinbase,2,,,engine/technical/README.md,
XRP,crypto,tecnico,sma50,0.968134,,EUR,2026-07-31,2026-09-04T15:50:42Z,Coinbase,2,,,engine/technical/README.md,
XRP,crypto,tecnico,sma50,0.966978,,EUR,2026-08-01,2026-09-04T15:50:42Z,Coinbase,2,,,engine/technical/README.md,
XRP,crypto,tecnico,sma50,0.965894,,EUR,2026-08-02,2026-09-04T15:50:42Z,Coinbase,2,,,engine/technical/README.md,
XRP,crypto,tecnico,sma50,0.964112,,EUR,2026-08-03,2026-09-04T15:50:42Z,Coinbase,2,,,engine/technical/README.md,
XRP,crypto,tecnico,sma50,0.961368,,EUR,2026-08-04,2026-09-04T15:50:42Z,Coinbase,2,,,engine/technical/README.md,
XRP,crypto,tecnico,sma50,0.958776,,EUR,2026-08-05,2026-09-04T15:50:42Z,Coinbase,2,,,engine/technical/README.md,
XRP,crypto,tecnico,sma50,0.956128,,EUR,2026-08-06,2026-09-04T15:50:42Z,Coinbase,2,,,engine/technical/README.md,
XRP,crypto,tecnico,sma50,0.953822,,EUR,2026-08-07,2026-09-04T15:50:42Z,Coinbase,2,,,engine/technical/README.md,
XRP,crypto,tecnico,sma50,0.95201,,EUR,2026-08-08,2026-09-04T15:50:42Z,Coinbase,2,,,engine/technical/README.md,
XRP,crypto,tecnico,sma50,0.949762,,EUR,2026-08-09,2026-09-04T15:50:42Z,Coinbase,2,,,engine/technical/README.md,
XRP,crypto,tecnico,sma50,0.947642,,EUR,2026-08-10,2026-09-04T15:50:42Z,Coinbase,2,,,engine/technical/README.md,
XRP,crypto,tecnico,sma50,0.945598,,EUR,2026-08-11,2026-09-04T15:50:42Z,Coinbase,2,,,engine/technical/README.md,
XRP,crypto,tecnico,sma50,0.943534,,EUR,2026-08-12,2026-09-04T15:50:42Z,Coinbase,2,,,engine/technical/README.md,
XRP,crypto,tecnico,sma50,0.942148,,EUR,2026-08-13,2026-09-04T15:50:42Z,Coinbase,2,,,engine/technical/README.md,
XRP,crypto,tecnico,sma50,0.941064,,EUR,2026-08-14,2026-09-04T15:50:42Z,Coinbase,2,,,engine/technical/README.md,
XRP,crypto,tecnico,sma50,0.939974,,EUR,2026-08-15,2026-09-04T15:50:42Z,Coinbase,2,,,engine/technical/README.md,
XRP,crypto,tecnico,sma50,0.938746,,EUR,2026-08-16,2026-09-04T15:50:42Z,Coinbase,2,,,engine/technical/README.md,
XRP,crypto,tecnico,sma50,0.937662,,EUR,2026-08-17,2026-09-04T15:50:42Z,Coinbase,2,,,engine/technical/README.md,
XRP,crypto,tecnico,sma50,0.936444,,EUR,2026-08-18,2026-09-04T15:50:42Z,Coinbase,2,,,engine/technical/README.md,
XRP,crypto,tecnico,sma50,0.937152,,EUR,2026-08-19,2026-09-04T15:50:42Z,Coinbase,2,,,engine/technical/README.md,
XRP,crypto,tecnico,sma50,0.940364,,EUR,2026-08-20,2026-09-04T15:50:42Z,Coinbase,2,,,engine/technical/README.md,
XRP,crypto,tecnico,sma50,0.94621,,EUR,2026-08-21,2026-09-04T15:50:42Z,Coinbase,2,,,engine/technical/README.md,
XRP,crypto,tecnico,sma50,0.951352,,EUR,2026-08-22,2026-09-04T15:50:42Z,Coinbase,2,,,engine/technical/README.md,
XRP,crypto,tecnico,sma50,0.957122,,EUR,2026-08-23,2026-09-04T15:50:42Z,Coinbase,2,,,engine/technical/README.md,
XRP,crypto,tecnico,sma50,0.9623,,EUR,2026-08-24,2026-09-04T15:50:42Z,Coinbase,2,,,engine/technical/README.md,
XRP,crypto,tecnico,sma50,0.966852,,EUR,2026-08-25,2026-09-04T15:50:42Z,Coinbase,2,,,engine/technical/README.md,
XRP,crypto,tecnico,sma50,0.971722,,EUR,2026-08-26,2026-09-04T15:50:42Z,Coinbase,2,,,engine/technical/README.md,
XRP,crypto,tecnico,sma50,0.977596,,EUR,2026-08-27,2026-09-04T15:50:42Z,Coinbase,2,,,engine/technical/README.md,
XRP,crypto,tecnico,sma50,0.982342,,EUR,2026-08-28,2026-09-04T15:50:42Z,Coinbase,2,,,engine/technical/README.md,
XRP,crypto,tecnico,sma50,0.98712,,EUR,2026-08-29,2026-09-04T15:50:42Z,Coinbase,2,,,engine/technical/README.md,
XRP,crypto,tecnico,sma50,0.99136,,EUR,2026-08-30,2026-09-04T15:50:42Z,Coinbase,2,,,engine/technical/README.md,
XRP,crypto,tecnico,sma50,0.9961,,EUR,2026-08-31,2026-09-04T15:50:42Z,Coinbase,2,,,engine/technical/README.md,
XRP,crypto,tecnico,sma50,1.000694,,EUR,2026-09-01,2026-09-04T15:50:42Z,Coinbase,2,,,engine/technical/README.md,
XRP,crypto,tecnico,sma50,1.004536,,EUR,2026-09-02,2026-09-04T15:50:42Z,Coinbase,2,,,engine/technical/README.md,
XRP,crypto,tecnico,sma50,1.010066,,EUR,2026-09-03,2026-09-04T15:50:42Z,Coinbase,2,,,engine/technical/README.md,
XRP,crypto,tecnico,sma50,1.016116,,EUR,2026-09-04,2026-09-04T10:11:47Z,Kraken,2,100,,engine/technical/README.md,
XRP,crypto,tecnico,volatilidad_hist_30d_anualizada_pct,43.2,,%,2026-01-01,2026-09-04T15:50:42Z,Coinbase,2,,,engine/technical/README.md,
XRP,crypto,tecnico,volatilidad_hist_30d_anualizada_pct,50.0,,%,2026-01-02,2026-09-04T15:50:42Z,Coinbase,2,,,engine/technical/README.md,
XRP,crypto,tecnico,volatilidad_hist_30d_anualizada_pct,47.5,,%,2026-01-03,2026-09-04T15:50:42Z,Coinbase,2,,,engine/technical/README.md,
XRP,crypto,tecnico,volatilidad_hist_30d_anualizada_pct,48.1,,%,2026-01-04,2026-09-04T15:50:42Z,Coinbase,2,,,engine/technical/README.md,
XRP,crypto,tecnico,volatilidad_hist_30d_anualizada_pct,62.6,,%,2026-01-05,2026-09-04T15:50:42Z,Coinbase,2,,,engine/technical/README.md,
XRP,crypto,tecnico,volatilidad_hist_30d_anualizada_pct,63.1,,%,2026-01-06,2026-09-04T15:50:42Z,Coinbase,2,,,engine/technical/README.md,
XRP,crypto,tecnico,volatilidad_hist_30d_anualizada_pct,66.7,,%,2026-01-07,2026-09-04T15:50:42Z,Coinbase,2,,,engine/technical/README.md,
XRP,crypto,tecnico,volatilidad_hist_30d_anualizada_pct,66.8,,%,2026-01-08,2026-09-04T15:50:42Z,Coinbase,2,,,engine/technical/README.md,
XRP,crypto,tecnico,volatilidad_hist_30d_anualizada_pct,65.7,,%,2026-01-09,2026-09-04T15:50:42Z,Coinbase,2,,,engine/technical/README.md,
XRP,crypto,tecnico,volatilidad_hist_30d_anualizada_pct,65.6,,%,2026-01-10,2026-09-04T15:50:42Z,Coinbase,2,,,engine/technical/README.md,
XRP,crypto,tecnico,volatilidad_hist_30d_anualizada_pct,65.5,,%,2026-01-11,2026-09-04T15:50:42Z,Coinbase,2,,,engine/technical/README.md,
XRP,crypto,tecnico,volatilidad_hist_30d_anualizada_pct,65.7,,%,2026-01-12,2026-09-04T15:50:42Z,Coinbase,2,,,engine/technical/README.md,
XRP,crypto,tecnico,volatilidad_hist_30d_anualizada_pct,67.9,,%,2026-01-13,2026-09-04T15:50:42Z,Coinbase,2,,,engine/technical/README.md,
XRP,crypto,tecnico,volatilidad_hist_30d_anualizada_pct,65.9,,%,2026-01-14,2026-09-04T15:50:42Z,Coinbase,2,,,engine/technical/README.md,
XRP,crypto,tecnico,volatilidad_hist_30d_anualizada_pct,66.7,,%,2026-01-15,2026-09-04T15:50:42Z,Coinbase,2,,,engine/technical/README.md,
XRP,crypto,tecnico,volatilidad_hist_30d_anualizada_pct,65.5,,%,2026-01-16,2026-09-04T15:50:42Z,Coinbase,2,,,engine/technical/README.md,
XRP,crypto,tecnico,volatilidad_hist_30d_anualizada_pct,64.5,,%,2026-01-17,2026-09-04T15:50:42Z,Coinbase,2,,,engine/technical/README.md,
XRP,crypto,tecnico,volatilidad_hist_30d_anualizada_pct,63.6,,%,2026-01-18,2026-09-04T15:50:42Z,Coinbase,2,,,engine/technical/README.md,
XRP,crypto,tecnico,volatilidad_hist_30d_anualizada_pct,63.5,,%,2026-01-19,2026-09-04T15:50:42Z,Coinbase,2,,,engine/technical/README.md,
XRP,crypto,tecnico,volatilidad_hist_30d_anualizada_pct,66.6,,%,2026-01-20,2026-09-04T15:50:42Z,Coinbase,2,,,engine/technical/README.md,
XRP,crypto,tecnico,volatilidad_hist_30d_anualizada_pct,67.6,,%,2026-01-21,2026-09-04T15:50:42Z,Coinbase,2,,,engine/technical/README.md,
XRP,crypto,tecnico,volatilidad_hist_30d_anualizada_pct,67.7,,%,2026-01-22,2026-09-04T15:50:42Z,Coinbase,2,,,engine/technical/README.md,
XRP,crypto,tecnico,volatilidad_hist_30d_anualizada_pct,67.7,,%,2026-01-23,2026-09-04T15:50:42Z,Coinbase,2,,,engine/technical/README.md,
XRP,crypto,tecnico,volatilidad_hist_30d_anualizada_pct,67.4,,%,2026-01-24,2026-09-04T15:50:42Z,Coinbase,2,,,engine/technical/README.md,
XRP,crypto,tecnico,volatilidad_hist_30d_anualizada_pct,69.3,,%,2026-01-25,2026-09-04T15:50:42Z,Coinbase,2,,,engine/technical/README.md,
XRP,crypto,tecnico,volatilidad_hist_30d_anualizada_pct,70.1,,%,2026-01-26,2026-09-04T15:50:42Z,Coinbase,2,,,engine/technical/README.md,
XRP,crypto,tecnico,volatilidad_hist_30d_anualizada_pct,70.2,,%,2026-01-27,2026-09-04T15:50:42Z,Coinbase,2,,,engine/technical/README.md,
XRP,crypto,tecnico,volatilidad_hist_30d_anualizada_pct,70.1,,%,2026-01-28,2026-09-04T15:50:42Z,Coinbase,2,,,engine/technical/README.md,
XRP,crypto,tecnico,volatilidad_hist_30d_anualizada_pct,72.4,,%,2026-01-29,2026-09-04T15:50:42Z,Coinbase,2,,,engine/technical/README.md,
XRP,crypto,tecnico,volatilidad_hist_30d_anualizada_pct,72.9,,%,2026-01-30,2026-09-04T15:50:42Z,Coinbase,2,,,engine/technical/README.md,
XRP,crypto,tecnico,volatilidad_hist_30d_anualizada_pct,74.2,,%,2026-01-31,2026-09-04T15:50:42Z,Coinbase,2,,,engine/technical/README.md,
XRP,crypto,tecnico,volatilidad_hist_30d_anualizada_pct,69.9,,%,2026-02-01,2026-09-04T15:50:42Z,Coinbase,2,,,engine/technical/README.md,
XRP,crypto,tecnico,volatilidad_hist_30d_anualizada_pct,70.6,,%,2026-02-02,2026-09-04T15:50:42Z,Coinbase,2,,,engine/technical/README.md,
XRP,crypto,tecnico,volatilidad_hist_30d_anualizada_pct,69.2,,%,2026-02-03,2026-09-04T15:50:42Z,Coinbase,2,,,engine/technical/README.md,
XRP,crypto,tecnico,volatilidad_hist_30d_anualizada_pct,53.3,,%,2026-02-04,2026-09-04T15:50:42Z,Coinbase,2,,,engine/technical/README.md,
XRP,crypto,tecnico,volatilidad_hist_30d_anualizada_pct,88.0,,%,2026-02-05,2026-09-04T15:50:42Z,Coinbase,2,,,engine/technical/README.md,
XRP,crypto,tecnico,volatilidad_hist_30d_anualizada_pct,113.5,,%,2026-02-06,2026-09-04T15:50:42Z,Coinbase,2,,,engine/technical/README.md,
XRP,crypto,tecnico,volatilidad_hist_30d_anualizada_pct,113.7,,%,2026-02-07,2026-09-04T15:50:42Z,Coinbase,2,,,engine/technical/README.md,
XRP,crypto,tecnico,volatilidad_hist_30d_anualizada_pct,113.8,,%,2026-02-08,2026-09-04T15:50:42Z,Coinbase,2,,,engine/technical/README.md,
XRP,crypto,tecnico,volatilidad_hist_30d_anualizada_pct,113.8,,%,2026-02-09,2026-09-04T15:50:42Z,Coinbase,2,,,engine/technical/README.md,
XRP,crypto,tecnico,volatilidad_hist_30d_anualizada_pct,113.9,,%,2026-02-10,2026-09-04T15:50:42Z,Coinbase,2,,,engine/technical/README.md,
XRP,crypto,tecnico,volatilidad_hist_30d_anualizada_pct,113.9,,%,2026-02-11,2026-09-04T15:50:42Z,Coinbase,2,,,engine/technical/README.md,
XRP,crypto,tecnico,volatilidad_hist_30d_anualizada_pct,111.2,,%,2026-02-12,2026-09-04T15:50:42Z,Coinbase,2,,,engine/technical/README.md,
XRP,crypto,tecnico,volatilidad_hist_30d_anualizada_pct,112.5,,%,2026-02-13,2026-09-04T15:50:42Z,Coinbase,2,,,engine/technical/README.md,
XRP,crypto,tecnico,volatilidad_hist_30d_anualizada_pct,116.3,,%,2026-02-14,2026-09-04T15:50:42Z,Coinbase,2,,,engine/technical/README.md,
XRP,crypto,tecnico,volatilidad_hist_30d_anualizada_pct,116.4,,%,2026-02-15,2026-09-04T15:50:42Z,Coinbase,2,,,engine/technical/README.md,
XRP,crypto,tecnico,volatilidad_hist_30d_anualizada_pct,116.6,,%,2026-02-16,2026-09-04T15:50:42Z,Coinbase,2,,,engine/technical/README.md,
XRP,crypto,tecnico,volatilidad_hist_30d_anualizada_pct,116.2,,%,2026-02-17,2026-09-04T15:50:42Z,Coinbase,2,,,engine/technical/README.md,
XRP,crypto,tecnico,volatilidad_hist_30d_anualizada_pct,116.4,,%,2026-02-18,2026-09-04T15:50:42Z,Coinbase,2,,,engine/technical/README.md,
XRP,crypto,tecnico,volatilidad_hist_30d_anualizada_pct,115.2,,%,2026-02-19,2026-09-04T15:50:42Z,Coinbase,2,,,engine/technical/README.md,
XRP,crypto,tecnico,volatilidad_hist_30d_anualizada_pct,114.4,,%,2026-02-20,2026-09-04T15:50:42Z,Coinbase,2,,,engine/technical/README.md,
XRP,crypto,tecnico,volatilidad_hist_30d_anualizada_pct,114.4,,%,2026-02-21,2026-09-04T15:50:42Z,Coinbase,2,,,engine/technical/README.md,
XRP,crypto,tecnico,volatilidad_hist_30d_anualizada_pct,114.6,,%,2026-02-22,2026-09-04T15:50:42Z,Coinbase,2,,,engine/technical/README.md,
XRP,crypto,tecnico,volatilidad_hist_30d_anualizada_pct,114.7,,%,2026-02-23,2026-09-04T15:50:42Z,Coinbase,2,,,engine/technical/README.md,
XRP,crypto,tecnico,volatilidad_hist_30d_anualizada_pct,114.1,,%,2026-02-24,2026-09-04T15:50:42Z,Coinbase,2,,,engine/technical/README.md,
XRP,crypto,tecnico,volatilidad_hist_30d_anualizada_pct,115.5,,%,2026-02-25,2026-09-04T15:50:42Z,Coinbase,2,,,engine/technical/README.md,
XRP,crypto,tecnico,volatilidad_hist_30d_anualizada_pct,115.5,,%,2026-02-26,2026-09-04T15:50:42Z,Coinbase,2,,,engine/technical/README.md,
XRP,crypto,tecnico,volatilidad_hist_30d_anualizada_pct,115.8,,%,2026-02-27,2026-09-04T15:50:42Z,Coinbase,2,,,engine/technical/README.md,
XRP,crypto,tecnico,volatilidad_hist_30d_anualizada_pct,115.0,,%,2026-02-28,2026-09-04T15:50:42Z,Coinbase,2,,,engine/technical/README.md,
XRP,crypto,tecnico,volatilidad_hist_30d_anualizada_pct,114.7,,%,2026-03-01,2026-09-04T15:50:42Z,Coinbase,2,,,engine/technical/README.md,
XRP,crypto,tecnico,volatilidad_hist_30d_anualizada_pct,114.6,,%,2026-03-02,2026-09-04T15:50:42Z,Coinbase,2,,,engine/technical/README.md,
XRP,crypto,tecnico,volatilidad_hist_30d_anualizada_pct,114.1,,%,2026-03-03,2026-09-04T15:50:42Z,Coinbase,2,,,engine/technical/README.md,
XRP,crypto,tecnico,volatilidad_hist_30d_anualizada_pct,115.2,,%,2026-03-04,2026-09-04T15:50:42Z,Coinbase,2,,,engine/technical/README.md,
XRP,crypto,tecnico,volatilidad_hist_30d_anualizada_pct,115.0,,%,2026-03-05,2026-09-04T15:50:42Z,Coinbase,2,,,engine/technical/README.md,
XRP,crypto,tecnico,volatilidad_hist_30d_anualizada_pct,114.5,,%,2026-03-06,2026-09-04T15:50:42Z,Coinbase,2,,,engine/technical/README.md,
XRP,crypto,tecnico,volatilidad_hist_30d_anualizada_pct,84.9,,%,2026-03-07,2026-09-04T15:50:42Z,Coinbase,2,,,engine/technical/README.md,
XRP,crypto,tecnico,volatilidad_hist_30d_anualizada_pct,52.6,,%,2026-03-08,2026-09-04T15:50:42Z,Coinbase,2,,,engine/technical/README.md,
XRP,crypto,tecnico,volatilidad_hist_30d_anualizada_pct,51.7,,%,2026-03-09,2026-09-04T15:50:42Z,Coinbase,2,,,engine/technical/README.md,
XRP,crypto,tecnico,volatilidad_hist_30d_anualizada_pct,52.1,,%,2026-03-10,2026-09-04T15:50:42Z,Coinbase,2,,,engine/technical/README.md,
XRP,crypto,tecnico,volatilidad_hist_30d_anualizada_pct,52.1,,%,2026-03-11,2026-09-04T15:50:42Z,Coinbase,2,,,engine/technical/README.md,
XRP,crypto,tecnico,volatilidad_hist_30d_anualizada_pct,51.3,,%,2026-03-12,2026-09-04T15:50:42Z,Coinbase,2,,,engine/technical/README.md,
XRP,crypto,tecnico,volatilidad_hist_30d_anualizada_pct,51.0,,%,2026-03-13,2026-09-04T15:50:42Z,Coinbase,2,,,engine/technical/README.md,
XRP,crypto,tecnico,volatilidad_hist_30d_anualizada_pct,51.0,,%,2026-03-14,2026-09-04T15:50:42Z,Coinbase,2,,,engine/technical/README.md,
XRP,crypto,tecnico,volatilidad_hist_30d_anualizada_pct,50.6,,%,2026-03-15,2026-09-04T15:50:42Z,Coinbase,2,,,engine/technical/README.md,
XRP,crypto,tecnico,volatilidad_hist_30d_anualizada_pct,48.1,,%,2026-03-16,2026-09-04T15:50:42Z,Coinbase,2,,,engine/technical/README.md,
XRP,crypto,tecnico,volatilidad_hist_30d_anualizada_pct,47.8,,%,2026-03-17,2026-09-04T15:50:42Z,Coinbase,2,,,engine/technical/README.md,
XRP,crypto,tecnico,volatilidad_hist_30d_anualizada_pct,49.0,,%,2026-03-18,2026-09-04T15:50:42Z,Coinbase,2,,,engine/technical/README.md,
XRP,crypto,tecnico,volatilidad_hist_30d_anualizada_pct,49.5,,%,2026-03-19,2026-09-04T15:50:42Z,Coinbase,2,,,engine/technical/README.md,
XRP,crypto,tecnico,volatilidad_hist_30d_anualizada_pct,48.2,,%,2026-03-20,2026-09-04T15:50:42Z,Coinbase,2,,,engine/technical/README.md,
XRP,crypto,tecnico,volatilidad_hist_30d_anualizada_pct,48.9,,%,2026-03-21,2026-09-04T15:50:42Z,Coinbase,2,,,engine/technical/README.md,
XRP,crypto,tecnico,volatilidad_hist_30d_anualizada_pct,49.0,,%,2026-03-22,2026-09-04T15:50:42Z,Coinbase,2,,,engine/technical/README.md,
XRP,crypto,tecnico,volatilidad_hist_30d_anualizada_pct,50.1,,%,2026-03-23,2026-09-04T15:50:42Z,Coinbase,2,,,engine/technical/README.md,
XRP,crypto,tecnico,volatilidad_hist_30d_anualizada_pct,49.1,,%,2026-03-24,2026-09-04T15:50:42Z,Coinbase,2,,,engine/technical/README.md,
XRP,crypto,tecnico,volatilidad_hist_30d_anualizada_pct,48.2,,%,2026-03-25,2026-09-04T15:50:42Z,Coinbase,2,,,engine/technical/README.md,
XRP,crypto,tecnico,volatilidad_hist_30d_anualizada_pct,50.0,,%,2026-03-26,2026-09-04T15:50:42Z,Coinbase,2,,,engine/technical/README.md,
XRP,crypto,tecnico,volatilidad_hist_30d_anualizada_pct,46.3,,%,2026-03-27,2026-09-04T15:50:42Z,Coinbase,2,,,engine/technical/README.md,
XRP,crypto,tecnico,volatilidad_hist_30d_anualizada_pct,45.9,,%,2026-03-28,2026-09-04T15:50:42Z,Coinbase,2,,,engine/technical/README.md,
XRP,crypto,tecnico,volatilidad_hist_30d_anualizada_pct,44.4,,%,2026-03-29,2026-09-04T15:50:42Z,Coinbase,2,,,engine/technical/README.md,
XRP,crypto,tecnico,volatilidad_hist_30d_anualizada_pct,44.0,,%,2026-03-30,2026-09-04T15:50:42Z,Coinbase,2,,,engine/technical/README.md,
XRP,crypto,tecnico,volatilidad_hist_30d_anualizada_pct,43.8,,%,2026-03-31,2026-09-04T15:50:42Z,Coinbase,2,,,engine/technical/README.md,
XRP,crypto,tecnico,volatilidad_hist_30d_anualizada_pct,42.2,,%,2026-04-01,2026-09-04T15:50:42Z,Coinbase,2,,,engine/technical/README.md,
XRP,crypto,tecnico,volatilidad_hist_30d_anualizada_pct,42.3,,%,2026-04-02,2026-09-04T15:50:42Z,Coinbase,2,,,engine/technical/README.md,
XRP,crypto,tecnico,volatilidad_hist_30d_anualizada_pct,38.3,,%,2026-04-03,2026-09-04T15:50:42Z,Coinbase,2,,,engine/technical/README.md,
XRP,crypto,tecnico,volatilidad_hist_30d_anualizada_pct,37.9,,%,2026-04-04,2026-09-04T15:50:42Z,Coinbase,2,,,engine/technical/README.md,
XRP,crypto,tecnico,volatilidad_hist_30d_anualizada_pct,36.8,,%,2026-04-05,2026-09-04T15:50:42Z,Coinbase,2,,,engine/technical/README.md,
XRP,crypto,tecnico,volatilidad_hist_30d_anualizada_pct,36.9,,%,2026-04-06,2026-09-04T15:50:42Z,Coinbase,2,,,engine/technical/README.md,
XRP,crypto,tecnico,volatilidad_hist_30d_anualizada_pct,38.6,,%,2026-04-07,2026-09-04T15:50:42Z,Coinbase,2,,,engine/technical/README.md,
XRP,crypto,tecnico,volatilidad_hist_30d_anualizada_pct,39.5,,%,2026-04-08,2026-09-04T15:50:42Z,Coinbase,2,,,engine/technical/README.md,
XRP,crypto,tecnico,volatilidad_hist_30d_anualizada_pct,38.9,,%,2026-04-09,2026-09-04T15:50:42Z,Coinbase,2,,,engine/technical/README.md,
XRP,crypto,tecnico,volatilidad_hist_30d_anualizada_pct,39.0,,%,2026-04-10,2026-09-04T15:50:42Z,Coinbase,2,,,engine/technical/README.md,
XRP,crypto,tecnico,volatilidad_hist_30d_anualizada_pct,39.0,,%,2026-04-11,2026-09-04T15:50:42Z,Coinbase,2,,,engine/technical/README.md,
XRP,crypto,tecnico,volatilidad_hist_30d_anualizada_pct,38.8,,%,2026-04-12,2026-09-04T15:50:42Z,Coinbase,2,,,engine/technical/README.md,
XRP,crypto,tecnico,volatilidad_hist_30d_anualizada_pct,40.4,,%,2026-04-13,2026-09-04T15:50:42Z,Coinbase,2,,,engine/technical/README.md,
XRP,crypto,tecnico,volatilidad_hist_30d_anualizada_pct,39.1,,%,2026-04-14,2026-09-04T15:50:42Z,Coinbase,2,,,engine/technical/README.md,
XRP,crypto,tecnico,volatilidad_hist_30d_anualizada_pct,34.1,,%,2026-04-15,2026-09-04T15:50:42Z,Coinbase,2,,,engine/technical/README.md,
XRP,crypto,tecnico,volatilidad_hist_30d_anualizada_pct,37.7,,%,2026-04-16,2026-09-04T15:50:42Z,Coinbase,2,,,engine/technical/README.md,
XRP,crypto,tecnico,volatilidad_hist_30d_anualizada_pct,36.9,,%,2026-04-17,2026-09-04T15:50:42Z,Coinbase,2,,,engine/technical/README.md,
XRP,crypto,tecnico,volatilidad_hist_30d_anualizada_pct,37.6,,%,2026-04-18,2026-09-04T15:50:42Z,Coinbase,2,,,engine/technical/README.md,
XRP,crypto,tecnico,volatilidad_hist_30d_anualizada_pct,38.6,,%,2026-04-19,2026-09-04T15:50:42Z,Coinbase,2,,,engine/technical/README.md,
XRP,crypto,tecnico,volatilidad_hist_30d_anualizada_pct,38.2,,%,2026-04-20,2026-09-04T15:50:42Z,Coinbase,2,,,engine/technical/README.md,
XRP,crypto,tecnico,volatilidad_hist_30d_anualizada_pct,37.9,,%,2026-04-21,2026-09-04T15:50:42Z,Coinbase,2,,,engine/technical/README.md,
XRP,crypto,tecnico,volatilidad_hist_30d_anualizada_pct,36.4,,%,2026-04-22,2026-09-04T15:50:42Z,Coinbase,2,,,engine/technical/README.md,
XRP,crypto,tecnico,volatilidad_hist_30d_anualizada_pct,36.3,,%,2026-04-23,2026-09-04T15:50:42Z,Coinbase,2,,,engine/technical/README.md,
XRP,crypto,tecnico,volatilidad_hist_30d_anualizada_pct,36.4,,%,2026-04-24,2026-09-04T15:50:42Z,Coinbase,2,,,engine/technical/README.md,
XRP,crypto,tecnico,volatilidad_hist_30d_anualizada_pct,34.0,,%,2026-04-25,2026-09-04T15:50:42Z,Coinbase,2,,,engine/technical/README.md,
XRP,crypto,tecnico,volatilidad_hist_30d_anualizada_pct,32.8,,%,2026-04-26,2026-09-04T15:50:42Z,Coinbase,2,,,engine/technical/README.md,
XRP,crypto,tecnico,volatilidad_hist_30d_anualizada_pct,34.0,,%,2026-04-27,2026-09-04T15:50:42Z,Coinbase,2,,,engine/technical/README.md,
XRP,crypto,tecnico,volatilidad_hist_30d_anualizada_pct,34.3,,%,2026-04-28,2026-09-04T15:50:42Z,Coinbase,2,,,engine/technical/README.md,
XRP,crypto,tecnico,volatilidad_hist_30d_anualizada_pct,34.4,,%,2026-04-29,2026-09-04T15:50:42Z,Coinbase,2,,,engine/technical/README.md,
XRP,crypto,tecnico,volatilidad_hist_30d_anualizada_pct,34.5,,%,2026-04-30,2026-09-04T15:50:42Z,Coinbase,2,,,engine/technical/README.md,
XRP,crypto,tecnico,volatilidad_hist_30d_anualizada_pct,34.8,,%,2026-05-01,2026-09-04T15:50:42Z,Coinbase,2,,,engine/technical/README.md,
XRP,crypto,tecnico,volatilidad_hist_30d_anualizada_pct,34.2,,%,2026-05-02,2026-09-04T15:50:42Z,Coinbase,2,,,engine/technical/README.md,
XRP,crypto,tecnico,volatilidad_hist_30d_anualizada_pct,34.3,,%,2026-05-03,2026-09-04T15:50:42Z,Coinbase,2,,,engine/technical/README.md,
XRP,crypto,tecnico,volatilidad_hist_30d_anualizada_pct,34.3,,%,2026-05-04,2026-09-04T15:50:42Z,Coinbase,2,,,engine/technical/README.md,
XRP,crypto,tecnico,volatilidad_hist_30d_anualizada_pct,34.4,,%,2026-05-05,2026-09-04T15:50:42Z,Coinbase,2,,,engine/technical/README.md,
XRP,crypto,tecnico,volatilidad_hist_30d_anualizada_pct,34.3,,%,2026-05-06,2026-09-04T15:50:42Z,Coinbase,2,,,engine/technical/README.md,
XRP,crypto,tecnico,volatilidad_hist_30d_anualizada_pct,33.8,,%,2026-05-07,2026-09-04T15:50:42Z,Coinbase,2,,,engine/technical/README.md,
XRP,crypto,tecnico,volatilidad_hist_30d_anualizada_pct,33.1,,%,2026-05-08,2026-09-04T15:50:42Z,Coinbase,2,,,engine/technical/README.md,
XRP,crypto,tecnico,volatilidad_hist_30d_anualizada_pct,33.1,,%,2026-05-09,2026-09-04T15:50:42Z,Coinbase,2,,,engine/technical/README.md,
XRP,crypto,tecnico,volatilidad_hist_30d_anualizada_pct,35.5,,%,2026-05-10,2026-09-04T15:50:42Z,Coinbase,2,,,engine/technical/README.md,
XRP,crypto,tecnico,volatilidad_hist_30d_anualizada_pct,35.5,,%,2026-05-11,2026-09-04T15:50:42Z,Coinbase,2,,,engine/technical/README.md,
XRP,crypto,tecnico,volatilidad_hist_30d_anualizada_pct,35.8,,%,2026-05-12,2026-09-04T15:50:42Z,Coinbase,2,,,engine/technical/README.md,
XRP,crypto,tecnico,volatilidad_hist_30d_anualizada_pct,34.4,,%,2026-05-13,2026-09-04T15:50:42Z,Coinbase,2,,,engine/technical/README.md,
XRP,crypto,tecnico,volatilidad_hist_30d_anualizada_pct,37.1,,%,2026-05-14,2026-09-04T15:50:42Z,Coinbase,2,,,engine/technical/README.md,
XRP,crypto,tecnico,volatilidad_hist_30d_anualizada_pct,38.2,,%,2026-05-15,2026-09-04T15:50:42Z,Coinbase,2,,,engine/technical/README.md,
XRP,crypto,tecnico,volatilidad_hist_30d_anualizada_pct,35.3,,%,2026-05-16,2026-09-04T15:50:42Z,Coinbase,2,,,engine/technical/README.md,
XRP,crypto,tecnico,volatilidad_hist_30d_anualizada_pct,34.8,,%,2026-05-17,2026-09-04T15:50:42Z,Coinbase,2,,,engine/technical/README.md,
XRP,crypto,tecnico,volatilidad_hist_30d_anualizada_pct,33.5,,%,2026-05-18,2026-09-04T15:50:42Z,Coinbase,2,,,engine/technical/README.md,
XRP,crypto,tecnico,volatilidad_hist_30d_anualizada_pct,32.8,,%,2026-05-19,2026-09-04T15:50:42Z,Coinbase,2,,,engine/technical/README.md,
XRP,crypto,tecnico,volatilidad_hist_30d_anualizada_pct,32.2,,%,2026-05-20,2026-09-04T15:50:42Z,Coinbase,2,,,engine/technical/README.md,
XRP,crypto,tecnico,volatilidad_hist_30d_anualizada_pct,32.1,,%,2026-05-21,2026-09-04T15:50:42Z,Coinbase,2,,,engine/technical/README.md,
XRP,crypto,tecnico,volatilidad_hist_30d_anualizada_pct,33.3,,%,2026-05-22,2026-09-04T15:50:42Z,Coinbase,2,,,engine/technical/README.md,
XRP,crypto,tecnico,volatilidad_hist_30d_anualizada_pct,33.8,,%,2026-05-23,2026-09-04T15:50:42Z,Coinbase,2,,,engine/technical/README.md,
XRP,crypto,tecnico,volatilidad_hist_30d_anualizada_pct,33.8,,%,2026-05-24,2026-09-04T15:50:42Z,Coinbase,2,,,engine/technical/README.md,
XRP,crypto,tecnico,volatilidad_hist_30d_anualizada_pct,33.8,,%,2026-05-25,2026-09-04T15:50:42Z,Coinbase,2,,,engine/technical/README.md,
XRP,crypto,tecnico,volatilidad_hist_30d_anualizada_pct,34.0,,%,2026-05-26,2026-09-04T15:50:42Z,Coinbase,2,,,engine/technical/README.md,
XRP,crypto,tecnico,volatilidad_hist_30d_anualizada_pct,33.4,,%,2026-05-27,2026-09-04T15:50:42Z,Coinbase,2,,,engine/technical/README.md,
XRP,crypto,tecnico,volatilidad_hist_30d_anualizada_pct,33.2,,%,2026-05-28,2026-09-04T15:50:42Z,Coinbase,2,,,engine/technical/README.md,
XRP,crypto,tecnico,volatilidad_hist_30d_anualizada_pct,33.4,,%,2026-05-29,2026-09-04T15:50:42Z,Coinbase,2,,,engine/technical/README.md,
XRP,crypto,tecnico,volatilidad_hist_30d_anualizada_pct,33.5,,%,2026-05-30,2026-09-04T15:50:42Z,Coinbase,2,,,engine/technical/README.md,
XRP,crypto,tecnico,volatilidad_hist_30d_anualizada_pct,33.1,,%,2026-05-31,2026-09-04T15:50:42Z,Coinbase,2,,,engine/technical/README.md,
XRP,crypto,tecnico,volatilidad_hist_30d_anualizada_pct,34.4,,%,2026-06-01,2026-09-04T15:50:42Z,Coinbase,2,,,engine/technical/README.md,
XRP,crypto,tecnico,volatilidad_hist_30d_anualizada_pct,40.7,,%,2026-06-02,2026-09-04T15:50:42Z,Coinbase,2,,,engine/technical/README.md,
XRP,crypto,tecnico,volatilidad_hist_30d_anualizada_pct,40.5,,%,2026-06-03,2026-09-04T15:50:42Z,Coinbase,2,,,engine/technical/README.md,
XRP,crypto,tecnico,volatilidad_hist_30d_anualizada_pct,40.7,,%,2026-06-04,2026-09-04T15:50:42Z,Coinbase,2,,,engine/technical/README.md,
XRP,crypto,tecnico,volatilidad_hist_30d_anualizada_pct,43.6,,%,2026-06-05,2026-09-04T15:50:42Z,Coinbase,2,,,engine/technical/README.md,
XRP,crypto,tecnico,volatilidad_hist_30d_anualizada_pct,43.2,,%,2026-06-06,2026-09-04T15:50:42Z,Coinbase,2,,,engine/technical/README.md,
XRP,crypto,tecnico,volatilidad_hist_30d_anualizada_pct,47.3,,%,2026-06-07,2026-09-04T15:50:42Z,Coinbase,2,,,engine/technical/README.md,
XRP,crypto,tecnico,volatilidad_hist_30d_anualizada_pct,47.6,,%,2026-06-08,2026-09-04T15:50:42Z,Coinbase,2,,,engine/technical/README.md,
XRP,crypto,tecnico,volatilidad_hist_30d_anualizada_pct,45.3,,%,2026-06-09,2026-09-04T15:50:42Z,Coinbase,2,,,engine/technical/README.md,
XRP,crypto,tecnico,volatilidad_hist_30d_anualizada_pct,46.3,,%,2026-06-10,2026-09-04T15:50:42Z,Coinbase,2,,,engine/technical/README.md,
XRP,crypto,tecnico,volatilidad_hist_30d_anualizada_pct,48.8,,%,2026-06-11,2026-09-04T15:50:42Z,Coinbase,2,,,engine/technical/README.md,
XRP,crypto,tecnico,volatilidad_hist_30d_anualizada_pct,48.8,,%,2026-06-12,2026-09-04T15:50:42Z,Coinbase,2,,,engine/technical/README.md,
XRP,crypto,tecnico,volatilidad_hist_30d_anualizada_pct,46.0,,%,2026-06-13,2026-09-04T15:50:42Z,Coinbase,2,,,engine/technical/README.md,
XRP,crypto,tecnico,volatilidad_hist_30d_anualizada_pct,46.9,,%,2026-06-14,2026-09-04T15:50:42Z,Coinbase,2,,,engine/technical/README.md,
XRP,crypto,tecnico,volatilidad_hist_30d_anualizada_pct,49.8,,%,2026-06-15,2026-09-04T15:50:42Z,Coinbase,2,,,engine/technical/README.md,
XRP,crypto,tecnico,volatilidad_hist_30d_anualizada_pct,50.1,,%,2026-06-16,2026-09-04T15:50:42Z,Coinbase,2,,,engine/technical/README.md,
XRP,crypto,tecnico,volatilidad_hist_30d_anualizada_pct,50.2,,%,2026-06-17,2026-09-04T15:50:42Z,Coinbase,2,,,engine/technical/README.md,
XRP,crypto,tecnico,volatilidad_hist_30d_anualizada_pct,50.9,,%,2026-06-18,2026-09-04T15:50:42Z,Coinbase,2,,,engine/technical/README.md,
XRP,crypto,tecnico,volatilidad_hist_30d_anualizada_pct,50.8,,%,2026-06-19,2026-09-04T15:50:42Z,Coinbase,2,,,engine/technical/README.md,
XRP,crypto,tecnico,volatilidad_hist_30d_anualizada_pct,51.0,,%,2026-06-20,2026-09-04T15:50:42Z,Coinbase,2,,,engine/technical/README.md,
XRP,crypto,tecnico,volatilidad_hist_30d_anualizada_pct,50.7,,%,2026-06-21,2026-09-04T15:50:42Z,Coinbase,2,,,engine/technical/README.md,
XRP,crypto,tecnico,volatilidad_hist_30d_anualizada_pct,50.2,,%,2026-06-22,2026-09-04T15:50:42Z,Coinbase,2,,,engine/technical/README.md,
XRP,crypto,tecnico,volatilidad_hist_30d_anualizada_pct,50.3,,%,2026-06-23,2026-09-04T15:50:42Z,Coinbase,2,,,engine/technical/README.md,
XRP,crypto,tecnico,volatilidad_hist_30d_anualizada_pct,51.0,,%,2026-06-24,2026-09-04T15:50:42Z,Coinbase,2,,,engine/technical/README.md,
XRP,crypto,tecnico,volatilidad_hist_30d_anualizada_pct,51.5,,%,2026-06-25,2026-09-04T15:50:42Z,Coinbase,2,,,engine/technical/README.md,
XRP,crypto,tecnico,volatilidad_hist_30d_anualizada_pct,51.5,,%,2026-06-26,2026-09-04T15:50:42Z,Coinbase,2,,,engine/technical/README.md,
XRP,crypto,tecnico,volatilidad_hist_30d_anualizada_pct,51.4,,%,2026-06-27,2026-09-04T15:50:42Z,Coinbase,2,,,engine/technical/README.md,
XRP,crypto,tecnico,volatilidad_hist_30d_anualizada_pct,51.1,,%,2026-06-28,2026-09-04T15:50:42Z,Coinbase,2,,,engine/technical/README.md,
XRP,crypto,tecnico,volatilidad_hist_30d_anualizada_pct,51.1,,%,2026-06-29,2026-09-04T15:50:42Z,Coinbase,2,,,engine/technical/README.md,
XRP,crypto,tecnico,volatilidad_hist_30d_anualizada_pct,51.2,,%,2026-06-30,2026-09-04T15:50:42Z,Coinbase,2,,,engine/technical/README.md,
XRP,crypto,tecnico,volatilidad_hist_30d_anualizada_pct,51.2,,%,2026-07-01,2026-09-04T15:50:42Z,Coinbase,2,,,engine/technical/README.md,
XRP,crypto,tecnico,volatilidad_hist_30d_anualizada_pct,48.1,,%,2026-07-02,2026-09-04T15:50:42Z,Coinbase,2,,,engine/technical/README.md,
XRP,crypto,tecnico,volatilidad_hist_30d_anualizada_pct,50.5,,%,2026-07-03,2026-09-04T15:50:42Z,Coinbase,2,,,engine/technical/README.md,
XRP,crypto,tecnico,volatilidad_hist_30d_anualizada_pct,50.1,,%,2026-07-04,2026-09-04T15:50:42Z,Coinbase,2,,,engine/technical/README.md,
XRP,crypto,tecnico,volatilidad_hist_30d_anualizada_pct,46.3,,%,2026-07-05,2026-09-04T15:50:42Z,Coinbase,2,,,engine/technical/README.md,
XRP,crypto,tecnico,volatilidad_hist_30d_anualizada_pct,46.5,,%,2026-07-06,2026-09-04T15:50:42Z,Coinbase,2,,,engine/technical/README.md,
XRP,crypto,tecnico,volatilidad_hist_30d_anualizada_pct,43.5,,%,2026-07-07,2026-09-04T15:50:42Z,Coinbase,2,,,engine/technical/README.md,
XRP,crypto,tecnico,volatilidad_hist_30d_anualizada_pct,43.9,,%,2026-07-08,2026-09-04T15:50:42Z,Coinbase,2,,,engine/technical/README.md,
XRP,crypto,tecnico,volatilidad_hist_30d_anualizada_pct,42.9,,%,2026-07-09,2026-09-04T15:50:42Z,Coinbase,2,,,engine/technical/README.md,
XRP,crypto,tecnico,volatilidad_hist_30d_anualizada_pct,41.1,,%,2026-07-10,2026-09-04T15:50:42Z,Coinbase,2,,,engine/technical/README.md,
XRP,crypto,tecnico,volatilidad_hist_30d_anualizada_pct,39.0,,%,2026-07-11,2026-09-04T15:50:42Z,Coinbase,2,,,engine/technical/README.md,
XRP,crypto,tecnico,volatilidad_hist_30d_anualizada_pct,39.1,,%,2026-07-12,2026-09-04T15:50:42Z,Coinbase,2,,,engine/technical/README.md,
XRP,crypto,tecnico,volatilidad_hist_30d_anualizada_pct,38.9,,%,2026-07-13,2026-09-04T15:50:42Z,Coinbase,2,,,engine/technical/README.md,
XRP,crypto,tecnico,volatilidad_hist_30d_anualizada_pct,40.0,,%,2026-07-14,2026-09-04T15:50:42Z,Coinbase,2,,,engine/technical/README.md,
XRP,crypto,tecnico,volatilidad_hist_30d_anualizada_pct,36.6,,%,2026-07-15,2026-09-04T15:50:42Z,Coinbase,2,,,engine/technical/README.md,
XRP,crypto,tecnico,volatilidad_hist_30d_anualizada_pct,36.7,,%,2026-07-16,2026-09-04T15:50:42Z,Coinbase,2,,,engine/technical/README.md,
XRP,crypto,tecnico,volatilidad_hist_30d_anualizada_pct,36.4,,%,2026-07-17,2026-09-04T15:50:42Z,Coinbase,2,,,engine/technical/README.md,
XRP,crypto,tecnico,volatilidad_hist_30d_anualizada_pct,35.0,,%,2026-07-18,2026-09-04T15:50:42Z,Coinbase,2,,,engine/technical/README.md,
XRP,crypto,tecnico,volatilidad_hist_30d_anualizada_pct,35.0,,%,2026-07-19,2026-09-04T15:50:42Z,Coinbase,2,,,engine/technical/README.md,
XRP,crypto,tecnico,volatilidad_hist_30d_anualizada_pct,35.4,,%,2026-07-20,2026-09-04T11:17:40Z,Kraken,2,100,,engine/technical/README.md,
XRP,crypto,tecnico,volatilidad_hist_30d_anualizada_pct,35.8,,%,2026-07-21,2026-09-04T15:50:42Z,Coinbase,2,,,engine/technical/README.md,
XRP,crypto,tecnico,volatilidad_hist_30d_anualizada_pct,35.8,,%,2026-07-22,2026-09-04T15:50:42Z,Coinbase,2,,,engine/technical/README.md,
XRP,crypto,tecnico,volatilidad_hist_30d_anualizada_pct,36.9,,%,2026-07-23,2026-09-04T15:50:42Z,Coinbase,2,,,engine/technical/README.md,
XRP,crypto,tecnico,volatilidad_hist_30d_anualizada_pct,35.5,,%,2026-07-24,2026-09-04T15:50:42Z,Coinbase,2,,,engine/technical/README.md,
XRP,crypto,tecnico,volatilidad_hist_30d_anualizada_pct,33.9,,%,2026-07-25,2026-09-04T15:50:42Z,Coinbase,2,,,engine/technical/README.md,
XRP,crypto,tecnico,volatilidad_hist_30d_anualizada_pct,34.1,,%,2026-07-26,2026-09-04T15:50:42Z,Coinbase,2,,,engine/technical/README.md,
XRP,crypto,tecnico,volatilidad_hist_30d_anualizada_pct,37.2,,%,2026-07-27,2026-09-04T15:50:42Z,Coinbase,2,,,engine/technical/README.md,
XRP,crypto,tecnico,volatilidad_hist_30d_anualizada_pct,37.2,,%,2026-07-28,2026-09-04T15:50:42Z,Coinbase,2,,,engine/technical/README.md,
XRP,crypto,tecnico,volatilidad_hist_30d_anualizada_pct,37.1,,%,2026-07-29,2026-09-04T15:50:42Z,Coinbase,2,,,engine/technical/README.md,
XRP,crypto,tecnico,volatilidad_hist_30d_anualizada_pct,36.6,,%,2026-07-30,2026-09-04T15:50:42Z,Coinbase,2,,,engine/technical/README.md,
XRP,crypto,tecnico,volatilidad_hist_30d_anualizada_pct,36.8,,%,2026-07-31,2026-09-04T15:50:42Z,Coinbase,2,,,engine/technical/README.md,
XRP,crypto,tecnico,volatilidad_hist_30d_anualizada_pct,35.3,,%,2026-08-01,2026-09-04T15:50:42Z,Coinbase,2,,,engine/technical/README.md,
XRP,crypto,tecnico,volatilidad_hist_30d_anualizada_pct,32.9,,%,2026-08-02,2026-09-04T15:50:42Z,Coinbase,2,,,engine/technical/README.md,
XRP,crypto,tecnico,volatilidad_hist_30d_anualizada_pct,32.0,,%,2026-08-03,2026-09-04T15:50:42Z,Coinbase,2,,,engine/technical/README.md,
XRP,crypto,tecnico,volatilidad_hist_30d_anualizada_pct,32.0,,%,2026-08-04,2026-09-04T15:50:42Z,Coinbase,2,,,engine/technical/README.md,
XRP,crypto,tecnico,volatilidad_hist_30d_anualizada_pct,32.1,,%,2026-08-05,2026-09-04T15:50:42Z,Coinbase,2,,,engine/technical/README.md,
XRP,crypto,tecnico,volatilidad_hist_30d_anualizada_pct,31.9,,%,2026-08-06,2026-09-04T15:50:42Z,Coinbase,2,,,engine/technical/README.md,
XRP,crypto,tecnico,volatilidad_hist_30d_anualizada_pct,31.5,,%,2026-08-07,2026-09-04T15:50:42Z,Coinbase,2,,,engine/technical/README.md,
XRP,crypto,tecnico,volatilidad_hist_30d_anualizada_pct,32.4,,%,2026-08-08,2026-09-04T15:50:42Z,Coinbase,2,,,engine/technical/README.md,
XRP,crypto,tecnico,volatilidad_hist_30d_anualizada_pct,32.1,,%,2026-08-09,2026-09-04T15:50:42Z,Coinbase,2,,,engine/technical/README.md,
XRP,crypto,tecnico,volatilidad_hist_30d_anualizada_pct,32.4,,%,2026-08-10,2026-09-04T15:50:42Z,Coinbase,2,,,engine/technical/README.md,
XRP,crypto,tecnico,volatilidad_hist_30d_anualizada_pct,32.6,,%,2026-08-11,2026-09-04T15:50:42Z,Coinbase,2,,,engine/technical/README.md,
XRP,crypto,tecnico,volatilidad_hist_30d_anualizada_pct,32.6,,%,2026-08-12,2026-09-04T15:50:42Z,Coinbase,2,,,engine/technical/README.md,
XRP,crypto,tecnico,volatilidad_hist_30d_anualizada_pct,29.4,,%,2026-08-13,2026-09-04T15:50:42Z,Coinbase,2,,,engine/technical/README.md,
XRP,crypto,tecnico,volatilidad_hist_30d_anualizada_pct,29.6,,%,2026-08-14,2026-09-04T15:50:42Z,Coinbase,2,,,engine/technical/README.md,
XRP,crypto,tecnico,volatilidad_hist_30d_anualizada_pct,29.0,,%,2026-08-15,2026-09-04T15:50:42Z,Coinbase,2,,,engine/technical/README.md,
XRP,crypto,tecnico,volatilidad_hist_30d_anualizada_pct,29.0,,%,2026-08-16,2026-09-04T15:50:42Z,Coinbase,2,,,engine/technical/README.md,
XRP,crypto,tecnico,volatilidad_hist_30d_anualizada_pct,29.2,,%,2026-08-17,2026-09-04T15:50:42Z,Coinbase,2,,,engine/technical/README.md,
XRP,crypto,tecnico,volatilidad_hist_30d_anualizada_pct,29.1,,%,2026-08-18,2026-09-04T15:50:42Z,Coinbase,2,,,engine/technical/README.md,
XRP,crypto,tecnico,volatilidad_hist_30d_anualizada_pct,43.2,,%,2026-08-19,2026-09-04T15:50:42Z,Coinbase,2,,,engine/technical/README.md,
XRP,crypto,tecnico,volatilidad_hist_30d_anualizada_pct,64.2,,%,2026-08-20,2026-09-04T15:50:42Z,Coinbase,2,,,engine/technical/README.md,
XRP,crypto,tecnico,volatilidad_hist_30d_anualizada_pct,79.4,,%,2026-08-21,2026-09-04T15:50:42Z,Coinbase,2,,,engine/technical/README.md,
XRP,crypto,tecnico,volatilidad_hist_30d_anualizada_pct,78.4,,%,2026-08-22,2026-09-04T15:50:42Z,Coinbase,2,,,engine/technical/README.md,
XRP,crypto,tecnico,volatilidad_hist_30d_anualizada_pct,78.7,,%,2026-08-23,2026-09-04T15:50:42Z,Coinbase,2,,,engine/technical/README.md,
XRP,crypto,tecnico,volatilidad_hist_30d_anualizada_pct,79.6,,%,2026-08-24,2026-09-04T15:50:42Z,Coinbase,2,,,engine/technical/README.md,
XRP,crypto,tecnico,volatilidad_hist_30d_anualizada_pct,81.0,,%,2026-08-25,2026-09-04T15:50:42Z,Coinbase,2,,,engine/technical/README.md,
XRP,crypto,tecnico,volatilidad_hist_30d_anualizada_pct,79.3,,%,2026-08-26,2026-09-04T15:50:42Z,Coinbase,2,,,engine/technical/README.md,
XRP,crypto,tecnico,volatilidad_hist_30d_anualizada_pct,79.4,,%,2026-08-27,2026-09-04T15:50:42Z,Coinbase,2,,,engine/technical/README.md,
XRP,crypto,tecnico,volatilidad_hist_30d_anualizada_pct,81.6,,%,2026-08-28,2026-09-04T15:50:42Z,Coinbase,2,,,engine/technical/README.md,
XRP,crypto,tecnico,volatilidad_hist_30d_anualizada_pct,81.6,,%,2026-08-29,2026-09-04T15:50:42Z,Coinbase,2,,,engine/technical/README.md,
XRP,crypto,tecnico,volatilidad_hist_30d_anualizada_pct,82.0,,%,2026-08-30,2026-09-04T15:50:42Z,Coinbase,2,,,engine/technical/README.md,
XRP,crypto,tecnico,volatilidad_hist_30d_anualizada_pct,82.0,,%,2026-08-31,2026-09-04T15:50:42Z,Coinbase,2,,,engine/technical/README.md,
XRP,crypto,tecnico,volatilidad_hist_30d_anualizada_pct,82.4,,%,2026-09-01,2026-09-04T15:50:42Z,Coinbase,2,,,engine/technical/README.md,
XRP,crypto,tecnico,volatilidad_hist_30d_anualizada_pct,82.3,,%,2026-09-02,2026-09-04T15:50:42Z,Coinbase,2,,,engine/technical/README.md,
XRP,crypto,tecnico,volatilidad_hist_30d_anualizada_pct,84.8,,%,2026-09-03,2026-09-04T15:50:42Z,Coinbase,2,,,engine/technical/README.md,
XRP,crypto,tecnico,volatilidad_hist_30d_anualizada_pct,84.1,,%,2026-09-04,2026-09-04T10:11:47Z,Kraken,2,100,,engine/technical/README.md,
XRP,crypto,tecnico,volumen,644371.173637,,unidades,2026-01-01,2026-09-04T15:50:42Z,Coinbase,2,,,engine/technical/README.md,
XRP,crypto,tecnico,volumen,2399312.186294,,unidades,2026-01-02,2026-09-04T15:50:42Z,Coinbase,2,,,engine/technical/README.md,
XRP,crypto,tecnico,volumen,1705763.868339,,unidades,2026-01-03,2026-09-04T15:50:42Z,Coinbase,2,,,engine/technical/README.md,
XRP,crypto,tecnico,volumen,3329612.439555,,unidades,2026-01-04,2026-09-04T15:50:42Z,Coinbase,2,,,engine/technical/README.md,
XRP,crypto,tecnico,volumen,5674147.869906,,unidades,2026-01-05,2026-09-04T15:50:42Z,Coinbase,2,,,engine/technical/README.md,
XRP,crypto,tecnico,volumen,7032588.431699,,unidades,2026-01-06,2026-09-04T15:50:42Z,Coinbase,2,,,engine/technical/README.md,
XRP,crypto,tecnico,volumen,3151281.670551,,unidades,2026-01-07,2026-09-04T15:50:42Z,Coinbase,2,,,engine/technical/README.md,
XRP,crypto,tecnico,volumen,3957751.997775,,unidades,2026-01-08,2026-09-04T15:50:42Z,Coinbase,2,,,engine/technical/README.md,
XRP,crypto,tecnico,volumen,4013866.093877,,unidades,2026-01-09,2026-09-04T15:50:42Z,Coinbase,2,,,engine/technical/README.md,
XRP,crypto,tecnico,volumen,751236.051586,,unidades,2026-01-10,2026-09-04T15:50:42Z,Coinbase,2,,,engine/technical/README.md,
XRP,crypto,tecnico,volumen,1798266.012769,,unidades,2026-01-11,2026-09-04T15:50:42Z,Coinbase,2,,,engine/technical/README.md,
XRP,crypto,tecnico,volumen,2244074.598521,,unidades,2026-01-12,2026-09-04T15:50:42Z,Coinbase,2,,,engine/technical/README.md,
XRP,crypto,tecnico,volumen,2582540.210675,,unidades,2026-01-13,2026-09-04T15:50:42Z,Coinbase,2,,,engine/technical/README.md,
XRP,crypto,tecnico,volumen,2891860.298809,,unidades,2026-01-14,2026-09-04T15:50:42Z,Coinbase,2,,,engine/technical/README.md,
XRP,crypto,tecnico,volumen,1592043.037109,,unidades,2026-01-15,2026-09-04T15:50:42Z,Coinbase,2,,,engine/technical/README.md,
XRP,crypto,tecnico,volumen,1101747.520477,,unidades,2026-01-16,2026-09-04T15:50:42Z,Coinbase,2,,,engine/technical/README.md,
XRP,crypto,tecnico,volumen,711989.532355,,unidades,2026-01-17,2026-09-04T15:50:42Z,Coinbase,2,,,engine/technical/README.md,
XRP,crypto,tecnico,volumen,1033310.281529,,unidades,2026-01-18,2026-09-04T15:50:42Z,Coinbase,2,,,engine/technical/README.md,
XRP,crypto,tecnico,volumen,1580128.80719,,unidades,2026-01-19,2026-09-04T15:50:42Z,Coinbase,2,,,engine/technical/README.md,
XRP,crypto,tecnico,volumen,1967037.345936,,unidades,2026-01-20,2026-09-04T15:50:42Z,Coinbase,2,,,engine/technical/README.md,
XRP,crypto,tecnico,volumen,2201117.829028,,unidades,2026-01-21,2026-09-04T15:50:42Z,Coinbase,2,,,engine/technical/README.md,
XRP,crypto,tecnico,volumen,1223611.837188,,unidades,2026-01-22,2026-09-04T15:50:42Z,Coinbase,2,,,engine/technical/README.md,
XRP,crypto,tecnico,volumen,1298977.308433,,unidades,2026-01-23,2026-09-04T15:50:42Z,Coinbase,2,,,engine/technical/README.md,
XRP,crypto,tecnico,volumen,593663.307838,,unidades,2026-01-24,2026-09-04T15:50:42Z,Coinbase,2,,,engine/technical/README.md,
XRP,crypto,tecnico,volumen,1976768.949451,,unidades,2026-01-25,2026-09-04T15:50:42Z,Coinbase,2,,,engine/technical/README.md,
XRP,crypto,tecnico,volumen,2407438.724757,,unidades,2026-01-26,2026-09-04T15:50:42Z,Coinbase,2,,,engine/technical/README.md,
XRP,crypto,tecnico,volumen,1562183.97894,,unidades,2026-01-27,2026-09-04T15:50:42Z,Coinbase,2,,,engine/technical/README.md,
XRP,crypto,tecnico,volumen,1568528.849747,,unidades,2026-01-28,2026-09-04T15:50:42Z,Coinbase,2,,,engine/technical/README.md,
XRP,crypto,tecnico,volumen,2452562.013661,,unidades,2026-01-29,2026-09-04T15:50:42Z,Coinbase,2,,,engine/technical/README.md,
XRP,crypto,tecnico,volumen,3546606.084551,,unidades,2026-01-30,2026-09-04T15:50:42Z,Coinbase,2,,,engine/technical/README.md,
XRP,crypto,tecnico,volumen,4586573.641799,,unidades,2026-01-31,2026-09-04T15:50:42Z,Coinbase,2,,,engine/technical/README.md,
XRP,crypto,tecnico,volumen,5148024.297623,,unidades,2026-02-01,2026-09-04T15:50:42Z,Coinbase,2,,,engine/technical/README.md,
XRP,crypto,tecnico,volumen,5030787.31599,,unidades,2026-02-02,2026-09-04T15:50:42Z,Coinbase,2,,,engine/technical/README.md,
XRP,crypto,tecnico,volumen,3010505.449611,,unidades,2026-02-03,2026-09-04T15:50:42Z,Coinbase,2,,,engine/technical/README.md,
XRP,crypto,tecnico,volumen,3952407.849146,,unidades,2026-02-04,2026-09-04T15:50:42Z,Coinbase,2,,,engine/technical/README.md,
XRP,crypto,tecnico,volumen,15106068.344292,,unidades,2026-02-05,2026-09-04T15:50:42Z,Coinbase,2,,,engine/technical/README.md,
XRP,crypto,tecnico,volumen,13050879.551313,,unidades,2026-02-06,2026-09-04T15:50:42Z,Coinbase,2,,,engine/technical/README.md,
XRP,crypto,tecnico,volumen,5183221.990825,,unidades,2026-02-07,2026-09-04T15:50:42Z,Coinbase,2,,,engine/technical/README.md,
XRP,crypto,tecnico,volumen,2560126.950332,,unidades,2026-02-08,2026-09-04T15:50:42Z,Coinbase,2,,,engine/technical/README.md,
XRP,crypto,tecnico,volumen,4678114.381199,,unidades,2026-02-09,2026-09-04T15:50:42Z,Coinbase,2,,,engine/technical/README.md,
XRP,crypto,tecnico,volumen,2703461.554467,,unidades,2026-02-10,2026-09-04T15:50:42Z,Coinbase,2,,,engine/technical/README.md,
XRP,crypto,tecnico,volumen,3935026.454156,,unidades,2026-02-11,2026-09-04T15:50:42Z,Coinbase,2,,,engine/technical/README.md,
XRP,crypto,tecnico,volumen,2723203.481539,,unidades,2026-02-12,2026-09-04T15:50:42Z,Coinbase,2,,,engine/technical/README.md,
XRP,crypto,tecnico,volumen,2342928.509399,,unidades,2026-02-13,2026-09-04T15:50:42Z,Coinbase,2,,,engine/technical/README.md,
XRP,crypto,tecnico,volumen,2235309.922,,unidades,2026-02-14,2026-09-04T15:50:42Z,Coinbase,2,,,engine/technical/README.md,
XRP,crypto,tecnico,volumen,4982715.08737,,unidades,2026-02-15,2026-09-04T15:50:42Z,Coinbase,2,,,engine/technical/README.md,
XRP,crypto,tecnico,volumen,2423074.816694,,unidades,2026-02-16,2026-09-04T15:50:42Z,Coinbase,2,,,engine/technical/README.md,
XRP,crypto,tecnico,volumen,1627115.770932,,unidades,2026-02-17,2026-09-04T15:50:42Z,Coinbase,2,,,engine/technical/README.md,
XRP,crypto,tecnico,volumen,1785207.28797,,unidades,2026-02-18,2026-09-04T15:50:42Z,Coinbase,2,,,engine/technical/README.md,
XRP,crypto,tecnico,volumen,2370768.452679,,unidades,2026-02-19,2026-09-04T15:50:42Z,Coinbase,2,,,engine/technical/README.md,
XRP,crypto,tecnico,volumen,2311647.709167,,unidades,2026-02-20,2026-09-04T15:50:42Z,Coinbase,2,,,engine/technical/README.md,
XRP,crypto,tecnico,volumen,857158.827267,,unidades,2026-02-21,2026-09-04T15:50:42Z,Coinbase,2,,,engine/technical/README.md,
XRP,crypto,tecnico,volumen,796074.140442,,unidades,2026-02-22,2026-09-04T15:50:42Z,Coinbase,2,,,engine/technical/README.md,
XRP,crypto,tecnico,volumen,3324197.885649,,unidades,2026-02-23,2026-09-04T15:50:42Z,Coinbase,2,,,engine/technical/README.md,
XRP,crypto,tecnico,volumen,2632440.435617,,unidades,2026-02-24,2026-09-04T15:50:42Z,Coinbase,2,,,engine/technical/README.md,
XRP,crypto,tecnico,volumen,5598256.959773,,unidades,2026-02-25,2026-09-04T15:50:42Z,Coinbase,2,,,engine/technical/README.md,
XRP,crypto,tecnico,volumen,3314139.312163,,unidades,2026-02-26,2026-09-04T15:50:42Z,Coinbase,2,,,engine/technical/README.md,
XRP,crypto,tecnico,volumen,2604963.493781,,unidades,2026-02-27,2026-09-04T15:50:42Z,Coinbase,2,,,engine/technical/README.md,
XRP,crypto,tecnico,volumen,4033058.666593,,unidades,2026-02-28,2026-09-04T15:50:42Z,Coinbase,2,,,engine/technical/README.md,
XRP,crypto,tecnico,volumen,2051172.082581,,unidades,2026-03-01,2026-09-04T15:50:42Z,Coinbase,2,,,engine/technical/README.md,
XRP,crypto,tecnico,volumen,2447023.87476,,unidades,2026-03-02,2026-09-04T15:50:42Z,Coinbase,2,,,engine/technical/README.md,
XRP,crypto,tecnico,volumen,1982044.610131,,unidades,2026-03-03,2026-09-04T15:50:42Z,Coinbase,2,,,engine/technical/README.md,
XRP,crypto,tecnico,volumen,3682284.488319,,unidades,2026-03-04,2026-09-04T15:50:42Z,Coinbase,2,,,engine/technical/README.md,
XRP,crypto,tecnico,volumen,1878547.852571,,unidades,2026-03-05,2026-09-04T15:50:42Z,Coinbase,2,,,engine/technical/README.md,
XRP,crypto,tecnico,volumen,1562411.048984,,unidades,2026-03-06,2026-09-04T15:50:42Z,Coinbase,2,,,engine/technical/README.md,
XRP,crypto,tecnico,volumen,567839.019465,,unidades,2026-03-07,2026-09-04T15:50:42Z,Coinbase,2,,,engine/technical/README.md,
XRP,crypto,tecnico,volumen,1222016.455477,,unidades,2026-03-08,2026-09-04T15:50:42Z,Coinbase,2,,,engine/technical/README.md,
XRP,crypto,tecnico,volumen,1027866.6685,,unidades,2026-03-09,2026-09-04T15:50:42Z,Coinbase,2,,,engine/technical/README.md,
XRP,crypto,tecnico,volumen,2650850.908398,,unidades,2026-03-10,2026-09-04T15:50:42Z,Coinbase,2,,,engine/technical/README.md,
XRP,crypto,tecnico,volumen,1198887.426588,,unidades,2026-03-11,2026-09-04T15:50:42Z,Coinbase,2,,,engine/technical/README.md,
XRP,crypto,tecnico,volumen,971827.901213,,unidades,2026-03-12,2026-09-04T15:50:42Z,Coinbase,2,,,engine/technical/README.md,
XRP,crypto,tecnico,volumen,2913174.312276,,unidades,2026-03-13,2026-09-04T15:50:42Z,Coinbase,2,,,engine/technical/README.md,
XRP,crypto,tecnico,volumen,391764.095336,,unidades,2026-03-14,2026-09-04T15:50:42Z,Coinbase,2,,,engine/technical/README.md,
XRP,crypto,tecnico,volumen,1788748.508824,,unidades,2026-03-15,2026-09-04T15:50:42Z,Coinbase,2,,,engine/technical/README.md,
XRP,crypto,tecnico,volumen,3083506.366394,,unidades,2026-03-16,2026-09-04T15:50:42Z,Coinbase,2,,,engine/technical/README.md,
XRP,crypto,tecnico,volumen,5032130.42655,,unidades,2026-03-17,2026-09-04T15:50:42Z,Coinbase,2,,,engine/technical/README.md,
XRP,crypto,tecnico,volumen,2079580.149663,,unidades,2026-03-18,2026-09-04T15:50:42Z,Coinbase,2,,,engine/technical/README.md,
XRP,crypto,tecnico,volumen,2612631.569491,,unidades,2026-03-19,2026-09-04T15:50:42Z,Coinbase,2,,,engine/technical/README.md,
XRP,crypto,tecnico,volumen,1221333.786644,,unidades,2026-03-20,2026-09-04T15:50:42Z,Coinbase,2,,,engine/technical/README.md,
XRP,crypto,tecnico,volumen,723513.834033,,unidades,2026-03-21,2026-09-04T15:50:42Z,Coinbase,2,,,engine/technical/README.md,
XRP,crypto,tecnico,volumen,1373264.385928,,unidades,2026-03-22,2026-09-04T15:50:42Z,Coinbase,2,,,engine/technical/README.md,
XRP,crypto,tecnico,volumen,2743282.929194,,unidades,2026-03-23,2026-09-04T15:50:42Z,Coinbase,2,,,engine/technical/README.md,
XRP,crypto,tecnico,volumen,1834488.144534,,unidades,2026-03-24,2026-09-04T15:50:42Z,Coinbase,2,,,engine/technical/README.md,
XRP,crypto,tecnico,volumen,1494012.184354,,unidades,2026-03-25,2026-09-04T15:50:42Z,Coinbase,2,,,engine/technical/README.md,
XRP,crypto,tecnico,volumen,1646820.911701,,unidades,2026-03-26,2026-09-04T15:50:42Z,Coinbase,2,,,engine/technical/README.md,
XRP,crypto,tecnico,volumen,1552796.978971,,unidades,2026-03-27,2026-09-04T15:50:42Z,Coinbase,2,,,engine/technical/README.md,
XRP,crypto,tecnico,volumen,807718.598276,,unidades,2026-03-28,2026-09-04T15:50:42Z,Coinbase,2,,,engine/technical/README.md,
XRP,crypto,tecnico,volumen,767640.957994,,unidades,2026-03-29,2026-09-04T15:50:42Z,Coinbase,2,,,engine/technical/README.md,
XRP,crypto,tecnico,volumen,1007597.790604,,unidades,2026-03-30,2026-09-04T15:50:42Z,Coinbase,2,,,engine/technical/README.md,
XRP,crypto,tecnico,volumen,1297914.472499,,unidades,2026-03-31,2026-09-04T15:50:42Z,Coinbase,2,,,engine/technical/README.md,
XRP,crypto,tecnico,volumen,2382143.997166,,unidades,2026-04-01,2026-09-04T15:50:42Z,Coinbase,2,,,engine/technical/README.md,
XRP,crypto,tecnico,volumen,1785737.963889,,unidades,2026-04-02,2026-09-04T15:50:42Z,Coinbase,2,,,engine/technical/README.md,
XRP,crypto,tecnico,volumen,1065892.754565,,unidades,2026-04-03,2026-09-04T15:50:42Z,Coinbase,2,,,engine/technical/README.md,
XRP,crypto,tecnico,volumen,537327.271459,,unidades,2026-04-04,2026-09-04T15:50:42Z,Coinbase,2,,,engine/technical/README.md,
XRP,crypto,tecnico,volumen,930151.783468,,unidades,2026-04-05,2026-09-04T15:50:42Z,Coinbase,2,,,engine/technical/README.md,
XRP,crypto,tecnico,volumen,2010354.330128,,unidades,2026-04-06,2026-09-04T15:50:42Z,Coinbase,2,,,engine/technical/README.md,
XRP,crypto,tecnico,volumen,2341881.625479,,unidades,2026-04-07,2026-09-04T15:50:42Z,Coinbase,2,,,engine/technical/README.md,
XRP,crypto,tecnico,volumen,2755104.287385,,unidades,2026-04-08,2026-09-04T15:50:42Z,Coinbase,2,,,engine/technical/README.md,
XRP,crypto,tecnico,volumen,2507978.290304,,unidades,2026-04-09,2026-09-04T15:50:42Z,Coinbase,2,,,engine/technical/README.md,
XRP,crypto,tecnico,volumen,2274136.884543,,unidades,2026-04-10,2026-09-04T15:50:42Z,Coinbase,2,,,engine/technical/README.md,
XRP,crypto,tecnico,volumen,1560751.347634,,unidades,2026-04-11,2026-09-04T15:50:42Z,Coinbase,2,,,engine/technical/README.md,
XRP,crypto,tecnico,volumen,833754.061109,,unidades,2026-04-12,2026-09-04T15:50:42Z,Coinbase,2,,,engine/technical/README.md,
XRP,crypto,tecnico,volumen,2172740.370593,,unidades,2026-04-13,2026-09-04T15:50:42Z,Coinbase,2,,,engine/technical/README.md,
XRP,crypto,tecnico,volumen,2597367.887616,,unidades,2026-04-14,2026-09-04T15:50:42Z,Coinbase,2,,,engine/technical/README.md,
XRP,crypto,tecnico,volumen,2247186.014827,,unidades,2026-04-15,2026-09-04T15:50:42Z,Coinbase,2,,,engine/technical/README.md,
XRP,crypto,tecnico,volumen,3127707.974158,,unidades,2026-04-16,2026-09-04T15:50:42Z,Coinbase,2,,,engine/technical/README.md,
XRP,crypto,tecnico,volumen,2385772.401913,,unidades,2026-04-17,2026-09-04T15:50:42Z,Coinbase,2,,,engine/technical/README.md,
XRP,crypto,tecnico,volumen,1162923.15025,,unidades,2026-04-18,2026-09-04T15:50:42Z,Coinbase,2,,,engine/technical/README.md,
XRP,crypto,tecnico,volumen,1280725.705492,,unidades,2026-04-19,2026-09-04T15:50:42Z,Coinbase,2,,,engine/technical/README.md,
XRP,crypto,tecnico,volumen,1158842.11584,,unidades,2026-04-20,2026-09-04T15:50:42Z,Coinbase,2,,,engine/technical/README.md,
XRP,crypto,tecnico,volumen,714281.542611,,unidades,2026-04-21,2026-09-04T15:50:42Z,Coinbase,2,,,engine/technical/README.md,
XRP,crypto,tecnico,volumen,1584826.202858,,unidades,2026-04-22,2026-09-04T15:50:42Z,Coinbase,2,,,engine/technical/README.md,
XRP,crypto,tecnico,volumen,1481837.855326,,unidades,2026-04-23,2026-09-04T15:50:42Z,Coinbase,2,,,engine/technical/README.md,
XRP,crypto,tecnico,volumen,621541.27823,,unidades,2026-04-24,2026-09-04T15:50:42Z,Coinbase,2,,,engine/technical/README.md,
XRP,crypto,tecnico,volumen,449530.291901,,unidades,2026-04-25,2026-09-04T15:50:42Z,Coinbase,2,,,engine/technical/README.md,
XRP,crypto,tecnico,volumen,372924.044703,,unidades,2026-04-26,2026-09-04T15:50:42Z,Coinbase,2,,,engine/technical/README.md,
XRP,crypto,tecnico,volumen,683661.101399,,unidades,2026-04-27,2026-09-04T15:50:42Z,Coinbase,2,,,engine/technical/README.md,
XRP,crypto,tecnico,volumen,764282.367012,,unidades,2026-04-28,2026-09-04T15:50:42Z,Coinbase,2,,,engine/technical/README.md,
XRP,crypto,tecnico,volumen,1331554.2155,,unidades,2026-04-29,2026-09-04T15:50:42Z,Coinbase,2,,,engine/technical/README.md,
XRP,crypto,tecnico,volumen,1216026.160428,,unidades,2026-04-30,2026-09-04T15:50:42Z,Coinbase,2,,,engine/technical/README.md,
XRP,crypto,tecnico,volumen,1032203.796858,,unidades,2026-05-01,2026-09-04T15:50:42Z,Coinbase,2,,,engine/technical/README.md,
XRP,crypto,tecnico,volumen,1798703.686468,,unidades,2026-05-02,2026-09-04T15:50:42Z,Coinbase,2,,,engine/technical/README.md,
XRP,crypto,tecnico,volumen,411402.33985,,unidades,2026-05-03,2026-09-04T15:50:42Z,Coinbase,2,,,engine/technical/README.md,
XRP,crypto,tecnico,volumen,2320585.913026,,unidades,2026-05-04,2026-09-04T15:50:42Z,Coinbase,2,,,engine/technical/README.md,
XRP,crypto,tecnico,volumen,2027462.620763,,unidades,2026-05-05,2026-09-04T15:50:42Z,Coinbase,2,,,engine/technical/README.md,
XRP,crypto,tecnico,volumen,4746630.596356,,unidades,2026-05-06,2026-09-04T15:50:42Z,Coinbase,2,,,engine/technical/README.md,
XRP,crypto,tecnico,volumen,1658642.891702,,unidades,2026-05-07,2026-09-04T15:50:42Z,Coinbase,2,,,engine/technical/README.md,
XRP,crypto,tecnico,volumen,974100.835492,,unidades,2026-05-08,2026-09-04T15:50:42Z,Coinbase,2,,,engine/technical/README.md,
XRP,crypto,tecnico,volumen,621884.750303,,unidades,2026-05-09,2026-09-04T15:50:42Z,Coinbase,2,,,engine/technical/README.md,
XRP,crypto,tecnico,volumen,1841760.758478,,unidades,2026-05-10,2026-09-04T15:50:42Z,Coinbase,2,,,engine/technical/README.md,
XRP,crypto,tecnico,volumen,1490390.872933,,unidades,2026-05-11,2026-09-04T15:50:42Z,Coinbase,2,,,engine/technical/README.md,
XRP,crypto,tecnico,volumen,1560873.153541,,unidades,2026-05-12,2026-09-04T15:50:42Z,Coinbase,2,,,engine/technical/README.md,
XRP,crypto,tecnico,volumen,3985542.951373,,unidades,2026-05-13,2026-09-04T15:50:42Z,Coinbase,2,,,engine/technical/README.md,
XRP,crypto,tecnico,volumen,4219924.323506,,unidades,2026-05-14,2026-09-04T15:50:42Z,Coinbase,2,,,engine/technical/README.md,
XRP,crypto,tecnico,volumen,3372335.414462,,unidades,2026-05-15,2026-09-04T15:50:42Z,Coinbase,2,,,engine/technical/README.md,
XRP,crypto,tecnico,volumen,1322464.570456,,unidades,2026-05-16,2026-09-04T15:50:42Z,Coinbase,2,,,engine/technical/README.md,
XRP,crypto,tecnico,volumen,1615504.49338,,unidades,2026-05-17,2026-09-04T15:50:42Z,Coinbase,2,,,engine/technical/README.md,
XRP,crypto,tecnico,volumen,2166401.873961,,unidades,2026-05-18,2026-09-04T15:50:42Z,Coinbase,2,,,engine/technical/README.md,
XRP,crypto,tecnico,volumen,1617269.205329,,unidades,2026-05-19,2026-09-04T15:50:42Z,Coinbase,2,,,engine/technical/README.md,
XRP,crypto,tecnico,volumen,1147033.25001,,unidades,2026-05-20,2026-09-04T15:50:42Z,Coinbase,2,,,engine/technical/README.md,
XRP,crypto,tecnico,volumen,669958.874923,,unidades,2026-05-21,2026-09-04T15:50:42Z,Coinbase,2,,,engine/technical/README.md,
XRP,crypto,tecnico,volumen,1234496.822908,,unidades,2026-05-22,2026-09-04T15:50:42Z,Coinbase,2,,,engine/technical/README.md,
XRP,crypto,tecnico,volumen,1067613.627722,,unidades,2026-05-23,2026-09-04T15:50:42Z,Coinbase,2,,,engine/technical/README.md,
XRP,crypto,tecnico,volumen,769290.565355,,unidades,2026-05-24,2026-09-04T15:50:42Z,Coinbase,2,,,engine/technical/README.md,
XRP,crypto,tecnico,volumen,812106.383659,,unidades,2026-05-25,2026-09-04T15:50:42Z,Coinbase,2,,,engine/technical/README.md,
XRP,crypto,tecnico,volumen,749849.538839,,unidades,2026-05-26,2026-09-04T15:50:42Z,Coinbase,2,,,engine/technical/README.md,
XRP,crypto,tecnico,volumen,857724.448612,,unidades,2026-05-27,2026-09-04T15:50:42Z,Coinbase,2,,,engine/technical/README.md,
XRP,crypto,tecnico,volumen,1201535.918178,,unidades,2026-05-28,2026-09-04T15:50:42Z,Coinbase,2,,,engine/technical/README.md,
XRP,crypto,tecnico,volumen,3005348.874517,,unidades,2026-05-29,2026-09-04T15:50:42Z,Coinbase,2,,,engine/technical/README.md,
XRP,crypto,tecnico,volumen,686841.521475,,unidades,2026-05-30,2026-09-04T15:50:42Z,Coinbase,2,,,engine/technical/README.md,
XRP,crypto,tecnico,volumen,525188.20609,,unidades,2026-05-31,2026-09-04T15:50:42Z,Coinbase,2,,,engine/technical/README.md,
XRP,crypto,tecnico,volumen,2188840.519854,,unidades,2026-06-01,2026-09-04T15:50:42Z,Coinbase,2,,,engine/technical/README.md,
XRP,crypto,tecnico,volumen,1582504.203638,,unidades,2026-06-02,2026-09-04T15:50:42Z,Coinbase,2,,,engine/technical/README.md,
XRP,crypto,tecnico,volumen,1572534.914981,,unidades,2026-06-03,2026-09-04T15:50:42Z,Coinbase,2,,,engine/technical/README.md,
XRP,crypto,tecnico,volumen,2885422.063548,,unidades,2026-06-04,2026-09-04T15:50:42Z,Coinbase,2,,,engine/technical/README.md,
XRP,crypto,tecnico,volumen,5532239.45403,,unidades,2026-06-05,2026-09-04T15:50:42Z,Coinbase,2,,,engine/technical/README.md,
XRP,crypto,tecnico,volumen,3933914.334056,,unidades,2026-06-06,2026-09-04T15:50:42Z,Coinbase,2,,,engine/technical/README.md,
XRP,crypto,tecnico,volumen,4985531.842566,,unidades,2026-06-07,2026-09-04T15:50:42Z,Coinbase,2,,,engine/technical/README.md,
XRP,crypto,tecnico,volumen,9069075.167719,,unidades,2026-06-08,2026-09-04T15:50:42Z,Coinbase,2,,,engine/technical/README.md,
XRP,crypto,tecnico,volumen,2244169.13276,,unidades,2026-06-09,2026-09-04T15:50:42Z,Coinbase,2,,,engine/technical/README.md,
XRP,crypto,tecnico,volumen,2593729.420625,,unidades,2026-06-10,2026-09-04T15:50:42Z,Coinbase,2,,,engine/technical/README.md,
XRP,crypto,tecnico,volumen,2599005.755117,,unidades,2026-06-11,2026-09-04T15:50:42Z,Coinbase,2,,,engine/technical/README.md,
XRP,crypto,tecnico,volumen,2131675.414725,,unidades,2026-06-12,2026-09-04T15:50:42Z,Coinbase,2,,,engine/technical/README.md,
XRP,crypto,tecnico,volumen,1422139.151869,,unidades,2026-06-13,2026-09-04T15:50:42Z,Coinbase,2,,,engine/technical/README.md,
XRP,crypto,tecnico,volumen,1066134.125492,,unidades,2026-06-14,2026-09-04T15:50:42Z,Coinbase,2,,,engine/technical/README.md,
XRP,crypto,tecnico,volumen,3714973.279187,,unidades,2026-06-15,2026-09-04T15:50:42Z,Coinbase,2,,,engine/technical/README.md,
XRP,crypto,tecnico,volumen,1505078.831708,,unidades,2026-06-16,2026-09-04T15:50:42Z,Coinbase,2,,,engine/technical/README.md,
XRP,crypto,tecnico,volumen,1370834.883211,,unidades,2026-06-17,2026-09-04T15:50:42Z,Coinbase,2,,,engine/technical/README.md,
XRP,crypto,tecnico,volumen,1838259.08691,,unidades,2026-06-18,2026-09-04T15:50:42Z,Coinbase,2,,,engine/technical/README.md,
XRP,crypto,tecnico,volumen,1520178.604475,,unidades,2026-06-19,2026-09-04T15:50:42Z,Coinbase,2,,,engine/technical/README.md,
XRP,crypto,tecnico,volumen,521649.073948,,unidades,2026-06-20,2026-09-04T15:50:42Z,Coinbase,2,,,engine/technical/README.md,
XRP,crypto,tecnico,volumen,602040.035968,,unidades,2026-06-21,2026-09-04T15:50:42Z,Coinbase,2,,,engine/technical/README.md,
XRP,crypto,tecnico,volumen,1066588.672672,,unidades,2026-06-22,2026-09-04T15:50:42Z,Coinbase,2,,,engine/technical/README.md,
XRP,crypto,tecnico,volumen,910426.119336,,unidades,2026-06-23,2026-09-04T15:50:42Z,Coinbase,2,,,engine/technical/README.md,
XRP,crypto,tecnico,volumen,1847552.103197,,unidades,2026-06-24,2026-09-04T15:50:42Z,Coinbase,2,,,engine/technical/README.md,
XRP,crypto,tecnico,volumen,1842287.757731,,unidades,2026-06-25,2026-09-04T15:50:42Z,Coinbase,2,,,engine/technical/README.md,
XRP,crypto,tecnico,volumen,1943752.060765,,unidades,2026-06-26,2026-09-04T15:50:42Z,Coinbase,2,,,engine/technical/README.md,
XRP,crypto,tecnico,volumen,656679.770811,,unidades,2026-06-27,2026-09-04T15:50:42Z,Coinbase,2,,,engine/technical/README.md,
XRP,crypto,tecnico,volumen,711031.927974,,unidades,2026-06-28,2026-09-04T15:50:42Z,Coinbase,2,,,engine/technical/README.md,
XRP,crypto,tecnico,volumen,1517475.337806,,unidades,2026-06-29,2026-09-04T15:50:42Z,Coinbase,2,,,engine/technical/README.md,
XRP,crypto,tecnico,volumen,1096131.732678,,unidades,2026-06-30,2026-09-04T15:50:42Z,Coinbase,2,,,engine/technical/README.md,
XRP,crypto,tecnico,volumen,1392249.523387,,unidades,2026-07-01,2026-09-04T15:50:42Z,Coinbase,2,,,engine/technical/README.md,
XRP,crypto,tecnico,volumen,1668737.53644,,unidades,2026-07-02,2026-09-04T15:50:42Z,Coinbase,2,,,engine/technical/README.md,
XRP,crypto,tecnico,volumen,1212149.5071,,unidades,2026-07-03,2026-09-04T15:50:42Z,Coinbase,2,,,engine/technical/README.md,
XRP,crypto,tecnico,volumen,1043371.407744,,unidades,2026-07-04,2026-09-04T15:50:42Z,Coinbase,2,,,engine/technical/README.md,
XRP,crypto,tecnico,volumen,620129.081,,unidades,2026-07-05,2026-09-04T15:50:42Z,Coinbase,2,,,engine/technical/README.md,
XRP,crypto,tecnico,volumen,1182698.892361,,unidades,2026-07-06,2026-09-04T15:50:42Z,Coinbase,2,,,engine/technical/README.md,
XRP,crypto,tecnico,volumen,848098.316243,,unidades,2026-07-07,2026-09-04T15:50:42Z,Coinbase,2,,,engine/technical/README.md,
XRP,crypto,tecnico,volumen,947169.171067,,unidades,2026-07-08,2026-09-04T15:50:42Z,Coinbase,2,,,engine/technical/README.md,
XRP,crypto,tecnico,volumen,501632.905587,,unidades,2026-07-09,2026-09-04T15:50:42Z,Coinbase,2,,,engine/technical/README.md,
XRP,crypto,tecnico,volumen,573620.962774,,unidades,2026-07-10,2026-09-04T15:50:42Z,Coinbase,2,,,engine/technical/README.md,
XRP,crypto,tecnico,volumen,332534.596197,,unidades,2026-07-11,2026-09-04T15:50:42Z,Coinbase,2,,,engine/technical/README.md,
XRP,crypto,tecnico,volumen,551612.777604,,unidades,2026-07-12,2026-09-04T15:50:42Z,Coinbase,2,,,engine/technical/README.md,
XRP,crypto,tecnico,volumen,902379.850989,,unidades,2026-07-13,2026-09-04T15:50:42Z,Coinbase,2,,,engine/technical/README.md,
XRP,crypto,tecnico,volumen,721252.586812,,unidades,2026-07-14,2026-09-04T15:50:42Z,Coinbase,2,,,engine/technical/README.md,
XRP,crypto,tecnico,volumen,648989.259855,,unidades,2026-07-15,2026-09-04T15:50:42Z,Coinbase,2,,,engine/technical/README.md,
XRP,crypto,tecnico,volumen,572276.212373,,unidades,2026-07-16,2026-09-04T15:50:42Z,Coinbase,2,,,engine/technical/README.md,
XRP,crypto,tecnico,volumen,449156.622807,,unidades,2026-07-17,2026-09-04T15:50:42Z,Coinbase,2,,,engine/technical/README.md,
XRP,crypto,tecnico,volumen,343904.639169,,unidades,2026-07-18,2026-09-04T15:50:42Z,Coinbase,2,,,engine/technical/README.md,
XRP,crypto,tecnico,volumen,366375.884833,,unidades,2026-07-19,2026-09-04T15:50:42Z,Coinbase,2,,,engine/technical/README.md,
XRP,crypto,tecnico,volumen,841123.685065,,unidades,2026-07-21,2026-09-04T15:50:42Z,Coinbase,2,,,engine/technical/README.md,
XRP,crypto,tecnico,volumen,462069.974467,,unidades,2026-07-22,2026-09-04T15:50:42Z,Coinbase,2,,,engine/technical/README.md,
XRP,crypto,tecnico,volumen,568510.499943,,unidades,2026-07-23,2026-09-04T15:50:42Z,Coinbase,2,,,engine/technical/README.md,
XRP,crypto,tecnico,volumen,469020.439929,,unidades,2026-07-24,2026-09-04T15:50:42Z,Coinbase,2,,,engine/technical/README.md,
XRP,crypto,tecnico,volumen,286340.606232,,unidades,2026-07-25,2026-09-04T15:50:42Z,Coinbase,2,,,engine/technical/README.md,
XRP,crypto,tecnico,volumen,368408.374065,,unidades,2026-07-26,2026-09-04T15:50:42Z,Coinbase,2,,,engine/technical/README.md,
XRP,crypto,tecnico,volumen,527164.351892,,unidades,2026-07-27,2026-09-04T15:50:42Z,Coinbase,2,,,engine/technical/README.md,
XRP,crypto,tecnico,volumen,552570.057862,,unidades,2026-07-28,2026-09-04T15:50:42Z,Coinbase,2,,,engine/technical/README.md,
XRP,crypto,tecnico,volumen,809751.615915,,unidades,2026-07-29,2026-09-04T15:50:42Z,Coinbase,2,,,engine/technical/README.md,
XRP,crypto,tecnico,volumen,611730.941369,,unidades,2026-07-30,2026-09-04T15:50:42Z,Coinbase,2,,,engine/technical/README.md,
XRP,crypto,tecnico,volumen,779657.582236,,unidades,2026-07-31,2026-09-04T15:50:42Z,Coinbase,2,,,engine/technical/README.md,
XRP,crypto,tecnico,volumen,333161.281658,,unidades,2026-08-01,2026-09-04T15:50:42Z,Coinbase,2,,,engine/technical/README.md,
XRP,crypto,tecnico,volumen,464313.017524,,unidades,2026-08-02,2026-09-04T15:50:42Z,Coinbase,2,,,engine/technical/README.md,
XRP,crypto,tecnico,volumen,675984.1674,,unidades,2026-08-03,2026-09-04T15:50:42Z,Coinbase,2,,,engine/technical/README.md,
XRP,crypto,tecnico,volumen,721294.414817,,unidades,2026-08-04,2026-09-04T15:50:42Z,Coinbase,2,,,engine/technical/README.md,
XRP,crypto,tecnico,volumen,934046.326655,,unidades,2026-08-05,2026-09-04T15:50:42Z,Coinbase,2,,,engine/technical/README.md,
XRP,crypto,tecnico,volumen,1347563.867663,,unidades,2026-08-06,2026-09-04T15:50:42Z,Coinbase,2,,,engine/technical/README.md,
XRP,crypto,tecnico,volumen,1570676.6684,,unidades,2026-08-07,2026-09-04T15:50:42Z,Coinbase,2,,,engine/technical/README.md,
XRP,crypto,tecnico,volumen,670810.021838,,unidades,2026-08-08,2026-09-04T15:50:42Z,Coinbase,2,,,engine/technical/README.md,
XRP,crypto,tecnico,volumen,732005.377885,,unidades,2026-08-09,2026-09-04T15:50:42Z,Coinbase,2,,,engine/technical/README.md,
XRP,crypto,tecnico,volumen,1684238.142483,,unidades,2026-08-10,2026-09-04T15:50:42Z,Coinbase,2,,,engine/technical/README.md,
XRP,crypto,tecnico,volumen,1983070.969024,,unidades,2026-08-11,2026-09-04T15:50:42Z,Coinbase,2,,,engine/technical/README.md,
XRP,crypto,tecnico,volumen,1099307.521434,,unidades,2026-08-12,2026-09-04T15:50:42Z,Coinbase,2,,,engine/technical/README.md,
XRP,crypto,tecnico,volumen,1051855.651998,,unidades,2026-08-13,2026-09-04T15:50:42Z,Coinbase,2,,,engine/technical/README.md,
XRP,crypto,tecnico,volumen,1013703.108383,,unidades,2026-08-14,2026-09-04T15:50:42Z,Coinbase,2,,,engine/technical/README.md,
XRP,crypto,tecnico,volumen,581317.415876,,unidades,2026-08-15,2026-09-04T15:50:42Z,Coinbase,2,,,engine/technical/README.md,
XRP,crypto,tecnico,volumen,583275.847944,,unidades,2026-08-16,2026-09-04T15:50:42Z,Coinbase,2,,,engine/technical/README.md,
XRP,crypto,tecnico,volumen,1250661.37734,,unidades,2026-08-17,2026-09-04T15:50:42Z,Coinbase,2,,,engine/technical/README.md,
XRP,crypto,tecnico,volumen,1002861.571536,,unidades,2026-08-18,2026-09-04T15:50:42Z,Coinbase,2,,,engine/technical/README.md,
XRP,crypto,tecnico,volumen,3209439.74065,,unidades,2026-08-19,2026-09-04T15:50:42Z,Coinbase,2,,,engine/technical/README.md,
XRP,crypto,tecnico,volumen,6975135.234162,,unidades,2026-08-20,2026-09-04T15:50:42Z,Coinbase,2,,,engine/technical/README.md,
XRP,crypto,tecnico,volumen,11532258.800465,,unidades,2026-08-21,2026-09-04T15:50:42Z,Coinbase,2,,,engine/technical/README.md,
XRP,crypto,tecnico,volumen,10825445.984697,,unidades,2026-08-22,2026-09-04T15:50:42Z,Coinbase,2,,,engine/technical/README.md,
XRP,crypto,tecnico,volumen,3668442.236221,,unidades,2026-08-23,2026-09-04T15:50:42Z,Coinbase,2,,,engine/technical/README.md,
XRP,crypto,tecnico,volumen,5593677.190301,,unidades,2026-08-24,2026-09-04T15:50:42Z,Coinbase,2,,,engine/technical/README.md,
XRP,crypto,tecnico,volumen,4976412.322389,,unidades,2026-08-25,2026-09-04T15:50:42Z,Coinbase,2,,,engine/technical/README.md,
XRP,crypto,tecnico,volumen,2989990.035782,,unidades,2026-08-26,2026-09-04T15:50:42Z,Coinbase,2,,,engine/technical/README.md,
XRP,crypto,tecnico,volumen,4379739.672041,,unidades,2026-08-27,2026-09-04T15:50:42Z,Coinbase,2,,,engine/technical/README.md,
XRP,crypto,tecnico,volumen,3885469.203172,,unidades,2026-08-28,2026-09-04T15:50:42Z,Coinbase,2,,,engine/technical/README.md,
XRP,crypto,tecnico,volumen,1269106.598412,,unidades,2026-08-29,2026-09-04T15:50:42Z,Coinbase,2,,,engine/technical/README.md,
XRP,crypto,tecnico,volumen,2037294.159567,,unidades,2026-08-30,2026-09-04T15:50:42Z,Coinbase,2,,,engine/technical/README.md,
XRP,crypto,tecnico,volumen,5837135.642907,,unidades,2026-08-31,2026-09-04T15:50:42Z,Coinbase,2,,,engine/technical/README.md,
XRP,crypto,tecnico,volumen,3985085.862247,,unidades,2026-09-01,2026-09-04T15:50:42Z,Coinbase,2,,,engine/technical/README.md,
XRP,crypto,tecnico,volumen,3396765.961826,,unidades,2026-09-02,2026-09-04T15:50:42Z,Coinbase,2,,,engine/technical/README.md,
XRP,crypto,tecnico,volumen,8648892.35272,,unidades,2026-09-03,2026-09-04T15:50:42Z,Coinbase,2,,,engine/technical/README.md,
XRP,crypto,fundamental,fdv_mcap_ratio,1.594,,ratio,2026-09-05,2026-09-05T09:41:31Z,CoinGecko,2,,80,engine/crypto/README.md,
XRP,crypto,fundamental,fdv_mcap_ratio,1.594,,ratio,2026-09-06,2026-09-06T09:56:30Z,CoinGecko,2,,80,engine/crypto/README.md,
XRP,crypto,fundamental,fdv_mcap_ratio,1.594,,ratio,2026-09-07,2026-09-07T11:02:53Z,CoinGecko,2,,80,engine/crypto/README.md,
XRP,crypto,fundamental,fdv_mcap_ratio,1.594,,ratio,2026-09-08,2026-09-08T10:18:58Z,CoinGecko,2,,80,engine/crypto/README.md,
XRP,crypto,fundamental,fdv_mcap_ratio,1.594,,ratio,2026-09-09,2026-09-09T10:24:07Z,CoinGecko,2,,80,engine/crypto/README.md,
XRP,crypto,fundamental,fdv_mcap_ratio,1.594,,ratio,2026-09-10,2026-09-10T10:17:13Z,CoinGecko,2,,80,engine/crypto/README.md,
XRP,crypto,fundamental,fdv_mcap_ratio,1.59,,ratio,2026-09-11,2026-09-11T10:14:17Z,CoinGecko,2,,80,engine/crypto/README.md,
XRP,crypto,fundamental,fdv_mcap_ratio,1.59,,ratio,2026-09-12,2026-09-12T09:48:37Z,CoinGecko,2,,80,engine/crypto/README.md,
XRP,crypto,fundamental,market_cap_percentile_365d,21.2,,%,2026-09-05,2026-09-05T09:41:31Z,CoinGecko,2,,80,engine/crypto/README.md,
XRP,crypto,fundamental,market_cap_percentile_365d,21.8,,%,2026-09-06,2026-09-06T09:56:30Z,CoinGecko,2,,80,engine/crypto/README.md,
XRP,crypto,fundamental,market_cap_percentile_365d,20.8,,%,2026-09-07,2026-09-07T11:02:53Z,CoinGecko,2,,80,engine/crypto/README.md,
XRP,crypto,fundamental,market_cap_percentile_365d,20.7,,%,2026-09-08,2026-09-08T10:18:58Z,CoinGecko,2,,80,engine/crypto/README.md,
XRP,crypto,fundamental,market_cap_percentile_365d,22.0,,%,2026-09-09,2026-09-09T10:24:07Z,CoinGecko,2,,80,engine/crypto/README.md,
XRP,crypto,fundamental,market_cap_percentile_365d,19.6,,%,2026-09-10,2026-09-10T10:17:13Z,CoinGecko,2,,80,engine/crypto/README.md,
XRP,crypto,fundamental,market_cap_percentile_365d,18.0,,%,2026-09-11,2026-09-11T10:14:17Z,CoinGecko,2,,80,engine/crypto/README.md,
XRP,crypto,fundamental,market_cap_percentile_365d,19.4,,%,2026-09-12,2026-09-12T09:48:37Z,CoinGecko,2,,80,engine/crypto/README.md,
XRP,crypto,fundamental,supply_pct_of_max,62.7,,%,2026-09-05,2026-09-05T09:41:31Z,CoinGecko,2,,80,engine/crypto/README.md,
XRP,crypto,fundamental,supply_pct_of_max,62.7,,%,2026-09-06,2026-09-06T09:56:30Z,CoinGecko,2,,80,engine/crypto/README.md,
XRP,crypto,fundamental,supply_pct_of_max,62.7,,%,2026-09-07,2026-09-07T11:02:53Z,CoinGecko,2,,80,engine/crypto/README.md,
XRP,crypto,fundamental,supply_pct_of_max,62.7,,%,2026-09-08,2026-09-08T10:18:58Z,CoinGecko,2,,80,engine/crypto/README.md,
XRP,crypto,fundamental,supply_pct_of_max,62.7,,%,2026-09-09,2026-09-09T10:24:07Z,CoinGecko,2,,80,engine/crypto/README.md,
XRP,crypto,fundamental,supply_pct_of_max,62.7,,%,2026-09-10,2026-09-10T10:17:13Z,CoinGecko,2,,80,engine/crypto/README.md,
XRP,crypto,fundamental,supply_pct_of_max,62.9,,%,2026-09-11,2026-09-11T10:14:17Z,CoinGecko,2,,80,engine/crypto/README.md,
XRP,crypto,fundamental,supply_pct_of_max,62.9,,%,2026-09-12,2026-09-12T09:48:37Z,CoinGecko,2,,80,engine/crypto/README.md,
XRP,crypto,tecnico,atr14,0.066868,,EUR,2026-09-05,2026-09-05T09:41:31Z,Kraken,2,100,,engine/technical/README.md,
XRP,crypto,tecnico,atr14,0.064573,,EUR,2026-09-06,2026-09-06T09:56:30Z,Kraken,2,100,,engine/technical/README.md,
XRP,crypto,tecnico,atr14,0.063248,,EUR,2026-09-07,2026-09-07T11:02:53Z,Kraken,2,100,,engine/technical/README.md,
XRP,crypto,tecnico,atr14,0.06089,,EUR,2026-09-08,2026-09-08T10:18:58Z,Kraken,2,100,,engine/technical/README.md,
XRP,crypto,tecnico,atr14,0.061125,,EUR,2026-09-09,2026-09-09T10:24:07Z,Kraken,2,100,,engine/technical/README.md,
XRP,crypto,tecnico,atr14,0.059959,,EUR,2026-09-10,2026-09-10T10:17:13Z,Kraken,2,100,,engine/technical/README.md,
XRP,crypto,tecnico,atr14,0.05968,,EUR,2026-09-11,2026-09-11T10:14:17Z,Kraken,2,100,,engine/technical/README.md,
XRP,crypto,tecnico,atr14,0.061397,,EUR,2026-09-12,2026-09-12T09:48:37Z,Kraken,2,100,,engine/technical/README.md,
XRP,crypto,tecnico,atr14_pct_precio,5.51,,%,2026-09-05,2026-09-05T09:41:31Z,Kraken,2,100,,engine/technical/README.md,
XRP,crypto,tecnico,atr14_pct_precio,5.28,,%,2026-09-06,2026-09-06T09:56:30Z,Kraken,2,100,,engine/technical/README.md,
XRP,crypto,tecnico,atr14_pct_precio,5.26,,%,2026-09-07,2026-09-07T11:02:53Z,Kraken,2,100,,engine/technical/README.md,
XRP,crypto,tecnico,atr14_pct_precio,5.06,,%,2026-09-08,2026-09-08T10:18:58Z,Kraken,2,100,,engine/technical/README.md,
XRP,crypto,tecnico,atr14_pct_precio,5.0,,%,2026-09-09,2026-09-09T10:24:07Z,Kraken,2,100,,engine/technical/README.md,
XRP,crypto,tecnico,atr14_pct_precio,5.07,,%,2026-09-10,2026-09-10T10:17:13Z,Kraken,2,100,,engine/technical/README.md,
XRP,crypto,tecnico,atr14_pct_precio,5.16,,%,2026-09-11,2026-09-11T10:14:17Z,Kraken,2,100,,engine/technical/README.md,
XRP,crypto,tecnico,atr14_pct_precio,5.2,,%,2026-09-12,2026-09-12T09:48:37Z,Kraken,2,100,,engine/technical/README.md,
XRP,crypto,tecnico,confluencia_sesgo,,mixto (3/4 señales alcistas — sin confluencia clara),categorico,2026-09-05,2026-09-05T09:41:31Z,Kraken,2,100,,engine/technical/README.md,
XRP,crypto,tecnico,confluencia_sesgo,,mixto (3/4 señales alcistas — sin confluencia clara),categorico,2026-09-06,2026-09-06T09:56:30Z,Kraken,2,100,,engine/technical/README.md,
XRP,crypto,tecnico,confluencia_sesgo,,mixto (3/4 señales alcistas — sin confluencia clara),categorico,2026-09-07,2026-09-07T11:02:53Z,Kraken,2,100,,engine/technical/README.md,
XRP,crypto,tecnico,confluencia_sesgo,,mixto (3/4 señales alcistas — sin confluencia clara),categorico,2026-09-08,2026-09-08T10:18:58Z,Kraken,2,100,,engine/technical/README.md,
XRP,crypto,tecnico,confluencia_sesgo,,mixto (3/4 señales alcistas — sin confluencia clara),categorico,2026-09-09,2026-09-09T10:24:07Z,Kraken,2,100,,engine/technical/README.md,
XRP,crypto,tecnico,confluencia_sesgo,,mixto (3/4 señales alcistas — sin confluencia clara),categorico,2026-09-10,2026-09-10T10:17:13Z,Kraken,2,100,,engine/technical/README.md,
XRP,crypto,tecnico,confluencia_sesgo,,mixto (3/4 señales alcistas — sin confluencia clara),categorico,2026-09-11,2026-09-11T10:14:17Z,Kraken,2,100,,engine/technical/README.md,
XRP,crypto,tecnico,confluencia_sesgo,,mixto (3/4 señales alcistas — sin confluencia clara),categorico,2026-09-12,2026-09-12T09:48:37Z,Kraken,2,100,,engine/technical/README.md,
XRP,crypto,tecnico,posicion_rango_90d_pct,80.2,,%,2026-09-05,2026-09-05T09:41:31Z,Kraken,2,100,,engine/technical/README.md,
XRP,crypto,tecnico,posicion_rango_90d_pct,82.4,,%,2026-09-06,2026-09-06T09:56:30Z,Kraken,2,100,,engine/technical/README.md,
XRP,crypto,tecnico,posicion_rango_90d_pct,78.1,,%,2026-09-07,2026-09-07T11:02:53Z,Kraken,2,100,,engine/technical/README.md,
XRP,crypto,tecnico,posicion_rango_90d_pct,78.1,,%,2026-09-08,2026-09-08T10:18:58Z,Kraken,2,100,,engine/technical/README.md,
XRP,crypto,tecnico,posicion_rango_90d_pct,82.5,,%,2026-09-09,2026-09-09T10:24:07Z,Kraken,2,100,,engine/technical/README.md,
XRP,crypto,tecnico,posicion_rango_90d_pct,73.5,,%,2026-09-10,2026-09-10T10:17:13Z,Kraken,2,100,,engine/technical/README.md,
XRP,crypto,tecnico,posicion_rango_90d_pct,67.7,,%,2026-09-11,2026-09-11T10:14:17Z,Kraken,2,100,,engine/technical/README.md,
XRP,crypto,tecnico,posicion_rango_90d_pct,72.9,,%,2026-09-12,2026-09-12T09:48:37Z,Kraken,2,100,,engine/technical/README.md,
XRP,crypto,tecnico,precio,1.21284,,EUR,2026-09-05,2026-09-05T09:41:31Z,Kraken,2,100,,engine/technical/README.md,
XRP,crypto,tecnico,precio,1.22258,,EUR,2026-09-06,2026-09-06T09:56:30Z,Kraken,2,100,,engine/technical/README.md,
XRP,crypto,tecnico,precio,1.20338,,EUR,2026-09-07,2026-09-07T11:02:53Z,Kraken,2,100,,engine/technical/README.md,
XRP,crypto,tecnico,precio,1.20349,,EUR,2026-09-08,2026-09-08T10:18:58Z,Kraken,2,100,,engine/technical/README.md,
XRP,crypto,tecnico,precio,1.22269,,EUR,2026-09-09,2026-09-09T10:24:07Z,Kraken,2,100,,engine/technical/README.md,
XRP,crypto,tecnico,precio,1.1831,,EUR,2026-09-10,2026-09-10T10:17:13Z,Kraken,2,100,,engine/technical/README.md,
XRP,crypto,tecnico,precio,1.1571,,EUR,2026-09-11,2026-09-11T10:14:17Z,Kraken,2,100,,engine/technical/README.md,
XRP,crypto,tecnico,precio,1.18015,,EUR,2026-09-12,2026-09-12T09:48:37Z,Kraken,2,100,,engine/technical/README.md,
XRP,crypto,tecnico,rsi14,61.3,,indice,2026-09-05,2026-09-05T09:41:31Z,Kraken,2,100,,engine/technical/README.md,
XRP,crypto,tecnico,rsi14,62.2,,indice,2026-09-06,2026-09-06T09:56:30Z,Kraken,2,100,,engine/technical/README.md,
XRP,crypto,tecnico,rsi14,59.1,,indice,2026-09-07,2026-09-07T11:02:53Z,Kraken,2,100,,engine/technical/README.md,
XRP,crypto,tecnico,rsi14,59.0,,indice,2026-09-08,2026-09-08T10:18:58Z,Kraken,2,100,,engine/technical/README.md,
XRP,crypto,tecnico,rsi14,61.0,,indice,2026-09-09,2026-09-09T10:24:07Z,Kraken,2,100,,engine/technical/README.md,
XRP,crypto,tecnico,rsi14,55.0,,indice,2026-09-10,2026-09-10T10:17:13Z,Kraken,2,100,,engine/technical/README.md,
XRP,crypto,tecnico,rsi14,51.4,,indice,2026-09-11,2026-09-11T10:14:17Z,Kraken,2,100,,engine/technical/README.md,
XRP,crypto,tecnico,rsi14,54.3,,indice,2026-09-12,2026-09-12T09:48:37Z,Kraken,2,100,,engine/technical/README.md,
XRP,crypto,tecnico,sma100,1.00462,,EUR,2026-09-05,2026-09-05T09:41:31Z,Kraken,2,100,,engine/technical/README.md,
XRP,crypto,tecnico,sma100,1.005492,,EUR,2026-09-06,2026-09-06T09:56:30Z,Kraken,2,100,,engine/technical/README.md,
XRP,crypto,tecnico,sma100,1.006069,,EUR,2026-09-07,2026-09-07T11:02:53Z,Kraken,2,100,,engine/technical/README.md,
XRP,crypto,tecnico,sma100,1.006658,,EUR,2026-09-08,2026-09-08T10:18:58Z,Kraken,2,100,,engine/technical/README.md,
XRP,crypto,tecnico,sma100,1.007913,,EUR,2026-09-09,2026-09-09T10:24:07Z,Kraken,2,100,,engine/technical/README.md,
XRP,crypto,tecnico,sma100,1.009087,,EUR,2026-09-10,2026-09-10T10:17:13Z,Kraken,2,100,,engine/technical/README.md,
XRP,crypto,tecnico,sma100,1.009979,,EUR,2026-09-11,2026-09-11T10:14:17Z,Kraken,2,100,,engine/technical/README.md,
XRP,crypto,tecnico,sma100,1.011849,,EUR,2026-09-12,2026-09-12T09:48:37Z,Kraken,2,100,,engine/technical/README.md,
XRP,crypto,tecnico,sma20,1.163961,,EUR,2026-09-05,2026-09-05T09:41:31Z,Kraken,2,100,,engine/technical/README.md,
XRP,crypto,tecnico,sma20,1.182022,,EUR,2026-09-06,2026-09-06T09:56:30Z,Kraken,2,100,,engine/technical/README.md,
XRP,crypto,tecnico,sma20,1.199071,,EUR,2026-09-07,2026-09-07T11:02:53Z,Kraken,2,100,,engine/technical/README.md,
XRP,crypto,tecnico,sma20,1.211799,,EUR,2026-09-08,2026-09-08T10:18:58Z,Kraken,2,100,,engine/technical/README.md,
XRP,crypto,tecnico,sma20,1.219494,,EUR,2026-09-09,2026-09-09T10:24:07Z,Kraken,2,100,,engine/technical/README.md,
XRP,crypto,tecnico,sma20,1.215255,,EUR,2026-09-10,2026-09-10T10:17:13Z,Kraken,2,100,,engine/technical/README.md,
XRP,crypto,tecnico,sma20,1.208967,,EUR,2026-09-11,2026-09-11T10:14:17Z,Kraken,2,100,,engine/technical/README.md,
XRP,crypto,tecnico,sma20,1.203599,,EUR,2026-09-12,2026-09-12T09:48:37Z,Kraken,2,100,,engine/technical/README.md,
XRP,crypto,tecnico,sma200,1.098893,,EUR,2026-09-05,2026-09-05T09:41:31Z,Kraken,2,100,,engine/technical/README.md,
XRP,crypto,tecnico,sma200,1.098995,,EUR,2026-09-06,2026-09-06T09:56:30Z,Kraken,2,100,,engine/technical/README.md,
XRP,crypto,tecnico,sma200,1.09905,,EUR,2026-09-07,2026-09-07T11:02:53Z,Kraken,2,100,,engine/technical/README.md,
XRP,crypto,tecnico,sma200,1.098994,,EUR,2026-09-08,2026-09-08T10:18:58Z,Kraken,2,100,,engine/technical/README.md,
XRP,crypto,tecnico,sma200,1.099116,,EUR,2026-09-09,2026-09-09T10:24:07Z,Kraken,2,100,,engine/technical/README.md,
XRP,crypto,tecnico,sma200,1.099026,,EUR,2026-09-10,2026-09-10T10:17:13Z,Kraken,2,100,,engine/technical/README.md,
XRP,crypto,tecnico,sma200,1.098909,,EUR,2026-09-11,2026-09-11T10:14:17Z,Kraken,2,100,,engine/technical/README.md,
XRP,crypto,tecnico,sma200,1.099147,,EUR,2026-09-12,2026-09-12T09:48:37Z,Kraken,2,100,,engine/technical/README.md,
XRP,crypto,tecnico,sma50,1.020496,,EUR,2026-09-05,2026-09-05T09:41:31Z,Kraken,2,100,,engine/technical/README.md,
XRP,crypto,tecnico,sma50,1.025921,,EUR,2026-09-06,2026-09-06T09:56:30Z,Kraken,2,100,,engine/technical/README.md,
XRP,crypto,tecnico,sma50,1.030848,,EUR,2026-09-07,2026-09-07T11:02:53Z,Kraken,2,100,,engine/technical/README.md,
XRP,crypto,tecnico,sma50,1.035388,,EUR,2026-09-08,2026-09-08T10:18:58Z,Kraken,2,100,,engine/technical/README.md,
XRP,crypto,tecnico,sma50,1.040111,,EUR,2026-09-09,2026-09-09T10:24:07Z,Kraken,2,100,,engine/technical/README.md,
XRP,crypto,tecnico,sma50,1.043285,,EUR,2026-09-10,2026-09-10T10:17:13Z,Kraken,2,100,,engine/technical/README.md,
XRP,crypto,tecnico,sma50,1.046276,,EUR,2026-09-11,2026-09-11T10:14:17Z,Kraken,2,100,,engine/technical/README.md,
XRP,crypto,tecnico,sma50,1.050935,,EUR,2026-09-12,2026-09-12T09:48:37Z,Kraken,2,100,,engine/technical/README.md,
XRP,crypto,tecnico,volatilidad_hist_30d_anualizada_pct,84.8,,%,2026-09-05,2026-09-05T09:41:31Z,Kraken,2,100,,engine/technical/README.md,
XRP,crypto,tecnico,volatilidad_hist_30d_anualizada_pct,84.3,,%,2026-09-06,2026-09-06T09:56:30Z,Kraken,2,100,,engine/technical/README.md,
XRP,crypto,tecnico,volatilidad_hist_30d_anualizada_pct,84.8,,%,2026-09-07,2026-09-07T11:02:53Z,Kraken,2,100,,engine/technical/README.md,
XRP,crypto,tecnico,volatilidad_hist_30d_anualizada_pct,84.6,,%,2026-09-08,2026-09-08T10:18:58Z,Kraken,2,100,,engine/technical/README.md,
XRP,crypto,tecnico,volatilidad_hist_30d_anualizada_pct,84.1,,%,2026-09-09,2026-09-09T10:24:07Z,Kraken,2,100,,engine/technical/README.md,
XRP,crypto,tecnico,volatilidad_hist_30d_anualizada_pct,85.0,,%,2026-09-10,2026-09-10T10:17:13Z,Kraken,2,100,,engine/technical/README.md,
XRP,crypto,tecnico,volatilidad_hist_30d_anualizada_pct,86.1,,%,2026-09-11,2026-09-11T10:14:17Z,Kraken,2,100,,engine/technical/README.md,
XRP,crypto,tecnico,volatilidad_hist_30d_anualizada_pct,86.2,,%,2026-09-12,2026-09-12T09:48:37Z,Kraken,2,100,,engine/technical/README.md,
XRP,crypto,tecnico,volumen,1623594.379504,,unidades,2026-09-05,2026-09-05T09:41:31Z,Kraken,2,100,,engine/technical/README.md,
XRP,crypto,tecnico,volumen,2367536.844238,,unidades,2026-09-06,2026-09-06T09:56:30Z,Kraken,2,100,,engine/technical/README.md,
XRP,crypto,tecnico,volumen,4334164.353432,,unidades,2026-09-07,2026-09-07T11:02:53Z,Kraken,2,100,,engine/technical/README.md,
XRP,crypto,tecnico,volumen,3349538.74431,,unidades,2026-09-08,2026-09-08T10:18:58Z,Kraken,2,100,,engine/technical/README.md,
XRP,crypto,tecnico,volumen,3486283.537083,,unidades,2026-09-09,2026-09-09T10:24:07Z,Kraken,2,100,,engine/technical/README.md,
XRP,crypto,tecnico,volumen,2221234.334654,,unidades,2026-09-10,2026-09-10T10:17:13Z,Kraken,2,100,,engine/technical/README.md,
XRP,crypto,tecnico,volumen,3960681.982552,,unidades,2026-09-11,2026-09-11T10:14:17Z,Kraken,2,100,,engine/technical/README.md,
XRP,crypto,tecnico,volumen,1303622.207719,,unidades,2026-09-12,2026-09-12T09:48:37Z,Kraken,2,100,,engine/technical/README.md,
